# Edge events for shell 53бу
# start_epoch, end_epoch, satellite_i, satellite_j
79 80 887 2830
0 120 3965 3991
59 60 768 1418
5 5 417 437
17 17 417 437
23 24 417 437
26 26 417 437
29 36 417 437
40 46 417 437
52 52 417 437
56 56 417 437
58 61 417 437
117 117 417 437
0 120 1530 3461
48 50 2555 2666
85 86 535 658
44 46 46 1433
25 27 58 504
119 120 58 504
30 31 120 2136
18 24 278 2722
112 118 278 2722
3 5 696 3235
97 99 696 3235
53 54 2291 3559
3 3 419 2203
97 97 419 2203
54 56 69 104
53 54 989 1767
79 80 309 1254
63 64 1971 3554
35 35 844 2352
0 120 44 47
0 120 109 442
63 66 255 2711
11 12 225 4000
105 105 225 4000
2 3 354 3656
95 97 354 3656
50 51 32 3605
81 82 278 628
32 34 753 1675
38 39 1019 4046
39 40 6 3323
10 11 278 1567
104 105 278 1567
38 38 367 3302
47 47 4 3250
27 27 16 2321
120 120 16 2321
54 54 1592 2595
0 120 1177 2353
55 57 1155 2594
0 12 982 1885
0 120 1154 2369
29 31 760 3004
0 120 1730 3468
0 120 1649 2348
11 13 1446 3709
105 107 1446 3709
58 59 1004 3364
0 120 630 679
5 7 230 3189
99 100 230 3189
21 21 1025 3652
115 115 1025 3652
0 120 1572 3821
12 13 2444 3750
106 107 2444 3750
0 120 3913 3935
60 65 558 2496
0 120 3245 3247
24 29 1091 2959
118 120 1091 2959
0 120 1113 2718
34 35 282 346
53 56 374 3318
0 120 1785 1835
93 93 1361 3759
0 120 191 1921
32 34 1452 3123
0 120 1135 3416
24 25 631 1439
31 31 631 1439
37 37 631 1439
39 39 631 1439
46 49 631 1439
117 119 631 1439
75 77 856 4001
109 109 958 2965
30 32 1008 3082
43 46 1025 2497
0 120 973 2307
0 120 1081 1086
0 23 374 1224
25 29 374 1224
31 34 374 1224
36 42 374 1224
75 75 374 1224
83 117 374 1224
119 120 374 1224
16 17 95 1809
109 111 95 1809
0 120 2392 2405
21 23 229 2563
115 115 229 2563
0 120 122 3632
20 26 277 1291
114 120 277 1291
55 56 975 4073
85 85 278 4145
48 49 238 3026
0 120 1093 1096
86 86 2648 3499
69 73 296 752
0 120 516 526
63 63 373 1938
46 46 932 3622
0 120 3547 3561
0 120 565 2862
6 8 2523 3238
100 101 2523 3238
74 75 4 351
0 120 925 1862
22 23 500 932
116 117 500 932
24 24 2506 3042
117 118 2506 3042
60 62 400 3734
54 54 914 3955
26 26 315 2872
120 120 315 2872
40 41 1029 1461
106 106 60 4043
19 19 311 1410
2 4 1675 4053
95 99 1675 4053
0 120 2742 2760
48 48 2351 3104
27 27 94 1183
120 120 94 1183
0 27 59 408
32 33 59 408
43 46 59 408
56 56 59 408
58 61 59 408
64 65 59 408
68 69 59 408
72 120 59 408
64 65 1602 2262
40 41 1676 2965
68 68 1025 1692
83 85 1124 1671
34 34 348 3170
0 120 2951 3284
4 5 191 1466
98 99 191 1466
0 120 2586 2597
31 32 1089 2616
0 120 528 4269
41 41 301 3324
35 37 2742 3110
12 13 2594 4178
106 106 2594 4178
8 9 1148 3196
102 103 1148 3196
43 46 606 927
59 60 1232 3833
75 76 797 1461
0 120 912 2165
44 44 2228 3828
66 66 27 2940
69 70 500 3160
63 65 1016 4208
0 120 1752 3310
0 1 76 2832
94 94 76 2832
0 43 2184 2186
46 55 2184 2186
58 120 2184 2186
61 62 1594 2909
9 11 85 1605
103 104 85 1605
27 28 66 1363
0 120 248 3289
0 120 1717 3474
80 81 105 537
43 45 2161 2202
0 120 1096 2632
0 120 557 4044
54 54 297 707
56 58 297 707
64 64 297 707
41 45 428 1944
0 120 1036 1046
0 120 2390 3193
0 11 451 2113
22 22 451 2113
26 105 451 2113
120 120 451 2113
0 120 3207 3223
62 63 2138 2191
72 73 2138 2191
12 12 402 1662
14 14 402 1662
106 107 402 1662
69 70 2069 3552
86 88 1668 3208
11 13 771 2468
105 107 771 2468
29 30 934 4152
0 120 2517 3126
19 20 1983 2438
113 114 1983 2438
82 83 2616 4071
42 46 238 2355
47 48 413 3110
0 120 181 3541
44 46 292 2591
18 22 1001 1590
24 24 130 543
117 118 130 543
0 120 1401 4153
41 41 1019 3859
0 120 1363 1417
0 120 1764 2515
87 88 1225 3927
65 67 310 918
0 120 884 3634
2 2 36 1847
95 96 36 1847
89 90 354 436
35 35 404 553
0 120 1035 3803
68 70 187 2016
70 71 87 846
73 75 2866 2906
1 1 622 1944
95 95 622 1944
85 86 2604 2906
78 79 374 1842
91 92 152 2961
0 120 1669 2628
82 83 104 1200
0 120 1898 2865
27 27 1609 2762
20 21 506 2900
114 115 506 2900
71 71 1225 1833
64 67 297 4224
6 6 2506 2721
100 101 2506 2721
0 120 1393 1417
34 34 2623 3306
0 120 3473 3476
11 13 95 333
105 107 95 333
79 80 793 3115
53 54 1125 1602
7 7 2386 2804
101 101 2386 2804
50 50 404 1842
0 120 473 1447
18 18 1677 2115
112 112 1677 2115
34 35 932 1207
2 3 1016 2598
96 97 1016 2598
28 29 357 3716
72 74 173 1155
22 23 336 395
116 117 336 395
82 84 2121 2506
102 104 292 1786
31 32 94 4245
10 12 887 3127
104 106 887 3127
16 18 338 441
110 112 338 441
46 50 916 2367
54 54 1026 4225
61 68 909 1196
0 120 3011 3014
89 91 1602 2880
0 120 1278 2756
0 120 1574 1586
16 18 1352 2705
110 112 1352 2705
33 34 71 3480
0 120 1060 3994
73 73 435 2444
86 88 25 102
48 49 923 1252
70 71 102 3732
0 120 1488 3882
8 9 2615 2640
102 103 2615 2640
52 53 163 975
59 60 294 1458
76 81 120 339
0 120 1534 2537
53 56 2029 2516
90 90 558 1504
19 20 1461 2998
113 113 1461 2998
41 43 415 2916
80 80 14 2572
75 79 767 1089
6 7 102 1638
100 101 102 1638
113 113 1000 2788
63 65 2120 2819
0 120 1373 1838
0 120 650 689
0 120 3150 4088
22 22 760 3301
24 25 760 3301
27 30 760 3301
35 61 760 3301
114 114 760 3301
120 120 760 3301
36 39 1985 2594
19 21 415 3266
113 115 415 3266
10 10 95 3850
31 33 312 2387
49 54 346 1217
30 30 1165 2074
0 120 561 3091
67 68 743 853
87 88 631 3830
0 120 1646 2347
14 15 1147 2434
0 120 202 3158
103 103 56 1643
82 84 659 2845
50 50 344 1521
69 69 793 3599
0 120 2357 2358
61 62 216 2275
68 68 106 417
34 35 2117 2871
0 120 1174 4230
0 120 2640 2646
48 48 859 2906
46 54 315 3974
32 33 3298 3555
11 12 836 2922
105 106 836 2922
39 41 409 3609
47 48 710 2783
65 65 462 2681
88 89 1398 4123
35 36 386 3625
84 84 1771 3173
0 120 124 3625
55 56 1466 2537
81 82 1139 2142
67 68 84 2506
0 120 1278 3240
94 94 1362 1433
0 120 783 4200
0 120 518 519
0 120 3766 3781
78 79 382 3102
60 63 612 3564
81 81 130 2100
0 120 2389 2404
71 72 255 1048
10 11 3187 4104
104 104 3187 4104
79 80 2366 2420
0 120 1285 1563
73 74 1001 2558
76 78 419 890
37 38 240 2645
42 44 138 648
87 87 310 1886
118 118 788 2450
40 42 1777 2964
26 26 169 3344
120 120 169 3344
6 7 2103 3888
100 101 2103 3888
92 93 38 417
78 79 310 2825
50 51 525 535
59 59 3341 4140
33 33 1032 2029
6 7 488 3097
21 21 39 1019
34 36 421 1875
17 19 410 3406
0 120 2022 3899
0 120 1311 4073
92 93 2366 3709
73 74 13 2989
51 52 794 3554
9 11 1019 3672
104 105 1019 3672
64 65 28 79
0 120 1062 2056
36 37 1000 1178
43 44 908 1589
6 6 2434 3062
100 100 2434 3062
90 90 407 4047
84 86 1016 1122
0 120 1551 2220
0 120 1900 2374
88 89 105 2928
19 20 1172 1635
113 113 1172 1635
0 120 1407 2441
0 120 2238 2369
0 120 2312 2318
23 24 104 1013
116 118 104 1013
54 56 1028 1132
0 120 2294 2678
56 58 2256 2386
60 60 52 2543
4 5 2618 2775
98 99 2618 2775
67 68 438 3518
32 33 307 783
0 120 2824 2843
0 120 649 3930
0 120 231 973
67 68 243 798
45 46 1815 1862
69 70 206 3360
32 33 827 1758
19 20 1333 2118
113 114 1333 2118
7 7 4 4165
0 120 176 485
0 120 3810 3813
34 36 1198 4145
67 67 2117 2200
10 11 1232 2975
104 105 1232 2975
53 55 2008 3196
7 8 506 619
101 102 506 619
0 120 1278 1630
75 75 347 1306
8 8 445 2595
102 102 445 2595
83 88 209 3816
103 103 209 3816
0 120 3239 3243
49 51 1467 2468
54 55 1613 2293
69 71 436 1728
77 78 1678 2688
0 120 2765 2771
58 59 301 3755
58 59 316 4063
5 6 968 2528
99 100 968 2528
31 32 407 4181
74 75 770 4233
42 44 312 911
0 120 1129 1133
99 99 296 378
0 0 160 1271
92 93 160 1271
64 65 1185 3694
72 74 2126 2262
59 59 1685 1765
0 120 1062 2540
0 120 403 3658
51 52 2545 2623
0 1 14 2385
94 94 14 2385
15 16 659 1369
109 110 659 1369
0 120 1588 1832
72 73 696 2190
4 5 1198 3340
98 99 1198 3340
46 48 95 2724
0 120 2555 2560
32 33 1161 3458
66 66 10 1862
60 62 1190 1944
50 52 410 2735
55 55 410 2735
59 62 410 2735
69 69 410 2735
72 72 410 2735
80 80 410 2735
83 83 410 2735
86 92 410 2735
0 120 3837 4050
17 17 554 4177
111 111 554 4177
80 80 2964 3896
9 10 309 1148
103 104 309 1148
79 80 75 3950
0 120 679 681
0 120 3127 3136
85 90 271 856
32 33 310 2504
0 120 2550 2566
20 20 339 990
114 114 339 990
0 120 1665 3341
12 12 433 625
106 106 433 625
0 120 961 2996
4 6 1467 2602
8 9 1467 2602
33 33 1467 2602
66 67 1467 2602
78 78 1467 2602
80 83 1467 2602
86 87 1467 2602
98 100 1467 2602
102 104 1467 2602
59 60 1054 3187
85 86 407 3376
35 36 1606 3700
69 70 1026 1139
84 88 102 2740
51 52 374 984
0 120 3999 4004
74 75 415 985
15 16 850 913
109 109 850 913
0 120 1378 3284
22 27 898 1893
117 120 898 1893
0 120 1526 3182
0 120 1173 3818
0 0 1068 2304
93 94 1068 2304
48 49 1190 3233
74 76 1421 1668
0 120 1264 3936
50 51 421 2493
87 88 989 2011
0 120 456 1925
13 13 67 2904
107 107 67 2904
29 30 874 2438
72 79 1182 2591
10 12 53 754
104 106 53 754
13 13 889 1026
107 107 889 1026
75 76 775 1678
78 79 1962 2931
50 50 1668 2484
55 69 1668 2484
72 79 1668 2484
2 4 95 1919
96 98 95 1919
0 120 2509 3100
0 120 673 1401
61 63 1433 3341
12 13 767 1036
106 107 767 1036
54 55 1004 2669
69 71 95 2858
42 46 45 1051
0 59 487 2150
43 44 631 2838
74 76 55 3459
0 120 10 1996
73 73 856 2956
56 58 1045 1165
0 2 506 3331
11 16 506 3331
21 21 506 3331
24 25 506 3331
29 29 506 3331
32 35 506 3331
90 90 506 3331
93 94 506 3331
106 107 506 3331
118 118 506 3331
30 34 1189 2607
37 38 1189 2607
42 60 1189 2607
62 71 1189 2607
74 74 1189 2607
76 79 1189 2607
83 83 1189 2607
7 7 34 1801
100 100 34 1801
19 19 1201 1678
23 25 1201 1678
27 28 1201 1678
30 34 1201 1678
102 102 1201 1678
112 114 1201 1678
117 120 1201 1678
49 50 146 2796
18 19 110 133
112 113 110 133
60 62 743 800
78 78 3090 3203
56 58 390 3156
8 9 1673 4117
102 103 1673 4117
21 22 1668 3773
114 116 1668 3773
64 65 419 1642
0 120 1767 3752
0 120 726 4014
30 31 1051 2084
35 37 683 934
38 39 342 641
80 82 39 832
43 44 130 3202
0 120 880 1448
0 120 89 949
0 120 211 1878
34 36 2131 2716
71 71 2626 2695
0 120 1867 1889
59 63 2366 3522
0 120 542 3146
72 72 1198 1730
0 120 608 2453
45 46 312 3623
84 86 1045 2454
18 18 0 1816
112 112 0 1816
0 120 4182 4195
4 5 914 2910
98 99 914 2910
0 120 1490 4009
89 90 984 1397
81 84 760 2443
0 120 502 1653
0 120 648 3922
54 55 2626 3984
120 120 876 3557
0 120 3195 3912
16 18 1404 3676
110 112 1404 3676
62 63 557 771
57 59 1408 3795
0 120 24 3691
97 98 125 2053
85 87 2126 3819
0 120 3798 3801
44 47 238 1176
80 81 6 1607
51 51 16 3049
0 120 3221 3231
33 34 1676 2270
61 63 53 3116
71 71 306 1310
0 120 1622 2973
76 77 3170 3451
54 54 1879 3538
68 69 2299 2434
11 13 14 909
105 106 14 909
16 19 277 3763
110 113 277 3763
27 27 342 4158
50 52 2623 4221
0 120 1947 3672
0 120 1616 1623
72 74 945 1418
9 10 418 4153
103 104 418 4153
77 77 146 4219
58 59 72 1264
78 79 187 4220
0 120 2718 2768
52 53 32 145
19 20 302 1726
113 113 302 1726
62 63 1446 2343
0 120 45 2824
7 7 418 1120
11 11 418 1120
80 85 418 1120
90 93 418 1120
101 102 418 1120
105 105 418 1120
30 31 554 2701
0 120 22 2840
10 11 400 2234
104 105 400 2234
96 97 1091 1593
21 21 2508 3308
115 115 2508 3308
70 71 144 1490
74 75 451 1418
4 6 104 1310
98 99 104 1310
36 36 314 2840
2 3 86 1670
95 96 86 1670
0 1 141 1377
93 95 141 1377
0 4 0 206
6 7 0 206
19 22 0 206
24 26 0 206
30 34 0 206
40 45 0 206
49 49 0 206
52 53 0 206
55 66 0 206
68 91 0 206
93 106 0 206
109 109 0 206
112 115 0 206
118 119 0 206
40 41 1261 1408
40 40 294 2373
0 120 15 2958
1 7 2269 2918
95 100 2269 2918
73 74 2312 3554
0 120 1792 1798
19 19 1668 3452
113 113 1668 3452
48 49 1671 2969
54 55 257 2491
0 120 3698 3704
0 120 2521 3139
0 120 269 2316
59 60 659 2471
59 60 160 3312
14 16 760 833
107 109 760 833
0 1 968 1536
94 94 968 1536
43 45 629 2070
60 60 419 2260
68 71 30 987
10 10 146 381
104 104 146 381
15 15 1682 3508
109 109 1682 3508
72 74 216 2840
89 89 524 741
17 18 372 3353
111 112 372 3353
0 63 76 2271
65 120 76 2271
56 56 410 1393
26 26 2118 4038
120 120 2118 4038
0 120 480 2886
3 5 12 566
97 99 12 566
0 120 2659 2672
90 91 28 510
72 73 253 628
51 52 342 1609
0 120 500 505
47 48 1012 4063
0 120 254 449
28 28 1446 3766
0 0 66 1152
93 94 66 1152
92 93 219 1394
68 69 14 2682
0 120 783 1732
0 120 3243 3258
60 61 1075 3072
0 120 273 1630
33 33 352 2677
87 87 1821 2862
6 7 6 1286
100 101 6 1286
39 39 128 2969
2 4 606 3533
95 98 606 3533
0 120 3646 3648
20 22 1017 2313
114 116 1017 2313
46 47 415 3965
5 7 342 454
99 100 342 454
74 76 409 2430
78 79 435 1399
79 80 1271 1671
93 93 1016 2842
0 120 2174 3165
0 120 3373 3489
12 12 1196 1497
105 107 1196 1497
14 16 315 3734
108 110 315 3734
0 120 1531 3473
36 38 400 1563
71 73 138 1563
4 4 1451 3709
98 98 1451 3709
25 26 2287 3981
119 120 2287 3981
9 11 716 1045
103 104 716 1045
0 120 3124 3135
0 120 2823 3961
26 27 523 1404
120 120 523 1404
0 120 1727 2072
69 70 760 1317
88 88 180 2728
89 91 414 680
30 31 1845 2293
74 77 52 1230
89 91 1012 3258
25 26 760 2256
119 119 760 2256
0 120 646 2908
4 4 990 2718
98 98 990 2718
54 55 1203 3765
71 73 1499 2595
2 3 141 3150
96 97 141 3150
76 77 253 4145
0 120 154 3385
6 7 3552 3962
100 101 3552 3962
21 22 412 1923
115 116 412 1923
51 52 1194 2898
37 39 430 2502
83 84 29 1404
0 1 2904 3926
5 7 2904 3926
9 10 2904 3926
12 17 2904 3926
20 21 2904 3926
24 28 2904 3926
30 33 2904 3926
35 39 2904 3926
41 43 2904 3926
45 69 2904 3926
71 71 2904 3926
73 76 2904 3926
85 86 2904 3926
93 95 2904 3926
98 111 2904 3926
114 120 2904 3926
0 120 1847 1965
17 17 133 3447
111 111 133 3447
65 65 1652 3187
31 32 420 471
41 42 475 932
55 55 2653 3526
0 120 3033 3747
36 36 2329 2648
44 45 1185 2031
80 82 312 2631
80 82 353 2632
66 66 131 3751
10 18 606 634
106 112 606 634
0 18 146 3093
20 25 146 3093
27 27 146 3093
50 99 146 3093
101 107 146 3093
109 111 146 3093
115 118 146 3093
76 78 256 2699
4 5 306 2062
98 98 306 2062
0 120 1114 2730
2 2 419 1939
0 0 2607 3531
3 3 2607 3531
5 15 2607 3531
17 20 2607 3531
22 24 2607 3531
99 108 2607 3531
112 113 2607 3531
116 117 2607 3531
38 39 2913 3049
9 12 856 1159
103 106 856 1159
83 85 1742 3238
0 120 333 3858
88 89 168 1539
18 18 240 661
26 28 1606 4131
119 120 1606 4131
60 61 312 537
51 54 2142 4111
21 23 225 1292
115 116 225 1292
50 51 1230 1750
0 120 805 820
29 30 404 476
0 120 1725 1729
58 58 278 1303
81 81 219 4106
0 2 635 3792
94 96 635 3792
42 43 313 3741
50 50 60 3295
19 19 777 2155
113 113 777 2155
78 80 1670 2961
0 120 25 830
41 43 911 2909
14 20 11 2652
108 114 11 2652
0 120 1652 3321
55 56 1676 2217
15 15 72 3305
0 120 2200 3126
0 120 18 790
0 120 3223 3224
76 77 367 1883
61 63 441 1832
75 76 262 369
86 87 14 4239
23 23 53 3413
25 32 53 3413
120 120 53 3413
32 33 58 3757
0 120 2826 3938
0 120 698 707
0 120 106 795
62 62 2480 3301
48 49 415 1550
68 69 850 1478
54 54 244 1668
0 120 3346 3415
37 38 16 1252
55 56 348 3711
13 14 229 2299
107 107 229 2299
60 61 1170 1833
32 32 313 492
77 78 760 1935
49 51 2909 3599
21 22 1945 4081
115 116 1945 4081
0 120 737 1951
0 120 1857 1982
0 120 1697 3979
10 11 3077 3183
103 105 3077 3183
76 77 334 780
0 120 3802 3816
0 29 1825 2444
31 39 1825 2444
41 120 1825 2444
37 38 2653 2855
19 20 825 1017
113 114 825 1017
49 50 524 1843
23 25 367 4111
117 119 367 4111
18 18 12 1668
111 112 12 1668
77 77 2066 2506
82 82 1770 3676
0 120 2568 3656
0 0 1070 2541
3 22 1070 2541
25 27 1070 2541
32 37 1070 2541
39 41 1070 2541
73 74 1070 2541
78 83 1070 2541
86 89 1070 2541
91 94 1070 2541
97 116 1070 2541
119 120 1070 2541
91 93 402 1853
54 54 606 3346
57 58 415 3778
41 41 2581 3891
0 120 1213 3758
6 6 60 1335
99 101 60 1335
51 53 2102 3102
72 74 968 3927
39 40 3072 4128
86 87 1771 1807
26 27 855 1017
119 120 855 1017
12 12 232 1792
106 106 232 1792
31 32 121 1961
75 77 721 1202
40 41 297 3126
13 15 125 390
107 109 125 390
34 34 133 1971
72 74 1408 3071
0 120 3178 3184
91 91 155 1730
86 87 1225 4118
69 69 2235 2291
0 120 676 678
77 77 1961 3220
0 120 99 108
23 24 985 2187
117 118 985 2187
50 52 312 3599
70 70 1064 2480
19 20 1602 3287
113 114 1602 3287
40 41 2681 3317
8 8 482 812
102 102 482 812
63 65 2092 2922
0 120 1302 1305
32 32 1135 2131
78 78 19 2973
15 17 1467 4001
109 111 1467 4001
25 25 1025 3656
118 119 1025 3656
51 52 2506 2912
53 56 352 2624
0 1 372 1556
93 95 372 1556
77 78 1996 3564
0 120 1015 3877
80 80 229 3722
85 86 93 3861
0 120 2369 3580
82 84 1168 2429
23 24 1675 3923
117 118 1675 3923
49 50 923 2598
39 40 1045 1275
0 120 1826 1840
19 20 2710 3092
113 114 2710 3092
20 22 898 4231
114 116 898 4231
0 120 879 1737
13 14 516 1685
107 108 516 1685
42 43 206 705
76 77 261 412
4 5 3110 3965
98 99 3110 3965
0 120 474 1459
4 4 85 186
98 98 85 186
32 33 126 187
34 35 2293 3154
18 19 1161 1608
112 113 1161 1608
67 68 58 992
71 71 2508 2584
29 30 1004 1624
73 77 415 1229
48 49 900 2964
23 24 1676 3185
116 117 1676 3185
0 120 122 3636
0 120 4172 4176
12 13 1001 1326
105 107 1001 1326
92 93 347 2034
87 88 942 1685
11 12 140 243
105 106 140 243
81 83 3390 4140
0 120 1566 3764
86 88 3080 3160
0 120 249 2630
10 10 1806 2662
104 104 1806 2662
0 120 2183 3174
77 78 2904 2934
0 120 648 649
70 72 367 407
0 120 878 1111
50 51 409 1572
40 42 6 3811
66 67 372 4134
55 56 349 4150
0 120 475 879
2 2 1825 3062
96 96 1825 3062
87 88 844 4129
0 120 1491 1496
6 7 990 3954
100 101 990 3954
50 50 257 2117
71 72 257 2117
63 66 69 2820
85 85 2615 4120
0 120 335 2939
86 86 302 547
53 54 1193 3724
0 0 2444 4238
92 93 2444 4238
0 120 243 1660
11 12 296 2984
105 106 296 2984
27 27 0 4154
120 120 0 4154
25 28 409 2861
119 120 409 2861
74 76 923 3082
0 120 1269 1275
0 35 54 418
41 43 54 418
45 46 54 418
50 51 54 418
53 56 54 418
58 120 54 418
0 120 508 3806
16 16 3450 4140
50 50 293 434
11 11 769 2615
0 120 427 434
71 72 1404 2631
0 120 1517 1754
0 120 435 2769
59 60 39 2015
59 60 3196 3469
43 44 407 721
0 3 1733 3072
6 9 1733 3072
11 23 1733 3072
25 27 1733 3072
35 36 1733 3072
38 39 1733 3072
42 43 1733 3072
47 48 1733 3072
50 53 1733 3072
55 57 1733 3072
61 61 1733 3072
63 67 1733 3072
71 76 1733 3072
81 84 1733 3072
86 103 1733 3072
105 120 1733 3072
79 79 587 1820
23 23 69 4109
117 117 69 4109
56 57 1480 2626
72 74 27 3883
7 7 82 372
101 101 82 372
18 19 429 3863
111 113 429 3863
0 1 3096 3238
94 95 3096 3238
37 38 105 2985
76 77 373 1487
62 64 1498 1862
86 87 75 2584
86 88 923 1927
5 5 2207 4244
99 99 2207 4244
0 120 2479 2488
39 42 1825 3196
0 120 3194 3931
12 14 1045 3987
106 107 1045 3987
68 70 66 1717
24 24 1970 3550
117 118 1970 3550
80 80 58 321
27 27 985 3155
120 120 985 3155
0 0 720 1194
93 94 720 1194
0 120 1929 2206
19 21 420 902
113 115 420 902
14 15 289 2139
107 109 289 2139
89 90 13 2241
53 55 625 1307
0 4 316 3181
8 9 316 3181
14 19 316 3181
21 22 316 3181
29 32 316 3181
35 36 316 3181
41 43 316 3181
53 55 316 3181
59 59 316 3181
93 98 316 3181
112 113 316 3181
115 116 316 3181
21 22 2207 3089
115 115 2207 3089
0 120 2246 2263
90 92 2251 2607
91 92 1004 2242
0 120 1100 1950
54 55 9 3411
75 76 300 1897
25 27 126 1744
118 120 126 1744
5 5 373 1621
99 100 373 1621
39 42 311 743
83 83 1961 3972
31 32 2828 3557
42 44 2086 2920
34 34 262 2544
49 53 262 2544
120 120 262 2544
71 73 558 1374
0 120 2944 2951
15 15 2648 4121
0 120 3804 3809
25 25 1230 2181
118 119 1230 2181
28 29 1586 1816
0 120 211 512
0 120 431 2730
0 120 2409 2792
82 84 105 1025
67 68 1397 2294
31 31 2713 3203
4 5 2386 2808
98 99 2386 2808
0 120 1689 3634
15 16 767 1898
109 110 767 1898
35 37 1238 1483
38 39 1862 3562
16 21 16 3427
110 115 16 3427
88 90 351 1431
50 51 98 985
33 34 1197 4111
0 120 1078 2699
86 87 13 2375
0 120 3528 3537
32 33 524 3079
31 32 914 1544
90 92 1045 2027
24 26 2607 3157
118 120 2607 3157
60 61 1132 2935
0 120 1123 1129
59 60 2095 2228
0 13 512 975
16 24 512 975
28 28 512 975
45 68 512 975
71 80 512 975
83 87 512 975
90 107 512 975
109 118 512 975
2 3 328 2386
96 97 328 2386
54 56 696 3536
91 92 765 3141
87 88 85 3382
0 120 1210 3757
0 120 1060 3998
76 77 2481 3203
63 64 414 3823
41 42 39 1694
65 66 412 744
0 120 520 4249
42 43 1165 3233
0 120 98 2274
12 13 141 2910
105 107 141 2910
0 120 7 466
61 62 348 759
91 92 0 1739
94 94 19 1981
10 10 219 3732
104 104 219 3732
4 6 1193 2248
98 100 1193 2248
35 36 6 241
0 120 2290 2295
0 120 1187 1679
67 69 2926 3445
0 120 2535 3789
0 120 942 1848
3 4 166 1627
97 98 166 1627
32 34 3301 3322
90 93 4 3551
74 83 331 1694
0 120 2633 2634
2 2 152 3449
24 26 365 524
118 119 365 524
88 88 451 1796
60 61 1340 1894
18 20 371 2032
112 114 371 2032
37 38 402 1345
29 30 959 2202
33 33 152 416
0 120 384 3957
27 28 420 3614
54 55 4140 4242
0 120 1151 2372
0 120 3656 3671
67 67 1438 3368
28 29 206 652
77 78 1489 2367
0 120 202 3162
10 11 372 1853
103 105 372 1853
33 33 2029 3809
46 47 16 528
48 52 219 2577
0 5 1788 2434
7 9 1788 2434
11 21 1788 2434
23 23 1788 2434
56 61 1788 2434
63 66 1788 2434
70 70 1788 2434
74 75 1788 2434
78 99 1788 2434
101 118 1788 2434
45 46 58 3383
28 29 884 2967
37 39 488 2967
0 120 4077 4078
77 78 30 3809
86 87 28 2982
0 120 1585 3014
0 120 2700 2701
66 68 0 934
0 6 581 2377
8 15 581 2377
19 19 581 2377
22 23 581 2377
26 26 581 2377
30 33 581 2377
60 62 581 2377
66 67 581 2377
69 77 581 2377
80 88 581 2377
90 98 581 2377
102 109 581 2377
116 117 581 2377
45 48 1128 2546
0 120 1943 3661
0 120 637 996
0 120 124 3629
0 1 19 2115
93 95 19 2115
15 17 781 2438
109 110 781 2438
0 120 2338 2470
42 43 2207 3707
0 120 3843 4032
0 120 1343 1387
0 120 1596 3553
44 45 1102 2264
0 120 2695 2707
63 64 1017 3846
68 68 2906 2927
73 73 2906 2927
76 76 2906 2927
87 87 2906 2927
0 120 1951 2963
0 120 2238 2239
67 69 349 714
0 120 1078 1089
90 91 173 2932
0 120 1014 3548
100 101 3301 3456
20 20 1862 2891
114 115 1862 2891
0 120 2337 3938
0 120 927 1859
4 11 395 2752
98 105 395 2752
74 74 438 3388
76 77 3404 3554
77 78 323 432
67 68 1671 2542
87 90 353 2526
77 80 666 771
5 6 1667 3554
99 100 1667 3554
106 106 125 2110
87 87 2681 4098
77 77 1167 2450
80 81 2022 2964
0 120 2942 3873
82 83 1091 3394
38 40 934 936
44 53 934 936
42 45 628 1418
0 120 2250 2599
81 82 1185 2275
0 120 1281 2737
17 17 94 1484
86 86 94 1484
90 95 94 1484
111 111 94 1484
20 21 155 417
114 115 155 417
81 81 399 777
0 120 1696 2198
23 23 316 2994
117 117 316 2994
43 44 803 3112
18 22 1198 1921
113 115 1198 1921
2 2 138 1941
95 96 138 1941
74 77 659 3333
81 83 1091 1300
26 27 1450 3862
120 120 1450 3862
28 29 2260 2913
0 120 403 2589
74 75 2228 4129
66 68 844 3271
80 80 1921 2666
49 53 770 1070
0 120 2487 3077
64 65 1026 2753
0 120 2141 2440
76 78 262 2357
60 61 351 3338
63 64 351 3338
0 120 3455 3468
61 62 311 3939
16 19 292 3697
112 112 292 3697
0 120 660 2403
72 74 367 838
41 43 2906 3411
12 13 554 664
106 106 554 664
19 21 30 3138
113 114 30 3138
31 31 459 777
53 53 134 1017
88 90 581 1706
0 120 724 2014
12 13 428 3184
106 107 428 3184
62 62 765 2015
64 64 765 2015
82 82 765 2015
70 71 94 4062
42 43 3170 3642
8 10 99 1962
102 104 99 1962
53 54 4 1136
0 120 1351 1358
80 82 126 3785
31 32 303 1203
52 53 17 3061
61 61 2328 3555
78 79 146 3471
24 26 975 2764
118 120 975 2764
0 120 1078 3451
89 90 28 217
80 80 155 1490
38 39 209 4170
41 42 133 1142
55 56 9 3358
0 120 3830 4038
31 31 1545 2513
60 60 1614 2118
11 12 1806 2288
105 106 1806 2288
77 80 551 2594
7 8 19 2733
101 102 19 2733
26 27 1230 2128
120 120 1230 2128
0 4 404 854
10 14 404 854
19 19 404 854
21 21 404 854
80 82 404 854
88 109 404 854
113 113 404 854
115 116 404 854
1 4 1398 4156
6 12 1398 4156
14 80 1398 4156
86 87 1398 4156
90 90 1398 4156
95 97 1398 4156
100 120 1398 4156
0 120 143 1456
0 120 1373 4099
0 120 2183 3150
51 51 237 1091
96 96 27 1281
100 104 27 1281
40 40 407 1502
0 120 1713 1723
23 24 2203 3802
117 118 2203 3802
0 120 1413 2185
3 4 1816 2575
97 98 1816 2575
77 77 1091 3073
26 28 793 3416
120 120 793 3416
112 112 65 1923
0 120 1708 3981
92 93 58 752
38 38 2186 2293
37 38 267 1091
0 120 1275 1847
47 48 0 747
89 89 79 1040
65 66 1889 3238
38 39 1164 2016
17 17 844 2600
26 28 844 2600
36 36 844 2600
111 111 844 2600
63 63 469 1225
47 48 331 3735
0 120 2951 3264
77 79 420 2272
60 60 399 1395
15 16 1070 4074
109 110 1070 4074
8 18 306 2924
25 26 306 2924
28 28 306 2924
32 32 306 2924
36 39 306 2924
43 43 306 2924
46 49 306 2924
54 54 306 2924
56 70 306 2924
72 72 306 2924
75 78 306 2924
85 91 306 2924
94 99 306 2924
101 112 306 2924
115 120 306 2924
12 14 1467 2956
106 108 1467 2956
0 120 288 2318
86 87 3079 3449
0 120 448 1287
0 120 2170 3638
40 41 2913 3911
43 43 2913 3911
48 48 2913 3911
51 54 2913 3911
68 69 844 2950
73 76 423 1230
35 35 1162 4013
0 120 1251 2550
21 21 1626 1673
115 115 1626 1673
64 64 1975 2581
24 24 134 2790
118 118 134 2790
0 120 1784 3013
30 31 141 763
32 32 1120 3787
0 120 1572 3130
2 3 104 4079
96 97 104 4079
42 44 1408 3665
74 76 558 1805
37 38 105 517
37 39 415 3217
58 58 193 364
0 2 418 2734
5 5 418 2734
7 12 418 2734
14 77 418 2734
80 87 418 2734
91 96 418 2734
99 99 418 2734
101 106 418 2734
108 120 418 2734
84 92 2904 3983
0 120 1020 3556
43 44 125 1923
46 48 309 3730
4 6 696 2678
98 100 696 2678
103 103 2681 3911
46 46 1167 2263
0 120 2805 3223
71 72 869 2606
0 120 1729 3464
0 120 726 4018
61 61 2617 3926
35 38 53 2986
0 120 3929 4127
40 41 130 3206
45 46 923 2842
1 2 16 3858
94 96 16 3858
0 120 143 2879
0 0 418 640
94 94 418 640
0 120 1199 1205
84 86 1397 3664
0 120 3014 3747
20 21 536 2581
114 115 536 2581
0 120 1618 2320
0 120 1406 2437
0 120 3713 3721
87 88 1121 2453
45 46 193 2592
15 15 1791 3187
18 18 160 954
112 112 160 954
19 21 411 3983
113 114 411 3983
75 77 60 3002
0 120 3043 3337
8 8 2131 4009
102 102 2131 4009
37 38 771 3737
0 120 1077 1565
0 120 2734 2767
69 70 406 606
71 73 187 1996
20 21 125 1118
114 115 125 1118
0 5 39 3064
89 98 39 3064
0 0 909 2920
94 94 909 2920
0 120 124 893
0 120 3269 3276
0 120 43 3937
18 18 174 256
112 112 174 256
0 120 2749 3240
48 50 414 2160
0 120 2938 2947
0 120 2198 3137
0 120 722 3444
18 20 2821 3301
112 113 2821 3301
53 53 1023 3557
29 31 1792 2607
35 36 1004 2002
62 64 264 1438
0 20 334 2931
25 26 334 2931
29 35 334 2931
60 60 334 2931
65 65 334 2931
67 80 334 2931
83 114 334 2931
119 120 334 2931
23 24 2287 3717
117 118 2287 3717
0 120 2247 2598
0 120 3288 3302
0 120 237 2998
0 120 910 1586
0 120 22 2844
117 117 2589 3301
73 73 1198 2218
0 120 2043 2044
41 41 1581 2922
65 66 414 1355
0 111 1102 2695
113 116 1102 2695
119 120 1102 2695
0 120 3457 3461
91 91 3187 3600
43 44 2906 3358
0 120 655 663
67 69 135 627
45 45 219 1264
50 51 126 2793
0 120 1249 2341
23 24 800 1017
117 118 800 1017
0 120 638 2187
0 120 247 2531
93 93 115 914
63 63 30 52
84 84 694 3250
38 39 60 1392
83 84 844 1474
31 32 3301 4237
7 7 639 2762
101 101 639 2762
5 7 95 3830
99 101 95 3830
27 28 255 1833
120 120 255 1833
0 120 561 3071
0 120 2137 3153
11 13 934 1367
105 107 934 1367
0 120 3066 3616
74 75 1128 2172
10 11 315 571
105 105 315 571
0 120 3176 3195
53 54 354 3717
0 120 2914 3195
40 40 1775 2922
105 105 125 447
17 17 999 1203
110 111 999 1203
86 87 2666 3847
0 120 259 447
28 28 288 2131
0 120 291 3368
0 120 275 391
13 15 409 1145
104 104 409 1145
106 111 409 1145
19 20 168 2214
113 114 168 2214
46 46 1675 2691
63 63 9 3655
78 80 1241 1675
0 120 843 848
0 120 2563 2564
0 120 2714 2733
0 120 861 865
0 120 437 2789
72 73 0 2788
16 19 1643 2594
110 113 1643 2594
80 83 1190 1306
0 120 177 1926
8 10 2126 3502
102 103 2126 3502
0 120 3375 3381
0 120 642 3194
0 120 2543 3790
0 120 1029 1388
52 54 1051 1901
59 61 767 2142
71 73 968 4118
98 98 1312 1676
0 120 653 2794
35 37 138 628
43 45 631 3944
34 35 1467 1964
54 55 27 2517
21 22 524 3323
112 116 524 3323
85 86 123 2979
1 1 1685 3355
95 95 1685 3355
87 88 1606 3062
0 120 2053 2061
0 120 568 1151
48 49 12 3148
34 34 399 1342
0 120 4110 4136
78 79 2100 3570
0 120 3442 3448
58 59 606 854
75 76 9 2850
79 80 1203 2830
37 38 654 3554
30 31 1706 2138
36 38 54 1280
0 10 2108 2118
12 54 2108 2118
57 57 2108 2118
87 104 2108 2118
106 120 2108 2118
30 32 193 3344
45 47 146 1808
15 15 610 2666
36 37 2659 3160
0 120 1169 1906
7 7 2414 2575
101 101 2414 2575
45 46 19 3164
38 39 1483 3005
0 120 903 2164
0 120 2122 2174
44 44 2965 3617
24 25 914 4016
118 119 914 4016
56 58 581 1332
0 1 414 2912
94 95 414 2912
40 42 1128 1501
80 81 296 2102
1 1 1416 2133
5 6 1416 2133
10 10 1416 2133
85 85 1416 2133
95 95 1416 2133
99 100 1416 2133
104 104 1416 2133
80 81 387 1466
84 85 1742 2303
30 31 417 3560
0 120 145 2872
0 120 816 825
57 57 2512 2709
87 88 2159 2591
74 75 414 3262
113 113 2439 3170
73 73 352 4104
0 120 3330 3341
0 120 608 1815
3 4 694 835
97 98 694 835
10 11 193 2539
104 104 193 2539
0 120 3926 4126
0 120 929 1641
10 11 297 2862
103 105 297 2862
112 113 27 3001
7 7 123 3463
101 101 123 3463
42 44 835 1225
68 68 1019 3786
80 81 238 3221
77 77 454 2287
41 42 414 1168
31 31 1025 3042
29 29 1193 2626
40 43 482 548
12 12 2228 4239
106 106 2228 4239
0 120 1323 1918
0 120 2928 2930
65 67 452 2591
0 120 3879 3906
36 38 371 1471
45 46 17 1882
21 24 793 2103
116 118 793 2103
45 46 1686 2909
0 120 1500 3685
54 55 2964 3526
0 120 3740 3747
0 120 686 1482
46 47 407 2067
49 49 887 2704
8 10 138 3340
102 103 138 3340
8 8 381 846
11 14 381 846
19 26 381 846
29 37 381 846
40 45 381 846
56 58 381 846
102 102 381 846
105 108 381 846
112 120 381 846
31 32 123 2308
105 105 1537 2786
46 47 2139 2854
4 6 2581 3761
98 100 2581 3761
47 48 1132 2508
0 120 89 445
0 120 3351 3413
77 77 155 3694
0 120 1005 3864
34 36 415 615
12 14 131 856
106 108 131 856
18 20 1452 2863
112 113 1452 2863
69 73 204 3586
2 3 3030 3183
95 97 3030 3183
76 76 315 384
0 120 1576 1586
60 60 51 3721
22 23 39 2206
116 116 39 2206
0 120 259 260
0 120 4150 4153
0 120 542 548
21 22 1168 3454
115 116 1168 3454
43 43 3160 3414
37 37 1806 2987
16 18 997 1128
110 111 997 1128
0 120 1857 1986
0 120 269 389
0 120 2791 2793
0 120 1373 3859
0 120 3802 3820
0 120 1061 2052
37 37 235 4188
0 0 402 918
92 94 402 918
0 120 405 435
11 11 61 625
11 12 1466 3269
105 106 1466 3269
23 24 14 2499
117 118 14 2499
52 53 676 898
0 120 7 1328
0 120 898 3751
54 56 767 1016
62 63 65 744
23 24 901 1016
116 118 901 1016
64 69 741 3767
42 42 61 4008
11 13 1203 1354
105 107 1203 1354
0 120 1469 1473
52 54 34 2370
3 5 187 3366
97 99 187 3366
82 84 1670 3449
0 120 159 1318
3 3 374 3192
0 120 3911 4113
1 2 989 4219
94 96 989 4219
3 4 239 2967
97 98 239 2967
72 72 631 3757
73 76 1347 1483
0 120 1068 2068
11 11 1300 3357
0 120 3352 3368
87 87 229 1498
0 87 2629 2973
89 94 2629 2973
96 97 2629 2973
99 120 2629 2973
89 89 1225 3183
0 120 857 2787
28 28 55 1345
60 61 187 3716
103 103 1677 2526
4 4 311 3028
98 98 311 3028
47 48 278 3080
0 120 3354 3414
23 24 1195 2028
117 118 1195 2028
0 120 1487 2402
52 53 9 2663
90 93 2591 3620
43 43 277 1165
0 120 22 2336
33 44 225 975
84 84 414 3880
81 82 51 822
13 14 1025 2721
107 108 1025 2721
14 15 2615 2701
108 109 2615 2701
28 30 402 3496
31 31 61 3203
76 77 945 2203
0 5 1480 3301
7 7 1480 3301
10 10 1480 3301
12 16 1480 3301
20 21 1480 3301
39 39 1480 3301
63 64 1480 3301
66 66 1480 3301
71 76 1480 3301
79 83 1480 3301
85 99 1480 3301
101 102 1480 3301
104 104 1480 3301
106 110 1480 3301
114 116 1480 3301
62 64 210 293
0 0 1266 2029
92 94 1266 2029
6 7 120 1339
99 101 120 1339
50 51 204 1976
0 120 2174 2177
0 1 372 1560
94 95 372 1560
21 21 425 632
115 115 425 632
0 120 1657 1658
9 11 342 2849
28 28 342 2849
36 37 342 2849
39 39 342 2849
41 42 342 2849
44 49 342 2849
59 62 342 2849
64 70 342 2849
77 77 342 2849
97 97 342 2849
103 105 342 2849
120 120 342 2849
10 10 1340 1951
0 120 3530 3616
58 60 402 1402
64 66 488 2674
27 27 1004 3722
32 33 73 180
0 120 1115 2772
26 27 478 1397
120 120 478 1397
70 70 2594 3113
68 68 2556 2629
45 48 6 1587
0 120 1666 3060
86 88 441 1515
0 120 1005 3543
24 41 721 3784
43 43 721 3784
120 120 721 3784
0 120 19 4266
24 26 2595 4277
117 120 2595 4277
80 81 1034 2783
0 0 2228 2763
12 12 2228 2763
17 18 2228 2763
20 21 2228 2763
24 25 2228 2763
28 28 2228 2763
53 53 2228 2763
67 67 2228 2763
75 80 2228 2763
93 94 2228 2763
106 106 2228 2763
111 111 2228 2763
114 115 2228 2763
13 14 760 1268
107 108 760 1268
3 5 1064 4123
98 99 1064 4123
0 9 184 3552
11 12 184 3552
15 21 184 3552
23 25 184 3552
27 27 184 3552
30 34 184 3552
36 36 184 3552
53 57 184 3552
59 60 184 3552
63 63 184 3552
65 65 184 3552
67 67 184 3552
70 71 184 3552
74 100 184 3552
102 103 184 3552
105 106 184 3552
109 119 184 3552
48 51 984 1161
63 64 53 4035
30 31 225 1109
0 120 1517 1624
0 120 3179 3924
51 51 144 4153
48 50 1167 4251
53 53 2287 4282
11 12 351 2911
105 106 351 2911
0 120 1287 2101
81 81 53 1002
11 11 1806 2666
105 105 1806 2666
0 120 2145 2886
28 29 1321 1685
0 120 3514 3621
61 61 532 2922
7 8 690 1064
100 103 690 1064
24 25 743 3142
117 119 743 3142
92 92 72 2183
1 3 428 1818
95 96 428 1818
28 28 441 3743
0 120 463 3502
0 120 3921 4130
21 23 1397 2619
115 117 1397 2619
11 11 2606 3631
13 13 2606 3631
19 19 2606 3631
21 21 2606 3631
23 25 2606 3631
27 28 2606 3631
30 44 2606 3631
47 72 2606 3631
100 101 2606 3631
104 108 2606 3631
110 113 2606 3631
115 115 2606 3631
117 119 2606 3631
21 23 1128 3892
115 117 1128 3892
53 56 1849 1962
59 60 1849 1962
64 66 1849 1962
70 72 1849 1962
55 57 2103 3010
0 120 2934 2938
21 31 1452 1737
33 35 1452 1737
114 120 1452 1737
3 5 934 4026
97 99 934 4026
88 89 2666 3123
0 120 1344 3143
0 120 1640 1973
7 9 193 1547
101 103 193 1547
43 44 399 3867
66 66 344 1716
52 53 2293 3292
7 9 410 3467
101 103 410 3467
23 24 877 1398
117 118 877 1398
29 30 2591 3888
0 120 2716 2836
26 27 4 1998
120 120 4 1998
9 9 95 1362
103 103 95 1362
0 120 3369 3401
13 15 721 1824
107 109 721 1824
0 120 523 4283
77 79 932 2236
46 48 1004 2112
47 47 558 4277
0 120 248 3297
91 92 65 3590
3 4 643 1352
97 98 643 1352
43 44 846 4155
62 62 259 423
0 120 648 4170
0 120 2564 2600
23 24 1033 1537
117 118 1033 1537
0 120 269 1141
72 73 637 1537
0 120 3916 3920
0 1 2438 4181
93 95 2438 4181
14 14 1547 1758
108 108 1547 1758
28 28 69 2019
42 43 898 3564
65 66 581 3857
68 70 278 1604
61 62 16 2358
77 78 133 2943
56 56 2070 3196
1 2 346 3990
95 96 346 3990
0 120 2562 3658
76 77 103 4232
64 64 313 1598
49 50 347 428
0 120 2883 3484
0 1 1422 3160
94 96 1422 3160
35 37 104 1424
0 120 4211 4218
67 68 1198 4206
20 21 2606 4115
114 115 2606 4115
76 77 354 2538
30 31 698 3102
12 13 438 3929
106 106 438 3929
56 57 402 2020
0 120 510 3051
70 71 1577 1758
15 17 983 1019
109 111 983 1019
0 120 1512 2272
36 37 103 2138
70 70 1228 2513
27 31 473 1671
62 62 473 1671
88 88 473 1671
115 115 473 1671
66 68 765 3011
59 60 417 3991
48 49 71 3354
0 120 1237 3006
110 110 72 1512
0 120 1973 2108
0 120 1572 1764
8 8 204 3883
101 102 204 3883
53 55 104 269
0 120 4092 4095
47 48 1026 2005
42 43 346 2246
48 49 1466 2277
49 51 1456 1589
48 50 0 1609
5 7 554 2949
98 101 554 2949
0 3 561 1676
90 97 561 1676
0 120 10 4017
61 62 989 2877
47 47 371 3996
31 32 3000 3079
6 8 51 1574
100 102 51 1574
0 120 364 573
30 31 3557 3936
0 120 2492 3612
88 88 257 3894
80 81 179 793
0 120 3804 3813
71 72 411 1328
0 120 1968 2114
0 1 34 1378
94 94 34 1378
4 5 1121 3181
98 99 1121 3181
68 70 2599 2920
55 57 367 3473
70 71 990 2698
88 89 331 1564
39 40 126 2098
35 36 846 2195
13 14 415 3140
106 108 415 3140
12 13 2576 2909
106 107 2576 2909
108 108 1196 3705
0 120 1600 3566
57 59 1013 2308
0 120 1950 2632
62 63 138 3771
48 50 79 4130
0 120 203 224
4 5 53 2909
98 99 53 2909
0 120 879 2493
0 120 1123 1133
29 29 120 2441
88 89 2023 3110
85 86 2614 3551
0 120 737 1097
0 120 1435 3879
48 51 1864 3238
33 35 606 1553
67 69 1194 4167
75 75 432 1400
66 67 146 4012
87 88 314 1344
0 56 152 2514
59 120 152 2514
26 26 1367 2782
120 120 1367 2782
0 1 985 2488
94 95 985 2488
89 90 603 2386
4 6 1572 3187
98 100 1572 3187
27 36 438 3258
72 72 309 404
35 39 3552 4076
42 42 419 764
93 93 825 1452
0 120 360 3567
64 65 1862 3700
0 120 377 2982
0 4 3551 3851
13 18 3551 3851
23 24 3551 3851
27 27 3551 3851
40 41 3551 3851
45 45 3551 3851
50 51 3551 3851
61 62 3551 3851
66 66 3551 3851
78 79 3551 3851
83 83 3551 3851
86 86 3551 3851
88 88 3551 3851
94 96 3551 3851
108 111 3551 3851
0 120 2520 3111
52 53 176 225
36 38 1241 2269
14 16 193 1360
19 19 193 1360
25 25 193 1360
33 35 193 1360
51 51 193 1360
71 72 193 1360
80 80 193 1360
83 84 193 1360
90 90 193 1360
108 110 193 1360
113 113 193 1360
119 120 193 1360
83 83 1012 2217
79 81 659 2853
51 52 2653 3640
2 2 1230 3608
95 96 1230 3608
52 53 824 2920
68 68 230 461
0 33 347 1046
35 92 347 1046
94 101 347 1046
103 120 347 1046
74 78 1190 2489
75 75 122 2648
35 35 1004 4019
48 49 3170 3378
79 80 278 3161
70 71 1525 2967
6 8 279 353
100 102 279 353
76 77 430 2966
6 6 855 1452
100 100 855 1452
0 120 2214 3943
0 120 1909 3115
43 43 1195 1520
0 120 1482 1550
0 120 2743 2752
84 85 11 538
0 120 298 3978
90 91 3104 3697
0 120 848 3664
22 24 1944 3301
116 118 1944 3301
0 120 860 2735
74 75 2100 3814
0 120 222 1889
47 48 349 3162
0 120 2178 2192
57 58 1438 1628
0 120 1192 2161
71 73 1185 3434
30 32 1689 2967
10 11 694 1884
104 105 694 1884
58 59 752 3552
40 41 1941 3188
0 120 2524 3768
88 89 1806 2963
0 2 1128 3839
94 95 1128 3839
0 120 3910 3918
16 17 1334 3907
110 111 1334 3907
70 72 85 1776
83 85 429 1586
0 120 664 2392
77 79 1846 3301
35 36 354 1412
0 120 1648 3316
20 20 789 1340
114 114 789 1340
21 22 187 2992
115 116 187 2992
44 45 95 3403
69 69 1676 2331
0 120 1498 2968
0 120 1379 3276
79 80 1019 2741
0 120 910 3737
0 120 1708 3717
88 90 144 262
36 38 128 3701
0 120 109 3459
84 85 85 3065
63 70 694 4112
33 33 169 1258
82 83 2206 2681
10 11 1120 2234
103 104 1120 2234
19 20 5 103
112 113 5 103
55 56 3203 3810
81 84 120 3059
0 120 1059 4210
77 79 1675 2264
0 1 264 1495
94 95 264 1495
0 120 1828 3260
19 20 2186 2968
113 114 2186 2968
0 120 403 2593
0 120 845 1248
0 120 86 442
13 13 1758 3430
106 107 1758 3430
81 82 1070 3810
0 0 172 216
93 94 172 216
0 120 1572 2516
74 74 1558 2618
0 120 1429 3928
30 33 1193 1931
0 120 424 437
0 120 1351 2517
79 80 28 437
0 120 3997 4021
58 58 2103 2152
7 8 60 160
102 102 60 160
83 84 27 4184
30 32 402 4061
77 79 135 3717
50 51 1578 2681
0 120 1110 1115
92 92 821 1012
12 12 315 2372
106 106 315 2372
65 65 1340 1577
11 12 3551 4119
105 106 3551 4119
67 67 488 2300
12 13 2203 3672
106 107 2203 3672
0 12 959 1885
74 75 653 2367
76 78 135 684
0 120 3075 3601
68 69 2287 2619
81 82 1404 4221
81 82 3564 3765
44 44 16 211
58 60 1408 1896
66 68 2581 4005
71 72 738 3579
7 9 850 3820
101 102 850 3820
33 35 1438 3990
11 12 586 741
105 106 586 741
0 120 2554 2559
19 20 985 1012
112 114 985 1012
0 9 2428 4140
84 101 2428 4140
103 103 2428 4140
24 25 1094 3399
118 119 1094 3399
0 120 1135 3400
31 31 824 3538
79 81 1190 3107
9 11 94 1972
103 105 94 1972
91 93 438 1782
63 64 771 3123
39 41 351 2537
69 71 303 1557
80 82 1194 3980
60 61 2457 3565
85 85 1818 2117
83 84 71 1207
110 112 659 1377
0 120 177 4077
102 103 932 2667
0 2 371 910
85 93 371 910
34 37 2434 3554
0 1 283 2029
95 95 283 2029
1 1 386 3662
5 7 386 3662
41 50 386 3662
55 55 386 3662
60 61 386 3662
66 66 386 3662
70 72 386 3662
80 80 386 3662
82 84 386 3662
99 100 386 3662
0 120 1234 3005
0 120 1373 4103
0 1 1404 3416
46 46 354 4124
0 120 621 2024
50 50 1825 2692
28 29 2601 2913
98 99 32 1629
0 120 1253 2466
21 23 135 818
115 117 135 818
54 55 2922 3493
0 120 838 3944
52 52 93 3036
11 11 6 1347
22 22 6 1347
24 26 6 1347
0 120 773 2014
73 75 30 243
7 8 721 3544
101 102 721 3544
65 67 1889 2303
65 66 1197 3473
36 37 1120 1563
20 21 125 2732
113 115 125 2732
31 34 844 1665
82 83 2287 3103
0 0 76 1527
2 11 76 1527
13 18 76 1527
20 24 76 1527
27 28 76 1527
30 93 76 1527
96 96 76 1527
99 102 76 1527
105 109 76 1527
111 111 76 1527
116 117 76 1527
68 68 1602 2246
0 120 1342 3827
0 120 1018 2949
4 5 239 767
98 99 239 767
32 32 2138 2980
74 75 2623 3961
0 120 1183 2262
77 78 694 3791
32 33 1012 2380
6 8 310 2862
100 102 310 2862
0 2 432 3791
94 96 432 3791
69 70 430 3718
22 22 60 1933
115 115 60 1933
69 71 2782 4213
13 15 187 3960
107 109 187 3960
11 13 1467 2960
105 107 1467 2960
0 120 1427 1841
88 89 1064 1789
29 29 71 3785
12 14 441 2564
106 108 441 2564
5 5 34 3903
98 99 34 3903
38 38 1128 2713
50 50 1128 2713
83 88 371 1044
45 46 28 4088
62 63 804 3555
52 61 2092 3170
14 15 419 3155
108 109 419 3155
0 120 1572 3134
18 19 400 2913
112 113 400 2913
0 120 202 2174
0 120 3381 3387
8 9 678 2103
102 103 678 2103
2 4 17 2394
46 46 232 4268
53 53 232 4268
56 63 232 4268
65 73 232 4268
76 78 232 4268
84 84 232 4268
53 53 1591 2595
82 84 1806 3715
28 29 2926 3746
53 55 3301 3623
84 85 923 1907
18 19 357 3216
111 113 357 3216
38 41 238 1050
0 120 1153 2369
0 120 2639 3689
0 120 1505 1508
114 115 75 3503
0 120 3929 4131
23 24 1334 1626
117 118 1334 1626
36 38 296 2159
18 18 69 2934
112 112 69 2934
0 120 540 2519
83 83 416 763
83 85 1438 3669
19 30 629 1810
114 120 629 1810
81 82 498 2293
4 5 2762 2941
98 99 2762 2941
47 49 193 1657
0 120 945 1292
18 21 659 3150
112 115 659 3150
62 63 3047 3110
72 73 1398 3489
82 84 2100 3761
33 34 238 2339
24 25 983 995
118 119 983 995
2 3 876 2626
96 97 876 2626
44 45 1676 3433
0 120 1631 1970
74 74 1770 2314
76 77 1901 3551
13 13 694 4275
107 107 694 4275
0 120 224 1882
0 120 755 1518
0 120 4086 4091
84 86 2943 3110
71 71 61 3581
92 92 2414 2766
0 120 124 897
0 120 4129 4138
53 53 1120 3336
65 67 738 3042
58 59 488 2113
0 120 2198 3141
75 77 1771 3828
0 120 1924 4070
56 57 1862 3192
65 67 2922 3172
70 70 2681 4049
0 120 494 3813
16 18 131 3007
110 112 131 3007
0 120 991 3865
0 120 3095 3100
2 3 1438 2864
96 97 1438 2864
54 55 1862 4131
0 0 58 435
2 4 58 435
8 8 58 435
28 91 58 435
93 94 58 435
96 102 58 435
120 120 58 435
41 42 1467 2289
0 120 718 2925
0 2 314 620
94 96 314 620
34 35 105 1944
13 15 967 1185
107 108 967 1185
34 36 2591 3193
4 4 712 3110
98 98 712 3110
44 45 1056 2920
0 120 3919 3927
17 18 125 3350
110 111 125 3350
74 76 204 3643
13 13 1167 3690
107 108 1167 3690
55 56 635 2109
0 120 477 2489
17 18 346 2006
111 112 346 2006
79 79 413 3228
34 34 160 3536
0 120 84 2006
68 68 103 2248
0 120 1631 2104
4 4 430 953
98 98 430 953
27 28 321 1195
40 41 1945 3203
77 78 54 4049
82 83 1203 2566
0 120 971 2997
0 120 716 4168
55 57 914 2463
51 52 870 1602
50 51 371 723
0 120 4034 4035
86 87 765 4060
0 120 1783 2094
89 90 1821 2386
28 30 1198 3161
0 120 2075 3434
0 120 2615 2624
0 120 2655 2962
10 11 2254 2618
104 104 2254 2618
21 22 134 3412
115 116 134 3412
79 80 989 3926
0 120 4029 4041
0 120 247 2535
0 120 195 4065
8 10 2409 2906
13 21 2409 2906
103 103 2409 2906
109 114 2409 2906
55 56 1433 1873
0 120 22 1104
4 6 187 3423
98 100 187 3423
80 82 72 467
2 2 168 929
96 96 168 929
0 120 1308 4056
84 85 69 2613
0 120 561 3075
45 54 373 3024
0 120 1135 3347
26 27 784 2366
120 120 784 2366
0 120 4235 4267
14 14 1300 3414
108 108 1300 3414
91 93 296 2777
0 120 3025 3030
0 120 1010 1366
86 86 79 4240
18 19 2782 4026
112 113 2782 4026
50 50 55 1402
83 84 2343 2444
35 37 1013 3357
49 50 75 1088
22 24 2967 3025
116 118 2967 3025
54 56 3079 3266
35 36 314 1104
45 46 436 2033
67 69 102 2911
73 75 16 1447
69 70 339 2100
46 47 277 1222
78 79 103 3321
66 66 1961 3281
0 120 906 3645
38 41 932 2614
78 79 390 1099
31 34 75 2027
0 120 804 3368
36 37 625 1905
93 93 1167 4174
43 44 1258 3538
74 76 867 1438
51 52 848 1196
42 43 230 2315
39 40 402 3553
0 120 861 869
85 87 934 3599
0 120 1173 1895
0 120 3917 3934
60 61 1806 3528
41 43 421 570
75 75 968 3183
66 66 792 2203
11 12 974 1685
105 106 974 1685
53 55 738 3660
83 84 354 1977
89 90 173 3851
0 120 1216 1218
18 27 635 1438
112 120 635 1438
24 25 1172 3363
118 119 1172 3363
0 120 1975 3687
0 0 526 2434
94 94 526 2434
2 2 120 1746
96 96 120 1746
0 120 1455 2897
61 63 400 1571
13 16 105 1623
28 29 432 3738
0 120 3 1346
36 36 1257 2131
3 3 352 3974
97 97 352 3974
0 120 1657 3004
0 120 222 1649
44 53 13 2973
40 42 51 1013
87 92 32 771
70 73 135 2404
115 120 138 1921
0 120 520 525
19 20 146 4256
112 113 146 4256
32 33 2904 2995
41 41 95 2224
5 7 2029 2768
99 101 2029 2768
51 52 64 659
0 120 234 3322
69 69 105 468
37 38 717 1978
0 120 940 1269
0 120 4183 4187
8 8 379 2922
102 102 379 2922
56 57 16 2870
41 44 390 2522
0 120 1279 1866
62 63 114 372
82 82 353 2640
0 120 2345 2600
0 0 1944 2256
3 5 1944 2256
15 22 1944 2256
24 26 1944 2256
28 28 1944 2256
32 34 1944 2256
36 38 1944 2256
40 40 1944 2256
65 84 1944 2256
89 91 1944 2256
93 94 1944 2256
97 99 1944 2256
101 101 1944 2256
109 115 1944 2256
118 120 1944 2256
0 120 1020 3857
1 3 130 2568
95 97 130 2568
45 46 39 4170
0 120 2162 3647
2 3 985 3082
96 97 985 3082
86 86 223 315
68 70 2421 2595
105 105 313 2460
82 84 2386 3540
23 23 488 3215
117 117 488 3215
0 120 1577 1681
38 39 1713 2508
27 27 2616 4002
68 69 2131 3021
0 120 4250 4254
66 67 19 1424
68 77 2591 3945
0 120 1078 3431
0 120 3884 3904
10 11 1016 4273
103 104 1016 4273
36 37 914 2276
47 48 55 2020
3 7 3203 3920
13 13 3203 3920
15 15 3203 3920
19 26 3203 3920
28 30 3203 3920
33 40 3203 3920
43 48 3203 3920
51 51 3203 3920
54 61 3203 3920
64 84 3203 3920
87 90 3203 3920
96 104 3203 3920
107 110 3203 3920
113 120 3203 3920
22 44 999 1825
118 120 999 1825
85 86 221 777
5 5 219 4114
99 99 219 4114
21 22 348 552
116 116 348 552
78 79 1167 1409
0 0 222 2133
94 94 222 2133
88 89 1438 1872
0 120 786 1717
15 16 168 2836
109 110 168 2836
49 50 1298 3555
15 16 847 1404
109 110 847 1404
86 88 293 1784
46 46 301 1645
83 83 581 3914
0 120 1006 3154
43 44 357 2708
22 22 152 3242
115 116 152 3242
0 120 1912 1913
22 22 429 1830
115 116 429 1830
25 27 983 3170
120 120 983 3170
33 35 386 1194
83 84 914 3565
50 51 231 1091
51 52 293 2723
21 21 313 1655
115 115 313 1655
0 0 187 3236
92 94 187 3236
10 10 997 2287
104 104 997 2287
8 9 420 963
102 103 420 963
0 120 2935 2950
0 120 2418 2431
0 120 1586 3032
43 44 1398 2981
0 120 3346 3423
64 64 3538 3593
27 27 1944 3679
3 6 409 3406
8 20 409 3406
26 26 409 3406
28 30 409 3406
97 99 409 3406
102 114 409 3406
119 119 409 3406
61 62 51 692
37 39 777 1358
67 68 235 3253
57 58 348 686
0 120 3976 3977
0 1 306 2904
4 7 306 2904
9 17 306 2904
20 70 306 2904
73 75 306 2904
94 95 306 2904
99 101 306 2904
103 111 306 2904
114 120 306 2904
58 60 989 2934
63 76 989 2934
45 48 225 1784
0 120 1018 1420
36 38 180 321
47 49 1668 2468
0 120 4205 4214
42 43 292 3945
85 85 2434 3664
35 37 2139 2992
39 41 318 2133
0 120 1469 1477
85 86 1670 3453
56 57 238 4059
88 91 3301 4188
0 1 479 738
94 95 479 738
0 120 159 1322
83 84 425 1441
72 73 473 923
0 120 1431 2124
1 1 1186 2293
95 95 1186 2293
23 23 3203 3249
117 117 3203 3249
46 46 1467 2720
34 34 2967 2972
41 41 2967 2972
45 52 2967 2972
59 73 2967 2972
79 87 2967 2972
50 52 4 2323
75 77 1592 1668
69 70 509 738
0 120 1178 4280
52 53 1190 3351
71 72 404 3196
76 78 63 2903
0 120 1255 2248
70 71 71 512
14 15 682 2386
108 109 682 2386
27 27 790 1165
36 36 1483 1883
7 8 113 1677
101 102 113 1677
81 83 125 748
40 43 400 2673
80 81 333 1451
54 54 1198 2653
0 120 3037 3337
0 120 2505 2510
59 59 36 2396
8 9 853 2618
102 103 853 2618
0 120 89 2222
2 10 371 1154
12 35 371 1154
37 80 371 1154
84 92 371 1154
94 104 371 1154
106 120 371 1154
27 28 206 2807
44 45 13 692
74 75 629 3664
88 91 1283 2202
28 28 1771 3454
28 30 238 810
25 26 535 3248
120 120 535 3248
115 115 1404 3660
85 87 292 3490
59 60 1820 2592
0 120 3377 3378
0 120 4177 4185
89 91 887 2387
27 28 441 580
22 22 52 3279
116 116 52 3279
45 46 2999 3203
35 38 1588 2434
2 3 800 1452
96 97 800 1452
0 120 879 1745
8 9 1185 1263
102 102 1185 1263
44 44 189 1298
15 16 316 2571
108 110 316 2571
0 120 1131 1966
6 8 30 487
100 102 30 487
78 79 1397 2839
21 28 623 1001
30 30 623 1001
115 120 623 1001
46 49 1447 2202
0 120 514 4249
26 26 1882 2130
120 120 1882 2130
5 8 130 3320
99 102 130 3320
16 18 1398 3249
110 112 1398 3249
25 27 30 3870
119 120 30 3870
47 47 1239 2438
0 120 1213 1217
43 44 354 3213
45 46 1006 1678
65 67 407 3039
63 65 1606 3363
0 120 2382 3584
71 71 1618 2434
64 64 425 2864
90 91 629 2859
0 120 1391 2428
0 120 2036 3886
30 31 451 1052
30 34 898 2495
57 57 134 2099
86 88 1464 2906
0 120 22 2824
0 120 786 1530
42 43 259 293
18 19 2544 3538
112 113 2544 3538
89 90 629 3798
77 77 1418 1972
42 42 105 3798
0 120 3921 4134
0 120 622 2038
39 39 739 2623
77 78 395 2813
2 3 6 786
0 120 1320 4066
49 50 2029 3065
0 120 776 3444
0 120 2634 2650
0 120 3494 3508
0 120 2694 2701
34 38 125 2171
46 46 302 2999
46 46 1004 3271
52 52 1004 3271
66 66 1004 3271
41 41 1064 3322
49 51 240 2121
56 58 25 1001
67 67 1537 3542
10 10 124 1946
0 120 657 2409
89 90 419 1305
0 120 818 822
80 82 415 3815
0 120 3087 3534
0 120 1127 2331
71 72 757 1300
29 31 1001 3912
44 45 629 2054
0 10 402 2829
96 104 402 2829
14 15 983 4272
23 25 983 4272
28 30 983 4272
33 70 983 4272
99 120 983 4272
47 47 300 832
84 85 1399 3958
89 92 253 2706
0 120 161 3117
0 120 89 1551
92 92 302 1844
0 120 596 601
91 91 694 1136
9 11 790 844
103 105 790 844
93 93 2512 3949
73 74 108 1012
0 120 1486 2799
85 86 1825 2265
30 31 3196 3827
16 17 133 2008
110 110 133 2008
49 51 9 252
49 50 351 3399
76 77 1418 2106
0 120 703 3292
37 38 1164 3687
53 54 238 489
43 44 350 1484
56 58 105 899
0 120 880 895
43 44 990 3507
64 64 307 4231
6 6 1857 3092
100 100 1857 3092
1 2 131 3251
95 95 131 3251
0 120 991 4109
0 120 783 1716
26 26 0 324
120 120 0 324
68 69 631 3574
52 53 390 2953
85 86 3072 3360
9 16 71 2419
105 105 71 2419
0 120 1425 2122
52 55 1307 3564
24 25 1467 2533
117 119 1467 2533
21 23 130 555
115 117 130 555
77 78 1193 4216
0 120 4266 4279
0 120 424 2722
51 51 2366 3319
0 120 1578 1583
93 96 1676 2872
59 59 1068 2235
0 1 168 1978
94 95 168 1978
42 43 2432 2626
23 24 1408 2303
117 118 1408 2303
0 120 2932 2949
79 80 1483 1696
0 2 79 1906
94 95 79 1906
7 7 36 1270
100 101 36 1270
18 19 1082 1352
112 113 1082 1352
57 59 1194 1593
0 120 1789 2934
18 19 2472 2964
112 113 2472 2964
72 72 3329 3551
70 72 944 1418
91 92 1198 2466
27 28 914 2707
0 120 3020 3735
0 120 2352 3047
53 54 473 2964
0 120 3076 3078
71 72 354 798
8 9 2429 2513
102 103 2429 2513
78 79 607 2964
21 23 1670 2461
115 116 1670 2461
89 90 738 2481
0 120 1864 3458
87 88 1403 2117
4 4 752 844
44 45 2567 4140
19 21 65 4078
113 114 65 4078
79 79 2584 3555
0 120 2487 3622
77 79 1045 3540
2 3 1196 3709
96 97 1196 3709
76 77 93 3093
47 50 377 408
67 68 770 2554
19 19 2666 2806
112 113 2666 2806
62 63 138 3775
0 120 389 1142
40 40 2130 3735
0 120 1015 1604
0 120 110 3447
32 33 13 1794
0 120 1123 1137
7 8 359 741
101 102 359 741
1 3 1446 1790
95 97 1446 1790
0 120 1489 3180
49 51 1864 2303
69 70 1045 1446
102 120 744 2272
0 120 1476 3884
41 41 2623 4018
15 17 2103 3982
109 111 2103 3982
57 58 558 3021
33 34 618 3072
74 76 232 3036
5 5 975 3309
99 99 975 3309
0 120 4058 4060
1 1 691 3550
83 84 402 3447
37 38 245 989
0 120 1804 2410
16 16 405 2964
110 110 405 2964
17 18 2512 3628
111 112 2512 3628
59 60 344 2688
92 92 717 1738
57 58 228 2513
0 120 2141 2180
50 52 2965 3381
62 63 1399 1543
0 120 2791 3228
84 85 1234 3196
44 46 1404 3607
0 120 2236 2417
51 52 138 2970
37 38 229 3088
0 120 652 3191
4 5 933 989
98 99 933 989
2 2 1435 2139
72 72 1452 1554
17 17 2782 3115
111 111 2782 3115
0 120 25 814
21 22 1333 1862
115 116 1333 1862
51 53 1682 2016
11 12 744 1467
105 106 744 1467
13 14 725 1225
107 108 725 1225
32 34 1193 3545
47 48 243 3925
56 57 1170 3561
1 2 1851 2202
95 95 1851 2202
26 27 1013 1857
120 120 1013 1857
39 40 53 3047
44 45 58 3391
34 36 168 3751
0 120 3891 3896
77 79 30 3817
0 120 272 1630
58 59 793 3022
30 30 93 1133
59 59 120 1990
11 12 206 1010
105 105 206 1010
12 13 390 3571
106 107 390 3571
34 35 2269 3654
63 64 17 3740
77 77 555 2103
64 64 141 2463
0 120 845 1118
0 120 67 70
2 4 125 4212
96 97 125 4212
73 75 390 1477
84 86 135 2648
20 20 73 1770
114 114 73 1770
0 120 1188 1457
0 120 892 2627
29 29 1334 2972
40 41 66 599
44 45 869 923
35 37 12 1302
0 120 2914 3927
28 29 1195 2813
72 72 1102 2622
76 76 352 2124
21 22 417 2519
115 116 417 2519
0 28 155 2519
30 43 155 2519
47 52 155 2519
60 63 155 2519
67 120 155 2519
18 19 1726 3203
112 113 1726 3203
30 30 2130 3064
68 69 294 1365
37 39 10 1606
0 16 189 3823
18 27 189 3823
29 31 189 3823
33 40 189 3823
45 45 189 3823
48 51 189 3823
55 55 189 3823
57 59 189 3823
61 62 189 3823
64 120 189 3823
66 68 206 3238
79 79 3743 4159
120 120 990 3320
14 15 312 1944
108 109 312 1944
38 39 410 2479
15 15 516 1185
109 109 516 1185
49 50 2269 2849
117 117 791 3110
28 29 2291 2608
13 13 1673 3727
107 107 1673 3727
85 91 350 1647
0 120 2137 2141
22 23 743 1349
116 116 743 1349
53 54 1185 1694
13 15 932 1248
107 109 932 1248
0 120 1018 3274
17 18 990 1226
111 112 990 1226
26 29 102 2484
120 120 102 2484
0 1 40 1606
93 95 40 1606
56 56 2586 2906
73 73 354 2705
0 120 493 3803
82 83 868 2926
49 50 302 4235
17 20 832 1017
112 114 832 1017
0 120 3292 3297
31 31 1045 2064
0 120 2244 2388
0 120 403 2597
76 76 694 1083
0 120 857 2767
0 1 432 1083
93 95 432 1083
71 71 373 3886
27 28 1450 3281
16 17 145 1026
36 37 296 3639
83 87 102 390
99 99 1399 4255
0 120 2679 3255
0 120 3455 3476
48 48 1091 1658
54 56 337 1196
76 77 6 3311
0 0 1857 2100
10 10 1857 2100
0 120 448 1966
27 28 21 2653
0 120 1110 1119
50 52 1001 2115
0 120 982 1873
5 6 311 914
99 99 311 914
80 81 39 2670
50 51 173 3424
29 31 445 1668
29 29 166 2253
46 48 721 2475
39 40 301 1889
0 120 7 1442
9 9 134 3469
102 103 134 3469
63 64 1008 4225
81 82 989 3983
35 37 2126 3429
0 120 1742 1746
14 15 1040 2228
108 109 1040 2228
79 80 2595 3907
22 22 2617 3666
115 116 2617 3666
74 77 738 3583
87 89 349 1556
1 1 292 1022
95 95 292 1022
0 120 1949 2978
0 120 4256 4262
41 42 858 1433
31 33 1004 3702
0 120 2900 3200
11 11 235 2208
105 105 235 2208
45 47 1045 1259
0 120 164 3496
61 61 342 3768
56 57 134 1375
41 44 1051 2767
87 87 717 3645
83 83 2687 3092
84 84 428 3542
5 5 746 2131
99 99 746 2131
0 120 3908 3929
0 120 1666 3040
12 14 135 1977
106 108 135 1977
0 120 1948 3692
65 66 850 4174
0 120 734 3999
68 68 770 3656
34 35 3079 3323
50 52 1091 4236
7 8 134 1725
101 102 134 1725
4 6 130 4235
98 100 130 4235
62 64 354 745
3 3 132 2618
6 7 132 2618
34 34 132 2618
41 46 132 2618
48 48 132 2618
50 51 132 2618
56 57 132 2618
62 66 132 2618
75 75 132 2618
81 81 132 2618
83 85 132 2618
88 89 132 2618
97 97 132 2618
100 101 132 2618
0 120 1263 3939
0 120 802 3352
0 120 62 2788
45 45 1165 3404
50 51 554 3250
0 120 1373 4107
0 120 1032 3814
0 120 729 4005
15 15 2207 3744
109 109 2207 3744
22 24 65 4025
116 117 65 4025
0 120 3824 3827
25 26 417 2198
119 120 417 2198
0 120 1253 2470
73 74 28 925
78 79 2029 2691
72 73 986 2126
77 78 2333 3102
64 65 3551 3668
0 3 189 3502
94 97 189 3502
17 17 1168 1608
111 111 1168 1608
91 92 1467 4119
27 27 235 1403
78 80 2277 3170
80 81 1962 4098
90 91 95 3086
33 35 1041 2964
0 120 4119 4125
77 77 2142 2753
82 84 554 1156
58 59 232 1105
37 37 2577 2681
86 87 1758 1824
0 120 2939 3262
0 12 317 2906
15 116 317 2906
118 120 317 2906
0 120 1490 2009
58 59 2118 3298
0 120 1018 2953
83 83 32 2922
0 120 283 289
13 15 1668 4001
107 109 1668 4001
71 72 1649 3759
69 70 625 4190
0 120 788 3430
32 33 1677 2774
0 120 3597 3612
30 31 278 3328
49 51 770 3790
62 64 2762 3750
17 17 482 2569
111 111 482 2569
0 120 167 3497
35 36 1946 3164
58 58 105 2619
62 64 1602 2600
23 23 1717 3112
117 117 1717 3112
42 43 1710 2133
58 58 251 2444
0 120 3384 3504
0 120 1259 3954
0 120 1572 2199
7 8 32 828
101 103 32 828
21 22 94 2460
115 116 94 2460
47 50 1016 4196
0 120 2946 3278
0 120 1781 1784
16 17 721 1804
110 110 721 1804
0 120 24 2630
80 81 420 2630
0 1 386 767
94 95 386 767
36 36 126 1594
7 8 303 2984
101 102 303 2984
15 16 55 2882
109 110 55 2882
63 63 301 2157
0 120 557 4032
0 1 1094 1793
94 95 1094 1793
21 23 1204 1399
115 117 1204 1399
57 58 913 2913
0 120 925 1984
18 18 2508 3991
112 112 2508 3991
56 56 1121 3616
86 87 331 1999
0 120 1597 3545
0 120 1297 1563
1 3 294 2117
95 96 294 2117
71 71 299 2461
118 118 27 1773
44 44 887 2631
0 0 152 721
93 94 152 721
9 10 694 2990
103 104 694 2990
72 74 1091 2626
0 120 454 3503
82 83 886 3160
63 63 1185 1507
8 10 1670 3242
102 104 1670 3242
36 36 400 4206
35 37 271 1352
61 63 66 2640
40 40 262 300
81 81 1697 2621
79 82 293 3585
0 120 196 1932
0 120 4122 4126
0 120 10 2708
29 30 390 485
62 63 438 1465
62 68 1336 2615
92 93 11 3872
11 14 2915 3160
104 107 2915 3160
0 120 3214 3227
8 10 128 3868
102 103 128 3868
50 50 413 4037
13 14 357 2415
107 108 357 2415
62 63 413 1004
0 120 957 1656
41 42 2130 3011
89 89 270 3170
0 120 564 1173
64 64 839 3098
0 120 574 3581
28 30 428 2066
15 16 887 1826
108 109 887 1826
53 57 13 1070
0 120 1014 3853
66 66 123 1430
77 78 42 310
0 120 2729 2781
24 25 788 1820
118 119 788 1820
0 0 1438 2868
92 93 1438 2868
55 55 2217 2606
12 12 147 2955
106 106 147 2955
46 48 372 1353
91 91 1685 2745
86 86 105 1009
31 32 678 2591
4 6 1029 1128
98 99 1029 1128
9 9 79 3760
103 103 79 3760
7 7 428 2416
101 101 428 2416
78 80 55 922
0 120 1381 3273
82 83 1121 4100
78 78 168 799
0 120 3793 3819
0 120 2724 2787
44 46 305 1070
87 89 93 625
35 38 614 1825
0 120 3367 3418
0 120 2608 2612
0 120 1078 2683
13 14 166 3355
107 108 166 3355
0 120 2499 3608
48 49 264 1446
0 120 969 1235
3 5 1433 2093
96 99 1433 2093
5 8 760 1061
99 102 760 1061
0 120 1037 3813
78 80 581 2816
78 80 390 4002
64 64 1195 1955
87 87 962 1195
67 69 1053 3565
0 120 179 557
40 41 2293 3890
62 63 1001 1123
27 28 3160 3475
27 29 2434 3371
24 25 2117 3664
119 119 2117 3664
45 46 2967 3834
0 120 2146 2150
63 65 367 3237
20 21 1466 2391
10 12 581 722
105 106 581 722
69 70 438 2888
71 72 1195 3244
11 13 737 2366
105 107 737 2366
14 15 1167 1950
108 109 1167 1950
8 8 150 2606
10 14 150 2606
24 24 150 2606
31 32 150 2606
34 35 150 2606
40 43 150 2606
49 53 150 2606
55 61 150 2606
63 63 150 2606
65 70 150 2606
105 107 150 2606
118 118 150 2606
38 40 384 558
0 120 1373 1826
78 79 1008 1139
0 120 22 1108
78 80 32 1796
70 70 3115 3301
0 120 4173 4174
77 78 1053 1821
31 32 1602 2063
71 71 1438 3352
0 120 1135 3351
70 71 2618 3434
67 67 412 2956
65 66 2709 3552
0 120 3927 4118
68 68 887 3249
48 48 983 3711
0 120 35 754
77 78 11 168
34 37 1091 3244
15 16 69 3556
109 109 69 3556
58 59 20 631
82 84 316 3433
57 58 51 3916
79 80 2513 2859
82 83 2518 3203
19 19 1091 4183
113 113 1091 4183
71 75 571 1673
0 120 101 3444
85 86 1300 3768
0 120 1214 2304
6 6 771 3424
70 71 408 3372
86 86 558 687
24 25 415 2099
118 119 415 2099
25 25 427 1170
118 120 427 1170
0 0 411 637
92 94 411 637
19 19 898 3007
0 120 1653 2351
0 120 1374 2936
0 120 2563 2572
0 120 1508 3690
52 52 1945 3691
59 60 1806 3532
56 58 771 1330
0 120 4260 4277
8 9 1743 3183
102 103 1743 3183
0 120 2858 2870
7 7 1340 2012
100 101 1340 2012
10 11 2484 2629
104 105 2484 2629
18 20 1073 1668
112 114 1073 1668
17 18 887 2444
111 112 887 2444
0 120 2403 3229
0 120 1540 3763
89 90 14 3044
75 78 1230 2783
60 61 844 1027
0 120 78 3968
0 120 2229 2295
0 120 319 647
72 73 1198 1555
1 3 1012 2331
95 97 1012 2331
82 82 53 3157
55 57 428 3034
67 67 414 3136
49 51 238 2156
41 42 30 3927
0 120 1069 2084
36 37 334 2618
57 57 606 862
44 48 425 1982
5 5 215 2926
0 120 588 1222
0 120 1911 4056
0 42 3026 3743
65 120 3026 3743
0 120 1897 1906
62 63 1606 3420
3 5 1671 3815
97 99 1671 3815
36 37 813 1340
87 88 219 601
0 120 1791 2419
0 120 3828 3842
0 120 3888 3893
0 120 3611 3615
50 53 187 1817
10 11 3423 3564
104 104 3423 3564
66 66 696 1694
78 88 696 1694
93 93 696 1694
24 26 135 3347
118 120 135 3347
0 120 695 1469
26 27 1070 1346
120 120 1070 1346
83 83 856 2326
74 74 868 1397
80 80 264 2414
0 120 2468 2819
4 5 372 4199
98 99 372 4199
11 12 346 2978
105 106 346 2978
0 22 1399 1787
24 68 1399 1787
71 71 1399 1787
79 81 1399 1787
84 86 1399 1787
88 116 1399 1787
118 120 1399 1787
26 28 126 2480
59 59 310 1069
32 34 2071 2594
33 35 402 4041
69 69 316 1823
13 14 400 3214
107 108 400 3214
85 86 135 3697
6 8 419 1012
100 102 419 1012
19 20 4 770
113 114 4 770
0 120 1447 1454
87 87 94 663
54 55 168 612
10 11 400 4153
0 120 1410 1572
0 120 596 1813
21 23 696 2983
115 117 696 2983
52 53 412 3224
14 16 102 2244
107 110 102 2244
49 49 1758 2255
0 120 1832 2204
83 84 1813 1962
90 90 1452 2737
0 4 400 1120
6 13 400 1120
16 16 400 1120
19 98 400 1120
100 107 400 1120
110 110 400 1120
113 120 400 1120
0 120 2879 2888
57 58 314 3820
0 120 608 1823
56 59 1376 3092
0 120 1078 3435
10 11 147 1613
104 105 147 1613
0 120 1328 1331
18 18 992 3102
0 120 2248 3960
40 42 1231 1398
0 120 1501 2979
13 13 2287 3888
106 107 2287 3888
2 3 120 140
96 97 120 140
14 14 294 1259
107 108 294 1259
39 41 417 1824
5 6 229 2527
99 100 229 2527
0 120 22 3954
30 32 1670 2384
0 120 999 2179
47 47 765 4227
38 49 400 3348
42 45 1816 2209
0 120 651 715
36 36 105 956
0 120 2901 3185
3 4 339 3072
97 97 339 3072
39 40 2166 2965
56 58 2653 3083
21 22 1951 3565
115 116 1951 3565
33 33 423 2019
69 70 1194 2805
0 120 2784 2785
0 120 571 3580
95 96 12 1896
43 48 2666 2729
0 120 2726 2780
0 120 1967 1974
53 54 1091 3057
0 120 2550 2554
81 83 313 2009
0 120 1586 3036
0 70 1001 4103
72 120 1001 4103
7 9 130 3056
101 103 130 3056
19 20 125 2712
112 114 125 2712
7 8 206 1388
101 102 206 1388
33 35 1446 1713
0 9 1926 3104
13 21 1926 3104
23 26 1926 3104
28 103 1926 3104
106 111 1926 3104
113 120 1926 3104
72 73 1537 4083
0 120 895 2364
1 1 1130 3170
95 95 1130 3170
2 2 1190 3221
96 96 1190 3221
24 25 125 3651
28 28 2005 2616
81 83 2588 3196
0 120 48 398
19 21 51 4079
113 115 51 4079
21 25 278 860
115 120 278 860
10 11 3552 3653
104 105 3552 3653
53 54 2130 2503
81 83 60 2852
41 42 27 460
0 120 3628 3648
49 50 2297 2616
0 120 2 403
0 0 1051 4166
93 94 1051 4166
43 44 1815 2118
3 6 80 1225
97 100 80 1225
3 5 240 2446
97 99 240 2446
0 120 1370 3165
0 120 2504 3094
80 80 1606 1944
32 33 1970 3160
73 73 2450 3797
18 18 193 1287
112 112 193 1287
27 29 243 1404
2 3 1161 3930
95 96 1161 3930
46 48 65 2041
0 120 3074 3597
27 28 1123 1194
0 120 3929 4111
0 120 247 3775
65 66 1019 2534
36 37 386 2621
0 120 4255 4281
13 13 1449 2118
107 107 1449 2118
74 74 0 865
0 120 877 1138
3 3 856 4233
97 97 856 4233
8 11 488 3837
101 105 488 3837
47 47 436 1395
0 120 455 1445
4 6 2607 3572
97 101 2607 3572
0 53 1196 2611
57 57 1196 2611
76 77 1196 2611
81 101 1196 2611
103 109 1196 2611
111 113 1196 2611
115 119 1196 2611
8 9 1275 2904
102 103 1275 2904
10 11 115 2508
40 41 49 4140
67 67 1172 1436
0 120 1490 3997
7 9 1404 2725
101 102 1404 2725
85 86 1070 1159
34 36 1498 1606
68 69 75 2328
0 120 863 866
2 2 293 1467
0 120 749 1518
74 75 1946 4213
8 10 296 984
102 104 296 984
67 69 526 1446
49 51 299 2221
69 70 932 3854
10 12 1668 2956
104 106 1668 2956
20 21 238 4197
114 115 238 4197
23 25 372 979
117 118 372 979
74 75 288 342
76 76 307 584
42 43 2922 3741
0 120 1819 3125
0 0 1418 2781
93 94 1418 2781
0 120 110 2699
0 120 1586 2365
2 3 144 2283
97 97 144 2283
78 79 2023 2366
91 92 1016 2212
0 7 11 2693
26 26 11 2693
29 31 11 2693
33 33 11 2693
36 71 11 2693
74 107 11 2693
112 120 11 2693
83 84 1451 2140
60 60 2512 2530
20 20 719 1467
114 114 719 1467
54 54 423 2637
0 120 630 1395
44 44 432 3100
55 56 131 3926
11 12 927 3079
105 106 927 3079
57 58 631 4249
29 31 256 2874
0 120 1331 1442
50 51 1880 2438
81 82 147 3870
0 120 1556 1560
87 88 993 2386
0 120 94 1765
0 120 560 2504
88 90 1467 3208
82 82 947 1452
0 120 2736 2773
49 49 7 76
0 120 2128 2136
0 120 22 2828
44 46 240 4219
0 0 1589 1858
93 94 1589 1858
8 9 1045 2926
102 103 1045 2926
22 23 255 3561
116 117 255 3561
37 37 558 1118
53 53 408 3803
58 59 673 1068
12 13 353 1652
15 24 353 1652
105 107 353 1652
110 117 353 1652
86 87 1194 2268
0 0 48 1016
92 93 48 1016
80 81 27 4111
89 90 765 4040
39 39 1945 4122
47 49 1064 2387
64 66 923 1216
32 35 138 3161
0 120 1628 1971
23 25 1781 2967
117 119 1781 2967
19 20 373 1715
113 114 373 1715
0 120 1061 2089
0 120 490 3054
0 120 3075 3528
20 20 554 3978
114 114 554 3978
47 47 132 313
59 61 1873 2906
12 13 417 482
107 107 417 482
12 13 2516 2783
106 107 2516 2783
30 31 1277 1340
52 53 418 3336
58 58 1194 3557
60 63 506 3937
76 78 1027 1165
96 97 241 256
78 79 335 3301
37 37 436 4107
28 29 2325 3188
87 87 17 3931
83 84 225 662
0 120 2764 3235
0 120 89 1555
49 49 451 3634
52 54 351 2464
57 58 2626 3301
19 19 125 431
22 22 741 2649
24 25 741 2649
40 40 741 2649
44 44 741 2649
109 109 741 2649
111 112 741 2649
115 119 741 2649
0 120 2659 2660
78 78 293 4179
60 62 1356 2922
56 59 621 1012
0 120 879 3522
41 42 354 668
63 65 1675 2675
53 55 209 2007
30 30 374 2074
3 3 1451 1469
97 97 1451 1469
0 1 348 853
94 96 348 853
0 120 2311 2327
67 69 1019 1058
88 90 253 3999
36 37 2450 2671
18 18 1825 2619
112 112 1825 2619
72 73 347 2880
30 32 27 1212
0 120 1990 2686
60 61 390 2018
83 84 1570 2100
50 51 353 2136
0 120 783 1720
22 23 120 1376
116 116 120 1376
0 120 517 4230
29 30 429 2131
81 82 625 3763
0 120 642 3178
86 87 293 3024
66 68 411 2491
0 120 913 3641
0 120 2174 3153
11 12 347 4169
105 105 347 4169
19 20 1013 2532
113 114 1013 2532
34 35 989 1946
5 7 262 4061
98 101 262 4061
0 120 2932 2953
0 120 647 1428
0 120 2264 2265
81 82 2004 3092
56 58 367 2542
88 90 1012 3246
40 41 488 4000
6 6 1051 4113
99 100 1051 4113
34 36 299 2034
80 82 1092 1670
11 13 830 1670
105 107 830 1670
11 11 419 638
0 120 613 3887
43 44 255 4179
0 120 2060 2061
0 120 3708 3709
79 80 1671 2286
0 120 960 962
49 52 14 2804
22 22 17 2321
115 116 17 2321
36 36 1770 3985
84 85 314 2507
83 84 408 1388
74 75 1120 4068
69 71 1090 1193
47 49 106 299
58 59 1007 3410
27 28 334 2378
0 120 224 520
74 75 12 2327
41 41 432 469
49 50 17 227
82 82 1589 3765
0 120 4197 4223
21 21 436 1342
115 115 436 1342
0 120 2399 2816
56 57 694 3852
84 86 1091 3488
73 74 69 3800
0 120 1228 3005
40 41 120 2799
39 51 2142 4099
0 120 1872 4238
92 93 12 233
38 38 2591 3925
17 19 1120 2913
111 113 1120 2913
24 25 60 2933
118 119 60 2933
90 90 428 4083
0 120 2699 2704
58 59 770 814
23 24 887 1399
117 117 887 1399
32 34 1668 1964
37 37 524 1347
75 75 264 2174
0 120 2657 3232
28 29 1819 2133
31 31 86 3565
32 33 346 2738
27 28 294 4268
41 43 1352 3421
30 30 1770 3180
0 120 636 999
0 120 674 2045
85 85 61 3508
30 31 147 2528
54 56 1198 2954
0 120 3596 3602
23 24 60 3283
117 118 60 3283
42 44 103 3919
75 75 1452 1558
2 2 206 3108
96 97 206 3108
0 120 25 818
67 69 606 2261
11 11 1404 3961
66 67 378 3565
16 16 1203 1204
20 21 1203 1204
28 30 1203 1204
33 75 1203 1204
110 110 1203 1204
114 114 1203 1204
22 23 1862 4058
116 117 1862 4058
65 65 375 2513
36 37 850 3560
0 120 321 3216
15 19 2117 2298
110 113 2117 2298
70 70 1119 3196
25 25 393 3092
119 119 393 3092
61 64 429 2749
21 25 1200 2626
39 39 1200 2626
110 110 1200 2626
112 120 1200 2626
74 75 71 3041
84 84 35 1132
26 27 243 1835
120 120 243 1835
22 23 423 2934
116 117 423 2934
62 62 1939 2965
49 54 1128 1969
18 20 438 1522
112 113 438 1522
39 40 985 4135
60 62 1019 2965
46 47 16 4273
19 20 85 3878
112 113 85 3878
0 120 640 4100
0 120 2027 2031
18 21 292 2636
111 114 292 2636
69 69 395 1825
66 67 1045 2873
43 49 1399 4125
2 4 625 2287
96 98 625 2287
8 9 661 1944
102 103 661 1944
6 7 581 3678
99 101 581 3678
67 68 206 2303
80 81 956 3555
0 120 3784 3787
0 120 2942 2946
0 120 1140 2329
0 120 137 3637
64 64 2444 2669
75 75 1446 3567
20 20 2215 2617
105 106 2648 4162
40 42 193 3946
48 49 1036 1225
50 52 351 1122
0 120 783 1533
50 51 831 2513
93 93 934 3392
0 2 297 4269
94 96 297 4269
84 86 636 1483
46 47 311 1723
88 89 216 897
19 21 94 3940
113 115 94 3940
0 120 1066 1067
0 120 1663 3043
0 120 100 722
0 120 363 3576
0 120 1213 3746
11 12 1051 1698
105 105 1051 1698
61 63 1064 3623
0 0 312 2298
92 94 312 2298
59 60 1537 3843
81 82 85 3073
90 92 1352 1811
35 36 2386 3788
0 120 1169 2858
5 6 209 4048
99 100 209 4048
89 89 235 3017
6 7 68 625
100 101 68 625
0 120 472 486
91 92 408 2945
0 120 604 605
15 16 54 4110
109 110 54 4110
0 120 2249 3675
8 9 2386 4138
102 102 2386 4138
64 64 65 2956
62 63 180 3468
5 7 555 2591
99 100 555 2591
81 82 2203 2741
32 32 28 3828
66 68 30 2211
63 66 52 1970
41 43 771 903
1 2 814 2293
11 12 814 2293
17 17 814 2293
22 23 814 2293
26 26 814 2293
51 51 814 2293
85 90 814 2293
95 96 814 2293
105 106 814 2293
110 111 814 2293
116 116 814 2293
120 120 814 2293
0 120 1003 2192
0 120 810 831
0 120 268 282
45 45 63 3822
0 120 2313 2320
73 74 1038 2186
91 92 2595 2972
73 74 0 2719
51 54 958 1668
24 26 441 3593
118 120 441 3593
0 120 382 3952
0 7 253 1852
9 69 253 1852
71 90 253 1852
97 99 253 1852
104 104 253 1852
106 120 253 1852
34 35 60 3901
51 53 1872 2762
3 3 3 923
96 97 3 923
42 43 1142 1196
21 22 613 1606
115 117 613 1606
0 120 1437 2807
76 77 16 3602
0 120 1184 2361
42 42 2118 3168
6 6 449 451
39 40 449 451
42 43 449 451
52 57 449 451
61 61 449 451
64 66 449 451
71 74 449 451
76 76 449 451
87 87 449 451
89 89 449 451
100 100 449 451
120 120 299 3136
33 34 1789 1946
40 41 1441 2926
29 29 230 1087
36 36 887 3306
45 45 806 2186
0 120 1981 2116
37 37 409 2715
44 44 409 2715
50 63 409 2715
67 73 409 2715
75 75 409 2715
80 80 409 2715
82 91 409 2715
36 37 606 785
74 76 102 2972
0 120 895 2608
6 6 126 1114
99 100 126 1114
0 120 2235 2413
35 36 777 4050
53 55 144 4137
79 80 104 3018
0 120 1575 1586
0 120 2264 2562
16 17 1013 3768
110 111 1013 3768
33 34 1352 3234
0 120 218 1053
0 120 1618 3353
39 40 407 1514
0 1 1230 2490
94 95 1230 2490
66 67 1197 2542
79 85 1350 3538
36 37 2926 3620
66 69 2594 2881
28 28 622 2607
33 35 419 3968
38 38 257 1166
47 49 2621 3738
41 48 1194 2244
15 15 1676 2018
45 49 103 699
89 90 984 2434
0 120 294 1987
11 12 1128 3876
105 106 1128 3876
40 40 354 2038
0 120 317 2910
0 120 3362 3369
0 2 1045 1397
94 95 1045 1397
78 80 348 2223
8 9 629 1684
101 103 629 1684
0 0 2444 4226
93 94 2444 4226
0 120 446 1977
44 44 441 1633
46 53 441 1633
56 64 441 1633
66 66 441 1633
69 69 441 1633
75 75 441 1633
118 119 441 1633
3 4 1339 2783
97 98 1339 2783
62 62 2906 4257
25 25 55 4041
119 119 55 4041
0 4 36 3799
6 7 36 3799
11 15 36 3799
21 40 36 3799
42 43 36 3799
55 55 36 3799
68 69 36 3799
77 78 36 3799
91 94 36 3799
104 104 36 3799
4 5 1514 3538
99 99 1514 3538
0 120 3014 3036
0 120 466 3383
0 120 1530 3482
33 33 85 3691
80 82 255 2382
10 10 52 1299
103 104 52 1299
0 120 4000 4006
68 70 813 1397
24 25 374 761
118 118 374 761
25 25 147 1536
119 119 147 1536
0 120 523 4267
0 120 2641 2646
0 120 461 3389
66 66 256 3923
7 7 311 3630
101 101 311 3630
41 43 514 2269
36 37 3079 3811
0 15 1821 2126
29 110 1821 2126
99 99 2454 3759
71 72 2920 3000
0 120 3182 3909
62 64 1675 3240
0 19 61 422
21 42 61 422
45 47 61 422
52 58 61 422
65 69 61 422
72 75 61 422
77 120 61 422
0 120 1745 2481
39 41 293 1711
61 61 2621 3872
0 120 1036 1038
11 11 296 1228
105 105 296 1228
35 36 93 2589
74 75 310 1126
77 78 141 3569
41 41 60 197
0 120 459 468
85 85 3836 4140
0 120 802 807
64 65 2581 3692
0 120 74 3286
12 12 1225 2630
106 106 1225 2630
54 55 1230 2974
41 42 846 2045
31 31 436 3867
71 71 770 2989
30 31 350 2403
84 84 797 3092
77 79 76 1080
88 89 1275 1404
64 65 74 253
116 116 760 3964
57 58 292 1644
0 120 1572 3842
45 47 65 2419
7 9 39 1198
101 104 39 1198
83 85 144 3466
40 42 30 4118
0 120 2972 3698
29 29 418 3446
12 14 721 1003
106 108 721 1003
34 36 509 3564
34 35 946 3565
0 8 17 658
93 102 17 658
35 35 256 3118
13 14 581 2686
106 108 581 2686
74 75 1008 2753
0 120 2348 4248
0 120 4206 4208
41 44 85 3236
118 118 837 2117
0 120 3106 3109
0 120 231 2307
91 92 1029 2287
0 120 1922 3093
0 120 382 2476
11 12 767 3041
105 106 767 3041
21 21 294 377
40 40 1543 2508
33 33 256 4057
5 9 3203 3981
100 101 3203 3981
44 45 130 3918
38 39 2100 4119
21 21 1467 3452
115 115 1467 3452
11 12 28 3641
104 106 28 3641
88 88 293 906
16 16 312 956
110 110 312 956
0 120 330 3225
0 120 786 4222
0 120 1775 3016
0 120 2749 3252
83 84 104 3636
17 17 23 264
34 36 2029 2374
33 34 334 4098
40 42 334 4098
44 61 334 4098
68 69 334 4098
92 93 2182 2616
24 25 1614 3098
118 119 1614 3098
0 120 2770 2786
84 89 430 2116
76 77 1455 2287
14 14 51 2497
108 108 51 2497
78 80 30 2374
35 35 71 2183
39 39 71 2183
42 45 71 2183
64 67 71 2183
79 79 71 2183
77 78 1167 1820
70 70 19 3713
21 21 373 1959
115 115 373 1959
0 1 1806 4207
94 95 1806 4207
74 76 2403 2965
0 1 262 2882
93 95 262 2882
14 17 28 2486
108 110 28 2486
92 93 14 336
9 11 1402 3565
103 103 1402 3565
30 30 576 1537
39 42 581 1881
0 120 1078 2687
0 120 1706 3976
0 120 472 2877
88 91 128 3067
90 91 219 2431
36 38 301 2995
14 15 535 947
108 109 535 947
56 58 2293 2955
0 120 2842 3951
48 48 1398 3042
46 48 262 788
86 86 30 1219
64 65 2913 3602
0 120 201 320
0 120 1918 2519
0 120 3523 3531
8 8 409 3467
101 102 409 3467
46 48 371 731
1 1 1365 1589
4 6 1365 1589
8 8 1365 1589
12 12 1365 1589
14 16 1365 1589
18 18 1365 1589
21 22 1365 1589
24 24 1365 1589
26 30 1365 1589
32 91 1365 1589
95 95 1365 1589
98 99 1365 1589
102 102 1365 1589
106 106 1365 1589
108 110 1365 1589
112 112 1365 1589
116 118 1365 1589
120 120 1365 1589
33 36 2626 3545
10 12 257 4012
103 105 257 4012
56 56 3552 3710
27 28 1408 3356
15 17 465 743
109 111 465 743
55 56 914 2821
86 87 1606 1651
87 87 1433 3386
4 4 975 4228
7 7 975 4228
20 20 975 4228
22 23 975 4228
48 48 975 4228
58 59 975 4228
62 65 975 4228
73 74 975 4228
76 77 975 4228
86 86 975 4228
91 91 975 4228
97 98 975 4228
114 117 975 4228
68 69 1653 3160
7 9 28 1681
101 103 28 1681
4 5 246 3072
98 99 246 3072
0 120 1469 3982
0 120 2584 3669
29 30 803 1677
0 120 2752 3253
80 82 262 3016
25 26 255 1845
119 120 255 1845
0 120 561 3083
0 120 2556 2560
36 37 629 1497
0 120 3072 3608
20 21 147 3443
114 115 147 3443
0 120 434 2719
56 56 1668 3818
45 45 441 1446
47 50 219 2565
66 67 412 2960
13 20 193 1344
22 22 193 1344
24 28 193 1344
32 36 193 1344
47 48 193 1344
50 51 193 1344
54 55 193 1344
90 91 193 1344
94 94 193 1344
97 97 193 1344
101 101 193 1344
105 105 193 1344
107 114 193 1344
116 116 193 1344
118 120 193 1344
79 87 102 1980
89 89 102 1980
0 120 41 3956
52 53 793 3591
14 15 428 2904
108 108 428 2904
85 86 1944 2935
28 28 357 4192
0 120 1420 2935
20 20 52 3556
113 114 52 3556
62 64 281 1164
45 45 2292 3618
64 64 821 2606
0 0 1946 2981
88 94 1946 2981
40 50 2142 3859
51 52 506 1282
67 74 767 3309
76 77 428 3843
63 73 240 3792
75 76 240 3792
92 92 832 1452
76 76 1898 2186
80 80 437 1862
0 120 26 830
42 42 3203 3660
0 120 1092 4008
75 75 314 1462
23 26 410 1170
117 120 410 1170
29 31 386 584
73 74 11 1461
74 75 1408 3490
19 21 428 1749
113 115 428 1749
74 75 32 995
31 32 524 1457
0 120 3592 3593
0 120 170 178
84 84 278 1401
72 73 438 3376
7 9 1446 4132
101 102 1446 4132
30 30 1045 3788
0 120 4121 4122
87 87 1399 2596
22 22 1134 3079
0 120 1373 1375
7 8 308 1051
101 102 308 1051
0 120 2016 3696
0 120 612 3906
0 120 817 928
29 30 1830 2782
87 88 3416 3552
45 45 52 307
72 73 2500 2762
84 84 1091 3382
64 65 1340 2366
0 120 1796 2417
63 63 801 1334
11 13 1038 2967
105 107 1038 2967
44 45 410 3398
0 120 649 1694
30 30 243 1006
39 48 2287 3408
50 50 2287 3408
39 41 721 816
2 3 506 1416
97 97 506 1416
55 57 1300 3906
0 120 1544 2546
80 81 1678 2546
39 41 310 3167
0 120 86 3459
35 36 430 4023
0 120 1440 1442
0 120 220 241
0 120 180 3094
35 37 1398 3660
46 47 438 1632
66 66 216 2751
0 120 598 601
17 17 706 2386
110 111 706 2386
0 120 403 2577
50 51 23 3110
85 86 2681 2931
80 81 353 770
19 19 0 1406
112 113 0 1406
16 16 146 1231
110 110 146 1231
19 20 748 3551
113 114 748 3551
84 85 741 2572
19 20 311 544
113 114 311 544
11 12 1102 1797
105 106 1102 1797
15 16 3196 3754
109 110 3196 3754
14 15 168 2710
108 109 168 2710
39 40 438 2571
46 46 660 1452
47 48 12 1416
0 120 946 2223
0 120 2308 4231
0 120 295 1704
57 58 629 826
65 68 133 2874
35 37 826 1340
0 120 1781 3024
0 0 60 3527
92 94 60 3527
0 120 3 549
8 9 850 2865
102 103 850 2865
48 49 160 2418
25 27 953 1300
119 120 953 1300
43 43 232 1540
0 120 1832 2208
0 120 359 3567
2 3 292 1591
96 97 292 1591
0 120 431 437
88 90 138 1124
47 50 1194 3614
0 120 2030 3886
39 40 60 1433
0 120 110 796
8 9 526 2926
101 103 526 2926
5 6 844 1515
98 100 844 1515
54 56 2782 3713
87 88 1228 2444
90 91 1102 4025
0 120 3433 3451
77 78 30 1032
70 70 2629 3656
86 88 1404 2111
65 66 700 1012
92 93 2386 3898
0 120 443 2110
46 47 240 3471
0 120 4094 4099
38 39 694 1197
79 79 351 2521
11 11 1946 3599
38 39 14 1438
0 120 681 4153
0 120 1431 3153
16 16 1128 3152
109 110 1128 3152
0 120 2298 2738
74 76 3079 3303
60 61 771 4046
41 41 520 1017
0 120 1072 1530
11 12 681 1120
105 106 681 1120
31 33 767 894
83 85 1383 3112
0 120 82 791
53 58 596 1012
0 120 1912 1921
0 120 2476 3949
0 120 1373 4087
70 72 2130 3312
39 40 844 3743
0 120 1694 3913
4 5 123 1731
98 98 123 1731
93 93 867 2414
0 120 836 849
18 19 390 3014
112 113 390 3014
57 58 264 3841
0 120 1788 2235
0 120 2310 2317
0 120 1665 3333
8 9 457 1203
102 103 457 1203
109 109 1232 3451
0 120 828 1146
0 120 1977 2107
36 37 79 1028
0 120 1378 3276
71 72 134 1489
0 120 3122 3134
0 120 1572 1829
0 120 2394 2395
62 64 71 386
26 27 255 2947
120 120 255 2947
4 9 1602 3169
98 102 1602 3169
0 120 3465 3473
0 120 867 1259
51 52 85 3667
0 120 792 1085
0 120 840 2819
56 58 659 3939
108 108 760 2301
0 120 1105 2713
47 48 3421 3551
67 67 95 2850
0 120 2660 2672
0 120 2390 2811
50 50 1729 3102
6 6 297 3708
17 17 297 3708
93 93 297 3708
99 100 297 3708
102 102 297 3708
110 112 297 3708
9 11 1068 3585
103 105 1068 3585
47 49 2202 3514
56 57 2964 3083
64 65 2262 3565
0 120 2301 2739
3 3 4 453
5 6 4 453
9 10 4 453
63 65 4 453
73 73 4 453
76 80 4 453
84 92 4 453
103 103 4 453
0 0 1466 3631
7 10 1466 3631
12 13 1466 3631
15 18 1466 3631
25 27 1466 3631
29 33 1466 3631
50 51 1466 3631
53 53 1466 3631
59 59 1466 3631
62 64 1466 3631
68 68 1466 3631
71 93 1466 3631
102 104 1466 3631
110 112 1466 3631
119 120 1466 3631
0 120 3059 3320
0 120 1416 1824
7 7 770 2615
100 101 770 2615
105 105 1964 2595
89 90 71 2614
0 120 1664 3057
0 120 124 1686
0 120 542 2199
71 77 52 120
50 51 207 408
0 120 3827 3838
0 120 124 2625
19 24 2618 3735
112 119 2618 3735
57 58 1068 2430
0 120 2647 2975
0 120 1623 2652
32 32 147 1296
58 59 1203 2066
0 120 636 3150
0 120 199 3149
21 22 428 757
115 116 428 757
46 47 193 2580
65 65 470 1168
83 85 2373 2591
43 44 1168 3950
81 83 366 2508
85 85 1068 2780
4 5 741 2385
98 99 741 2385
0 120 1904 3052
0 120 15 1527
7 8 3196 3567
101 102 3196 3567
10 10 421 2969
12 15 3160 3910
105 108 3160 3910
0 120 185 1938
60 60 257 3504
18 20 625 2210
112 113 625 2210
33 34 303 2159
17 17 783 3550
111 111 783 3550
46 47 711 1230
47 48 1893 2139
0 120 1077 1553
65 66 585 1091
0 4 39 3052
90 97 39 3052
44 45 402 3858
0 120 2353 3063
0 5 1678 3648
8 9 1678 3648
12 12 1678 3648
15 47 1678 3648
50 50 1678 3648
53 55 1678 3648
58 58 1678 3648
60 66 1678 3648
74 75 1678 3648
79 79 1678 3648
84 85 1678 3648
90 91 1678 3648
93 94 1678 3648
96 99 1678 3648
102 102 1678 3648
106 120 1678 3648
10 11 1668 2960
103 105 1668 2960
2 3 329 347
96 97 329 347
91 92 310 4269
0 120 124 881
91 91 105 639
72 74 297 809
34 36 846 1805
0 120 2878 2884
0 0 331 2113
94 94 331 2113
0 120 174 3627
0 120 3949 3962
67 68 635 804
0 120 129 2164
0 120 304 2919
0 0 760 3724
88 88 760 3724
90 94 760 3724
63 64 231 1128
22 22 1466 4115
18 19 1841 3238
112 113 1841 3238
14 16 771 2570
108 110 771 2570
4 4 134 4201
98 98 134 4201
0 120 3793 3799
0 120 4118 4121
0 120 355 2857
4 4 417 3735
27 28 60 2185
15 15 2367 3469
108 109 2367 3469
60 60 428 891
88 90 102 3350
3 5 297 3037
97 98 297 3037
0 120 1400 1401
47 49 1262 1467
0 120 1759 2273
0 120 1855 1981
44 44 27 143
73 74 13 245
52 53 1675 2545
72 73 402 3992
74 74 104 363
0 120 326 3216
68 68 720 2581
0 120 570 3576
12 13 974 1185
106 107 974 1185
6 7 1340 1508
100 101 1340 1508
17 19 738 3160
111 113 738 3160
23 28 1001 2042
116 120 1001 2042
47 48 1961 4070
51 51 316 1185
26 26 168 3007
119 120 168 3007
0 120 670 4157
0 2 1654 2607
94 96 1654 2607
13 15 1898 2967
107 109 1898 2967
22 24 2 1025
116 117 2 1025
70 71 189 851
0 120 2632 2962
68 69 2623 3408
8 9 677 2103
102 103 677 2103
21 21 6 1144
84 86 219 2191
0 120 2478 2495
36 37 2607 2905
87 88 1507 1806
0 1 2040 2269
92 95 2040 2269
22 24 438 774
116 118 438 774
58 60 1016 2700
18 19 2965 4276
112 113 2965 4276
11 12 1969 3557
105 106 1969 3557
78 78 1537 3900
12 13 766 1771
106 107 766 1771
17 18 2762 3193
111 112 2762 3193
62 63 856 3916
0 120 2764 3239
0 25 2833 2844
61 62 104 2591
33 35 1198 1401
84 85 1225 3224
0 0 2914 3183
3 4 2914 3183
11 11 2914 3183
81 82 2914 3183
74 76 2202 2977
89 90 27 3310
29 29 887 4168
117 118 1737 2618
57 59 1064 1586
34 34 441 2361
77 78 315 3942
38 39 2607 4194
6 6 2622 2782
99 101 2622 2782
46 50 103 3305
77 78 32 621
55 55 66 4177
20 20 785 3110
22 23 2287 4189
116 117 2287 4189
40 42 430 1421
42 43 1211 1232
88 89 303 2777
0 120 1858 1982
57 57 898 3926
82 82 2216 2444
0 120 2011 2978
61 62 421 554
0 29 2666 2680
32 33 2666 2680
39 47 2666 2680
50 53 2666 2680
56 77 2666 2680
79 120 2666 2680
71 73 386 1499
0 120 2034 3901
16 17 741 909
109 110 741 909
44 46 235 2269
35 36 2100 3208
33 34 410 3024
6 7 14 580
100 101 14 580
65 66 1450 2537
62 63 2291 3153
54 55 85 231
63 65 1132 3167
36 37 2264 2269
0 120 2282 2286
31 32 1981 3112
56 56 357 1858
0 1 3546 3759
94 94 3546 3759
0 120 845 858
81 83 554 2372
82 84 676 3301
59 60 414 4055
0 120 1923 3107
28 29 1615 2762
0 120 1370 2177
55 55 1060 1197
56 58 506 2331
38 40 153 2967
52 54 354 4189
69 70 540 1161
26 26 1670 1880
120 120 1670 1880
2 3 3552 3954
95 97 3552 3954
83 85 1673 3117
75 76 983 2670
0 120 186 1572
0 0 201 914
94 94 201 914
44 46 1170 2496
6 7 1190 1428
100 101 1190 1428
0 120 383 396
45 46 2965 3605
87 88 640 2681
48 49 989 3589
54 54 1973 3759
0 120 3943 3960
88 89 407 1921
0 120 202 2455
87 87 1045 3898
54 55 309 4015
0 2 180 1915
5 9 180 1915
11 15 180 1915
23 25 180 1915
34 35 180 1915
39 48 180 1915
51 51 180 1915
53 58 180 1915
65 67 180 1915
69 69 180 1915
73 73 180 1915
75 80 180 1915
86 90 180 1915
95 95 180 1915
99 102 180 1915
105 109 180 1915
94 95 2444 4283
7 7 799 1398
74 75 301 3373
0 120 967 982
0 120 1827 1840
41 41 5 2291
59 60 3465 3554
0 120 440 2219
57 58 209 3784
0 120 1778 3641
18 20 253 3332
112 114 253 3332
0 120 3024 3030
80 82 823 2142
33 33 1237 2913
47 47 423 710
23 24 328 3102
117 118 328 3102
0 120 4113 4125
0 120 1069 2548
1 2 1170 2630
95 96 1170 2630
59 59 1082 2783
0 120 25 822
24 25 1446 3437
118 119 1446 3437
0 1 93 202
94 95 93 202
89 90 1197 3672
0 120 276 818
61 62 135 1367
35 37 635 1690
31 31 3551 4213
57 58 1168 2153
70 72 1670 3303
0 120 1005 3852
15 15 193 1722
109 109 193 1722
79 81 1170 3919
0 120 3735 3741
23 24 134 1115
116 117 134 1115
32 34 58 3749
52 53 225 479
82 83 1094 3143
43 44 52 3934
12 13 408 2815
106 106 408 2815
83 83 2648 2877
68 68 301 474
0 0 743 1573
92 94 743 1573
66 67 277 4052
85 86 58 716
29 34 1013 3154
39 39 1013 3154
43 44 1013 3154
47 47 1013 3154
51 56 1013 3154
62 62 1013 3154
64 64 1013 3154
66 67 1013 3154
52 54 1467 2570
0 120 467 3395
71 71 441 2174
72 74 133 1829
0 120 2908 3181
78 79 853 2118
50 51 2508 3247
0 120 1291 1563
36 37 451 3801
57 63 374 1891
59 59 300 1942
80 82 415 1892
58 59 1996 3072
2 3 936 3092
96 97 936 3092
0 25 67 428
29 32 67 428
45 48 67 428
51 119 67 428
69 70 141 377
0 120 922 942
0 120 994 3262
56 56 2202 3140
72 73 39 2544
84 86 581 649
42 43 3112 3361
65 66 395 2179
0 120 2833 3946
37 38 1152 1404
0 120 534 2523
62 62 75 2763
0 120 1253 2210
87 88 1300 2056
77 77 1423 2621
0 120 1552 2277
0 0 1228 1399
93 94 1228 1399
65 66 1739 2103
48 48 173 265
45 46 395 3118
87 87 770 2241
62 63 1198 3442
17 17 9 1362
110 111 9 1362
35 36 1671 2908
27 32 229 3580
0 120 1870 4249
82 82 1397 2339
89 89 347 603
0 120 1434 2406
35 37 2922 3587
44 45 1045 1133
0 120 1103 1111
4 5 1946 2554
9 9 1946 2554
28 30 1946 2554
39 41 1946 2554
48 51 1946 2554
60 69 1946 2554
71 71 1946 2554
77 79 1946 2554
85 93 1946 2554
97 107 1946 2554
111 112 1946 2554
85 86 134 3693
0 120 991 1836
62 64 581 1938
12 12 428 3416
20 20 428 3416
54 54 428 3416
61 61 428 3416
65 65 428 3416
71 75 428 3416
78 86 428 3416
89 97 428 3416
99 100 428 3416
104 107 428 3416
110 110 428 3416
112 112 428 3416
114 114 428 3416
0 120 37 3760
22 23 75 4052
116 117 75 4052
41 42 357 732
55 56 240 3365
0 120 3292 3305
78 79 721 3638
62 62 19 4120
51 52 1115 3565
0 0 2782 3957
75 94 2782 3957
1 1 120 2482
95 95 120 2482
20 20 1537 4197
31 33 1537 4197
40 40 1537 4197
42 44 1537 4197
47 49 1537 4197
51 51 1537 4197
54 56 1537 4197
61 66 1537 4197
44 45 1203 2631
23 24 2476 2904
117 117 2476 2904
65 67 2142 3782
15 16 2665 3557
109 109 2665 3557
0 120 786 3474
0 120 1063 2062
63 64 65 2960
65 66 34 3647
88 88 53 3889
11 12 844 2698
105 106 844 2698
34 35 312 3591
84 86 348 3248
0 120 1530 1713
0 120 2890 2894
13 13 2508 2792
107 107 2508 2792
0 120 237 973
38 39 736 2606
47 47 1821 1862
81 82 374 1436
0 120 2533 3788
51 52 408 4238
57 59 2139 2171
65 68 1196 3530
75 77 1196 3530
0 120 2343 3664
18 19 2768 2904
112 113 2768 2904
54 56 2909 4075
85 87 574 743
0 120 3361 3418
0 120 1778 2165
0 120 1014 1015
4 6 417 3011
98 99 417 3011
87 88 1193 3232
60 61 1115 1821
0 120 1015 3869
0 120 1113 2714
73 74 1128 3746
0 0 844 3987
93 94 844 3987
58 60 932 3834
70 89 1226 2591
86 87 123 1975
52 54 2905 3552
61 64 240 2560
0 120 224 337
70 70 1438 3413
90 91 741 4239
0 120 89 112
71 71 264 4085
79 79 85 2622
1 1 1322 3238
95 95 1322 3238
10 12 30 471
104 105 30 471
14 21 1396 3187
107 114 1396 3187
39 39 2036 2581
84 86 1483 4095
30 31 977 1483
15 15 17 3427
0 120 2665 2752
82 84 681 2653
33 34 347 1087
45 47 428 517
51 53 1233 1668
0 1 787 3079
94 95 787 3079
6 7 28 3027
99 100 28 3027
65 66 408 2494
0 34 167 3371
27 28 934 1786
33 33 342 4126
102 103 509 856
19 20 423 3556
113 114 423 3556
22 23 2202 2469
116 117 2202 2469
70 72 1408 2608
0 120 847 851
58 59 1946 3977
49 49 209 1503
1 2 2246 2926
95 96 2246 2926
0 120 498 3326
4 10 1195 2500
99 99 1195 2500
102 102 1195 2500
29 30 634 743
64 65 787 985
0 120 914 3012
0 2 611 3203
94 95 611 3203
0 120 878 1103
81 81 334 451
87 88 372 743
12 12 1128 2941
105 106 1128 2941
7 9 1634 3301
102 103 1634 3301
0 1 3098 3142
92 95 3098 3142
25 30 710 738
79 79 144 2047
55 57 312 4075
66 67 1026 2664
70 71 985 2663
0 120 2349 3054
55 56 2292 2520
19 19 544 2920
113 113 544 2920
80 85 1251 2782
71 73 461 1165
69 71 1419 2366
0 36 1460 2367
39 41 1460 2367
48 48 1460 2367
51 51 1460 2367
60 120 1460 2367
76 78 402 1524
0 120 2924 3928
39 41 367 749
53 55 1379 2967
47 48 138 697
27 28 1418 2895
0 120 1774 1776
56 56 301 2381
49 49 313 1452
32 33 1089 1673
75 76 253 1401
101 104 189 3860
68 69 817 985
24 26 2126 3921
118 120 2126 3921
87 88 278 2397
76 76 1102 3598
0 120 1580 1910
33 34 1664 3301
0 120 3128 3142
40 40 1000 3321
16 17 294 2341
110 111 294 2341
7 7 373 2634
101 101 373 2634
15 16 2591 2937
108 110 2591 2937
51 52 631 980
77 79 844 2027
5 6 885 2782
100 100 885 2782
48 49 914 1268
0 120 761 1992
27 29 316 3039
62 64 1467 2383
20 25 1102 1504
114 118 1102 1504
15 17 296 3326
108 111 296 3326
67 67 36 1709
92 93 1185 2670
0 120 557 3101
4 4 1405 2444
7 7 1405 2444
76 76 1405 2444
80 80 1405 2444
86 86 1405 2444
89 90 1405 2444
101 101 1405 2444
13 14 407 4096
107 108 407 4096
49 50 240 950
70 72 1897 2906
41 43 367 2977
0 120 759 1515
60 60 1239 2906
68 69 1203 3249
37 38 1094 4245
0 120 2510 3106
13 14 1120 3214
106 107 1120 3214
0 120 638 996
15 17 1068 3024
109 111 1068 3024
33 33 887 1700
9 9 420 2988
102 104 420 2988
37 38 635 698
2 2 1225 1695
95 96 1225 1695
0 120 247 2279
72 72 321 2228
97 97 1167 1690
40 42 659 2223
0 120 552 4046
40 41 371 1756
4 4 233 1068
98 98 233 1068
0 120 38 3044
83 85 311 1890
0 120 1572 3846
27 29 1152 2506
82 83 402 2008
0 120 1570 3019
0 120 3189 3929
20 21 1207 2967
113 115 1207 2967
52 52 460 1232
0 120 1717 1726
8 8 968 1638
10 11 968 1638
14 14 968 1638
21 26 968 1638
33 36 968 1638
0 120 2652 3697
65 66 2139 4078
29 30 554 1998
42 42 203 1017
78 80 631 1464
0 53 1412 2029
70 74 1412 2029
76 120 1412 2029
24 25 144 3820
117 119 144 3820
0 120 2737 3246
89 91 63 2700
85 85 118 155
32 35 1016 1305
48 49 978 1013
51 53 331 1202
54 56 420 2183
12 53 1946 3656
57 72 1946 3656
78 78 1946 3656
98 98 1946 3656
105 120 1946 3656
0 120 643 3918
0 120 1371 3159
66 66 1832 3554
72 72 1832 3554
116 116 252 3538
74 75 448 1198
0 120 1014 3861
35 35 12 4051
75 75 346 3173
1 2 58 1952
95 96 58 1952
0 120 1207 1223
88 90 1059 2291
0 120 431 2722
0 120 2335 2835
88 88 408 1018
92 92 238 3990
4 53 209 3060
56 56 209 3060
59 60 209 3060
62 67 209 3060
99 115 209 3060
117 120 209 3060
39 43 2203 3847
0 120 919 941
0 2 771 2009
84 96 771 2009
6 7 146 2711
100 101 146 2711
86 87 874 1198
27 28 390 3071
16 17 2029 3667
110 111 2029 3667
75 76 1198 1295
25 26 1051 1999
119 120 1051 1999
87 88 1089 2291
0 120 879 2481
22 22 206 3893
116 116 206 3893
81 83 2594 3853
0 120 586 916
1 2 352 3718
95 96 352 3718
31 31 314 3426
0 120 2994 3006
46 48 314 982
2 3 336 741
96 97 336 741
12 14 934 1599
106 108 934 1599
58 58 535 1890
35 37 27 2615
0 120 1935 1938
72 73 128 977
0 120 236 510
72 73 93 1922
12 12 1161 1763
106 106 1161 1763
90 91 180 2830
23 24 120 335
117 118 120 335
70 72 13 3656
54 56 1356 3170
0 120 2507 2514
27 29 905 1019
33 38 1798 1825
28 31 1825 1928
59 60 1185 3288
0 120 1667 3062
1 3 777 1773
95 97 777 1773
0 120 2740 3247
0 2 2131 3920
93 96 2131 3920
38 40 350 4180
84 85 606 1891
44 44 2648 3658
0 120 2333 2334
91 91 76 413
0 120 561 2148
0 120 984 2251
0 120 1469 3986
0 120 3404 3412
0 120 952 3467
73 73 367 562
75 76 367 562
80 87 367 562
25 27 34 1850
119 120 34 1850
27 29 419 4135
78 79 6 1522
0 120 434 2723
60 61 60 4202
75 76 1397 2770
0 120 1849 2113
0 120 1011 1014
0 120 2057 2062
28 29 104 2030
28 29 1862 4038
0 120 1023 1024
12 13 436 1456
106 107 436 1456
36 36 1673 2072
0 1 310 3037
93 95 310 3037
14 16 353 3673
108 109 353 3673
0 120 1321 4064
88 89 777 968
92 93 985 1671
0 120 869 3940
5 7 2681 2801
99 100 2681 2801
67 68 131 1759
0 120 1595 1600
0 120 1736 3525
55 55 313 3493
0 120 1078 1081
0 120 2064 2078
0 120 1014 3540
0 16 904 1682
18 20 904 1682
23 24 904 1682
93 113 904 1682
118 118 904 1682
5 6 255 3488
99 100 255 3488
0 8 2932 3551
94 99 2932 3551
7 8 76 2991
9 10 253 409
103 104 253 409
13 15 296 1045
107 109 296 1045
66 66 1194 2195
74 76 934 3022
0 120 1267 2673
19 21 128 2400
113 115 128 2400
19 21 513 2965
114 115 513 2965
12 13 1000 2329
106 106 1000 2329
4 4 1452 1672
42 45 1452 1672
51 51 1452 1672
54 54 1452 1672
56 57 1452 1672
64 67 1452 1672
76 76 1452 1672
84 84 1452 1672
86 86 1452 1672
0 120 2233 2237
30 34 428 2103
71 73 414 2205
57 58 1398 2375
0 120 754 2273
0 120 2462 2474
17 18 1070 2509
111 112 1070 2509
11 12 2618 2987
105 106 2618 2987
55 56 1988 2591
16 18 1394 2606
110 111 1394 2606
69 70 988 1164
51 51 160 3227
41 41 189 1713
49 50 66 2811
61 61 2268 2581
0 120 671 2396
88 91 17 3858
0 120 220 245
81 82 1682 3423
0 120 443 1980
55 56 856 1395
0 120 725 2632
0 10 19 1652
14 51 19 1652
54 63 19 1652
65 88 19 1652
90 93 19 1652
95 96 19 1652
98 98 19 1652
109 114 19 1652
118 120 19 1652
6 7 105 2924
100 101 105 2924
51 51 554 2750
20 21 2279 2366
114 115 2279 2366
0 120 3997 4009
0 120 2610 3634
11 12 209 1934
105 106 209 1934
19 20 350 3859
113 114 350 3859
43 43 1945 4183
86 86 3187 3645
1 4 2606 3111
95 98 2606 3111
0 120 1078 1565
0 120 1326 3387
0 120 3227 3229
0 120 806 877
11 12 104 1359
105 106 104 1359
0 120 959 1873
0 120 2242 3588
31 32 373 2715
98 99 2606 4050
76 77 395 3228
7 7 1606 2623
101 101 1606 2623
75 76 422 887
32 33 303 3639
80 82 914 1349
0 120 1910 3034
5 6 535 764
99 100 535 764
15 19 2617 3650
21 21 2617 3650
25 42 2617 3650
46 46 2617 3650
52 54 2617 3650
111 114 2617 3650
119 120 2617 3650
23 23 3092 3943
117 117 3092 3943
73 73 36 3295
73 74 1170 3224
79 80 187 3464
30 31 3301 4282
15 15 51 3603
109 109 51 3603
54 55 2616 3425
58 59 1195 4220
0 11 30 3480
13 39 30 3480
41 47 30 3480
57 58 30 3480
64 64 30 3480
67 73 30 3480
76 77 30 3480
79 106 30 3480
108 120 30 3480
84 85 2265 2444
0 120 1432 2443
92 93 1850 2202
0 120 1117 1119
0 120 124 2361
45 46 292 1945
57 59 108 138
0 0 3179 3538
92 94 3179 3538
16 16 1909 2782
110 110 1909 2782
0 120 443 2114
0 120 1346 1356
24 28 353 908
118 120 353 908
0 120 1213 1766
57 62 1161 1576
81 82 1013 3398
0 120 1364 1935
0 120 3368 3410
17 18 1164 2813
111 112 1164 2813
75 76 3079 3307
36 38 1198 2397
65 67 1091 1776
45 45 2787 2906
84 85 66 4234
61 61 1867 2906
0 120 2020 3902
0 120 1373 4091
34 36 256 1325
70 71 765 1202
34 35 6 396
36 36 166 2371
70 72 1170 2419
23 24 209 2418
116 118 209 2418
55 57 985 2639
76 77 135 4189
58 58 4 1262
80 81 1091 3065
84 85 36 3429
85 86 1397 2583
0 120 1469 1705
37 39 409 2479
39 41 187 3598
24 25 1530 3112
118 119 1530 3112
0 120 888 3645
46 48 1179 2131
117 118 1196 1546
0 120 2844 3948
25 27 917 2131
119 120 917 2131
8 8 232 2028
102 102 232 2028
0 120 1018 2937
45 46 856 4107
32 34 1300 3589
0 0 993 2126
2 33 993 2126
92 94 993 2126
96 120 993 2126
0 120 1062 1731
2 4 1483 1761
95 98 1483 1761
26 27 478 2434
120 120 478 2434
0 120 1018 3876
3 4 278 3312
97 98 278 3312
32 33 89 1161
78 79 484 3188
0 3 16 1622
7 7 16 1622
26 26 16 1622
30 39 16 1622
41 42 16 1622
45 53 16 1622
57 74 16 1622
76 87 16 1622
90 92 16 1622
119 119 413 504
0 120 86 109
0 120 2166 2168
25 26 2202 2579
119 120 2202 2579
0 0 13 3014
93 94 13 3014
58 60 426 3183
0 120 630 2424
0 39 1399 1474
41 44 1399 1474
50 120 1399 1474
31 32 771 1151
0 120 3520 3534
31 32 850 2198
43 44 793 1664
0 120 1801 2420
0 120 1572 3122
0 120 276 391
0 120 2461 2466
5 7 1190 1485
99 101 1190 1485
46 47 235 1521
57 59 923 1895
53 55 441 3841
84 85 1821 3045
103 103 922 1670
56 57 2591 2697
60 60 3038 4140
90 91 27 1757
0 120 4218 4222
0 120 610 617
0 120 1086 3764
0 1 95 171
94 95 95 171
68 69 1399 2763
0 120 74 3266
77 78 1053 2126
66 67 430 2901
70 71 55 772
85 85 352 3210
0 120 4170 4181
89 90 1668 4119
0 120 819 1141
91 91 315 3328
24 29 738 4185
119 120 738 4185
17 19 614 1675
111 113 614 1675
2 3 793 3892
96 97 793 3892
91 91 1051 2430
50 51 187 4082
75 77 1682 3236
32 34 390 469
43 44 28 3271
0 120 4014 4018
0 120 191 2511
23 25 3219 3555
117 118 3219 3555
19 21 1352 2543
113 114 1352 2543
0 120 2193 3159
53 54 299 1290
64 65 256 654
0 120 224 1870
0 120 1077 1557
54 56 65 305
22 23 85 4155
116 116 85 4155
0 120 124 885
24 25 535 2671
118 119 535 2671
28 29 2139 2549
97 99 27 952
18 20 856 2497
112 114 856 2497
0 120 882 1466
53 53 606 2322
9 18 2292 2764
21 21 2292 2764
23 23 2292 2764
97 120 2292 2764
0 0 1770 3591
89 93 1770 3591
0 120 304 2923
43 44 436 598
0 120 2464 2467
53 55 415 3693
69 71 570 1352
38 40 738 936
59 59 1343 2965
0 120 1742 2482
63 63 923 2379
35 36 2072 2616
0 120 784 2220
23 25 457 1825
117 119 457 1825
56 58 438 1583
29 30 856 1342
0 120 1429 2924
26 26 1045 1995
120 120 1045 1995
0 120 3068 3520
71 72 1161 1389
0 120 2059 2539
0 120 1467 2627
63 64 309 2112
0 120 2284 2657
86 86 16 1301
0 120 2514 3119
0 120 962 1179
18 19 72 1610
112 113 72 1610
62 62 2105 2133
0 120 1544 3786
70 77 1578 2616
0 120 2149 3371
50 50 2920 3248
51 52 354 3925
36 37 1190 4197
45 46 347 2754
44 45 306 501
41 42 3112 3418
47 48 54 1943
0 120 3686 3690
18 20 721 2406
112 114 721 2406
0 120 1836 2093
0 1 1576 2920
94 95 1576 2920
24 26 1483 2729
118 120 1483 2729
58 59 351 1183
0 120 1159 3571
27 28 1195 3228
39 40 374 2298
18 19 381 1025
112 113 381 1025
17 19 1685 2863
111 113 1685 2863
90 91 28 1661
23 24 1203 1399
117 118 1203 1399
73 76 846 2293
8 10 144 2775
102 103 144 2775
74 78 206 3653
0 120 118 1554
63 65 104 1656
0 120 2093 2099
31 35 154 1019
23 24 331 2601
117 118 331 2601
33 33 2214 3557
18 22 402 2252
26 34 402 2252
36 48 402 2252
50 71 402 2252
74 77 402 2252
80 81 402 2252
84 84 402 2252
87 87 402 2252
89 91 402 2252
112 116 402 2252
119 120 402 2252
0 120 689 1528
56 64 135 1908
0 120 152 1323
15 16 2120 3141
109 110 2120 3141
65 68 303 1492
86 89 1230 3572
4 8 1961 2330
98 101 1961 2330
36 38 1013 3345
0 120 1732 2278
0 120 1288 1298
5 5 1816 3669
69 71 572 1128
44 44 28 2950
0 120 3519 3526
70 72 294 625
33 34 39 1796
42 43 354 676
73 74 519 743
0 120 1530 4214
67 68 318 430
1 4 886 1668
6 10 886 1668
12 12 886 1668
17 18 886 1668
26 32 886 1668
85 86 886 1668
92 92 886 1668
95 98 886 1668
100 104 886 1668
106 106 886 1668
111 112 886 1668
120 120 886 1668
79 81 1636 2920
0 120 1801 2233
103 103 767 4228
0 120 863 3936
54 54 887 2078
0 0 2130 2674
93 94 2130 2674
105 105 1877 2228
0 120 1427 2931
12 14 417 3068
106 108 417 3068
80 80 307 1210
50 52 28 1795
65 65 146 2016
0 120 1698 1704
0 120 1916 3095
0 120 1632 3336
22 24 402 1447
116 118 402 1447
2 4 173 1395
96 97 173 1395
71 72 743 959
27 27 108 219
5 8 765 2438
99 102 765 2438
31 33 677 2591
0 120 393 2832
62 63 770 2782
35 36 4 1559
86 89 417 974
0 120 200 2437
0 37 694 3726
41 43 694 3726
49 53 694 3726
80 80 694 3726
87 93 694 3726
95 104 694 3726
106 120 694 3726
7 9 914 1780
13 14 914 1780
20 20 914 1780
24 24 914 1780
28 31 914 1780
38 39 914 1780
41 48 914 1780
50 52 914 1780
57 73 914 1780
78 80 914 1780
85 86 914 1780
90 90 914 1780
92 93 914 1780
101 103 914 1780
107 107 914 1780
114 114 914 1780
118 118 914 1780
9 9 1000 3244
103 103 1000 3244
72 74 839 1606
59 59 94 1452
0 120 290 2330
20 22 2310 3557
114 115 2310 3557
79 80 335 760
17 17 61 2443
111 111 61 2443
67 69 1317 3301
76 77 606 4229
22 24 1408 2665
116 118 1408 2665
0 120 1864 3470
63 63 1162 3952
30 30 382 2269
82 83 103 2854
76 79 2264 2623
69 71 1801 2367
105 105 138 2848
31 33 1017 3948
10 12 32 1109
104 105 32 1109
13 13 94 2741
106 107 94 2741
42 43 767 1329
0 120 2403 2408
14 16 95 3151
108 110 95 3151
77 78 105 3839
93 93 2390 3112
92 92 349 4199
32 38 146 2150
17 19 6 827
111 112 6 827
19 19 1589 2834
113 113 1589 2834
13 14 419 996
107 108 419 996
34 35 820 1340
82 82 887 2562
67 68 1012 1510
11 12 1161 3296
105 106 1161 3296
91 91 1121 3897
0 120 918 1848
87 87 1344 3188
59 64 2130 4097
85 85 79 524
0 120 1877 3651
78 79 253 2397
92 92 2617 4215
52 54 741 1397
0 120 2802 3214
90 90 2764 2922
0 120 212 1053
50 51 1088 2444
8 11 635 1910
102 105 635 1910
2 92 1411 2131
96 120 1411 2131
77 78 346 1807
88 89 1184 2906
93 93 1820 4056
0 120 509 1047
20 22 13 3095
114 115 13 3095
0 120 1902 2368
26 31 1102 1561
81 82 933 2506
65 66 1944 3533
81 81 844 2434
15 16 206 2177
109 110 206 2177
33 35 106 1007
33 35 209 1694
0 120 3596 3610
0 120 924 1639
20 22 989 2788
114 115 989 2788
22 24 294 1243
116 118 294 1243
1 1 72 2362
3 3 72 2362
68 68 72 2362
12 12 373 1536
106 106 373 1536
20 21 760 2736
113 115 760 2736
92 93 118 1017
21 35 1685 1737
116 120 1685 1737
91 92 2029 2301
12 12 2808 3759
106 106 2808 3759
0 120 2820 2830
0 120 22 3938
47 48 1198 3312
71 72 1045 4036
0 120 1683 2603
71 73 1670 3307
31 31 178 1418
33 33 178 1418
71 71 1133 3102
52 52 28 2413
55 55 1357 2029
0 120 1047 1049
11 12 3110 3693
105 106 3110 3693
0 120 1098 4020
22 22 224 1012
116 116 224 1012
46 50 1225 3041
50 51 399 1013
81 81 968 1695
89 89 209 889
0 120 2172 2363
0 120 1859 1866
92 93 117 1300
44 44 253 2881
20 20 1140 1398
57 58 428 1192
0 0 4092 4140
91 94 4092 4140
2 3 102 3651
95 96 102 3651
0 120 1857 1978
90 91 1461 1978
61 63 193 3015
43 43 432 1311
45 46 850 1824
54 55 540 844
0 120 1354 1357
0 120 1114 1116
0 120 405 427
15 17 1569 4140
109 111 1569 4140
75 75 425 3523
0 120 258 1131
30 33 93 2784
25 27 901 1008
119 120 901 1008
0 1 1007 2158
94 95 1007 2158
12 13 1019 1229
106 107 1019 1229
61 62 1198 3446
0 120 1205 2173
0 120 611 3878
69 70 134 314
2 3 875 3170
96 97 875 3170
86 87 1670 3441
55 56 1713 1825
52 53 558 1773
88 88 2991 3196
0 120 2707 3437
57 57 2287 2851
0 120 2008 3436
0 120 1963 1973
9 9 232 1788
103 103 232 1788
11 13 1070 2887
105 107 1070 2887
24 25 1861 4140
118 119 1861 4140
39 40 856 3867
50 52 417 3231
0 120 1169 2866
0 120 2805 3191
11 12 131 393
105 106 131 393
74 76 721 3642
60 61 2350 3550
10 11 1161 1470
104 105 1161 1470
0 120 156 2143
12 12 238 1953
106 106 238 1953
65 68 374 3534
0 120 2260 2344
20 25 606 659
113 118 606 659
6 6 482 2313
100 100 482 2313
0 120 124 2605
12 13 1770 1928
106 107 1770 1928
77 77 94 2204
0 120 1520 1753
52 54 238 2892
8 10 1194 4212
102 104 1194 4212
13 13 294 3955
74 83 316 3714
86 90 316 3714
92 92 316 3714
92 93 1806 2524
91 92 407 3832
51 52 348 4191
0 120 2187 3155
0 120 4093 4095
0 1 1168 3930
94 95 1168 3930
0 120 1144 3344
7 7 1944 4151
101 101 1944 4151
19 19 1865 3104
112 113 1865 3104
48 50 488 1727
50 51 923 1655
0 120 964 1656
0 120 4262 4281
0 2 1917 2513
7 7 1917 2513
9 10 1917 2513
13 15 1917 2513
17 17 1917 2513
19 20 1917 2513
69 73 1917 2513
75 76 1917 2513
80 82 1917 2513
85 85 1917 2513
90 96 1917 2513
100 104 1917 2513
106 108 1917 2513
110 111 1917 2513
113 114 1917 2513
120 120 1917 2513
78 79 692 968
42 43 1404 3648
71 72 1001 2477
55 56 371 2081
15 17 367 619
109 111 367 619
1 2 1322 2303
95 96 1322 2303
49 50 353 2441
0 120 726 737
0 120 29 1563
36 36 1094 1887
0 120 879 1733
110 111 1450 2488
0 0 51 3042
92 94 51 3042
77 78 85 2626
83 83 207 3555
0 120 1929 1934
8 8 2414 3669
102 102 2414 3669
49 52 738 3945
1 2 292 1384
95 96 292 1384
14 15 206 4084
108 108 206 4084
50 50 342 747
94 94 722 968
4 5 303 984
99 99 303 984
54 55 554 2323
0 120 197 3217
33 34 914 2077
10 11 351 2903
104 105 351 2903
59 60 187 4192
0 120 2950 3275
0 120 1021 1385
11 13 1195 2504
105 106 1195 2504
0 120 3956 3958
0 120 162 3381
58 59 893 2139
30 32 1068 2894
44 45 423 3910
78 82 55 2760
60 62 13 814
83 120 646 3201
0 120 1117 2786
0 120 4210 4225
15 15 76 3048
109 109 76 3048
6 6 418 2031
100 100 418 2031
78 80 2438 4039
72 72 1342 2904
54 55 933 1164
90 91 604 2386
0 6 1483 3294
93 100 1483 3294
0 120 1524 3295
55 55 1675 3464
67 68 441 4085
84 86 1676 2376
0 120 361 3567
4 6 581 1621
98 100 581 1621
27 28 2606 3973
54 54 189 831
23 27 438 3787
117 120 438 3787
65 66 3759 3952
79 79 1622 3079
41 43 1668 3424
0 120 758 759
55 55 474 1000
67 69 4 1051
45 45 914 1272
0 120 4132 4133
45 46 152 1888
0 120 928 2109
72 74 293 3813
0 120 1330 1335
62 63 760 1744
0 120 89 1539
76 77 904 934
0 120 2741 3235
1 2 134 2221
95 97 134 2221
0 120 1357 3131
0 7 2510 3110
9 13 2510 3110
15 24 2510 3110
26 38 2510 3110
40 46 2510 3110
48 49 2510 3110
52 59 2510 3110
61 61 2510 3110
63 66 2510 3110
68 70 2510 3110
87 101 2510 3110
103 107 2510 3110
109 118 2510 3110
120 120 2510 3110
32 34 411 4219
0 120 3327 3332
55 57 767 3854
21 22 2341 3301
115 115 2341 3301
88 89 27 3290
55 56 71 1118
90 92 102 431
70 71 1562 2782
88 88 36 2063
0 120 755 1750
8 10 939 3557
102 104 939 3557
53 53 1094 1216
61 63 2202 3896
0 120 3767 3789
0 120 4199 4200
52 55 1016 1525
0 120 1546 2279
40 40 169 2592
57 59 105 887
0 120 3851 3867
7 7 272 1000
101 101 272 1000
0 120 991 4097
42 43 351 1293
49 49 898 3906
4 4 984 2926
98 99 984 2926
92 92 408 1827
102 103 1602 1807
0 120 2921 3179
1 1 347 3803
95 95 347 3803
98 98 347 3803
36 36 1758 2320
88 88 311 1894
10 12 1458 2782
104 106 1458 2782
0 120 1692 1700
0 120 876 1114
0 120 2877 2880
4 5 14 3593
97 99 14 3593
8 9 2063 2367
102 103 2063 2367
17 18 1012 1941
111 112 1012 1941
68 69 2228 2434
53 54 216 2007
38 38 2616 3482
81 81 79 955
57 58 449 488
12 14 887 899
19 71 887 899
73 75 887 899
77 83 887 899
87 87 887 899
105 107 887 899
113 120 887 899
49 57 1711 2100
73 74 2117 3542
82 82 635 2341
54 56 1194 4025
40 41 2291 4072
0 120 4261 4273
20 24 229 2592
115 118 229 2592
62 62 1132 4086
44 49 1944 3964
47 48 2293 4118
82 83 555 2762
60 60 868 1007
0 120 183 904
84 85 386 3707
0 120 2225 2671
0 120 665 678
38 39 769 1001
0 120 1426 3220
89 90 230 2413
0 120 2284 3251
11 11 1842 2906
104 105 1842 2906
52 53 1952 2512
42 43 56 570
0 120 2999 3004
0 120 845 2716
25 26 312 1664
119 119 312 1664
22 23 2003 2450
116 117 2003 2450
0 120 1717 1864
0 120 1889 2348
0 120 2675 3257
32 33 36 3486
56 57 414 2880
84 85 3 1094
24 24 130 3121
118 119 130 3121
73 86 2616 3616
81 82 28 2844
0 120 1607 2635
72 73 1196 1603
0 120 31 109
80 80 134 1550
48 48 2207 2630
59 59 2291 3267
46 46 395 1325
0 120 2399 2800
88 89 1425 2594
0 2 1624 3743
94 96 1624 3743
63 67 278 3369
75 77 278 3369
74 75 125 683
62 63 193 2507
67 77 193 2507
10 11 2367 4201
104 105 2367 4201
23 24 428 1623
116 118 428 1623
0 120 2850 2857
46 47 178 694
0 120 1469 3990
84 86 316 1567
61 61 243 2974
51 55 425 3954
4 5 399 2733
30 34 428 1973
0 120 457 459
82 84 3012 3565
65 65 1001 2774
46 47 2606 3786
85 86 1051 2137
26 27 297 1675
119 120 297 1675
0 120 1011 1018
19 21 13 1916
112 115 13 1916
61 62 3110 3319
21 21 1300 2841
114 115 1300 2841
0 120 947 3477
25 25 61 1398
119 119 61 1398
0 120 111 761
27 29 1016 3082
39 40 173 1639
94 94 3170 3370
0 120 2350 3042
81 82 60 1173
23 25 1619 2594
117 119 1619 2594
34 40 961 2594
44 61 961 2594
65 68 961 2594
74 74 961 2594
49 51 390 3559
68 69 2207 2764
62 65 147 3801
32 34 1606 3298
34 35 352 823
86 87 71 3025
14 14 1334 2610
16 17 1334 2610
19 19 1334 2610
21 22 1334 2610
25 32 1334 2610
38 40 1334 2610
43 43 1334 2610
45 45 1334 2610
47 48 1334 2610
53 53 1334 2610
116 116 1334 2610
119 120 1334 2610
90 91 914 2024
0 120 2970 3689
82 83 819 1198
0 120 1805 2195
0 120 1321 4068
52 53 2186 2826
5 5 9 3086
98 99 9 3086
11 11 451 3431
20 21 2762 3925
114 115 2762 3925
38 39 1466 1948
58 59 2648 2857
69 70 277 4032
76 77 1094 4062
49 50 741 2446
0 120 3898 3900
0 120 1078 1085
87 88 135 2636
0 120 1014 3544
0 120 202 1414
8 10 1446 3201
102 104 1446 3201
63 64 3001 3160
68 68 482 3683
51 51 110 1825
10 13 58 1635
104 107 58 1635
0 1 65 362
94 95 65 362
82 84 1013 4073
73 74 1126 3196
66 69 350 1285
34 35 367 700
29 30 2130 3052
32 34 354 1404
55 56 421 3380
76 78 297 870
3 4 166 2107
97 98 166 2107
73 75 94 541
0 120 1734 1739
7 8 32 2292
100 102 32 2292
31 31 400 3442
39 41 1131 1446
0 120 171 3390
8 8 2444 3592
102 102 2444 3592
11 15 1671 2888
105 108 1671 2888
17 17 632 2287
111 111 632 2287
0 120 919 1563
0 0 506 3868
0 120 1247 2560
0 120 2921 3931
0 120 1018 3262
47 47 395 4037
87 89 2210 2607
78 80 95 3745
30 30 1482 1676
43 45 2103 4238
66 69 2139 3895
75 77 2139 3895
87 87 2139 3895
64 65 1676 2673
0 120 1791 2431
73 75 932 2175
59 60 395 1004
23 24 2131 3253
117 118 2131 3253
86 88 606 1224
64 66 2366 4059
88 90 2626 3232
0 120 1703 3715
0 120 755 758
50 51 1438 4198
0 120 655 2806
78 79 13 3339
52 53 1195 1996
9 11 1582 3196
103 104 1582 3196
30 31 374 1066
70 72 152 2185
0 120 370 3576
0 120 124 137
45 46 12 3868
40 42 315 1425
0 120 2305 3002
60 61 416 2231
81 83 255 593
5 5 169 2539
99 99 169 2539
26 29 349 3638
0 120 289 1143
55 57 1438 2104
0 120 1078 1569
65 65 13 1245
99 99 216 4048
14 15 104 1363
108 109 104 1363
45 46 255 3976
0 120 3570 3572
54 55 1574 2904
47 47 2253 2438
82 84 2258 2782
50 51 2029 3484
75 75 2120 2848
79 81 2906 3757
0 120 1175 3572
19 20 313 1887
113 114 313 1887
26 26 209 3227
0 120 4082 4097
20 22 2131 2448
26 27 2131 2448
29 34 2131 2448
39 44 2131 2448
46 54 2131 2448
56 61 2131 2448
65 66 2131 2448
106 106 2131 2448
112 116 2131 2448
120 120 2131 2448
0 120 494 1898
47 48 860 1467
69 69 898 1759
0 120 1753 2273
0 120 2988 3008
56 57 39 1503
0 120 3908 3917
0 120 780 949
91 93 2874 2906
0 120 1346 1360
61 63 93 1739
59 59 1340 3797
42 43 2269 4260
0 120 1880 2987
0 120 1823 2453
0 120 1174 4259
0 1 412 3936
74 74 412 3936
78 90 412 3936
92 95 412 3936
98 99 412 3936
102 102 412 3936
29 31 193 2320
0 120 2032 2038
32 32 243 2437
0 120 1003 1371
84 86 592 2591
13 14 1168 3690
107 108 1168 3690
16 16 414 1538
110 110 414 1538
0 120 1701 1709
0 0 1446 2880
6 12 1446 2880
36 36 1446 2880
46 46 1446 2880
55 55 1446 2880
64 73 1446 2880
76 78 1446 2880
81 89 1446 2880
94 96 1446 2880
98 106 1446 2880
48 49 1300 1365
0 120 632 677
89 90 2280 3079
0 120 1373 4095
4 5 1404 3408
98 99 1404 3408
88 88 158 3238
0 120 1474 4147
0 120 2000 3439
79 80 1198 2751
0 120 1253 2458
0 120 1227 1237
81 83 599 1668
0 120 521 4229
26 27 60 636
120 120 60 636
11 13 2179 2623
105 107 2179 2623
81 82 665 975
111 111 448 2438
0 120 2524 3789
16 17 342 2951
110 111 342 2951
91 91 2618 2670
0 120 4270 4282
0 120 4030 4041
78 78 133 333
84 84 420 3773
0 120 1191 3650
0 120 1490 1997
0 120 1018 2941
65 67 1169 3110
87 89 441 1617
37 39 2872 2967
30 31 0 4126
28 30 2610 2967
0 120 3465 3481
75 76 438 1319
83 84 2513 3034
19 19 765 3434
54 54 307 2556
99 99 415 1335
86 86 117 1678
91 91 160 816
0 120 1770 2172
76 77 524 3722
0 120 541 3137
57 59 385 934
59 65 429 452
0 120 702 1550
71 72 394 1397
76 78 3386 3538
0 3 1013 3886
88 97 1013 3886
87 89 187 1858
66 68 13 3957
25 26 16 1976
118 120 16 1976
56 57 350 1098
46 48 1091 2264
28 28 3551 3790
0 120 1479 3312
0 120 1704 1710
45 47 2366 2583
32 32 433 3203
69 70 371 2325
0 4 887 2619
8 53 887 2619
55 99 887 2619
101 120 887 2619
69 70 1004 3958
16 17 899 2444
110 111 899 2444
104 108 71 2033
69 71 420 3907
20 23 131 3804
114 117 131 3804
0 120 74 3270
20 21 3265 3554
25 38 3265 3554
119 120 3265 3554
20 20 1376 2783
114 114 1376 2783
10 11 2623 4087
104 105 2623 4087
0 29 770 2973
35 35 770 2973
54 55 770 2973
60 120 770 2973
75 76 133 3850
78 79 503 2629
0 3 1671 3640
6 12 1671 3640
20 22 1671 3640
25 37 1671 3640
39 44 1671 3640
48 48 1671 3640
51 51 1671 3640
53 54 1671 3640
61 64 1671 3640
70 77 1671 3640
81 82 1671 3640
84 91 1671 3640
94 97 1671 3640
101 104 1671 3640
115 116 1671 3640
120 120 1671 3640
77 86 141 1459
107 108 659 3142
0 120 1550 3313
78 81 2591 3051
7 7 209 3845
100 101 209 3845
0 120 870 1110
21 22 923 3188
115 116 923 3188
17 18 1057 3188
111 112 1057 3188
58 58 2096 2291
41 41 28 3275
85 92 430 3255
0 120 547 3840
0 120 1323 4061
0 120 466 468
20 20 2529 3112
114 114 2529 3112
0 120 2348 4232
0 120 376 3958
64 67 374 879
88 88 1272 2029
0 120 1363 1393
91 93 2367 3693
0 120 1658 3004
0 120 364 3574
41 43 402 3866
67 68 3079 3929
90 91 372 3435
4 5 451 3728
98 99 451 3728
67 68 413 992
22 22 1232 1849
115 117 1232 1849
0 120 1273 1850
0 120 3269 3272
0 120 124 889
68 70 69 1182
85 89 760 2793
4 4 54 1813
98 98 54 1813
0 120 2081 2548
0 120 116 247
25 26 625 2568
119 120 625 2568
31 32 432 2173
0 6 1132 1618
95 97 1132 1618
78 80 3611 4140
0 120 304 2927
4 5 1782 2666
98 99 1782 2666
0 120 115 4159
90 90 206 3523
27 28 1675 3708
32 36 421 1233
30 31 2506 3636
0 120 1838 2948
0 20 1397 3205
22 23 1397 3205
27 31 1397 3205
33 34 1397 3205
39 49 1397 3205
54 54 1397 3205
57 67 1397 3205
70 71 1397 3205
78 79 1397 3205
81 84 1397 3205
88 89 1397 3205
91 106 1397 3205
108 114 1397 3205
116 117 1397 3205
120 120 1397 3205
0 120 3367 3406
37 37 1388 1399
58 59 1450 2277
58 58 2618 3288
83 83 287 1418
0 120 1866 1963
34 35 11 22
66 73 1340 3610
58 59 2506 3986
12 12 352 3698
106 106 352 3698
50 50 963 1408
64 65 278 551
48 49 1962 2610
4 4 169 1547
97 97 169 1547
0 120 1918 2503
84 85 125 3692
0 3 734 767
5 5 734 767
7 7 734 767
21 24 734 767
30 30 734 767
47 48 734 767
50 60 734 767
62 66 734 767
68 86 734 767
88 97 734 767
99 99 734 767
101 102 734 767
115 115 734 767
117 117 734 767
77 77 1675 2553
28 30 3555 3992
67 67 1020 2292
92 93 2298 2909
0 120 4168 4192
0 120 2315 2324
13 14 1945 3545
107 108 1945 3545
79 81 625 2702
10 10 103 3529
104 104 103 3529
82 84 306 3888
29 29 2904 3658
84 85 142 1013
66 67 1170 3175
0 120 2670 2673
30 31 354 1835
61 62 63 4103
68 74 2293 2723
13 16 993 1004
106 109 993 1004
69 69 1232 3272
0 120 497 3806
0 120 561 3067
68 69 390 3185
9 9 1164 1825
103 104 1164 1825
33 34 367 1481
39 41 1203 1753
75 77 187 3765
62 63 120 2543
0 120 2196 3140
23 24 990 1645
117 117 990 1645
89 89 85 3488
67 69 102 2903
74 75 4 2368
0 120 1645 3037
3 4 2075 2621
97 98 2075 2621
0 120 831 834
57 57 294 3073
27 36 53 3950
115 115 344 2436
48 50 430 3873
56 57 697 1019
32 33 17 1260
33 34 54 2081
78 78 1012 3474
72 72 55 2683
31 32 2434 3843
18 19 419 3899
112 113 419 3899
82 83 694 1852
101 102 432 1852
13 14 69 1800
107 108 69 1800
17 17 447 1194
111 111 447 1194
80 81 306 989
21 23 292 1091
0 120 875 3361
0 4 765 1503
7 8 765 1503
34 39 765 1503
41 41 765 1503
43 44 765 1503
47 47 765 1503
49 49 765 1503
51 53 765 1503
59 65 765 1503
68 69 765 1503
71 75 765 1503
80 83 765 1503
86 86 765 1503
88 89 765 1503
91 98 765 1503
0 120 68 2329
68 69 667 968
61 62 123 2036
79 79 777 2826
100 100 1334 1431
6 7 351 4115
100 101 351 4115
0 120 4272 4275
0 120 3834 4049
14 14 1917 2920
108 108 1917 2920
43 43 1162 2078
16 18 1017 2663
110 112 1017 2663
44 45 2782 4152
61 67 347 1148
68 68 414 3124
72 73 278 3263
87 89 2594 4101
35 37 1429 2607
65 67 128 286
76 78 420 1626
0 120 645 4188
76 77 17 455
66 66 1770 2119
51 52 777 4115
47 49 1418 4111
85 87 212 1862
0 120 248 2273
5 6 69 4028
99 100 69 4028
40 42 181 297
71 71 408 3494
0 120 3386 3485
86 86 33 399
0 72 1603 3110
76 81 1603 3110
85 120 1603 3110
14 17 483 635
108 111 483 635
20 21 985 1785
113 115 985 1785
21 24 441 2853
115 117 441 2853
43 44 501 2904
0 120 470 1339
0 120 2493 3618
67 69 900 923
18 41 1185 3536
46 46 1185 3536
112 120 1185 3536
30 31 2117 4270
58 59 2203 3290
0 120 363 2381
75 76 13 4254
34 35 617 985
4 7 407 1929
98 100 407 1929
0 120 1279 1858
0 1 1000 2443
5 5 1000 2443
46 46 1000 2443
50 54 1000 2443
58 62 1000 2443
64 83 1000 2443
85 95 1000 2443
99 100 1000 2443
104 104 1000 2443
23 25 2256 3301
117 119 2256 3301
0 0 2906 3383
93 94 2906 3383
58 58 293 2581
0 120 3835 3846
54 54 251 635
17 17 189 3921
111 112 189 3921
91 92 934 4075
0 120 1348 3126
0 120 634 2093
75 76 441 4142
0 77 0 235
79 86 0 235
89 120 0 235
91 93 965 2607
67 67 399 3916
84 85 760 3895
0 120 1436 2192
4 4 75 3792
98 98 75 3792
19 21 856 3603
113 115 856 3603
48 50 846 2915
0 0 390 420
91 94 390 420
0 120 3330 3337
89 89 976 2207
0 120 1411 2135
0 120 3926 4122
0 120 896 1689
1 1 1102 4009
85 85 1816 3352
8 9 6 2120
101 103 6 2120
88 89 54 3854
14 14 2913 3399
76 77 94 1940
51 53 851 1165
80 83 371 528
28 29 451 3675
34 36 418 1283
0 120 244 1884
0 120 3728 3733
0 120 1290 1966
41 42 2269 4236
17 18 168 2828
111 112 168 2828
0 120 2492 3527
0 120 711 3979
68 68 97 144
33 33 351 3444
67 69 1230 2100
23 25 409 1170
68 70 2948 3743
0 120 3440 3451
49 49 416 3280
0 120 450 2110
69 69 4 4275
37 38 126 2952
52 53 19 611
84 84 347 3860
2 2 717 3393
96 96 717 3393
0 120 3795 3800
59 59 2993 3112
0 120 3218 3230
27 28 998 2100
18 19 506 4112
112 113 506 4112
0 120 2276 3471
0 120 1586 3024
65 66 225 3870
92 93 1742 2783
44 45 374 3404
3 4 147 4179
97 98 147 4179
0 120 424 2767
18 19 367 2233
112 113 367 2233
83 84 1640 2506
3 3 1509 3743
97 97 1509 3743
34 35 411 3471
0 120 645 1423
26 28 1775 2142
120 120 1775 2142
74 74 34 3521
43 45 409 3398
19 19 204 3932
112 113 204 3932
54 55 813 1007
0 120 1728 2326
15 16 983 1418
109 110 983 1418
24 24 348 3122
0 120 3844 4042
64 69 2118 4201
0 120 1018 3856
85 86 13 3583
0 120 80 3307
91 91 229 2649
65 66 721 2357
30 32 1135 1408
0 120 672 4158
0 120 649 4174
42 42 430 1592
0 0 1820 2450
2 2 1820 2450
5 5 1820 2450
7 11 1820 2450
14 94 1820 2450
100 105 1820 2450
108 120 1820 2450
81 83 1128 3620
57 59 1968 3102
0 120 228 3363
23 24 419 679
117 118 419 679
0 120 1074 2071
0 120 981 1880
22 22 4140 4161
26 26 4140 4161
30 53 4140 4161
57 77 4140 4161
115 116 4140 4161
120 120 4140 4161
23 23 310 1675
116 118 310 1675
77 77 2617 2959
56 57 444 1675
0 120 487 3065
88 88 1806 3683
53 53 1734 2117
0 120 1169 2870
33 34 1203 1700
0 120 3166 3174
18 19 2612 3554
111 113 2612 3554
24 24 1483 3969
44 44 1483 3969
53 54 1483 3969
118 118 1483 3969
52 53 306 1152
3 4 2386 3211
96 98 2386 3211
0 120 457 1321
0 120 1747 1763
0 120 124 2609
0 120 84 1490
6 8 1736 3102
26 26 628 2142
76 76 628 2142
120 120 628 2142
5 7 989 2121
99 101 989 2121
0 120 1305 4047
0 120 1718 3462
10 10 243 1742
80 81 346 2429
6 9 404 2599
101 103 404 2599
10 11 2434 2851
42 45 550 1670
80 80 1821 1870
40 40 152 2563
0 120 1774 3744
0 120 15 1511
0 120 772 1490
71 71 2809 2913
76 89 2809 2913
75 76 1300 1609
0 120 389 3415
38 38 1399 1588
26 31 131 2625
119 120 131 2625
73 74 310 870
87 88 1972 3170
86 87 2106 3170
9 10 347 3189
103 104 347 3189
16 17 256 1573
110 111 256 1573
80 81 242 1675
30 30 770 1794
70 72 6 644
0 120 728 4012
11 11 219 1691
0 120 251 448
28 30 846 1789
8 8 1121 3714
102 102 1121 3714
0 120 837 3955
0 120 744 1512
14 18 1193 3590
108 112 1193 3590
0 120 3016 3741
2 4 354 2266
96 98 354 2266
63 64 1670 3929
76 77 39 942
44 45 988 1091
64 66 272 1675
45 46 1013 2841
33 34 126 537
0 120 1096 4007
30 32 1015 2133
82 87 2913 3212
57 57 1230 4007
68 68 63 2440
37 38 70 1167
12 13 1675 2179
106 107 1675 2179
19 20 111 1168
113 114 111 1168
53 53 2666 4274
16 17 3538 4203
110 111 3538 4203
59 60 1602 2832
35 36 1352 2657
82 84 526 629
0 120 1061 1727
36 37 606 2086
30 33 482 3740
59 60 1077 1671
0 120 211 244
19 19 66 4027
113 113 66 4027
0 120 4011 4019
12 15 105 757
107 108 105 757
12 14 351 4196
106 107 351 4196
60 60 303 3216
0 0 1094 2025
93 94 1094 2025
64 65 844 3540
7 7 1771 3930
88 92 2581 2981
7 7 1590 2606
14 120 2039 2432
65 67 138 1055
58 59 2138 3350
91 93 6 2067
84 85 1000 3679
0 120 1313 1924
11 12 201 2508
105 106 201 2508
67 68 144 3694
41 43 1300 3382
0 120 89 1543
0 120 813 820
21 22 856 1456
115 116 856 1456
29 30 94 1887
31 31 716 887
26 27 430 3499
120 120 430 3499
0 120 1975 2016
61 61 206 1539
6 9 2291 3942
100 103 2291 3942
0 120 2298 2669
98 98 3196 3819
0 120 639 640
0 120 1005 1929
48 49 277 1190
0 120 879 3510
0 120 1168 1169
0 120 1610 2268
0 120 2828 2834
16 17 1324 1682
15 15 331 1426
25 25 331 1426
28 32 331 1426
35 39 331 1426
42 47 331 1426
49 50 331 1426
53 54 331 1426
58 58 331 1426
109 109 331 1426
119 119 331 1426
91 92 2130 3243
81 82 299 1888
13 14 1656 3552
107 107 1656 3552
49 50 2064 2623
0 120 341 3053
75 78 415 3002
20 20 334 1882
114 114 334 1882
0 120 991 4101
15 16 110 2366
109 110 110 2366
20 22 1194 2740
114 115 1194 2740
63 64 313 1005
0 120 1328 3494
23 24 309 3515
117 118 309 3515
106 106 419 3875
59 60 486 2653
43 44 625 3751
79 80 2142 2664
0 120 234 1651
0 120 2197 3125
0 120 2333 3952
64 65 2629 2782
0 120 3437 3450
23 24 144 2889
26 42 144 2889
118 120 144 2889
31 32 39 621
27 35 990 3849
40 41 990 3849
43 56 990 3849
60 60 990 3849
67 67 990 3849
35 35 348 2130
76 77 584 717
0 120 150 3643
0 120 1518 1524
48 50 482 2130
22 24 19 908
116 117 19 908
63 66 1165 2160
48 49 232 1955
3 5 1051 2812
97 98 1051 2812
84 86 514 887
0 120 388 2468
0 120 981 2982
0 120 2872 2890
72 74 771 3172
12 12 103 2484
106 106 103 2484
0 120 2823 3937
26 27 1942 2202
120 120 1942 2202
0 120 1104 2823
0 120 49 3941
83 83 85 3598
5 6 1428 2920
9 9 1428 2920
13 13 1428 2920
77 78 1428 2920
84 85 1428 2920
93 93 1428 2920
99 100 1428 2920
107 107 1428 2920
1 24 60 2787
30 30 60 2787
32 34 60 2787
36 37 60 2787
40 52 60 2787
54 55 60 2787
59 59 60 2787
80 80 60 2787
84 89 60 2787
91 118 60 2787
28 28 1197 2233
92 93 278 4178
46 47 629 3469
0 120 2067 2089
0 38 1064 2643
40 58 1064 2643
60 68 1064 2643
72 72 1064 2643
76 78 1064 2643
80 120 1064 2643
82 85 2 2782
0 120 2284 3255
0 120 1854 1981
84 86 28 970
23 24 399 2603
117 117 399 2603
69 70 1557 2926
61 62 1230 2531
73 73 344 452
64 64 2782 2973
11 11 240 1792
105 105 240 1792
0 120 3375 3487
12 14 2594 2922
106 108 2594 2922
21 22 1049 1961
115 116 1049 1961
40 40 720 3183
77 78 1161 3865
0 120 2482 3620
0 120 202 2439
14 15 314 3434
108 109 314 3434
10 12 2581 3599
104 106 2581 3599
0 120 267 1144
8 9 2287 3152
102 103 2287 3152
62 68 351 1781
45 45 141 1971
89 91 3238 3374
45 47 629 1725
37 40 1300 3650
85 87 546 3188
66 67 315 3255
80 80 1027 1771
0 120 550 4061
80 81 2784 3554
88 88 12 221
0 120 924 1269
31 32 163 390
1 2 421 2900
0 120 188 1386
82 82 296 919
27 29 1285 1433
42 44 2133 3974
0 120 1099 2963
0 120 3404 3420
0 120 422 2721
48 49 1673 3235
66 69 2130 2922
1 2 411 1808
95 96 411 1808
6 7 120 4076
100 101 120 4076
72 72 58 2444
38 38 32 1223
57 57 216 3784
0 120 1971 2111
0 120 4065 4068
105 120 730 4005
78 78 2965 3723
62 63 432 2096
60 60 1115 2126
14 15 1404 3949
108 110 1404 3949
0 120 1414 2193
73 74 1450 1850
19 20 2623 3205
113 114 2623 3205
74 74 868 2434
40 40 131 3861
46 47 93 3569
0 120 2667 2753
55 56 2607 2702
29 30 320 350
67 69 344 936
0 120 1722 3477
5 6 125 2326
99 99 125 2326
89 90 95 3615
44 47 2142 3282
98 98 310 3045
49 49 2978 3554
54 55 688 1685
44 44 230 807
33 34 409 3024
0 120 1321 4072
0 120 3086 3087
25 25 452 1408
119 119 452 1408
61 63 741 1511
51 52 183 2681
0 120 892 1680
56 58 1602 2779
10 11 79 1577
104 104 79 1577
101 102 34 114
0 6 32 3451
9 11 32 3451
13 15 32 3451
17 22 32 3451
25 37 32 3451
39 42 32 3451
64 71 32 3451
73 74 32 3451
80 81 32 3451
108 109 32 3451
111 113 32 3451
115 115 32 3451
88 89 166 4205
30 32 706 1675
2 4 1433 2943
96 97 1433 2943
69 76 60 2466
0 120 4241 4243
18 20 36 1880
0 120 328 3220
68 68 586 1758
86 86 1116 2512
9 11 1167 1511
103 105 1167 1511
32 33 941 1168
50 51 220 1408
15 16 2653 2831
109 110 2653 2831
65 66 294 1357
83 83 1340 1439
62 64 262 2573
60 60 2773 3098
0 120 1777 2379
41 41 625 3564
46 47 625 3564
53 65 625 3564
0 21 2041 2425
47 50 1418 3200
3 5 296 2342
97 98 296 2342
88 91 55 967
0 120 1298 1563
23 24 297 2163
117 118 297 2163
24 25 631 1285
118 119 631 1285
49 50 3353 3565
47 49 1128 2091
84 85 989 1747
0 120 1169 2846
85 85 309 1234
0 0 1026 4258
93 94 1026 4258
56 57 353 3226
66 67 1831 2965
47 47 2648 2995
64 65 146 3687
0 120 679 4150
72 73 311 3000
77 77 629 2343
9 10 696 1121
103 104 696 1121
6 7 3538 3695
100 101 3538 3695
67 68 229 2409
19 20 1128 2441
112 114 1128 2441
4 6 698 1167
98 100 698 1167
16 16 2513 3709
109 110 2513 3709
4 10 1489 4140
98 104 1489 4140
71 72 348 788
50 50 631 2574
0 75 56 2831
78 86 56 2831
89 120 56 2831
44 45 635 3447
0 120 2636 2961
70 71 58 2123
19 20 142 1070
113 113 142 1070
0 120 2542 2545
28 29 2599 3079
22 24 300 2410
116 118 300 2410
109 109 3301 3351
60 61 105 1188
0 120 2025 2026
80 81 1397 2457
29 29 302 3422
0 120 1031 1353
71 71 225 3175
91 93 1200 2293
109 110 1671 3376
81 83 606 3806
0 120 976 2585
10 10 348 3016
10 11 93 4187
104 106 93 4187
46 47 1132 3098
41 43 315 624
53 54 342 727
33 33 2967 3074
0 120 4228 4276
60 60 1007 1117
56 56 300 1255
60 60 523 738
6 8 414 3986
100 102 414 3986
22 22 204 4176
65 66 2117 3843
0 120 2561 2571
0 120 3825 4044
0 120 62 2780
14 14 1483 1985
24 25 1364 2293
117 119 1364 2293
25 26 402 3602
119 120 402 3602
38 120 1909 4079
0 120 343 2241
88 91 688 2653
66 69 1070 1257
19 23 58 2257
113 116 58 2257
80 82 349 743
48 49 144 2031
42 43 629 3766
52 53 125 1789
0 120 646 3181
0 120 183 1205
0 120 379 2837
0 120 57 2786
59 59 69 1857
0 120 843 1251
7 8 309 563
101 102 309 563
12 12 400 681
106 106 400 681
0 120 1069 4223
0 120 2442 2448
0 120 1490 2001
91 92 2926 3958
0 120 2585 3665
49 49 216 1503
6 8 147 3618
10 14 147 3618
16 17 147 3618
21 23 147 3618
28 28 147 3618
31 36 147 3618
39 39 147 3618
47 49 147 3618
51 54 147 3618
57 57 147 3618
88 89 147 3618
97 97 147 3618
100 111 147 3618
115 116 147 3618
90 90 155 3479
0 120 611 2032
27 32 1433 2406
34 36 1433 2406
45 45 1433 2406
47 47 1433 2406
56 57 1433 2406
59 60 1433 2406
64 68 1433 2406
71 72 1433 2406
75 75 1433 2406
81 81 1433 2406
0 120 528 4249
74 75 1128 1770
23 28 717 738
120 120 717 738
38 40 209 3715
4 6 1004 1734
98 100 1004 1734
3 5 771 2664
98 99 771 2664
22 23 50 2904
116 117 50 2904
0 120 167 3489
0 120 561 3608
34 34 857 2438
0 0 146 3366
93 93 146 3366
38 39 1051 3243
0 120 3826 3841
29 29 128 3726
0 120 3952 3953
16 18 414 1087
110 112 414 1087
36 37 357 2273
0 120 343 2375
34 34 2130 2869
0 1 485 738
94 95 485 738
51 52 631 2253
85 85 414 2026
101 102 75 1164
52 54 1446 3368
19 20 1771 3690
113 114 1771 3690
0 120 2564 2572
93 96 17 1801
10 11 146 2211
104 105 146 2211
32 33 753 2623
53 54 94 3741
11 12 303 3326
105 106 303 3326
92 92 1196 4132
0 120 454 3495
27 30 1025 4250
61 63 278 2515
41 43 1198 4178
0 120 1241 2562
53 54 1246 2906
0 120 1741 2885
79 79 554 1632
74 75 311 1874
90 90 650 1340
0 120 2212 2470
0 120 1572 3830
91 93 409 2971
0 120 3924 4133
30 30 3565 4200
0 120 4074 4077
54 56 1352 2551
59 60 696 3378
16 17 54 3911
110 110 54 3911
72 72 823 2207
63 65 417 1519
19 24 1193 1740
113 120 1193 1740
0 120 809 811
77 77 1175 2100
0 120 2854 3815
0 120 1281 3250
5 5 502 1068
26 27 2100 4107
120 120 2100 4107
0 120 295 3973
0 120 364 3578
91 92 13 123
30 32 923 1098
103 106 1064 2269
64 65 300 1873
43 44 297 3265
6 7 278 771
100 101 278 771
22 24 1165 4014
117 118 1165 4014
0 1 6 3466
94 95 6 3466
74 75 923 1448
0 120 756 2274
90 90 1685 2737
70 73 313 4148
0 120 876 878
75 77 2906 3574
19 20 253 1653
113 114 253 1653
78 78 488 2459
64 64 166 2408
5 6 1771 4174
99 100 1771 4174
73 76 627 3557
73 75 262 2870
64 66 386 2182
3 3 286 1012
91 92 535 3968
71 71 24 1012
0 120 2056 2091
79 80 1770 3949
94 94 2207 2260
67 68 703 1300
0 120 931 935
64 64 990 1515
15 16 663 1120
109 110 663 1120
0 120 403 1947
0 120 1339 3389
0 120 216 3060
0 120 1721 3656
65 66 738 1644
85 86 34 545
79 80 526 1007
70 71 235 269
7 7 1962 2964
101 101 1962 2964
86 86 407 1315
110 110 297 366
35 37 1025 3579
38 39 187 2480
87 88 235 1208
22 22 783 1013
115 116 783 1013
0 120 1469 3970
72 73 554 961
29 30 2269 2333
0 120 3530 3535
9 10 173 3713
0 6 39 515
95 96 39 515
46 46 51 2030
88 91 998 1352
10 12 1168 1763
104 106 1168 1763
16 16 309 3759
110 110 309 3759
51 52 1121 3637
0 120 2174 2446
50 51 85 2553
0 120 909 3754
1 1 66 2311
3 5 66 2311
7 7 66 2311
10 10 66 2311
21 22 66 2311
26 26 66 2311
31 32 66 2311
98 98 66 2311
104 104 66 2311
115 115 66 2311
120 120 66 2311
33 34 14 3841
57 57 1543 1825
0 120 705 1480
0 120 1591 3559
0 120 2033 3904
10 11 1147 1825
0 120 875 1137
31 31 421 1721
45 45 137 1962
34 35 1821 4021
8 9 408 2425
102 103 408 2425
0 120 868 3349
6 6 1164 2179
100 100 1164 2179
74 82 357 1147
84 84 357 1147
49 50 2358 2913
6 6 219 2903
100 100 219 2903
35 35 735 3759
83 84 635 2589
50 51 1433 2569
80 81 301 1023
78 79 36 1506
78 79 488 849
0 120 1484 3288
0 120 1487 2805
55 56 4 2722
9 10 458 2138
103 104 458 2138
20 22 1678 3339
114 116 1678 3339
60 67 69 865
80 81 1094 4042
80 80 34 4062
0 120 1204 3648
11 12 1407 2287
45 45 700 1671
70 71 102 4196
93 93 535 3297
91 91 1825 2985
12 13 1957 3104
106 106 1957 3104
62 63 123 2040
27 27 206 3206
120 120 206 3206
0 1 120 1742
93 95 120 1742
29 30 156 1399
41 43 367 1619
0 120 40 1224
79 80 482 1569
1 72 2913 2919
74 77 2913 2919
84 84 2913 2919
96 97 2913 2919
100 111 2913 2919
113 120 2913 2919
0 120 2098 2935
10 10 303 1045
104 104 303 1045
28 29 299 3555
32 33 887 3725
0 120 758 1625
0 2 1945 2878
94 95 1945 2878
4 4 436 1574
98 98 436 1574
91 93 1012 2673
27 29 2293 3561
77 79 58 1399
38 40 932 2155
65 67 765 3735
9 13 302 1759
103 107 302 1759
84 85 11 4027
25 26 725 2616
119 120 725 2616
0 120 4171 4173
0 120 403 2565
11 12 694 1051
105 106 694 1051
0 120 749 758
24 25 1258 3079
118 119 1258 3079
0 120 1609 1616
0 120 979 3664
1 2 277 4146
95 96 277 4146
27 29 482 2858
120 120 482 2858
0 2 430 978
94 96 430 978
9 11 411 4146
103 105 411 4146
43 44 1012 3612
47 49 1352 2714
45 46 409 4073
56 57 1075 1682
29 29 51 1359
43 46 1418 2021
2 6 411 1113
8 10 411 1113
12 25 411 1113
55 61 411 1113
63 64 411 1113
67 68 411 1113
76 83 411 1113
85 90 411 1113
96 100 411 1113
102 104 411 1113
106 119 411 1113
60 62 297 4017
0 120 1059 2088
26 26 2082 2186
120 120 2082 2186
0 120 2252 2597
0 120 450 1980
0 120 1649 2304
0 120 4178 4189
91 93 292 4023
0 120 237 1872
27 28 311 1821
0 120 113 116
16 16 230 701
110 110 230 701
50 51 741 1405
17 17 54 2919
111 111 54 2919
0 120 1587 2365
0 0 1671 3002
93 94 1671 3002
40 41 1181 1677
65 67 436 769
0 120 2256 3655
0 120 1776 3018
57 59 2581 3977
0 120 582 594
60 62 296 2452
0 120 2157 3649
0 120 3433 3439
41 42 1606 3546
48 61 1606 3546
64 71 1606 3546
75 78 1606 3546
76 77 262 589
101 102 864 2909
73 75 126 728
50 54 310 3289
82 83 2089 2202
0 120 2856 2869
0 120 510 3320
21 22 1682 3541
114 116 1682 3541
30 32 168 1893
74 75 844 2442
0 11 603 1821
13 14 603 1821
29 47 603 1821
49 105 603 1821
107 108 603 1821
36 39 262 1528
46 46 1659 3557
88 89 2366 4173
0 120 1497 1509
0 120 1249 3659
31 32 141 2699
9 16 430 1112
20 21 430 1112
75 75 430 1112
90 93 430 1112
104 104 430 1112
107 110 430 1112
64 66 390 4157
76 77 2207 3362
16 17 128 4157
110 111 128 4157
67 67 352 1421
0 6 2394 3188
93 100 2394 3188
35 38 1339 3552
24 25 2029 2309
118 119 2029 2309
62 63 34 3741
74 74 278 4101
0 120 894 2155
0 120 1496 2977
2 5 402 1134
96 99 402 1134
18 20 1671 2197
112 114 1671 2197
19 19 346 3454
112 113 346 3454
0 0 410 2715
3 6 410 2715
27 34 410 2715
37 101 410 2715
110 115 410 2715
119 120 410 2715
88 89 1399 2263
80 80 1631 3552
0 120 1574 3018
48 61 1001 3156
64 69 1001 3156
72 73 1001 3156
75 76 1001 3156
78 81 1001 3156
87 92 1001 3156
30 31 1013 2227
0 120 785 1057
47 48 2029 3598
76 77 793 3392
0 120 2250 2254
0 120 22 1263
0 120 3 1021
80 82 760 1000
19 20 2463 3301
113 114 2463 3301
14 14 307 2186
107 107 307 2186
84 85 312 2530
49 49 482 2187
16 17 146 2992
110 111 146 2992
30 31 123 3008
77 79 771 3229
51 57 103 2541
0 120 1655 2983
16 17 1579 2207
110 111 1579 2207
0 120 1018 3860
52 52 34 492
5 6 371 4049
99 100 371 4049
25 28 2145 2618
119 120 2145 2618
0 120 80 3311
0 120 338 1657
46 47 914 2756
0 120 260 1966
11 13 743 2874
105 107 743 2874
32 33 791 1602
89 90 844 2926
52 54 1668 1875
6 7 264 2085
100 100 264 2085
0 120 458 2890
64 65 74 1961
33 33 232 3301
0 120 958 961
73 74 71 1663
15 17 135 924
109 111 135 924
5 8 253 1145
100 102 253 1145
14 14 0 2951
107 108 0 2951
32 34 432 2608
10 13 1094 1761
102 107 1094 1761
86 87 419 4066
25 26 1833 2100
119 120 1833 2100
55 56 491 3188
58 59 2666 2855
0 120 124 1674
41 41 60 4133
15 15 3098 4175
108 109 3098 4175
45 46 65 2033
21 22 1045 1495
114 116 1045 1495
49 49 2581 3656
95 96 465 2906
0 120 124 2613
0 120 764 2007
18 18 14 755
80 82 232 2146
0 120 2501 3138
64 65 180 1956
14 15 677 2762
108 109 677 2762
64 66 13 2782
35 36 646 1197
0 120 2647 2963
72 72 133 3830
52 55 484 2367
78 78 71 508
0 120 1082 1535
10 11 985 4046
104 105 985 4046
27 31 2208 2512
5 5 482 2671
99 99 482 2671
0 0 1017 3769
93 94 1017 3769
41 47 411 3959
37 38 53 4251
0 120 15 1515
0 120 89 2218
78 79 1193 1716
0 120 1127 3348
0 120 67 3368
53 53 36 1803
22 23 1693 3759
116 117 1693 3759
0 120 46 47
35 35 402 3846
0 120 3055 3323
0 0 696 1849
94 94 696 1849
65 66 128 2331
0 120 3381 3493
82 84 738 3014
0 120 4239 4278
84 85 144 2275
82 82 2693 3092
27 29 297 1736
58 58 13 1977
25 26 123 2337
119 120 123 2337
19 21 310 2163
113 115 310 2163
57 58 93 3626
60 61 353 2799
56 58 17 2850
70 72 2581 3790
0 120 3601 3617
9 10 72 305
103 104 72 305
19 21 299 3502
112 114 299 3502
0 120 654 2912
0 2 793 4010
6 40 793 4010
43 52 793 4010
56 57 793 4010
62 62 793 4010
70 71 793 4010
82 96 793 4010
99 120 793 4010
45 45 230 864
61 62 72 1244
9 10 111 1172
103 103 111 1172
0 120 1021 1393
44 45 1466 2009
12 12 401 1685
106 106 401 1685
0 120 1562 1717
0 120 1268 1270
0 120 22 2820
8 9 1001 1680
102 102 1001 1680
25 26 1025 2266
118 120 1025 2266
58 59 3332 3550
33 34 696 1044
0 120 2411 2416
61 62 771 3847
0 1 12 3795
94 95 12 3795
31 33 1398 3945
2 5 2965 2975
9 10 2965 2975
12 18 2965 2975
20 29 2965 2975
32 40 2965 2975
42 50 2965 2975
53 65 2965 2975
69 69 2965 2975
71 72 2965 2975
77 77 2965 2975
79 79 2965 2975
92 92 2965 2975
95 100 2965 2975
103 120 2965 2975
19 26 307 710
113 120 307 710
13 15 898 2841
107 108 898 2841
31 33 3403 4140
35 35 1197 2908
61 62 3420 3555
21 22 2697 3160
115 116 2697 3160
0 120 746 757
38 38 75 2804
0 120 670 4145
37 38 66 998
0 120 2237 2421
84 86 353 1994
49 51 425 1116
57 59 425 1116
0 120 688 3970
0 120 244 2990
118 120 98 721
67 67 189 839
53 54 1408 4259
78 79 1413 2913
50 52 1094 2379
54 55 1235 3550
0 6 1961 1964
8 94 1961 1964
97 98 1961 1964
103 103 1961 1964
106 107 1961 1964
110 120 1961 1964
89 91 1682 2549
89 90 374 3221
51 52 350 2635
63 65 372 2394
19 20 1758 2544
113 114 1758 2544
0 120 3315 3330
11 12 2207 2370
105 106 2207 2370
0 120 2286 2663
0 120 161 3113
81 82 2595 4172
0 120 2741 3243
3 3 316 3401
97 97 316 3401
0 120 211 1887
85 86 770 3571
79 81 407 3519
89 90 87 131
0 120 657 661
0 120 1581 3032
0 120 879 3514
0 120 552 3119
76 77 10 850
31 32 2513 3766
0 120 245 1656
48 48 66 4165
64 66 1194 1805
0 120 1015 3560
72 73 793 1461
45 46 848 1168
20 21 146 1650
114 115 146 1650
0 120 1302 1338
57 58 1185 3971
0 120 2341 3659
0 120 1362 1389
65 66 338 1820
55 56 887 2062
9 9 1668 2627
27 28 1668 2627
31 31 1668 2627
96 96 1668 2627
101 103 1668 2627
16 17 635 3504
110 111 635 3504
96 99 420 3350
106 106 420 3350
0 120 437 2765
0 120 1915 2504
0 120 98 3299
0 120 387 958
9 12 488 1764
103 105 488 1764
0 120 2931 3875
35 36 2926 3531
71 73 130 2056
0 120 1525 1760
5 6 28 1779
98 99 28 1779
0 120 1566 1569
0 120 2426 2427
4 5 193 1092
98 99 193 1092
72 73 301 2877
0 120 1882 4249
62 62 2228 2442
3 4 2062 2904
97 98 2062 2904
80 80 2131 2509
43 43 2922 3762
16 17 1352 1990
109 111 1352 1990
69 69 311 2252
0 120 512 4228
0 120 4249 4271
8 9 419 1785
102 103 419 1785
0 0 441 1544
91 94 441 1544
24 26 1418 3741
118 120 1418 3741
0 120 2481 2484
0 120 2872 2894
34 34 315 3125
0 120 1865 1986
0 120 2823 3941
19 20 2506 4234
113 113 2506 4234
51 53 2150 2909
23 24 1446 2002
117 118 1446 2002
25 29 1026 1416
120 120 1026 1416
48 50 606 830
55 56 126 1159
63 68 126 1159
76 76 126 1159
56 57 413 435
5 6 1397 3803
99 100 1397 3803
62 63 277 1328
0 120 1538 2530
46 46 1961 3387
10 11 717 1600
104 105 717 1600
104 104 1102 1411
46 47 173 2668
0 120 183 912
51 52 771 3526
56 62 255 3232
41 43 346 2596
13 14 1418 1647
107 108 1418 1647
80 81 79 2252
10 10 2207 3793
104 104 2207 3793
16 17 1164 3228
110 111 1164 3228
38 38 278 1149
71 72 2623 2725
15 16 639 1128
109 110 639 1128
32 32 765 1267
0 120 575 3587
41 41 1685 2176
60 60 367 440
0 120 900 903
35 37 313 3587
91 91 2538 2617
1 27 416 2776
29 37 416 2776
39 48 416 2776
51 58 416 2776
61 120 416 2776
3 5 371 1313
97 99 371 1313
63 64 1321 2653
71 71 2681 3834
57 58 1148 1944
34 35 535 3407
0 120 912 913
40 41 1438 2649
0 120 268 811
65 66 297 1549
0 120 2296 2680
0 120 202 2443
7 8 104 1908
100 102 104 1908
33 33 1733 1816
89 90 301 2422
84 84 2672 2967
31 33 2001 2762
71 72 1739 2762
62 63 703 1678
55 56 147 3675
44 45 2920 4200
65 66 790 3552
35 35 296 3017
0 120 2560 3665
88 88 1944 3167
64 64 2367 3270
34 37 144 3377
77 77 240 3085
2 3 1019 2823
96 97 1019 2823
0 120 269 2325
1 1 146 3423
94 94 146 3423
30 30 516 2202
52 54 1352 2474
5 12 239 1170
14 15 239 1170
19 20 239 1170
22 42 239 1170
44 49 239 1170
54 54 239 1170
96 96 239 1170
99 101 239 1170
103 110 239 1170
113 120 239 1170
55 57 1013 3008
40 40 1438 1494
76 77 1008 2664
0 120 1534 1956
17 18 393 856
23 25 393 856
31 36 393 856
38 38 393 856
43 46 393 856
52 57 393 856
68 71 393 856
73 75 393 856
84 84 393 856
110 112 393 856
117 119 393 856
0 120 527 1048
0 0 1451 4173
93 94 1451 4173
25 26 1019 3762
119 120 1019 3762
56 56 520 631
0 120 1302 4050
38 38 63 163
3 4 923 1021
97 98 923 1021
8 9 312 867
102 103 312 867
10 12 372 918
104 106 372 918
8 8 413 919
102 102 413 919
0 120 3879 3882
5 7 846 1740
99 101 846 1740
0 120 2845 2871
35 36 1281 1668
56 56 52 2633
97 97 1325 2906
39 39 352 2336
6 6 1816 2177
8 9 1816 2177
19 19 1816 2177
23 23 1816 2177
26 27 1816 2177
30 32 1816 2177
35 38 1816 2177
40 51 1816 2177
57 58 1816 2177
63 63 1816 2177
75 75 1816 2177
99 100 1816 2177
102 102 1816 2177
113 113 1816 2177
117 117 1816 2177
120 120 1816 2177
56 57 1678 3933
0 120 1507 1607
4 10 189 4035
14 14 189 4035
98 100 189 4035
34 35 2367 2465
88 88 414 2433
0 2 968 3773
95 95 968 3773
15 15 600 2623
109 109 600 2623
40 41 421 1160
33 34 216 1694
0 120 2179 3168
42 44 985 3188
38 39 30 3224
67 69 120 1986
70 71 3301 4026
70 71 441 1812
0 120 532 1930
84 85 1170 3907
44 45 1451 3368
86 88 131 4215
51 51 747 2269
59 61 747 2269
69 69 747 2269
75 75 747 2269
51 52 850 3902
75 75 303 1289
78 79 1194 3712
42 43 1636 2367
0 120 867 873
67 69 1340 3537
89 90 58 704
2 41 723 1094
43 45 723 1094
48 49 723 1094
52 56 723 1094
62 66 723 1094
69 69 723 1094
71 74 723 1094
76 76 723 1094
80 80 723 1094
86 93 723 1094
96 120 723 1094
0 120 1210 1212
47 48 296 3501
88 89 626 1161
71 73 316 4153
0 120 4001 4006
42 42 372 3496
58 58 66 3978
63 65 76 2414
73 75 1165 3132
46 47 296 468
20 20 408 709
92 92 105 3152
68 69 1316 3301
76 78 400 2511
69 73 415 2819
78 78 415 2819
0 120 2333 2830
94 94 180 3676
88 90 216 889
40 41 352 2470
35 35 1821 2655
35 36 30 2419
48 49 1537 2896
0 120 62 422
0 120 2937 2944
84 87 456 3759
7 9 2228 2255
102 103 2228 2255
81 83 844 1397
0 120 3263 3868
82 82 2100 3009
35 37 262 2927
55 55 307 1946
9 10 3092 3232
103 104 3092 3232
0 120 2631 2645
85 85 1129 2512
54 55 292 4267
60 60 1008 1993
60 61 2138 2712
36 37 390 3112
69 70 1575 3538
0 120 1169 2850
90 92 1606 2851
38 38 436 1013
68 68 625 3918
4 5 558 2696
98 99 558 2696
0 120 336 3815
57 57 1461 4190
0 120 1149 2383
0 120 2362 2605
0 120 356 495
0 120 755 766
52 54 63 1936
48 49 407 3466
0 120 3084 3529
12 12 1162 2810
105 106 1162 2810
65 66 1907 2964
45 46 850 1003
0 8 134 1587
10 13 134 1587
16 18 134 1587
20 26 134 1587
28 28 134 1587
30 31 134 1587
36 36 134 1587
49 55 134 1587
58 64 134 1587
66 69 134 1587
72 81 134 1587
84 90 134 1587
92 101 134 1587
104 107 134 1587
110 111 134 1587
114 115 134 1587
117 120 134 1587
0 120 2641 2959
6 6 2386 4130
100 100 2386 4130
37 38 63 2875
0 1 104 2876
93 95 104 2876
37 38 1713 3098
0 120 952 2219
0 120 3347 3350
11 13 1026 2168
105 107 1026 2168
16 20 2626 3590
111 113 2626 3590
91 91 28 3820
46 47 771 895
0 120 2267 3657
0 120 345 494
15 16 2029 2553
109 110 2029 2553
0 120 1344 1696
12 13 229 2763
106 107 229 2763
62 66 1017 1301
0 120 1366 2209
0 120 1627 1984
48 50 1300 1589
72 73 1353 2913
0 120 3361 3406
0 120 1778 2153
25 27 3187 4007
119 120 3187 4007
0 120 2923 3180
27 30 1354 1825
0 120 2195 2441
0 6 257 1963
8 9 257 1963
29 29 257 1963
33 33 257 1963
35 36 257 1963
41 74 257 1963
76 85 257 1963
87 87 257 1963
90 92 257 1963
94 95 257 1963
81 83 606 2871
89 90 2595 3314
79 79 556 1064
91 92 322 3112
0 120 3379 3396
56 57 850 3231
84 84 2314 3072
90 91 55 516
81 82 1677 1697
20 20 311 2199
0 120 369 2369
72 72 417 3349
75 86 417 3349
82 83 1606 2985
0 120 549 1024
78 79 1404 1538
70 71 432 624
88 90 146 3236
0 120 4052 4054
16 18 1397 3750
110 112 1397 3750
74 75 934 1774
63 64 32 3134
0 15 887 1204
20 21 887 1204
23 23 887 1204
25 32 887 1204
42 42 887 1204
51 52 887 1204
60 62 887 1204
64 64 887 1204
66 67 887 1204
70 70 887 1204
77 108 887 1204
113 115 887 1204
118 120 887 1204
0 120 501 1892
74 75 306 3144
69 70 754 1025
13 13 2584 2909
17 18 743 3118
111 112 743 3118
64 65 2216 2513
34 35 3038 3079
60 61 53 1917
5 5 235 3843
99 99 235 3843
65 66 65 3432
0 120 1570 1584
22 23 307 3719
116 118 307 3719
0 120 1117 2770
0 120 356 2857
2 4 1739 1770
96 99 1739 1770
90 92 1916 3160
45 45 133 2785
0 120 854 855
18 19 3059 3552
112 113 3059 3552
0 120 1490 2005
0 120 1908 2518
33 34 414 2246
74 76 400 4068
81 81 2666 3099
0 120 3796 3818
32 34 2 989
0 120 833 917
32 35 893 968
0 120 203 521
56 56 235 2688
43 45 30 3976
55 56 3013 3557
35 36 131 4028
0 120 561 3612
51 52 2457 3110
64 64 373 3561
77 81 1758 3109
0 120 2298 2299
0 120 3930 4168
24 26 539 3072
118 120 539 3072
34 34 301 3658
6 12 1094 3294
100 105 1094 3294
76 77 160 4207
58 59 743 2313
91 93 1170 1626
91 92 125 3432
0 120 550 1918
0 120 2552 2566
0 120 392 3961
21 22 989 2719
114 116 989 2719
10 10 423 4028
104 104 423 4028
0 120 557 4028
0 120 1952 2012
49 51 412 1395
60 62 1045 3028
77 83 1829 3110
36 37 232 3679
0 120 3707 3722
32 33 1138 2438
87 89 1334 4070
11 16 71 2041
74 75 1091 2622
78 79 1820 2243
5 6 1070 1745
98 100 1070 1745
28 30 1025 4254
0 120 1891 1894
66 66 482 1760
83 84 1165 1790
38 39 277 3048
17 18 506 656
111 112 506 656
0 120 454 466
0 2 2615 3645
10 11 2615 3645
20 20 2615 3645
27 27 2615 3645
31 33 2615 3645
37 42 2615 3645
45 45 2615 3645
48 52 2615 3645
57 63 2615 3645
78 81 2615 3645
93 96 2615 3645
104 105 2615 3645
113 114 2615 3645
15 16 294 2463
109 109 294 2463
0 120 1572 3834
2 4 1099 1170
97 97 1099 1170
2 2 1589 3249
96 96 1589 3249
47 47 1164 1565
0 120 489 2150
85 89 3545 3552
96 96 3545 3552
98 99 3545 3552
17 18 694 3336
111 112 694 3336
44 44 1000 2854
52 52 930 1334
84 84 1816 3413
20 21 1771 1950
114 115 1771 1950
0 120 1536 3773
0 120 3600 3609
0 120 364 3582
0 120 1912 4060
46 46 429 3977
21 23 420 2171
114 117 420 2171
0 120 91 949
0 120 2049 2079
47 47 471 1170
9 10 1806 2321
103 103 1806 2321
14 16 1001 1924
108 109 1001 1924
36 36 423 4162
27 28 1599 2782
19 20 296 3798
113 114 296 3798
85 85 120 3572
58 59 75 2109
25 26 257 837
119 120 257 837
0 120 3113 3117
40 41 95 2761
0 120 3973 3975
0 0 771 1058
91 94 771 1058
0 120 4184 4195
105 105 416 3341
0 120 1651 3322
62 62 56 554
74 76 1451 2510
71 73 3188 3641
0 120 1237 1238
73 75 461 1771
41 41 135 4230
33 35 1740 3552
0 120 2651 2655
0 120 471 3398
0 120 555 4035
31 32 2293 2947
0 120 1037 3809
63 63 302 3589
44 45 228 1196
56 58 629 2294
80 81 451 2931
0 120 3463 3472
67 69 419 1895
66 70 147 1207
87 88 54 1016
68 70 771 3286
0 120 1643 3969
55 56 93 1910
84 85 373 4179
9 9 428 668
103 103 428 668
0 120 1147 3573
39 40 412 4107
32 33 350 3229
27 29 85 3712
60 61 1334 3399
0 120 33 1078
55 55 406 3538
38 38 767 3517
45 45 1961 3497
46 53 1677 3738
23 23 846 1366
117 117 846 1366
92 93 144 1848
71 71 238 3173
0 120 2535 3769
0 120 1348 2516
0 120 1217 3753
6 7 193 3430
100 101 193 3430
74 74 174 3188
87 88 425 555
3 4 468 1945
97 98 468 1945
0 120 3212 3230
0 120 1469 3974
30 31 141 796
74 74 256 1500
80 80 447 1068
73 74 2623 2835
40 42 696 1772
24 26 310 1736
118 120 310 1736
8 9 93 3199
102 103 93 3199
0 120 380 2475
0 120 265 273
78 81 659 1890
12 13 187 2834
106 107 187 2834
58 60 441 1438
19 20 1120 4170
113 114 1120 4170
0 120 41 3948
66 67 428 2896
0 4 1639 2291
91 97 1639 2291
2 2 606 3168
5 5 606 3168
10 11 606 3168
14 19 606 3168
29 29 606 3168
32 32 606 3168
97 97 606 3168
99 100 606 3168
103 105 606 3168
108 120 606 3168
0 120 2551 2558
30 31 765 2666
8 9 417 1202
101 103 417 1202
36 37 1194 4277
42 43 862 3538
33 34 743 2126
0 120 1092 4000
76 77 314 1454
0 8 181 3554
10 11 181 3554
14 14 181 3554
16 16 181 3554
19 20 181 3554
41 41 181 3554
43 43 181 3554
47 47 181 3554
50 51 181 3554
53 54 181 3554
56 57 181 3554
61 98 181 3554
101 102 181 3554
104 105 181 3554
109 110 181 3554
113 114 181 3554
0 120 731 3994
63 64 760 2480
67 69 311 402
0 120 1656 2995
0 120 2064 2066
17 18 923 4164
110 112 923 4164
8 8 264 2276
0 120 1427 2943
114 114 68 1398
43 45 372 4061
55 56 654 741
14 16 253 397
108 110 253 397
65 65 14 2101
80 82 2892 4140
0 120 1247 1255
2 4 989 3471
96 97 989 3471
30 31 182 1685
8 9 219 4196
102 103 219 4196
23 23 407 1803
117 117 407 1803
0 120 730 736
78 79 16 2147
3 4 60 3385
97 98 60 3385
11 12 1175 3072
106 106 1175 3072
74 75 342 2317
19 19 306 408
58 60 934 3949
0 120 2391 2811
32 32 1586 2414
92 93 738 3071
20 21 1121 3775
114 115 1121 3775
79 80 79 402
12 15 1438 2893
106 109 1438 2893
15 16 581 1552
109 110 581 1552
0 120 2098 2939
0 120 4116 4120
60 62 310 2220
13 13 1194 3472
106 107 1194 3472
50 51 313 1737
68 70 2350 3160
0 120 1292 1563
24 26 1398 2713
118 119 1398 2713
0 120 1157 3590
30 31 3072 4084
82 83 11 3092
0 120 2757 2760
43 45 983 4191
21 22 1165 1953
115 117 1165 1953
36 37 95 1285
49 49 451 2610
60 60 866 1162
0 31 134 1213
35 41 134 1213
45 120 134 1213
1 1 160 182
3 23 160 182
26 28 160 182
39 41 160 182
49 50 160 182
53 57 160 182
61 62 160 182
65 65 160 182
67 73 160 182
75 76 160 182
78 92 160 182
94 95 160 182
97 117 160 182
120 120 160 182
0 120 443 1968
5 6 1689 2138
99 100 1689 2138
39 39 1398 3652
61 62 126 3981
0 120 403 2569
27 29 1829 2118
35 36 102 3395
63 65 2287 3750
88 88 1232 4114
76 76 1273 1671
0 120 3654 3658
78 79 3086 4140
31 32 51 1363
23 24 412 1342
117 118 412 1342
5 7 350 464
99 101 350 464
4 7 128 1583
9 18 128 1583
21 43 128 1583
45 56 128 1583
59 61 128 1583
67 72 128 1583
99 101 128 1583
103 111 128 1583
115 120 128 1583
9 9 9 171
103 103 9 171
47 50 337 1168
8 10 934 3144
102 104 934 3144
0 120 731 1095
22 23 793 1973
116 116 793 1973
0 120 3082 3617
0 120 2824 2827
9 9 771 871
0 120 3684 3685
0 47 2130 3170
49 50 2130 3170
72 77 2130 3170
79 86 2130 3170
88 120 2130 3170
59 60 160 1471
92 93 2906 3391
14 15 1340 1553
108 109 1340 1553
86 88 32 1471
35 35 61 711
24 25 2922 3335
118 119 2922 3335
0 101 1525 2272
15 18 432 2344
109 112 432 2344
68 69 93 2878
71 72 2 1070
23 25 14 141
117 118 14 141
0 1 1068 4248
94 95 1068 4248
64 65 66 1994
33 35 2404 2591
67 68 2595 3879
13 13 659 2508
0 120 1910 3022
0 120 1316 1317
0 120 1521 1749
0 0 614 1045
92 94 614 1045
73 73 1961 2021
83 83 230 4088
40 41 452 717
8 9 11 3226
102 103 11 3226
57 58 372 2451
47 48 134 1347
67 70 2591 3356
74 76 1070 2981
0 120 1567 3787
3 5 2556 2581
7 9 2556 2581
12 12 2556 2581
50 50 2556 2581
60 63 2556 2581
65 67 2556 2581
69 71 2556 2581
73 73 2556 2581
75 80 2556 2581
84 87 2556 2581
97 99 2556 2581
101 107 2556 2581
109 113 2556 2581
116 116 2556 2581
0 120 1582 2375
17 19 1243 2909
111 113 1243 2909
84 85 32 316
45 45 413 3391
63 64 160 3699
10 11 61 2939
104 104 61 2939
80 81 126 1082
23 24 50 306
117 118 50 306
30 33 635 3211
46 48 652 2626
118 118 1225 4208
82 88 1034 1230
86 86 1961 3310
49 50 125 3863
0 120 89 1954
81 83 32 666
19 20 6 3417
112 114 6 3417
57 58 28 3930
0 120 124 3638
0 120 220 1656
0 120 526 1174
0 120 3055 3059
69 71 548 2653
0 120 1955 1960
85 85 219 1431
62 63 310 1549
16 17 141 3992
110 111 141 3992
62 63 253 1015
77 78 934 3628
33 34 60 620
0 0 256 2252
93 94 256 2252
1 2 151 738
95 96 151 738
45 48 39 3715
0 120 1895 2848
52 53 307 1251
42 42 28 1836
61 63 1418 3448
82 84 721 3520
16 25 349 1662
109 120 349 1662
22 24 2577 2653
116 118 2577 2653
34 37 292 1128
0 120 1069 4203
51 52 0 727
38 39 1455 2926
62 62 3072 3763
41 42 1164 1996
12 13 133 3700
106 106 133 3700
0 0 315 3182
6 11 315 3182
13 13 315 3182
25 25 315 3182
28 29 315 3182
33 36 315 3182
45 45 315 3182
47 48 315 3182
50 51 315 3182
55 57 315 3182
59 65 315 3182
67 69 315 3182
83 83 315 3182
85 85 315 3182
100 105 315 3182
107 107 315 3182
116 116 315 3182
119 119 315 3182
7 8 229 1718
101 102 229 1718
29 29 351 2647
73 75 17 3525
0 120 1018 3864
82 84 856 1062
80 81 1467 2936
0 120 1890 3793
0 7 419 2781
9 13 419 2781
15 17 419 2781
19 25 419 2781
27 28 419 2781
30 30 419 2781
34 36 419 2781
79 79 419 2781
81 81 419 2781
92 99 419 2781
104 105 419 2781
109 109 419 2781
114 116 419 2781
119 119 419 2781
38 39 1026 1473
0 120 1034 3808
24 25 2202 2567
118 119 2202 2567
36 38 309 1832
60 62 299 1144
82 84 60 2848
13 13 104 3120
107 107 104 3120
9 10 371 1020
103 104 371 1020
85 85 166 1554
80 80 608 2653
16 17 1946 4075
110 111 1946 4075
83 85 1483 2099
44 46 430 1600
0 120 98 107
29 30 1008 3526
0 120 2793 3193
0 120 2397 3193
25 33 293 2268
119 120 293 2268
1 3 14 2853
95 96 14 2853
86 87 301 2129
59 60 3301 3599
0 120 319 2900
20 21 1088 1196
114 115 1088 1196
0 7 1167 2243
10 12 1167 2243
15 16 1167 2243
19 27 1167 2243
29 48 1167 2243
51 58 1167 2243
60 82 1167 2243
84 90 1167 2243
92 107 1167 2243
109 120 1167 2243
0 120 857 1263
16 16 339 3552
110 110 339 3552
73 73 160 2089
63 74 741 1088
0 120 2160 3630
28 28 1466 3973
2 4 1485 1771
96 98 1485 1771
23 23 2615 4210
116 117 2615 4210
89 89 352 3198
0 120 2800 3209
57 58 243 1750
57 57 203 631
30 31 1125 2367
91 93 989 1540
74 76 144 3434
0 1 386 2967
93 94 386 2967
4 10 299 3722
12 14 299 3722
18 19 299 3722
66 66 299 3722
76 76 299 3722
80 83 299 3722
86 88 299 3722
90 91 299 3722
93 93 299 3722
98 101 299 3722
103 103 299 3722
107 107 299 3722
37 38 846 3891
0 120 1477 1479
63 64 138 2084
4 6 1759 2131
98 100 1759 2131
34 34 93 2341
41 43 874 2906
0 120 2006 2008
36 36 3203 3949
0 43 13 103
46 53 13 103
59 120 13 103
0 120 269 288
90 91 1193 2659
5 5 1810 3759
0 120 647 2900
8 10 1397 1900
102 104 1397 1900
3 4 1825 2347
97 98 1825 2347
23 23 1820 2003
116 117 1820 2003
0 120 3038 3323
55 56 796 2434
7 11 27 940
38 40 846 1797
0 120 2804 2927
0 120 567 2382
0 0 1300 1967
82 83 1675 3342
0 120 403 3671
44 45 1862 3168
57 58 981 1433
79 79 410 2398
81 82 157 232
92 93 0 2500
1 2 793 2136
95 96 793 2136
25 27 2269 2768
119 120 2269 2768
48 48 2618 2922
29 30 168 3804
19 20 2444 3523
113 114 2444 3523
30 32 315 2511
4 5 1677 2075
98 99 1677 2075
0 120 2938 3277
40 42 512 581
53 54 204 2680
0 120 396 406
28 28 2130 4272
0 120 1096 4015
57 59 297 2090
65 65 2133 2291
46 51 262 3789
20 21 914 1500
114 115 914 1500
45 46 348 2809
12 12 262 1345
106 106 262 1345
0 120 3909 4124
77 78 1502 1670
88 89 225 3907
0 120 2933 3283
21 22 297 3029
115 116 297 3029
31 32 130 637
86 88 1828 2594
1 1 30 1187
95 95 30 1187
0 120 3271 3278
0 120 444 3456
27 29 411 1064
88 88 58 1700
70 71 952 2142
0 38 2873 3390
0 120 2983 2996
0 120 1061 2085
49 50 173 3343
0 120 1546 1568
49 51 407 1295
0 120 2170 3647
0 120 926 1860
90 91 235 1188
7 8 2034 3759
101 101 2034 3759
0 120 458 479
0 120 2147 2882
0 120 77 787
30 30 35 3759
81 82 334 2106
0 120 747 1521
0 120 683 3980
81 81 2623 3750
83 92 2623 3750
75 76 1020 1121
0 120 1310 4078
43 45 135 1896
0 120 2516 3129
63 63 2617 3935
0 120 74 3872
53 53 351 2460
0 120 392 2461
18 18 731 2681
60 62 60 1722
56 56 278 3113
33 34 412 3867
2 3 2967 3001
95 97 2967 3001
12 14 3079 3242
106 108 3079 3242
37 37 2591 3653
2 4 414 3913
96 98 414 3913
90 93 846 3570
39 39 130 4154
29 32 386 3585
32 33 1327 1399
6 7 1143 3564
99 101 1143 3564
33 33 52 2019
0 120 1251 2343
5 6 506 2189
99 100 506 2189
74 75 2438 3596
89 89 169 2015
16 18 625 2820
110 112 625 2820
0 120 1490 4022
22 23 1519 2508
116 117 1519 2508
31 36 738 2697
0 120 1894 2385
10 11 330 428
104 105 330 428
73 73 27 619
36 36 2344 2621
56 56 134 2933
35 35 306 973
0 120 1087 1538
0 120 875 3345
12 13 966 1019
105 107 966 1019
37 38 133 264
48 48 1466 3786
0 120 1067 1071
79 81 420 3704
67 70 2615 4023
0 120 237 2307
44 44 3072 3710
78 78 1161 4089
53 53 344 1615
0 120 2656 3243
37 37 1128 1697
2 3 1064 4156
96 97 1064 4156
0 120 1205 3637
18 19 102 3021
112 113 102 3021
17 18 3565 3993
111 111 3565 3993
29 29 315 4068
0 120 4153 4163
30 31 13 2949
61 63 2303 2566
45 45 94 2379
0 120 88 90
75 77 482 3427
0 120 1846 2098
0 120 702 1481
77 80 55 1862
79 79 36 1620
0 120 3288 3311
0 33 105 444
35 53 105 444
55 55 105 444
59 59 105 444
82 83 105 444
94 120 105 444
0 120 1760 1765
59 61 1397 1713
0 120 1044 2349
0 120 3071 3084
24 24 235 3900
118 118 235 3900
2 4 1004 2950
12 13 1004 2950
26 28 1004 2950
34 34 1004 2950
38 38 1004 2950
41 42 1004 2950
45 47 1004 2950
51 53 1004 2950
65 67 1004 2950
70 74 1004 2950
76 78 1004 2950
80 84 1004 2950
87 88 1004 2950
92 93 1004 2950
95 98 1004 2950
106 107 1004 2950
120 120 1004 2950
0 1 441 3776
91 95 441 3776
0 120 637 1436
8 9 1456 2293
102 103 1456 2293
6 7 217 850
100 101 217 850
65 67 436 3432
62 65 612 625
0 120 2692 3438
0 120 763 794
8 9 558 2082
102 103 558 2082
0 120 955 964
92 93 3551 4071
67 69 2993 3551
0 0 1193 3761
9 9 1193 3761
13 23 1193 3761
27 30 1193 3761
34 35 1193 3761
37 38 1193 3761
88 94 1193 3761
103 103 1193 3761
107 116 1193 3761
66 67 408 1734
0 120 532 1800
38 39 315 3263
45 47 721 3951
0 120 15 2971
37 37 354 2437
0 120 2687 2690
35 35 767 2606
64 65 257 2504
0 120 269 2329
80 80 1189 3238
63 64 430 3186
0 120 3181 3198
58 60 17 573
5 6 232 2447
99 100 232 2447
0 120 509 1035
27 29 2291 3629
42 42 2988 3557
43 44 3072 4194
7 8 400 2031
101 101 400 2031
90 91 1962 2407
87 87 1860 2130
41 43 1170 1683
41 43 53 1169
71 72 538 2904
48 49 428 1046
0 120 2169 3639
0 120 4113 4117
34 36 2967 3619
42 45 262 1508
0 1 3187 3393
94 95 3187 3393
0 120 848 851
78 80 583 1334
71 72 289 887
30 32 1632 2653
57 59 307 3910
61 63 307 3910
69 69 307 3910
72 72 307 3910
0 120 692 3721
19 20 42 229
113 114 42 229
29 29 135 420
0 120 1814 2135
68 69 606 2257
82 83 1026 2843
41 43 728 934
69 71 1170 2033
69 70 1574 2648
0 120 906 1206
8 8 923 1375
102 102 923 1375
0 120 1188 2612
13 15 28 1462
107 109 28 1462
97 97 1170 2972
0 120 4234 4235
0 120 658 2797
23 25 1002 2607
117 118 1002 2607
0 120 3378 3496
54 55 436 3916
78 79 1241 2623
21 22 141 1524
115 116 141 1524
31 33 146 2622
0 120 1297 1966
25 26 134 1107
119 119 134 1107
65 65 856 3721
0 120 1502 1617
0 120 1646 3059
61 61 144 482
71 72 418 462
0 120 544 1355
0 120 604 1406
0 120 683 1699
90 92 626 1165
54 61 230 1165
21 22 342 1406
115 116 342 1406
9 10 373 719
103 103 373 719
84 84 2293 3809
83 83 932 2403
27 28 371 646
46 46 1673 1849
51 52 1014 2967
63 64 735 3552
14 14 310 370
108 108 310 370
68 68 134 2396
0 120 951 1864
50 51 1001 1981
80 80 120 246
2 3 4 71
95 96 4 71
56 57 9 415
60 60 45 72
15 15 2130 2475
109 109 2130 2475
76 78 771 4148
74 75 1479 2922
77 78 1479 2922
35 36 2320 3538
34 34 1451 1628
30 31 348 1012
78 78 425 478
10 10 2920 3533
103 104 2920 3533
55 55 559 1232
56 56 342 2695
49 51 3382 3564
72 73 39 442
4 5 209 3105
98 99 209 3105
90 91 1004 3568
3 4 1007 3085
97 98 1007 3085
80 82 293 2244
4 5 556 934
97 99 556 934
5 7 131 3414
99 101 131 3414
77 77 14 2829
5 6 93 678
99 100 93 678
12 13 459 1001
106 107 459 1001
0 0 438 4096
94 94 438 4096
57 59 1025 1412
0 120 49 2823
0 120 720 776
60 60 23 1602
82 83 85 2480
82 82 319 432
28 29 1645 2029
0 120 205 3336
75 76 2653 3539
81 82 229 1478
4 4 906 2629
98 98 906 2629
51 52 414 477
16 17 1546 3743
110 111 1546 3743
4 4 418 596
98 98 418 596
42 44 315 3881
24 24 294 3004
118 118 294 3004
65 65 1758 2845
75 76 984 1007
61 62 1068 2398
0 120 4189 4195
0 120 3347 3354
19 20 14 1674
113 114 14 1674
31 36 53 848
0 120 2570 3662
42 43 1962 3025
0 0 374 1428
94 94 374 1428
26 27 1984 3538
120 120 1984 3538
2 4 1012 3405
96 98 1012 3405
0 120 1072 4210
6 7 1944 4139
100 100 1944 4139
0 120 15 1495
53 53 1004 2763
56 56 1946 4185
86 87 1232 2398
69 71 430 1710
21 23 1045 3703
115 117 1045 3703
0 120 1186 1464
0 120 2146 3492
0 120 2290 2682
14 16 934 3872
108 109 934 3872
88 88 898 4215
71 72 975 2183
90 92 1064 3164
0 120 1133 2769
0 120 80 2270
9 10 2387 3554
103 104 2387 3554
59 60 1729 3554
0 120 991 1373
3 4 554 1372
0 120 3066 3088
14 17 58 3420
107 112 58 3420
77 79 727 1300
78 79 823 1008
34 35 2616 3791
88 89 1007 3569
35 36 1511 3102
75 77 2607 2739
47 49 93 1162
118 118 189 1624
43 43 782 2138
75 75 1121 1604
7 7 2024 3098
101 101 2024 3098
22 24 135 2327
116 118 135 2327
84 86 240 3841
54 55 1193 1480
91 92 3196 3319
0 120 4155 4156
0 0 3047 3196
93 94 3047 3196
9 11 65 2497
103 105 65 2497
10 11 2293 3488
104 105 2293 3488
15 17 738 1839
109 111 738 1839
22 22 404 2717
27 27 404 2717
31 33 404 2717
43 45 404 2717
52 54 404 2717
65 66 404 2717
73 73 404 2717
78 78 404 2717
119 119 404 2717
45 45 55 1809
72 73 1529 3092
77 78 433 1203
10 11 2857 3072
104 105 2857 3072
0 120 498 3318
67 69 372 3179
0 120 2705 3432
62 63 386 633
12 12 2142 4258
106 106 2142 4258
54 55 724 3072
55 55 1541 3102
41 41 135 233
16 16 986 1537
111 111 986 1537
56 59 1418 1948
77 78 506 2620
60 61 349 4134
61 61 1008 3770
40 42 1068 3821
74 76 177 1398
90 91 968 2651
14 16 1450 1671
0 120 875 3426
59 60 61 3667
74 76 751 1670
30 32 1077 2594
12 14 923 2127
106 107 923 2127
39 40 1064 4237
2 3 966 1450
96 97 966 1450
0 0 2629 2632
2 3 2629 2632
5 10 2629 2632
13 13 2629 2632
15 25 2629 2632
27 32 2629 2632
63 67 2629 2632
69 72 2629 2632
76 77 2629 2632
79 86 2629 2632
88 97 2629 2632
99 104 2629 2632
107 107 2629 2632
109 120 2629 2632
16 18 581 2548
111 112 581 2548
0 120 1252 1255
34 36 70 346
5 7 147 3976
99 101 147 3976
65 65 2786 3555
0 120 2342 2575
45 46 193 1877
86 87 2629 3571
0 120 1254 2267
30 30 94 1871
64 64 2186 3001
118 119 1167 3776
58 58 88 3554
41 42 93 1646
3 4 2126 2169
96 98 2126 2169
25 25 2019 3238
119 119 2019 3238
72 73 1408 3084
9 10 3104 4214
103 104 3104 4214
75 77 599 1225
5 7 2636 2648
10 24 2636 2648
30 34 2636 2648
39 39 2636 2648
9 10 115 3098
103 104 115 3098
0 16 3203 4193
20 22 3203 4193
88 89 3203 4193
95 110 3203 4193
115 116 3203 4193
119 119 3203 4193
63 65 851 1446
21 21 488 1394
115 115 488 1394
46 47 125 1342
6 6 9 3611
47 49 2965 3089
0 0 1203 3591
91 93 1203 3591
4 5 482 825
98 99 482 825
41 46 614 3196
9 9 1589 2314
103 103 1589 2314
0 120 99 1060
31 32 30 3175
23 23 52 2934
117 117 52 2934
45 46 687 1230
76 77 2450 3582
41 41 805 1451
0 120 727 4012
0 120 1572 3838
51 52 2444 3767
0 120 563 2857
79 82 881 1446
49 50 301 2857
30 31 418 3442
81 82 58 655
0 120 1751 2268
0 120 875 877
9 10 51 3648
103 103 51 3648
4 7 634 2508
98 101 634 2508
9 10 2251 2591
14 14 2251 2591
17 19 2251 2591
21 21 2251 2591
24 25 2251 2591
27 31 2251 2591
36 39 2251 2591
46 48 2251 2591
57 58 2251 2591
103 104 2251 2591
111 112 2251 2591
115 115 2251 2591
118 118 2251 2591
42 43 300 942
23 25 2142 3587
116 119 2142 3587
13 14 225 768
107 108 225 768
40 43 309 1405
0 120 3540 3562
51 52 343 989
91 93 940 2965
83 84 1019 3258
0 120 2462 3942
33 35 1008 3099
0 120 786 4218
15 15 956 2909
109 109 956 2909
16 17 1806 2325
109 111 1806 2325
91 92 6 2535
4 5 357 1826
98 100 357 1826
39 39 312 363
47 49 28 604
69 70 253 3166
2 3 1168 3731
96 97 1168 3731
7 7 1961 3367
99 102 1961 3367
91 91 2374 2782
0 120 560 3094
115 115 409 1235
0 120 1207 1215
27 28 104 599
85 85 1121 3161
32 33 1203 3725
8 9 348 959
102 103 348 959
40 48 1827 3552
48 49 1438 2279
0 120 708 713
18 19 85 1488
112 113 85 1488
21 22 419 610
115 116 419 610
62 63 425 3808
86 87 303 435
92 93 421 656
71 72 11 2478
0 120 1306 2510
18 19 420 431
23 24 420 431
31 31 420 431
38 42 420 431
44 50 420 431
56 62 420 431
66 66 420 431
112 113 420 431
117 118 420 431
19 22 95 671
114 115 95 671
33 34 1000 2992
55 57 688 1185
37 37 27 1668
70 71 1185 1991
79 80 2386 3142
28 30 2026 2607
80 81 1300 2695
42 46 1019 2453
0 120 2934 2947
88 89 1026 1180
38 39 635 1524
0 120 1950 2962
60 61 2726 3183
0 120 1307 4024
6 7 555 1945
100 101 555 1945
0 120 3289 3296
3 4 209 1308
97 98 209 1308
76 77 71 3818
59 59 501 2648
85 86 945 2130
0 120 2185 2455
72 73 1404 2644
1 1 287 2130
95 95 287 2130
76 76 1168 3865
87 87 1944 4086
0 120 698 1472
20 22 1718 3743
114 116 1718 3743
0 120 290 3367
55 57 445 1026
0 120 281 2315
70 72 200 441
10 11 79 2366
104 105 79 2366
79 81 1352 3393
0 120 1469 3978
76 79 1806 2809
0 120 3344 3353
30 31 419 3188
83 84 659 1894
64 65 1670 2921
30 31 524 1669
1 2 923 1940
95 96 923 1940
57 59 357 3249
0 120 4216 4221
34 44 482 1443
0 120 561 2490
10 10 342 3126
103 104 342 3126
0 16 1013 1833
63 68 1013 1833
70 71 1013 1833
73 75 1013 1833
78 109 1013 1833
0 3 1197 3640
6 14 1197 3640
16 19 1197 3640
23 30 1197 3640
32 32 1197 3640
40 44 1197 3640
47 47 1197 3640
53 54 1197 3640
60 65 1197 3640
68 120 1197 3640
24 24 2623 3189
118 118 2623 3189
70 71 1474 2228
0 120 2747 3255
88 89 1606 2347
36 37 219 1972
64 65 410 3260
91 91 3238 3492
90 91 110 524
48 49 2818 2906
82 82 798 898
0 120 254 1966
35 35 385 3203
29 29 785 1602
7 7 219 2911
100 101 219 2911
73 74 441 1792
18 19 310 3029
111 112 310 3029
52 54 296 3131
0 120 3754 3759
0 1 846 3009
94 96 846 3009
22 22 46 2202
116 116 46 2202
75 75 299 396
0 120 4097 4098
0 120 391 3368
22 23 1766 2228
116 117 1766 2228
54 54 353 632
48 49 979 3538
0 120 222 1869
31 32 1493 3759
7 9 39 2162
0 120 529 4241
53 53 741 2434
71 72 417 1556
0 120 892 2603
57 59 169 1454
47 47 180 3306
0 120 519 520
57 58 240 1105
66 68 1210 2131
47 48 482 638
20 21 962 2029
114 115 962 2029
63 64 1743 2594
70 74 193 535
0 120 3033 3036
0 120 3244 3256
24 25 1013 1967
118 119 1013 1967
3 5 262 3496
96 98 262 3496
66 68 432 3153
85 87 2607 2820
1 4 1447 1670
8 8 1447 1670
10 10 1447 1670
15 20 1447 1670
53 54 1447 1670
57 59 1447 1670
65 65 1447 1670
69 70 1447 1670
74 76 1447 1670
81 81 1447 1670
84 85 1447 1670
88 89 1447 1670
91 91 1447 1670
95 98 1447 1670
102 102 1447 1670
104 104 1447 1670
109 112 1447 1670
0 120 1304 3836
17 19 743 1325
110 112 743 1325
0 120 586 587
0 0 314 653
2 10 314 653
89 104 314 653
43 44 1820 3349
72 73 3759 4237
2 2 146 288
42 46 225 581
0 120 443 1972
64 65 395 992
9 11 262 3846
103 104 262 3846
6 6 771 2969
8 8 771 2969
10 19 771 2969
24 54 771 2969
56 70 771 2969
75 77 771 2969
96 96 771 2969
100 102 771 2969
104 113 771 2969
118 120 771 2969
0 120 403 2573
47 48 506 4206
89 90 2741 3170
93 93 107 3743
40 40 1070 3790
47 65 1070 3790
73 73 770 1054
0 0 303 2342
93 94 303 2342
29 29 2228 3524
64 64 294 536
0 120 2295 2302
58 59 27 192
16 17 493 1685
110 110 493 1685
83 84 675 1167
63 64 1012 3970
8 8 69 1357
102 102 69 1357
25 26 81 428
119 120 81 428
62 63 2512 4222
65 65 124 1064
58 59 784 3554
48 49 1197 2969
63 65 72 2594
0 120 1078 1557
45 47 803 1352
105 105 694 2348
23 24 415 2933
117 118 415 2933
50 51 420 3277
80 82 372 1516
0 120 1108 2338
0 120 2389 3226
0 120 2542 3468
31 32 2174 3072
0 120 4233 4254
48 49 69 2646
65 65 351 1578
0 120 1545 1558
87 87 347 4088
51 52 160 320
0 120 2556 2585
6 8 32 2764
10 11 187 423
103 105 187 423
23 25 13 2522
116 118 13 2522
0 120 443 2106
0 120 202 3175
0 120 3035 3751
23 24 817 1758
117 118 817 1758
86 87 2186 2493
0 120 2757 3248
58 59 2762 3592
60 60 1017 3509
23 24 1736 3196
116 118 1736 3196
0 20 1197 2164
23 26 1197 2164
29 29 1197 2164
84 85 1197 2164
87 87 1197 2164
93 107 1197 2164
109 109 1197 2164
113 113 1197 2164
0 120 89 1958
90 91 371 890
47 49 54 1183
0 120 1943 3674
41 42 79 2179
80 82 371 4273
71 71 2126 2600
19 21 1606 1810
114 114 1606 1810
22 23 966 3170
116 117 966 3170
34 35 9 659
10 11 45 316
104 105 45 316
38 39 97 506
51 52 128 2071
0 120 337 1656
41 42 34 1655
20 21 2926 3592
114 115 2926 3592
52 54 105 3750
26 29 1172 2457
120 120 1172 2457
47 47 1628 2508
0 120 3019 3756
0 120 875 3402
92 93 777 2867
0 120 1069 4207
76 78 1045 1369
43 43 1225 2468
0 120 1648 3325
57 59 299 3242
97 98 2506 3356
48 51 297 2415
0 120 345 1897
50 50 1537 3494
13 15 1203 1928
107 109 1203 1928
42 42 131 625
55 57 12 3185
74 75 1132 3216
0 120 4265 4276
0 120 10 106
0 120 1634 2114
17 18 1682 3094
111 112 1682 3094
91 92 2100 3607
0 120 1890 3797
54 55 17 496
18 20 1404 2591
112 114 1404 2591
61 62 430 665
0 120 1412 2452
38 38 1854 3551
0 14 421 2831
18 20 421 2831
27 33 421 2831
37 50 421 2831
53 109 421 2831
112 115 421 2831
120 120 421 2831
56 57 1340 4269
0 120 1801 2412
29 29 125 968
60 61 350 1086
0 120 392 3941
16 16 377 2909
110 110 377 2909
0 120 289 810
12 13 1951 3110
98 98 421 3181
38 39 216 3715
0 120 541 1031
0 120 252 928
0 11 257 1272
14 22 257 1272
26 30 257 1272
32 47 257 1272
49 52 257 1272
56 56 257 1272
58 59 257 1272
62 62 257 1272
68 70 257 1272
72 73 257 1272
78 82 257 1272
84 84 257 1272
86 104 257 1272
106 106 257 1272
112 117 257 1272
119 120 257 1272
28 29 141 1097
62 64 590 923
4 5 1197 3587
4 5 2623 3136
98 98 2623 3136
47 49 1017 1899
42 42 738 3238
66 67 1447 1483
7 9 187 3135
70 71 39 4203
62 63 168 641
0 120 1014 1601
0 120 1308 1324
0 120 327 2391
33 33 1853 3110
42 43 232 1565
0 120 4213 4220
33 35 415 3901
5 5 334 2781
99 99 334 2781
28 28 1165 2709
84 85 1461 1539
0 120 98 1750
10 13 662 1334
104 106 662 1334
10 11 407 3259
104 105 407 3259
45 47 123 3500
0 120 2478 3512
0 120 950 1966
86 88 1433 2874
0 120 1658 2992
0 120 2090 2649
12 13 1013 4008
106 107 1013 4008
43 44 1467 3424
58 60 1026 1961
0 120 468 1441
0 1 294 1288
94 95 294 1288
19 19 354 1339
113 113 354 1339
73 75 1045 3142
56 58 348 3968
0 120 403 3675
40 42 685 2607
13 14 1091 1797
107 108 1091 1797
87 87 475 3551
120 120 36 2161
55 55 1132 1606
80 80 29 990
0 120 865 1262
0 120 3132 3147
39 39 66 1811
88 89 71 2155
53 54 60 3686
66 66 301 2617
76 77 306 709
86 87 306 709
103 104 306 709
107 109 306 709
111 111 306 709
44 45 421 1221
61 61 1744 3301
73 74 1348 3301
0 34 2287 2762
38 46 2287 2762
48 120 2287 2762
0 120 819 1267
6 8 225 2972
100 102 225 2972
92 93 206 478
7 8 94 4209
101 102 94 4209
66 67 13 2335
0 120 1584 3019
16 17 741 1576
110 111 741 1576
72 72 727 1678
74 76 27 2233
78 81 128 3039
67 68 1007 3947
49 51 680 3552
71 73 138 1283
89 89 255 2622
82 82 1122 2207
0 120 2247 2582
0 120 757 1520
18 23 93 1540
111 118 93 1540
29 30 2782 3872
23 25 464 2207
116 118 464 2207
73 76 2594 3821
91 91 30 1191
92 93 2817 3112
48 48 1774 3301
93 93 1091 4025
0 120 609 1807
1 2 640 1120
95 95 640 1120
76 77 1120 2511
8 15 1101 2269
17 17 1101 2269
101 111 1101 2269
74 76 705 2269
81 81 705 2269
116 116 705 2269
118 118 705 2269
37 38 89 1771
22 22 1257 2782
25 25 1257 2782
34 34 1257 2782
43 44 1257 2782
47 48 1007 1853
0 120 217 236
11 12 1503 3188
105 106 1503 3188
68 68 352 1592
119 119 770 1351
4 5 257 3984
98 99 257 3984
6 15 402 955
17 22 402 955
99 115 402 955
54 55 350 765
0 120 1586 1910
0 120 2869 2871
73 74 278 1828
68 69 312 1412
2 2 3187 3934
7 7 3187 3934
34 34 3187 3934
37 37 3187 3934
40 40 3187 3934
42 43 3187 3934
47 47 3187 3934
57 57 3187 3934
61 62 3187 3934
68 68 3187 3934
71 71 3187 3934
78 78 3187 3934
84 85 1058 2922
8 9 2413 3759
102 102 2413 3759
4 6 3301 4221
97 99 3301 4221
0 120 2232 2435
17 20 1399 2434
57 57 1399 2434
111 114 1399 2434
71 71 1232 3260
64 66 631 3794
0 120 4024 4027
0 120 2460 2824
31 31 1070 2932
64 65 56 4051
68 70 1408 2173
11 12 155 832
105 106 155 832
12 13 1944 2907
106 107 1944 2907
45 47 748 2100
55 55 278 3117
0 120 2876 2887
0 1 1675 1736
7 8 1675 1736
89 96 1675 1736
98 98 1675 1736
101 102 1675 1736
41 41 1467 2753
69 70 3538 3760
43 44 193 2255
0 120 1058 4211
0 120 1679 2609
31 33 134 1648
26 27 344 2424
120 120 344 2424
77 79 1001 1233
79 85 1164 2163
0 120 2702 2707
0 120 3562 3565
41 43 1193 1403
45 45 603 2126
53 53 603 2126
57 59 603 2126
66 70 603 2126
74 76 603 2126
85 85 603 2126
0 120 1530 4206
59 60 348 3297
0 5 1999 2964
8 10 1999 2964
92 104 1999 2964
0 120 483 489
53 54 629 2758
82 83 309 2588
25 26 1195 2415
119 120 1195 2415
92 92 66 3584
12 13 1821 1911
106 107 1821 1911
0 1 374 1485
93 95 374 1485
0 120 3574 3575
64 64 372 658
39 39 1543 3098
0 120 1615 2974
55 57 968 3163
15 17 430 1767
108 111 430 1767
58 59 277 2491
74 74 2904 3191
79 79 2904 3191
81 90 2904 3191
89 90 232 1028
0 12 85 1732
15 16 85 1732
18 18 85 1732
22 24 85 1732
49 50 85 1732
54 54 85 1732
57 81 85 1732
84 120 85 1732
0 1 1004 3759
94 94 1004 3759
15 16 806 1300
109 110 806 1300
0 120 859 1126
0 120 1853 1984
23 24 1989 3565
117 118 1989 3565
0 120 3052 3062
0 120 2916 3201
0 120 1047 3806
0 120 2829 3956
82 83 1167 2410
0 120 568 3579
10 12 1961 2456
104 106 1961 2456
12 12 101 2615
105 106 101 2615
29 30 204 3302
45 47 856 1013
0 120 2055 2091
0 120 317 3179
0 120 2247 2261
75 76 2875 3550
0 120 1376 2934
0 120 2776 2790
0 120 1212 1779
0 120 3636 3648
18 18 418 4170
112 113 418 4170
0 120 1621 3704
12 12 1225 3704
105 106 1225 3704
76 77 1891 3565
0 120 15 747
49 50 975 3529
36 37 856 1363
70 70 6 2913
109 113 1064 2066
105 105 436 2497
8 8 735 844
102 102 735 844
75 75 3555 3659
10 12 542 1203
104 106 542 1203
51 53 1438 1718
0 120 1918 3109
56 58 128 1563
27 29 296 1147
4 7 1225 1610
98 100 1225 1610
74 74 2393 2621
16 16 2909 3669
110 110 2909 3669
87 88 1856 3170
0 120 744 748
15 20 1136 2292
108 113 1136 2292
0 120 202 2451
0 120 107 1625
0 120 965 1656
8 9 1457 2118
102 103 1457 2118
0 73 206 3324
79 85 206 3324
89 120 206 3324
38 39 524 1913
52 64 2100 2749
16 17 1068 1784
110 111 1068 1784
61 62 68 357
54 54 138 1096
0 120 274 2677
88 88 143 3160
0 120 1593 1605
11 13 189 1815
105 107 189 1815
82 82 934 1969
17 17 1830 3238
110 111 1830 3238
23 24 32 3329
116 118 32 3329
34 35 278 352
0 120 1702 3992
0 120 1136 1137
69 70 1678 2652
63 64 1674 1944
25 26 12 3616
119 119 12 3616
57 58 2228 3284
50 50 277 881
117 117 51 538
30 30 374 4197
2 3 240 999
96 97 240 999
0 120 1501 2955
22 25 257 414
117 119 257 414
34 35 1232 4228
79 79 375 635
32 34 631 2318
0 120 2224 2761
91 92 3112 3223
51 52 2103 2242
16 16 957 990
63 64 2607 4219
76 78 1091 1744
0 120 29 937
46 47 1675 2704
77 78 2513 3803
0 120 1085 3427
18 18 314 2052
112 112 314 2052
85 86 436 2981
76 78 1222 1446
89 91 60 3633
27 28 1051 1564
0 120 1309 4074
74 74 160 2524
0 120 564 2385
66 67 371 2744
59 61 367 1282
0 120 1586 3012
0 120 1744 3598
73 75 1026 1103
86 87 1496 1806
55 57 96 415
0 120 1328 1441
119 119 13 2632
72 73 168 2011
0 120 1571 1576
17 18 225 4208
111 112 225 4208
0 1 232 2935
94 95 232 2935
0 120 1727 2089
87 88 13 3571
1 3 402 3346
95 96 402 3346
12 13 300 1349
106 107 300 1349
39 40 760 2273
48 50 760 2273
55 55 760 2273
57 57 760 2273
46 46 1398 4250
0 120 1768 3029
0 120 1608 1616
84 87 856 1981
77 78 554 3336
0 1 657 1771
94 95 657 1771
50 52 299 2063
52 52 256 1427
38 38 1061 2386
0 120 1109 1114
10 11 861 1012
104 105 861 1012
47 48 1819 2967
56 57 293 2248
89 91 404 1298
84 85 130 2227
16 18 1682 1915
110 112 1682 1915
45 46 407 2535
79 79 2444 3958
63 63 3187 4231
18 19 2287 3193
112 113 2287 3193
0 120 764 1991
13 14 401 1185
107 108 401 1185
82 84 1676 3039
0 120 877 1114
9 10 316 2767
102 104 316 2767
63 64 297 2525
0 120 820 2300
2 2 51 806
12 13 51 806
20 20 51 806
26 30 51 806
37 38 51 806
47 48 51 806
69 70 51 806
95 96 51 806
106 107 51 806
114 114 51 806
120 120 51 806
15 15 352 734
108 109 352 734
71 72 432 3881
0 120 2283 2670
17 19 144 970
112 112 144 970
32 33 968 2171
54 55 488 780
87 88 352 4117
0 120 2738 3250
39 40 415 1433
0 120 1072 4214
55 56 225 1309
0 120 1471 1479
0 120 1154 1772
37 43 168 2495
53 55 851 1771
0 120 572 2356
81 82 2736 3554
17 18 1194 2110
111 112 1194 2110
79 80 146 1955
0 120 3685 3703
25 26 309 2885
119 120 309 2885
0 120 3745 3754
42 42 1606 2054
30 30 88 1196
33 34 659 1951
71 71 394 2434
0 120 786 1726
0 120 1010 3871
0 120 1781 3748
34 34 777 3111
68 69 32 2203
43 43 3110 3364
35 37 863 2131
74 74 846 2716
76 78 846 2716
38 40 95 273
35 36 348 2439
69 70 3092 3724
49 50 482 2439
91 93 629 1900
88 90 44 2967
40 40 2783 3908
0 18 1203 2172
20 20 1203 2172
70 72 1203 2172
74 75 1203 2172
78 78 1203 2172
83 111 1203 2172
44 46 105 1900
0 0 1858 3564
93 94 1858 3564
27 28 856 1310
76 78 238 2429
0 120 1623 3697
5 6 134 2079
99 100 134 2079
10 10 1404 2835
0 120 626 1787
45 46 2228 4036
62 64 846 4005
82 82 34 155
18 18 173 2973
112 112 173 2973
31 32 238 3368
52 54 1678 2815
7 9 1045 2902
101 103 1045 2902
60 61 482 3728
0 120 1060 1490
0 120 2259 2568
30 30 454 2434
85 86 1658 3102
0 120 3633 3647
0 0 690 1398
91 94 690 1398
52 53 1397 2014
80 80 554 571
53 54 1675 3456
0 120 2045 2235
16 17 226 2203
110 111 226 2203
0 120 2917 2918
91 93 331 2219
78 81 1590 2594
0 120 3372 3498
72 74 400 3487
34 34 56 1233
0 120 988 3657
44 45 367 1095
3 5 976 2142
97 99 976 2142
8 8 2314 3564
102 102 2314 3564
38 40 1168 2312
91 91 461 2450
92 93 1433 1829
78 79 2859 3098
0 120 142 1916
27 30 180 2208
0 120 1145 2328
0 120 983 4252
47 48 52 710
58 58 349 2394
2 3 299 587
96 97 299 587
0 120 753 757
0 77 235 3046
80 86 235 3046
89 120 235 3046
81 83 1045 2097
0 120 2984 2985
9 10 45 2922
103 104 45 2922
57 58 482 2923
0 120 2684 2693
0 120 210 2989
0 120 1357 3123
36 37 209 1044
41 41 209 1044
114 114 209 1044
118 120 209 1044
79 80 2058 3170
0 120 671 2795
79 80 19 2640
56 59 743 2671
0 120 3556 3561
0 120 223 1881
0 120 3707 3730
0 120 221 1054
29 29 262 1809
21 23 12 880
115 116 12 880
27 29 134 2563
0 120 339 2995
16 17 230 2271
110 111 230 2271
0 120 633 998
9 11 743 3610
103 105 743 3610
24 25 1397 2148
118 119 1397 2148
24 24 72 2651
117 118 72 2651
46 47 777 2440
0 120 820 824
61 62 1000 1923
38 38 938 1045
10 12 420 3334
105 105 420 3334
9 9 1008 4258
103 103 1008 4258
54 55 256 2179
42 43 2126 3462
7 8 1962 3997
0 120 2344 2601
0 120 3437 3438
89 90 366 1004
40 41 968 4078
39 40 598 2293
72 73 932 1415
88 88 1102 4078
0 120 797 3442
32 33 1162 2631
61 62 408 2169
0 120 1359 3145
14 15 294 2821
108 109 294 2821
79 80 1070 3042
67 68 73 1132
49 50 558 2867
50 51 331 3642
7 7 155 942
101 101 155 942
14 15 186 255
107 108 186 255
0 120 2230 2657
69 70 1197 1282
55 56 1319 2965
29 30 2532 3187
54 56 186 1194
63 64 839 2513
0 120 601 1409
73 74 2965 3227
24 25 1602 3438
118 119 1602 3438
26 28 415 2185
120 120 415 2185
18 19 1676 4141
112 112 1676 4141
35 35 353 1307
43 44 946 1821
42 43 2623 2709
0 120 3456 3464
0 120 2301 2658
70 72 3079 3706
17 17 1537 2262
110 111 1537 2262
36 37 1193 2452
70 72 367 424
0 120 644 3176
0 120 7 4053
0 120 2939 2945
27 29 2696 3187
0 120 789 1056
96 96 421 660
74 77 209 2467
29 30 940 1225
0 120 905 2170
5 6 60 4064
100 100 60 4064
88 88 2591 2612
0 120 2675 3249
88 90 402 1549
45 46 147 276
0 120 444 1960
44 45 793 2868
71 72 246 255
0 120 2825 3947
25 26 946 3110
119 120 946 3110
86 88 631 4038
76 78 2269 3500
44 45 691 2591
0 0 2444 4255
93 94 2444 4255
68 71 429 2591
76 77 2029 4013
24 24 33 147
117 118 33 147
41 41 1418 3859
0 120 601 604
83 84 17 553
79 80 13 3063
0 120 1617 3695
64 65 155 1426
2 3 714 3110
96 97 714 3110
49 51 430 4105
0 1 58 1493
94 95 58 1493
20 22 1008 3587
114 115 1008 3587
4 6 562 1026
98 100 562 1026
0 1 350 3587
4 4 350 3587
87 95 350 3587
98 98 350 3587
107 107 350 3587
0 120 4264 4266
0 120 1633 2104
10 12 65 3603
104 106 65 3603
29 34 311 626
41 41 1190 1534
0 120 648 4183
69 80 1226 1945
84 85 1226 1945
0 120 2530 3783
55 55 1682 1996
8 9 1771 3731
102 102 1771 3731
67 68 252 985
52 52 2922 3075
77 77 1064 3115
0 120 1241 2253
8 9 741 3593
102 103 741 3593
33 34 20 3079
12 14 2442 2623
106 108 2442 2623
0 120 496 564
34 35 694 3023
57 59 2607 2690
63 65 1910 2762
29 32 17 2781
0 120 2402 3224
30 30 189 4019
24 26 767 1781
118 120 767 1781
78 79 418 3125
0 120 4060 4062
23 24 58 338
117 118 58 338
48 49 612 1678
66 68 120 1970
86 87 2501 3203
38 39 2291 3393
60 62 847 3238
0 120 883 2895
0 120 1583 1586
56 57 277 3085
75 76 814 846
62 62 738 4234
65 65 411 3085
16 16 2228 3044
109 110 2228 3044
6 8 277 641
100 102 277 641
68 70 2386 3630
15 16 710 2186
109 111 710 2186
0 120 1321 4060
78 80 1091 3598
0 120 1420 3285
53 54 102 3269
0 120 917 2664
0 1 189 1925
93 95 189 1925
69 69 51 3681
0 120 424 2731
13 14 240 4142
107 108 240 4142
0 1 2629 3738
94 95 2629 3738
24 25 1132 3757
118 119 1132 3757
0 120 3534 3615
90 90 65 354
14 18 629 3136
108 111 629 3136
31 31 238 282
6 6 1198 3064
100 100 1198 3064
62 62 451 1329
49 49 631 2428
0 120 1018 1376
0 120 233 3321
40 40 350 688
81 83 1771 3865
90 91 1671 1941
0 120 231 242
43 44 1196 3368
69 70 301 1735
20 21 17 1976
113 115 17 1976
24 25 1708 2762
117 119 1708 2762
76 77 1259 1438
72 73 51 2526
69 71 350 1627
97 97 1045 4138
60 60 94 883
0 120 1783 3286
67 68 1193 4009
7 8 69 2516
101 101 69 2516
0 120 929 930
0 120 595 1808
8 10 1371 2029
18 18 1371 2029
29 29 1371 2029
32 32 1371 2029
40 41 1371 2029
44 45 1371 2029
80 81 1371 2029
104 104 1371 2029
0 2 1668 3713
93 95 1668 3713
0 120 443 1976
0 120 1212 1218
88 89 1678 1957
89 89 995 2681
0 120 630 1802
78 79 3104 3226
37 39 3238 3980
46 46 144 596
0 120 1351 2501
0 120 124 129
0 120 984 987
71 73 1168 3548
4 5 1398 4010
98 99 1398 4010
18 19 25 123
112 113 25 123
117 117 9 3562
59 59 160 1479
18 19 1011 2783
112 113 1011 2783
13 14 438 2921
107 108 438 2921
0 120 3841 3842
39 39 133 2285
9 10 1017 1285
103 104 1017 1285
53 54 0 2695
47 47 130 1987
0 120 775 2691
9 11 1420 1675
103 105 1420 1675
0 120 269 833
47 49 350 1761
99 99 102 1659
80 82 2906 3749
23 23 60 3877
116 117 60 3877
86 88 1796 1962
33 35 760 3322
0 120 495 3805
42 44 968 4025
0 120 38 3337
43 45 771 2168
57 58 506 3405
44 46 905 2922
27 29 1397 3384
20 22 934 1408
114 116 934 1408
24 26 395 3574
118 120 395 3574
0 40 352 494
42 42 352 494
47 52 352 494
57 58 352 494
60 120 352 494
0 120 305 648
7 8 135 1957
101 102 135 1957
0 120 1382 3261
23 26 1327 3554
117 120 1327 3554
34 36 1017 2574
33 35 535 1110
0 120 2357 2379
28 30 187 3810
0 120 3260 3873
37 38 342 715
40 41 827 2450
0 120 1585 3031
52 53 131 1434
33 35 2269 3663
80 80 837 1825
34 34 386 3646
0 1 771 3457
91 94 771 3457
33 33 413 3749
0 120 3386 3396
23 24 1261 3092
117 118 1261 3092
42 45 934 2697
33 34 316 3816
0 120 1474 4139
69 69 765 3642
67 68 1537 2209
5 5 367 371
19 20 367 371
28 30 367 371
32 33 367 371
37 40 367 371
44 44 367 371
47 49 367 371
51 52 367 371
54 54 367 371
58 58 367 371
62 67 367 371
99 99 367 371
113 114 367 371
4 6 315 1901
98 100 315 1901
48 48 311 439
3 4 629 3754
97 98 629 3754
69 70 1479 3170
19 20 584 2291
112 114 584 2291
47 48 692 1070
97 97 294 1963
17 19 39 3134
111 112 39 3134
8 9 760 3456
90 91 1758 1804
0 120 875 3406
76 76 61 1203
0 120 1767 3021
60 60 2617 3191
62 63 1235 3160
1 2 2506 3360
95 96 2506 3360
26 26 51 3144
120 120 51 3144
22 23 2616 2966
116 117 2616 2966
40 42 94 562
0 120 1183 2246
48 49 85 2728
15 23 451 2297
26 26 451 2297
109 117 451 2297
120 120 451 2297
15 17 1702 3565
109 111 1702 3565
0 120 1294 1296
34 34 2142 3083
0 2 1170 3704
94 95 1170 3704
68 70 659 3000
26 26 2293 3252
120 120 2293 3252
49 50 1398 3339
65 67 30 3960
70 70 539 2117
47 48 52 3719
0 120 561 3596
50 50 24 1671
67 68 141 2256
0 120 2106 2113
0 120 2966 2971
0 120 1018 3283
81 82 27 2908
0 120 2272 3314
65 67 135 2441
0 120 355 495
104 105 133 1614
1 5 310 3196
11 15 310 3196
18 18 310 3196
20 20 310 3196
22 22 310 3196
24 24 310 3196
65 66 310 3196
71 72 310 3196
74 74 310 3196
80 80 310 3196
84 85 310 3196
87 90 310 3196
94 99 310 3196
105 109 310 3196
112 112 310 3196
114 114 310 3196
82 84 3025 3551
0 0 339 1682
0 120 2360 2380
30 31 257 337
0 120 162 3483
26 28 1334 3704
120 120 1334 3704
18 25 126 1574
112 119 126 1574
43 45 334 557
32 33 65 3550
60 61 1820 1877
80 80 409 4114
0 120 2408 2801
69 70 104 1034
56 58 2621 3848
1 3 105 3888
96 96 105 3888
62 65 232 3663
0 120 335 2098
90 90 438 3539
0 120 3858 3875
0 0 85 1923
92 93 85 1923
32 34 28 1389
87 88 429 1733
70 73 1841 3104
0 120 1416 2174
37 37 1452 1831
32 33 934 4120
12 14 65 1456
106 107 65 1456
13 14 2782 3392
107 108 2782 3392
73 74 2367 2396
48 49 696 3016
0 120 630 676
115 115 508 2965
0 120 1409 2134
87 89 3759 4054
16 18 631 1086
110 111 631 1086
0 120 2212 2458
89 91 51 245
0 120 1100 4008
0 120 1621 2956
4 4 230 4125
98 98 230 4125
0 120 2914 2915
70 71 75 804
84 86 968 1610
0 120 1885 3002
82 82 429 3022
22 25 1962 2468
117 118 1962 2468
84 85 315 3674
74 76 1041 1334
83 84 12 3673
12 12 277 938
14 17 277 938
22 27 277 938
106 111 277 938
114 120 277 938
0 120 3408 3423
88 90 409 3309
79 79 760 1846
80 81 717 1210
74 75 180 3257
23 23 259 3550
117 117 259 3550
36 37 2129 2581
91 92 1162 3546
60 61 126 1708
0 0 475 2616
3 5 475 2616
16 16 475 2616
19 20 475 2616
42 42 475 2616
51 51 475 2616
56 56 475 2616
63 70 475 2616
88 91 475 2616
93 94 475 2616
97 98 475 2616
69 69 1172 1790
48 49 67 347
84 86 299 1636
47 48 242 1102
55 56 2262 3110
0 120 2279 2525
36 38 438 2734
43 43 491 1806
49 49 351 1130
80 81 157 240
0 120 3438 3450
39 41 953 3557
65 65 374 2160
46 47 255 748
5 7 1724 2653
99 101 1724 2653
31 34 134 229
89 90 2339 2926
98 98 39 369
105 108 39 369
114 118 39 369
38 40 357 3684
0 120 185 194
32 34 1102 3249
27 27 357 651
17 17 2404 2762
111 111 2404 2762
38 40 1132 2899
51 53 1190 2315
66 68 1670 3706
27 27 2202 2254
0 120 512 1878
50 50 1045 2341
0 120 1144 2320
1 5 850 1873
95 99 850 1873
0 11 409 410
14 105 409 410
108 120 409 410
10 11 1467 2973
104 105 1467 2973
30 32 182 1185
31 32 1374 2782
87 88 256 1134
0 120 1799 2022
46 46 1520 2607
50 51 16 1647
83 83 155 1991
52 54 12 4157
62 63 63 3156
85 86 488 1642
92 96 25 420
35 36 104 713
42 43 240 1540
0 120 3152 3163
41 42 989 3321
14 16 1359 2100
108 110 1359 2100
44 46 13 3978
45 47 294 1776
0 120 1572 3147
105 105 168 3357
0 120 202 2187
0 120 2093 2095
23 24 1800 2782
116 118 1800 2782
68 71 659 1874
1 4 243 498
7 12 243 498
14 35 243 498
37 46 243 498
48 48 243 498
50 79 243 498
82 84 243 498
95 96 243 498
101 105 243 498
108 120 243 498
0 120 497 3798
9 10 204 2233
103 103 204 2233
9 10 307 1422
103 104 307 1422
35 35 1527 2623
54 55 497 765
39 40 406 2367
74 75 1820 2845
0 120 572 3568
0 120 1434 2809
16 20 551 1001
110 114 551 1001
0 120 281 1140
16 18 98 1433
109 112 98 1433
16 16 2020 2906
108 110 2020 2906
0 120 1058 4215
0 120 1631 1633
11 12 316 2824
105 106 316 2824
68 68 187 724
0 120 3370 3399
25 26 914 1992
119 120 914 1992
0 120 1530 4210
106 108 432 3938
46 47 53 909
0 120 2931 2948
68 68 123 4122
79 80 706 2228
0 120 639 1006
0 0 30 1679
93 94 30 1679
0 120 3514 3528
71 73 135 3193
0 1 1446 3169
93 95 1446 3169
73 73 522 606
57 57 413 1602
88 90 34 1017
80 85 1421 3112
41 43 1001 2526
49 50 1438 2527
0 120 333 1838
0 120 1581 3744
6 7 0 3126
100 101 0 3126
0 120 3972 3975
67 67 844 1007
0 120 4232 4279
61 62 414 3116
80 81 2324 2512
0 120 205 498
0 120 862 2717
63 64 36 689
0 120 1254 1255
0 120 1402 4159
99 99 1102 3867
38 39 130 324
70 71 371 3419
17 17 990 1182
111 111 990 1182
16 17 1102 1423
110 111 1102 1423
87 89 353 3779
62 62 229 2023
0 120 1101 1952
0 120 15 751
34 34 856 1367
69 70 168 1747
10 13 629 2896
104 106 629 2896
50 50 386 3138
24 25 1881 2292
118 119 1881 2292
0 4 2648 2959
45 48 2648 2959
50 58 2648 2959
60 68 2648 2959
70 71 2648 2959
73 75 2648 2959
77 78 2648 2959
82 84 2648 2959
87 88 2648 2959
91 92 2648 2959
0 0 131 1865
93 94 131 1865
70 70 294 3549
76 77 1001 1721
0 120 1831 3868
68 68 1461 2645
0 120 1318 4057
55 56 399 2030
28 29 411 1101
0 120 213 3368
63 64 1438 2661
17 17 1121 2954
111 111 1121 2954
108 108 2303 3863
0 120 3082 3601
72 73 950 3072
89 91 2139 2708
87 88 382 3554
46 46 1091 2553
84 86 428 2209
82 82 488 2260
28 29 1004 3308
107 108 923 2188
89 89 260 3564
0 0 2904 3679
92 94 2904 3679
0 120 15 2979
8 11 3372 3555
102 105 3372 3555
0 120 2687 2698
67 67 2138 2456
92 92 385 2512
117 118 524 2856
71 73 1303 2594
24 24 2922 4258
118 118 2922 4258
0 120 933 1563
91 92 35 413
0 120 1373 1835
0 120 884 2610
0 120 1608 2641
56 58 932 1338
0 120 3089 3617
40 41 342 3724
0 120 1495 3703
32 33 760 4237
29 29 803 2621
12 13 395 1106
26 27 433 1398
120 120 433 1398
53 53 771 3083
41 44 262 1516
17 26 301 690
29 33 301 690
36 36 301 690
39 47 301 690
50 55 301 690
57 58 301 690
60 65 301 690
71 72 301 690
75 80 301 690
111 120 301 690
37 38 1070 3904
0 120 3668 3674
11 11 306 2754
105 105 306 2754
87 88 373 3976
76 77 1203 2713
35 36 28 531
62 62 757 2626
70 72 1170 2041
43 44 65 598
54 55 130 1747
74 75 885 1091
0 120 3440 3443
22 24 3555 4147
116 118 3555 4147
72 74 2373 3238
80 83 609 2913
0 120 710 3719
69 70 294 1589
23 26 311 1004
117 120 311 1004
68 68 3112 3577
37 38 1668 2668
40 40 880 932
10 11 255 4078
104 105 255 4078
89 91 135 778
46 48 1013 2215
0 120 1811 2195
0 120 1773 1903
9 9 93 3935
102 103 93 3935
119 119 1161 3776
0 120 2276 3463
72 72 354 1990
0 120 1204 2160
30 30 2799 3238
37 37 39 666
92 93 1565 2139
17 17 603 1004
108 109 19 953
35 36 263 3565
77 77 1046 2513
0 31 187 537
33 37 187 537
52 120 187 537
24 26 856 4079
118 120 856 4079
0 120 610 1394
0 120 3273 3279
13 15 126 4233
107 109 126 4233
0 1 408 3165
94 95 408 3165
50 54 103 2529
0 120 578 3576
0 120 1942 2247
5 5 891 1821
99 99 891 1821
87 89 2228 3772
47 47 1398 4254
19 21 350 4099
113 115 350 4099
0 120 329 3222
0 120 4188 4194
90 90 311 3582
3 3 2909 3352
96 98 2909 3352
74 75 1825 2786
78 78 402 3700
42 45 808 1944
39 40 1654 2904
69 71 1408 3629
0 1 1026 3335
93 95 1026 3335
34 36 793 2575
90 91 1259 1816
0 120 1888 4239
0 120 935 938
41 41 2292 2602
0 1 277 2658
3 5 277 2658
8 10 277 2658
12 14 277 2658
36 36 277 2658
40 56 277 2658
59 59 277 2658
65 67 277 2658
73 77 277 2658
84 95 277 2658
97 99 277 2658
102 104 277 2658
106 106 277 2658
56 56 932 4050
24 26 1068 1467
118 119 1068 1467
25 25 235 2432
0 120 195 1313
0 3 749 2653
87 98 749 2653
34 34 387 1483
92 93 373 3305
7 8 2138 3074
101 102 2138 3074
0 94 27 2668
96 96 27 2668
114 120 27 2668
16 19 691 2648
110 113 691 2648
85 87 2269 3557
31 31 625 4280
0 120 1810 2454
50 51 36 3885
67 68 125 3176
62 63 3203 3583
9 10 2095 2623
103 104 2095 2623
58 59 1467 3054
0 120 656 2812
46 48 350 3294
0 120 1998 3444
24 31 131 1678
119 120 131 1678
82 84 430 779
0 120 1058 2068
0 120 15 1503
88 93 679 1483
9 11 923 4095
103 104 923 4095
51 58 1957 2100
49 52 214 400
0 0 103 3013
94 94 103 3013
61 63 1193 2643
0 120 1917 1920
119 119 169 2320
43 44 313 3762
74 76 1340 1350
41 42 120 4121
0 120 3246 3256
76 77 2067 2618
0 120 1583 3737
0 120 544 3136
35 36 1165 1534
0 120 22 3963
46 47 1068 1601
32 33 677 1945
2 3 56 1103
6 6 56 1103
10 11 56 1103
13 13 56 1103
49 50 56 1103
59 60 56 1103
68 68 56 1103
71 72 56 1103
80 82 56 1103
93 93 56 1103
96 97 56 1103
100 100 56 1103
104 104 56 1103
107 107 56 1103
47 49 131 3906
67 68 2450 4261
89 91 187 3249
2 3 686 2438
96 97 686 2438
0 120 1366 3860
24 32 414 3413
113 115 414 3413
118 120 414 3413
81 83 1333 3188
56 58 1398 3583
22 23 374 4014
32 32 133 919
69 79 2967 3440
21 22 2244 2291
115 116 2244 2291
84 93 1408 2019
52 53 867 914
17 18 2202 2819
111 112 2202 2819
76 76 30 1171
0 120 797 1084
0 120 3290 3312
93 93 593 2782
0 120 925 1269
70 71 1821 2346
69 69 374 1920
0 120 1061 2069
6 8 1570 1946
100 101 1570 1946
83 85 262 2618
0 120 2039 2424
45 46 311 4200
50 52 1352 3938
0 120 1794 1839
66 67 1102 3009
52 52 395 3147
12 13 2692 3743
106 107 2692 3743
10 11 1045 4195
104 105 1045 4195
19 22 16 118
113 116 16 118
77 78 2130 3451
0 33 2629 2640
36 40 2629 2640
47 49 2629 2640
55 55 2629 2640
58 120 2629 2640
66 67 1677 2193
31 32 257 1870
0 120 1738 3600
87 89 294 2691
24 25 2976 3098
118 118 2976 3098
0 120 1431 2137
59 60 390 3153
0 120 2668 2753
19 22 39 1418
113 115 39 1418
21 21 1128 2136
115 115 1128 2136
0 1 1207 3183
94 95 1207 3183
35 36 13 2449
0 120 2473 2477
68 68 11 124
15 16 155 812
109 110 155 812
35 36 293 776
0 120 2684 2697
22 23 72 777
115 116 72 777
29 30 1070 3851
0 120 211 1875
0 120 2298 2661
37 39 131 1357
0 120 540 4036
85 87 173 2522
22 22 264 1886
44 45 2186 3359
2 3 257 715
96 97 257 715
0 120 754 1521
0 120 1287 1984
67 69 826 1397
0 15 1352 3133
17 74 1352 3133
77 77 1352 3133
82 83 1352 3133
91 105 1352 3133
108 108 1352 3133
110 120 1352 3133
39 39 1340 1618
0 120 4242 4243
34 34 173 3461
13 14 255 4025
107 108 255 4025
27 30 1026 3148
0 120 1490 4006
0 120 98 3287
12 13 423 1357
106 107 423 1357
0 120 2174 2194
29 30 1840 3072
81 82 1203 3949
19 21 535 817
114 114 535 817
78 79 409 2398
87 88 1128 1331
0 120 1819 3134
69 69 16 3635
55 56 437 659
59 60 41 659
0 120 2916 3181
51 52 54 3338
8 10 262 4041
102 104 262 4041
1 14 348 3061
17 19 348 3061
26 26 348 3061
90 92 348 3061
95 95 348 3061
97 107 348 3061
112 113 348 3061
120 120 348 3061
0 0 767 2456
92 94 767 2456
41 42 65 2184
0 120 958 2990
34 36 932 1769
12 12 985 3847
105 106 985 3847
47 47 1742 3072
51 51 1742 3072
53 53 1742 3072
56 57 1742 3072
64 65 1742 3072
74 75 1742 3072
82 83 1742 3072
89 91 1742 3072
75 75 1460 4140
45 45 1771 2312
0 120 1554 3775
60 60 4 2470
35 36 410 906
73 74 134 1762
31 31 349 2882
0 120 183 900
82 82 451 4098
84 86 420 2533
0 120 2457 3956
25 25 1614 2513
119 119 1614 2513
21 23 708 721
115 117 708 721
73 73 386 670
92 92 372 772
0 120 644 3180
11 12 635 3626
105 106 635 3626
0 120 2125 2436
0 120 236 1665
0 120 621 1476
76 77 1168 4089
0 120 841 1250
5 7 404 1249
2 3 524 1543
96 97 524 1543
80 89 1845 3550
91 91 1845 3550
29 31 441 3760
84 84 444 1025
13 14 299 2364
106 108 299 2364
83 83 1171 2293
30 32 334 2358
89 89 75 377
0 3 390 3421
87 93 390 3421
96 96 390 3421
85 85 295 2595
0 120 782 1959
8 9 386 1959
101 103 386 1959
64 65 2617 4187
15 17 738 4104
109 111 738 4104
89 90 1397 2986
33 34 717 783
0 120 1590 3566
30 31 1829 1862
0 120 2746 3254
88 89 14 1040
0 120 2820 3957
91 92 277 3894
6 7 411 3894
99 101 411 3894
46 47 423 3719
0 120 378 2256
47 48 128 3771
69 71 310 809
6 6 1091 1374
100 100 1091 1374
85 87 743 2354
0 120 1113 1133
43 45 53 1153
0 120 2169 3623
4 4 156 342
98 98 156 342
37 37 63 151
37 37 209 1666
83 84 1007 1646
0 120 422 2713
55 57 193 2853
0 120 1516 1523
92 92 2512 3962
0 120 604 2195
39 39 1094 4274
0 120 538 3827
22 24 390 1677
116 118 390 1677
0 120 648 4187
78 79 1231 2293
0 120 615 1795
38 38 934 3238
40 41 934 3238
46 61 934 3238
0 120 561 2498
82 84 2909 3783
57 57 4 860
0 120 243 3320
8 9 625 3422
102 103 625 3422
0 0 193 759
92 93 193 759
56 56 95 224
64 66 659 2252
70 72 1471 2130
61 63 367 1851
0 120 191 4069
67 67 36 3966
42 43 1395 2293
80 80 292 1677
87 87 58 3725
0 120 3026 3028
0 120 2002 2705
0 1 1164 1606
95 95 1164 1606
7 8 1334 2017
101 102 1334 2017
16 17 2581 4075
110 111 2581 4075
45 45 52 3910
72 74 430 3304
0 120 917 2668
39 43 146 3545
0 120 4115 4123
68 69 1195 1858
0 120 2481 3090
0 120 1361 1369
97 97 5 307
0 120 476 2144
33 34 2057 2762
0 120 101 769
0 120 1722 1725
0 120 1018 1380
0 120 1620 3700
47 48 2444 2649
40 42 721 2325
51 53 1927 2130
90 91 1094 1375
0 120 1388 3542
80 81 130 1857
13 14 54 2801
107 107 54 2801
73 73 1334 4245
0 120 1645 1663
78 79 480 923
43 46 1170 3090
61 62 354 1750
0 120 1247 2556
0 120 1988 2002
0 120 1639 1848
0 120 4008 4010
85 85 257 1817
92 92 255 1744
87 88 1167 2792
0 120 3431 3440
66 66 19 713
0 120 3317 3338
0 120 2649 2650
36 37 390 3100
2 2 558 2684
96 96 558 2684
27 29 1483 3937
6 7 1170 3440
4 5 351 2391
98 99 351 2391
77 78 3183 4277
66 68 2291 3881
13 14 95 4091
46 46 1165 2315
26 28 631 1627
120 120 631 1627
48 49 2293 3927
4 4 216 3105
98 98 216 3105
62 62 952 2207
43 43 351 2741
0 120 3498 3507
4 4 146 4029
21 23 146 4029
26 28 146 4029
31 49 146 4029
57 61 146 4029
98 98 146 4029
116 117 146 4029
120 120 146 4029
76 76 48 488
0 120 192 1930
6 8 6 262
99 101 6 262
5 7 1606 1684
99 101 1606 1684
0 120 1389 3147
41 43 348 4163
0 120 714 3732
88 89 313 944
41 43 760 2387
0 120 3150 3174
9 9 1677 3779
16 17 771 1233
110 111 771 1233
14 15 678 2762
108 109 678 2762
47 47 419 781
37 38 983 2809
68 70 262 3049
55 56 4140 4263
60 61 1757 2203
49 49 69 2654
89 90 251 416
64 67 2594 3077
0 120 3356 3400
60 61 765 2357
71 71 352 2942
0 120 164 2891
25 27 372 1874
119 120 372 1874
37 38 1017 2578
60 61 2102 3554
0 120 2057 2091
55 56 2117 2896
80 81 351 1936
14 14 1676 3153
107 108 1676 3153
75 76 134 1709
12 13 349 2829
106 107 349 2829
0 120 239 971
28 28 1190 3445
0 120 794 3445
59 59 1019 3563
118 118 1019 3563
0 120 1215 1223
24 25 2528 2615
118 119 2528 2615
41 42 241 1017
85 86 1340 4143
0 120 211 2306
82 83 187 1720
0 120 1919 2507
1 2 628 2594
95 96 628 2594
0 120 2925 3190
62 63 349 3179
92 93 693 3743
74 75 1894 2450
33 37 923 4205
74 74 302 2609
27 27 2561 2913
2 2 386 4000
95 96 386 4000
34 35 1518 3102
0 120 1844 3272
46 47 2558 2615
54 54 1821 2322
46 46 133 2773
0 120 368 3579
51 53 1872 2287
7 8 738 3112
101 102 738 3112
0 120 1490 1993
86 87 404 1546
44 45 2582 4140
56 57 1195 3765
38 38 56 4246
0 120 647 3933
0 120 1834 2934
0 120 628 1439
27 28 1404 1660
44 46 297 1834
76 79 1025 1075
72 72 13 2075
100 102 13 2075
105 108 13 2075
110 111 13 2075
115 120 13 2075
36 38 178 2142
15 19 1420 3102
110 113 1420 3102
0 120 1499 4149
0 120 1530 3462
0 120 2134 2445
28 29 682 1675
49 49 169 336
0 120 561 3600
92 93 130 381
0 120 2229 2682
34 35 814 1013
24 25 948 1013
117 119 948 1013
0 120 3009 3022
21 21 1132 3574
0 120 2396 2795
0 120 49 392
0 120 2552 2554
0 120 162 3487
0 120 845 1265
0 120 265 2676
14 16 2131 4217
108 109 2131 4217
15 17 1170 1964
110 111 1170 1964
29 29 3114 3196
86 87 788 1670
16 17 679 2666
110 111 679 2666
9 11 1418 3005
103 104 1418 3005
13 14 985 3123
107 108 985 3123
0 120 183 1681
25 26 1064 3416
118 120 1064 3416
33 34 1165 4222
39 39 2681 4253
0 120 630 680
63 63 348 1748
0 3 2623 3494
91 97 2623 3494
0 120 1572 3822
2 3 629 1209
96 97 629 1209
7 12 265 932
101 105 265 932
0 120 1543 1549
33 39 146 3492
100 100 98 1758
52 54 760 911
25 27 1121 1856
119 120 1121 1856
0 120 164 3509
29 29 1241 2904
0 120 1227 3006
86 87 95 1460
91 93 2490 2591
53 55 315 3678
14 15 1961 3001
108 109 1961 3001
71 72 1197 1851
44 46 51 599
0 120 3540 3546
21 21 2287 3925
115 115 2287 3925
34 37 2762 4218
0 120 759 1625
0 120 81 2693
89 91 1337 3551
58 60 480 2964
0 120 461 470
48 49 256 1004
46 46 402 3273
3 5 395 2102
97 99 395 2102
0 120 3120 3145
22 23 1678 3063
115 117 1678 3063
77 78 565 2513
3 6 1671 1892
97 100 1671 1892
51 55 255 3785
84 86 1067 2909
62 63 3037 3110
19 20 1841 2303
113 114 1841 2303
39 40 629 3437
86 86 352 2405
72 73 1821 2590
21 24 386 1235
27 27 386 1235
33 33 386 1235
0 1 196 3555
6 7 196 3555
26 27 196 3555
31 32 196 3555
34 36 196 3555
39 41 196 3555
43 45 196 3555
47 49 196 3555
51 51 196 3555
53 53 196 3555
55 60 196 3555
64 70 196 3555
74 78 196 3555
80 83 196 3555
88 89 196 3555
91 92 196 3555
94 96 196 3555
100 101 196 3555
120 120 196 3555
0 120 3264 3274
0 120 1791 3879
77 78 989 3191
82 83 3098 3736
84 84 2482 3238
13 14 850 3032
107 108 850 3032
68 69 208 3565
31 32 299 2929
51 52 459 932
41 42 395 3391
35 36 276 1225
0 120 1458 2888
68 69 133 3391
10 11 2139 3249
104 105 2139 3249
53 54 805 2508
24 25 1617 2386
118 119 1617 2386
4 6 95 4038
98 100 95 4038
89 91 2591 3531
44 45 1988 3238
0 120 778 2001
40 42 2703 3183
54 55 184 296
0 120 1269 1272
0 120 23 2822
0 120 1086 1565
0 120 1793 3901
0 120 1700 3710
0 120 530 1872
0 0 604 1821
3 3 604 1821
6 7 604 1821
32 34 604 1821
45 46 604 1821
50 50 604 1821
53 59 604 1821
64 64 604 1821
66 70 604 1821
74 76 604 1821
79 79 604 1821
81 81 604 1821
86 86 604 1821
88 89 604 1821
92 97 604 1821
100 100 604 1821
103 103 604 1821
25 26 313 3335
119 120 313 3335
77 78 208 1821
22 23 760 2334
116 117 760 2334
0 120 2026 3880
71 73 1637 2607
57 57 990 2796
42 42 314 2247
10 57 482 3521
67 67 482 3521
70 73 482 3521
95 95 482 3521
104 120 482 3521
10 12 2297 2653
104 106 2297 2653
89 90 425 543
28 28 1068 3618
27 28 66 1364
79 80 2867 3183
69 71 1483 3079
33 34 1225 2289
37 38 103 1431
0 120 99 723
3 4 216 1308
96 97 216 1308
0 120 1212 3747
62 62 2920 3948
0 120 3207 3224
27 27 721 3695
11 11 554 1303
16 50 554 1303
53 64 554 1303
67 72 554 1303
74 76 554 1303
78 80 554 1303
84 85 554 1303
110 110 554 1303
113 120 554 1303
54 56 760 3623
22 24 2269 2675
116 118 2269 2675
45 45 887 2644
85 87 39 857
14 15 238 2006
108 109 238 2006
45 45 432 559
0 120 1058 4219
0 22 1679 2617
24 27 1679 2617
30 30 1679 2617
35 37 1679 2617
43 47 1679 2617
50 120 1679 2617
51 53 1397 3685
72 73 770 2998
10 10 6 1848
102 103 6 1848
54 54 429 2705
68 69 71 2997
0 120 630 2237
84 86 592 1945
0 120 392 2823
0 3 760 1529
10 10 760 1529
18 18 760 1529
21 24 760 1529
49 50 760 1529
75 80 760 1529
84 87 760 1529
91 98 760 1529
103 106 760 1529
110 110 760 1529
112 112 760 1529
115 119 760 1529
90 92 51 4250
21 21 407 3885
114 115 407 3885
87 89 2337 2967
60 60 79 1545
3 5 2414 2433
9 10 2414 2433
12 17 2414 2433
23 27 2414 2433
29 31 2414 2433
34 36 2414 2433
45 46 2414 2433
87 89 2414 2433
97 99 2414 2433
103 103 2414 2433
106 110 2414 2433
117 120 2414 2433
87 88 468 1128
47 48 378 2366
0 120 2497 3599
29 30 429 611
17 17 1162 4168
111 111 1162 4168
90 90 425 3121
80 80 3152 3301
9 11 2756 3301
103 105 2756 3301
28 28 2904 3199
31 31 2904 3199
36 38 2904 3199
42 42 2904 3199
45 48 2904 3199
27 28 1467 3461
120 120 1467 3461
0 120 261 1966
34 36 30 2033
4 6 16 2135
97 99 16 2135
9 11 138 3064
103 104 138 3064
52 52 1668 2993
0 120 3178 3933
82 83 128 2376
0 120 153 154
7 8 240 2028
100 101 240 2028
33 34 314 2731
0 120 269 1268
75 77 635 837
1 6 1115 2228
96 98 1115 2228
39 40 418 2300
75 75 898 3691
81 82 134 3295
49 50 1340 2346
16 17 438 3706
110 111 438 3706
40 42 1668 3343
41 41 56 1160
10 10 1194 3460
103 104 1194 3460
0 120 645 4184
19 20 1677 2116
113 114 1677 2116
37 37 1004 1084
0 120 1642 3061
45 46 3759 4221
0 76 51 412
79 85 51 412
88 89 51 412
92 120 51 412
0 120 4111 4114
0 120 403 2557
19 19 934 2193
113 113 934 2193
75 76 71 1037
73 74 348 3789
0 120 4123 4124
93 93 255 3598
84 85 2130 2219
50 50 76 3101
0 120 10 761
14 15 397 1961
108 109 397 1961
106 107 75 1910
0 120 1539 3471
84 85 2681 3261
0 120 3457 3482
25 26 28 1340
119 119 28 1340
72 73 1120 3487
8 10 743 3537
102 104 743 3537
58 59 314 2865
72 72 284 2434
46 47 126 2814
0 0 134 3429
92 93 134 3429
0 120 98 766
0 120 827 1141
37 38 741 3841
26 27 2783 3164
120 120 2783 3164
59 61 28 1690
33 35 743 3887
74 75 349 1516
43 44 75 755
0 120 930 1269
45 47 417 3902
41 41 1451 2661
15 17 85 3163
109 110 85 3163
56 56 629 2095
69 69 629 2095
76 76 629 2095
87 87 629 2095
72 73 1397 3364
63 65 409 3260
13 13 887 3262
107 107 887 3262
0 120 202 3159
74 75 1399 3410
0 120 476 1449
0 120 655 2912
4 5 1613 2615
98 99 1613 2615
85 85 126 1070
6 7 69 536
100 101 69 536
0 120 143 485
0 120 1689 2610
44 45 350 3969
0 120 1496 2969
41 43 297 3554
10 12 1 28
104 106 1 28
44 45 6 372
85 87 2922 3457
0 120 783 4201
0 120 518 520
35 36 2581 3164
87 89 315 1881
31 31 824 1758
0 120 879 1465
81 81 230 3271
0 120 782 1532
8 10 386 1532
101 104 386 1532
0 120 747 757
36 38 2029 3590
43 44 2130 3642
0 37 743 4021
43 46 743 4021
60 69 743 4021
72 120 743 4021
0 120 3019 3740
28 29 1271 4140
5 6 1684 3555
99 100 1684 3555
30 32 856 3144
54 54 1949 3072
80 82 30 3590
37 39 353 2523
5 7 1105 1404
99 101 1105 1404
0 1 303 716
3 18 303 716
20 21 303 716
24 29 303 716
32 42 303 716
44 48 303 716
51 52 303 716
74 76 303 716
79 83 303 716
85 89 303 716
97 112 303 716
114 116 303 716
118 120 303 716
34 35 0 715
90 92 1025 1640
47 47 13 2640
0 120 2007 3427
11 11 1945 2549
18 18 1945 2549
37 39 1945 2549
47 48 1945 2549
57 58 1945 2549
105 105 1945 2549
112 112 1945 2549
39 40 417 1003
0 120 1067 2051
37 38 1961 2493
0 120 1018 3852
20 21 2506 4279
114 115 2506 4279
0 120 80 3303
60 62 1540 1682
4 5 506 1425
98 98 506 1425
15 16 898 2215
109 110 898 2215
90 90 420 1980
0 120 2257 2262
80 81 1102 1456
83 87 235 3591
0 120 1050 2986
63 65 2203 2965
15 17 134 2758
109 110 134 2758
88 88 419 3119
6 7 696 1707
11 12 696 1707
17 27 696 1707
31 35 696 1707
37 46 696 1707
56 56 696 1707
58 58 696 1707
100 101 696 1707
105 106 696 1707
111 112 696 1707
114 120 696 1707
46 47 307 434
2 2 424 1019
5 7 102 968
100 101 102 968
0 120 2211 3957
0 120 764 1060
84 85 79 203
0 120 1278 1281
66 67 438 3519
66 67 3050 3187
16 17 1408 1539
109 111 1408 1539
58 59 420 3879
91 93 346 3930
37 39 281 1091
0 120 2667 2668
23 24 1944 2273
116 118 1944 2273
0 120 41 850
52 59 3238 3423
0 18 125 2241
22 23 125 2241
32 32 125 2241
42 42 125 2241
47 113 125 2241
115 120 125 2241
0 120 199 2190
42 43 765 2601
69 69 2117 2201
34 35 1961 2627
22 23 359 1132
116 117 359 1132
3 5 469 738
97 99 469 738
13 19 257 2545
107 113 257 2545
0 2 1406 1816
4 15 1406 1816
17 32 1406 1816
34 35 1406 1816
46 47 1406 1816
58 59 1406 1816
62 96 1406 1816
98 120 1406 1816
67 69 298 856
0 120 1078 3448
0 120 218 338
53 53 2556 3187
0 120 2014 2638
3 7 11 799
10 11 11 799
13 32 11 799
37 46 11 799
48 49 11 799
58 60 11 799
66 66 11 799
80 80 11 799
88 88 11 799
95 101 11 799
103 120 11 799
14 16 1310 2293
108 109 1310 2293
31 34 2375 2617
39 40 1408 2828
0 120 1363 1365
0 120 182 4064
57 58 793 1774
91 93 2186 3095
0 120 3017 3023
83 84 374 1790
0 120 269 276
0 120 59 2718
58 59 2681 3074
15 16 107 1446
110 110 107 1446
7 8 1674 2920
101 102 1674 2920
61 62 316 1031
82 84 2754 3552
0 120 403 3659
0 120 45 3951
58 58 76 3264
0 120 2546 3788
2 4 187 2314
96 97 187 2314
69 70 1001 2827
17 20 1673 3634
29 30 1673 3634
39 40 1673 3634
42 43 1673 3634
110 114 1673 3634
57 57 878 1673
0 120 2177 3167
0 5 881 1190
7 10 881 1190
15 17 881 1190
19 22 881 1190
28 29 881 1190
31 33 881 1190
39 40 881 1190
42 42 881 1190
47 48 881 1190
54 59 881 1190
63 64 881 1190
76 79 881 1190
82 88 881 1190
90 99 881 1190
101 104 881 1190
109 110 881 1190
113 116 881 1190
36 37 673 2207
43 44 506 3787
0 120 3071 3609
38 39 1225 2720
0 120 908 3013
48 48 313 1672
57 58 740 985
70 71 3551 4246
15 15 302 3203
20 49 302 3203
51 62 302 3203
64 85 302 3203
88 91 302 3203
99 99 302 3203
109 109 302 3203
114 120 302 3203
73 75 749 2202
26 27 415 636
120 120 415 636
46 47 659 3248
3 7 1820 3280
97 99 1820 3280
12 13 342 3541
106 107 342 3541
22 25 239 410
116 118 239 410
25 25 225 512
31 43 225 512
13 14 1019 3002
107 108 1019 3002
0 120 3909 4112
82 83 1196 2140
62 63 1340 3582
46 47 1070 3721
0 120 994 2945
22 24 1025 2258
116 117 1025 2258
29 30 1252 1483
28 28 741 2499
49 49 1099 2207
59 60 412 3721
68 69 1685 3994
74 75 3538 3610
0 120 3999 4005
18 19 53 3788
112 112 53 3788
27 27 1920 3110
70 72 1128 2356
84 85 168 2048
0 120 925 1273
3 5 429 4075
97 99 429 4075
58 59 28 3731
0 120 3651 3672
0 120 1061 2073
0 120 1303 4050
89 89 3557 4010
0 120 202 1817
91 92 1094 1432
68 69 34 1452
13 14 767 1037
106 108 767 1037
28 29 1193 3131
0 120 1318 1325
79 79 1340 1838
0 120 2425 2814
73 73 400 462
0 120 1280 1972
0 120 1275 1628
21 24 2269 3240
115 117 2269 3240
8 10 1606 2896
102 103 1606 2896
0 120 1967 2121
38 38 138 1401
75 76 1717 1946
67 68 1194 3891
0 120 1559 2326
85 85 2228 2650
0 120 108 3444
20 22 738 1396
115 116 738 1396
0 120 247 3788
0 0 180 2566
93 94 180 2566
20 20 1653 1961
114 114 1653 1961
33 34 1672 2203
94 95 1694 1962
0 120 4187 4190
69 71 2762 3523
0 120 1650 1663
90 90 1032 2782
0 120 540 4040
82 83 1128 2490
35 36 166 3799
77 84 412 822
0 120 2210 3949
14 16 1160 2967
108 109 1160 2967
31 33 294 3984
42 44 294 3984
51 51 294 3984
99 99 294 3984
0 120 1211 1212
0 1 1450 3672
94 95 1450 3672
83 84 232 3106
0 120 3382 3389
2 3 352 1710
96 96 352 1710
67 68 372 642
50 51 296 4030
0 120 1490 4010
11 18 1724 1962
104 112 1724 1962
0 120 1598 3543
43 45 2506 2937
30 31 918 1340
22 22 1162 1700
116 116 1162 1700
0 120 1184 1459
0 120 485 1458
5 6 400 596
99 100 400 596
16 17 1666 2142
110 111 1666 2142
0 120 1809 2450
21 24 293 2419
115 118 293 2419
89 90 1019 2331
33 33 243 612
11 11 535 4204
104 105 535 4204
75 76 390 3291
0 120 4249 4263
69 70 419 1777
0 120 3149 3164
87 90 401 417
86 88 1017 2635
31 32 399 1310
0 120 166 550
81 87 1838 3538
0 120 655 2404
13 13 428 3933
38 39 376 3743
60 62 846 3692
62 63 414 4035
5 6 138 1885
99 100 138 1885
63 66 296 3225
74 75 146 4220
40 41 256 3826
46 46 1178 1398
10 11 311 3533
104 105 311 3533
80 81 414 1002
94 94 1479 2292
73 75 1845 2615
69 71 126 1501
0 120 910 1583
84 86 1433 3610
8 9 34 4164
101 102 34 4164
42 43 1128 2974
80 81 385 1203
74 75 1749 3092
7 8 240 1788
101 102 240 1788
20 21 135 274
114 115 135 274
20 22 348 1321
114 116 348 1321
0 2 850 2471
7 8 850 2471
10 81 850 2471
84 86 850 2471
90 96 850 2471
101 101 850 2471
104 120 850 2471
32 35 134 3055
75 75 225 2419
64 64 421 4051
0 120 2345 2564
36 37 65 1383
12 13 3554 3576
106 107 3554 3576
0 120 3986 3987
17 17 1586 2512
111 111 1586 2512
85 86 2293 2374
0 120 343 3579
17 17 3029 3196
110 111 3029 3196
82 83 1821 3318
39 40 138 4113
16 17 1602 1702
109 111 1602 1702
4 4 1946 2266
11 12 1946 2266
17 18 1946 2266
23 31 1946 2266
34 36 1946 2266
38 41 1946 2266
44 52 1946 2266
60 67 1946 2266
117 120 1946 2266
61 62 131 690
38 40 898 1357
63 64 1899 4140
8 10 297 1891
102 104 297 1891
36 37 13 2132
70 72 1334 1887
0 120 269 2317
0 1 2667 2965
93 95 2667 2965
23 24 303 1147
117 118 303 1147
8 9 887 3827
102 103 887 3827
47 49 128 3775
57 62 61 2553
0 120 2664 2667
74 74 1678 2636
68 68 1015 2292
35 36 1161 2117
0 120 4053 4054
1 3 376 844
5 5 376 844
59 59 376 844
61 65 376 844
72 73 376 844
80 80 376 844
95 97 376 844
99 99 376 844
4 6 629 3010
98 100 629 3010
0 120 1305 1307
28 28 2513 3437
35 36 230 1958
17 19 371 3883
111 112 371 3883
0 1 373 1512
94 95 373 1512
0 120 801 2713
27 29 524 1681
0 120 29 921
0 120 461 1332
0 0 1806 3171
2 3 1806 3171
6 6 1806 3171
8 37 1806 3171
41 58 1806 3171
90 91 1806 3171
94 94 1806 3171
96 97 1806 3171
100 100 1806 3171
102 110 1806 3171
112 120 1806 3171
3 3 1744 2293
97 97 1744 2293
8 10 1025 3360
102 104 1025 3360
0 6 1195 3017
98 98 1195 3017
86 86 424 1450
12 13 983 3134
0 120 647 3185
57 57 313 4063
36 37 55 3273
83 83 1771 4089
0 120 190 465
90 91 95 3611
54 54 126 2924
91 92 103 1220
0 24 511 1045
26 79 511 1045
81 117 511 1045
119 120 511 1045
50 52 1340 2590
49 49 581 1784
71 72 13 2266
9 10 6 1287
103 104 6 1287
35 37 128 2970
0 120 737 4017
0 120 1098 3996
37 39 0 3724
0 120 2174 3166
66 68 357 3961
0 120 3373 3490
0 39 1248 3940
0 120 203 1050
15 16 2386 3988
109 110 2386 3988
60 62 1016 3782
63 64 887 928
0 120 1727 2073
0 120 1801 2022
59 61 1359 1677
6 7 412 1574
100 101 412 1574
20 20 417 1918
113 114 417 1918
27 27 1938 2293
0 120 155 1918
44 44 1398 4234
12 13 629 3494
106 107 629 3494
74 76 135 3925
49 50 229 3560
35 36 94 3335
0 120 651 4192
70 70 1064 3607
2 2 141 4090
95 96 141 4090
58 59 437 2920
65 66 19 717
46 46 60 718
22 23 2195 3238
116 117 2195 3238
76 76 660 2965
32 33 94 4274
76 81 1945 2309
18 19 367 1400
112 113 367 1400
74 74 2581 4213
58 58 2653 3527
3 4 1230 3495
97 98 1230 3495
4 4 414 2909
0 14 75 999
45 45 75 999
47 47 75 999
52 52 75 999
55 57 75 999
59 61 75 999
63 68 75 999
72 78 75 999
81 81 75 999
83 88 75 999
93 93 75 999
96 101 75 999
103 106 75 999
70 72 629 2339
1 3 1446 1807
95 97 1446 1807
0 120 1931 3542
9 10 625 877
103 104 625 877
63 65 2626 2643
0 120 559 2509
0 120 1636 1904
35 35 289 2648
46 46 1758 2833
71 71 39 1719
86 87 402 2525
0 120 3829 3840
40 41 1594 1678
68 69 412 769
45 46 138 1698
0 120 909 1575
0 120 2127 2141
0 120 1863 2068
87 88 155 2052
10 11 1944 4127
104 105 1944 4127
69 71 299 1242
71 73 676 1000
52 52 27 554
0 3 2513 4055
6 10 2513 4055
79 97 2513 4055
100 101 2513 4055
104 104 2513 4055
107 107 2513 4055
77 80 1310 2269
56 57 386 3870
0 120 1965 1971
0 6 1340 1919
8 9 1340 1919
17 18 1340 1919
24 24 1340 1919
27 28 1340 1919
42 42 1340 1919
45 46 1340 1919
49 49 1340 1919
52 85 1340 1919
87 100 1340 1919
102 103 1340 1919
111 112 1340 1919
118 118 1340 1919
120 120 1340 1919
88 88 115 374
4 6 1008 1180
98 99 1008 1180
32 34 975 1232
55 58 2269 2382
11 11 346 3690
104 105 346 3690
49 50 415 3295
78 80 1418 2741
16 17 349 955
57 58 3188 3820
33 35 1675 3306
4 21 63 1123
25 25 63 1123
90 92 63 1123
97 115 63 1123
118 119 63 1123
50 50 1537 3372
51 56 787 2120
64 65 482 1484
85 86 346 657
18 22 131 503
112 115 131 503
12 15 1820 2906
106 108 1820 2906
87 88 524 2649
1 1 3170 3399
7 8 312 2766
101 102 312 2766
9 9 625 1011
12 13 625 1011
15 15 625 1011
17 17 625 1011
19 23 625 1011
28 28 625 1011
88 89 625 1011
93 96 625 1011
99 99 625 1011
103 111 625 1011
113 117 625 1011
119 119 625 1011
25 26 1139 1232
120 120 1139 1232
0 120 2763 3240
51 52 36 616
0 120 3752 3754
24 24 1176 3743
31 31 1176 3743
35 62 1176 3743
65 68 1176 3743
74 74 1176 3743
25 26 2623 4169
119 120 2623 4169
38 39 1068 2520
0 120 1976 2106
15 20 126 509
110 114 126 509
85 86 14 4240
32 32 413 3757
47 49 1230 3979
0 10 817 2120
12 19 817 2120
21 29 817 2120
80 80 817 2120
84 85 817 2120
89 90 817 2120
95 98 817 2120
100 100 817 2120
107 112 817 2120
51 52 760 1586
70 70 750 898
59 59 175 2653
55 56 606 1119
19 20 430 893
113 114 430 893
32 33 1051 3455
59 61 230 1771
88 89 1438 1649
77 88 1408 2938
0 120 183 1201
28 28 14 2146
42 44 946 2126
48 49 27 4071
86 86 309 3003
58 59 1121 2881
0 120 1071 1074
62 64 1076 1418
0 120 534 3121
0 120 1284 2121
62 62 2617 3199
77 79 1091 2480
90 91 1161 3219
37 38 2389 2783
6 6 749 1962
99 101 749 1962
14 15 771 1721
108 109 771 1721
15 15 2311 3092
109 109 2311 3092
16 16 243 4076
79 80 1132 1700
52 52 430 2182
0 120 912 1202
24 24 1825 3384
118 118 1825 3384
30 30 72 3440
54 55 1450 2009
56 56 1945 1988
23 23 3564 3652
117 117 3564 3652
51 52 983 3297
0 120 1530 3466
0 120 2266 2568
0 120 561 3604
94 94 1259 2414
78 80 2126 4251
9 10 1013 2947
78 80 1013 2947
85 91 1013 2947
103 103 1013 2947
0 120 1145 2312
36 36 307 1967
69 69 1537 3856
80 80 61 2500
18 19 2154 2512
111 113 2154 2512
78 79 1827 2117
0 120 2646 2974
18 20 1887 2922
112 113 1887 2922
0 120 493 3820
71 71 130 3768
114 114 28 3491
77 81 102 3440
0 120 358 1151
75 75 1194 1423
2 3 158 2783
96 97 158 2783
0 120 1813 3158
24 25 989 2711
118 119 989 2711
86 88 3112 3154
0 120 501 2368
88 89 16 1387
0 120 1031 3122
0 120 616 628
73 74 58 1798
12 13 765 4134
106 107 765 4134
0 120 3707 3714
64 65 235 936
43 43 429 4185
11 11 155 2670
105 105 155 2670
49 50 311 931
54 54 760 3009
0 120 3533 3534
83 84 419 464
0 1 257 1634
9 9 257 1634
28 29 257 1634
33 37 257 1634
39 53 257 1634
55 59 257 1634
61 64 257 1634
67 101 257 1634
45 46 76 3508
75 79 193 4093
16 16 430 2316
21 22 430 2316
28 29 430 2316
32 35 430 2316
39 41 430 2316
43 45 430 2316
50 54 430 2316
109 110 430 2316
114 116 430 2316
0 120 4062 4063
20 21 1025 3657
114 115 1025 3657
6 8 216 1044
14 14 216 1044
26 27 216 1044
31 31 216 1044
34 42 216 1044
46 52 216 1044
62 65 216 1044
98 105 216 1044
107 109 216 1044
111 114 216 1044
117 120 216 1044
0 120 1572 3826
0 120 1113 2723
7 8 629 2152
101 102 629 2152
0 120 18 1998
26 28 1296 2615
120 120 1296 2615
0 120 593 1152
8 9 2556 2626
102 103 2556 2626
24 25 230 1100
118 119 230 1100
0 120 426 2732
16 16 932 2338
0 120 1281 3246
81 83 1019 3246
0 120 81 2697
3 3 242 3554
97 97 242 3554
78 80 1352 2897
0 120 1321 1332
29 30 261 1352
55 56 187 1403
40 40 2167 2292
20 23 1195 2159
38 41 1195 2159
50 51 1195 2159
59 62 1195 2159
69 70 1195 2159
72 77 1195 2159
80 80 1195 2159
109 109 1195 2159
113 117 1195 2159
120 120 1195 2159
0 120 2075 2703
44 45 2913 3802
42 44 767 3375
18 19 120 3564
112 113 120 3564
69 69 125 3908
0 120 22 23
33 34 130 1808
86 92 141 3098
88 88 482 947
49 49 2450 2765
0 120 3396 3397
11 16 1455 1682
105 110 1455 1682
87 88 1350 4140
39 40 291 1352
51 52 411 1646
65 67 308 767
63 64 2995 3238
113 119 1314 1450
12 12 23 1537
75 76 1017 2395
0 120 733 2636
4 6 2653 3474
98 100 2653 3474
20 21 1872 2909
114 115 1872 2909
0 120 2675 3233
90 90 36 3462
47 49 741 999
0 120 2074 2077
0 120 403 1943
1 2 451 2923
95 96 451 2923
75 76 346 1409
0 120 1342 3848
0 120 645 3920
0 120 4005 4013
14 15 1195 1354
108 108 1195 1354
104 104 422 1404
44 44 914 1866
15 16 1127 2913
108 110 1127 2913
0 0 731 2913
93 95 731 2913
68 69 1211 3550
55 56 743 1984
86 87 1120 1934
70 71 581 3154
40 43 1446 2104
5 5 2303 3253
13 14 2303 3253
16 16 2303 3253
26 37 2303 3253
39 66 2303 3253
70 72 2303 3253
75 76 2303 3253
82 83 2303 3253
89 89 2303 3253
99 99 2303 3253
107 107 2303 3253
110 110 2303 3253
118 118 2303 3253
120 120 2303 3253
0 120 2241 2375
90 91 1009 2103
0 120 427 435
57 57 2094 3079
11 11 201 3098
105 105 201 3098
51 52 344 2652
5 5 1135 1461
47 48 61 85
0 120 642 1528
52 52 1946 4120
89 90 3102 3808
88 90 2450 2899
4 9 354 4279
97 104 354 4279
0 120 1469 3966
1 2 409 768
95 96 409 768
2 3 2909 3413
96 97 2909 3413
84 84 204 1302
29 29 1945 3895
10 12 1457 1862
104 105 1457 1862
58 60 767 1415
18 19 1190 1518
111 113 1190 1518
37 39 985 2806
0 120 2174 2442
0 1 4 3873
94 95 4 3873
0 120 1212 3751
110 110 766 1190
78 78 229 3991
80 80 468 2287
1 7 631 3217
95 101 631 3217
36 37 3098 4224
7 8 3110 3295
101 102 3110 3295
45 46 1723 2920
80 82 2922 3998
54 55 1451 2986
91 91 555 1128
22 22 147 3777
8 9 2783 3839
102 103 2783 3839
0 120 2574 3665
0 120 3262 3285
0 120 198 332
8 10 793 3925
102 103 793 3925
58 59 94 1672
64 65 629 2770
0 120 1475 1478
3 4 1232 3972
97 98 1232 3972
39 41 1958 2386
30 32 767 3643
6 7 238 3299
100 101 238 3299
0 120 2497 3603
40 42 1399 4085
61 64 635 2935
70 72 635 2935
74 75 635 2935
14 15 1091 1488
114 114 738 2124
17 18 1758 4203
111 112 1758 4203
9 11 1962 3444
102 105 1962 3444
81 82 85 1744
15 16 914 3289
109 110 914 3289
63 63 451 1313
73 75 592 3238
77 79 1301 1483
83 86 342 2309
108 109 717 2186
0 120 863 1257
0 120 1014 3870
0 120 381 3957
60 60 157 277
9 9 415 2787
12 20 415 2787
22 22 415 2787
33 33 415 2787
41 44 415 2787
103 103 415 2787
105 105 415 2787
107 114 415 2787
116 117 415 2787
68 68 915 3110
0 120 1242 1253
1 1 297 4229
95 95 297 4229
102 102 1352 1421
0 120 376 2832
0 120 3473 3481
11 11 1011 1128
104 105 1011 1128
6 7 367 1026
99 102 367 1026
50 51 635 4224
0 120 48 2212
10 12 1230 3121
104 106 1230 3121
52 52 1168 2243
4 4 223 2967
26 26 725 1673
45 46 434 3187
44 44 2414 4076
36 36 2142 3388
68 70 1008 1961
79 79 2133 2336
67 68 428 3372
88 89 667 1668
51 52 1164 1720
84 87 1434 3301
55 57 185 1170
74 74 123 292
21 21 3371 3554
54 56 1031 2130
0 120 403 2561
5 8 205 856
99 101 205 856
32 33 2328 3743
0 120 857 2731
40 41 1920 2228
18 18 254 2438
111 112 254 2438
38 39 85 939
0 120 1060 3999
21 22 351 3310
115 116 351 3310
3 3 1445 2120
97 97 1445 2120
27 28 1016 1448
13 14 194 293
107 108 194 293
9 10 1102 2131
103 104 1102 2131
0 1 56 2803
94 95 56 2803
36 37 844 3593
92 93 63 3782
62 63 2444 2763
1 2 694 2336
95 96 694 2336
68 69 157 411
0 120 3078 3086
2 3 65 822
5 5 65 822
8 9 65 822
15 22 65 822
26 30 65 822
37 40 65 822
47 49 65 822
96 98 65 822
102 103 65 822
109 111 65 822
114 115 65 822
120 120 65 822
0 120 426 801
35 37 968 3070
63 63 194 1232
28 29 1066 1161
0 120 1815 2188
0 120 1875 2993
36 36 1901 1962
57 59 697 2203
59 61 353 2393
72 72 2292 3281
0 120 1545 1546
9 12 399 4266
103 105 399 4266
86 86 2615 3934
0 120 259 1977
80 82 2133 2470
23 25 2444 4052
117 118 2444 4052
54 54 2103 3759
38 44 54 821
40 42 1408 2214
27 29 1581 2142
0 120 865 2726
26 29 2594 3996
120 120 2594 3996
0 120 980 986
0 120 3046 3339
10 12 1064 1623
23 23 1064 1623
86 87 1064 1623
100 101 985 1330
103 104 1427 1675
0 120 317 642
87 87 1165 2429
0 120 1741 3528
0 120 3711 3729
86 87 428 3856
35 36 2052 2666
8 8 238 2978
102 102 238 2978
25 27 1048 2029
119 120 1048 2029
0 120 2412 2420
0 120 1073 3779
0 120 3843 4033
61 62 316 1356
0 120 2755 2759
0 120 783 4205
31 31 79 3106
84 85 313 1058
84 85 347 3271
41 42 669 1070
0 120 3050 3057
0 120 22 1259
78 78 419 895
77 78 205 2629
0 120 1540 3780
5 6 310 1891
99 100 310 1891
15 17 1483 3246
109 111 1483 3246
13 15 778 1013
107 109 778 1013
66 67 2066 3072
0 120 3604 3616
50 51 1821 3241
0 120 641 715
0 120 18 1490
0 120 1445 1449
0 120 1281 2738
0 120 892 1465
31 33 1446 2051
51 51 990 1808
0 120 2953 3282
0 120 678 4165
0 120 74 1018
0 5 850 1239
94 98 850 1239
10 11 1676 3267
103 105 1676 3267
34 34 306 2307
69 71 1068 2630
0 120 3026 3760
0 120 2002 3437
39 41 412 1013
0 2 14 1906
94 95 14 1906
0 120 3460 3463
62 63 1352 3328
52 53 27 3831
3 4 350 3518
98 98 350 3518
28 29 985 1814
67 68 357 2245
0 120 775 2004
96 96 419 3123
4 6 1120 3170
98 99 1120 3170
8 9 1058 2292
102 104 1058 2292
12 16 354 1193
106 110 354 1193
0 120 724 726
80 81 488 1947
0 120 1071 4217
66 68 863 1070
42 44 3301 3591
12 13 131 2841
106 107 131 2841
0 120 831 2286
56 57 2054 3196
1 34 93 105
39 44 93 105
46 46 93 105
56 56 93 105
92 92 93 105
95 101 93 105
104 105 93 105
107 109 93 105
116 116 93 105
119 119 93 105
0 120 953 963
4 6 2623 3124
98 100 2623 3124
89 89 193 686
0 120 1411 1814
0 120 3090 3529
97 97 34 2127
30 31 309 4052
52 52 180 1952
0 120 997 2174
0 120 333 2948
20 21 400 4170
114 115 400 4170
84 84 651 1537
2 3 2421 2616
96 97 2421 2616
91 93 193 1625
2 3 893 1070
96 97 893 1070
32 34 1682 3216
17 18 195 1671
111 112 195 1671
82 83 262 3647
12 12 1612 4140
105 106 1612 4140
15 16 3183 4070
108 110 3183 4070
88 90 0 1203
43 49 187 1029
0 2 441 2077
92 96 441 2077
0 120 835 1250
0 120 1712 2277
43 44 120 3190
6 7 2100 4079
99 101 2100 4079
6 8 2508 3150
100 102 2508 3150
1 2 968 2533
95 96 968 2533
51 53 6 3088
57 58 2117 3494
64 69 429 3945
46 47 1494 1825
74 75 1602 3048
27 29 432 1210
0 120 690 3720
50 51 12 624
21 22 1051 3699
115 116 1051 3699
0 120 2641 3679
33 34 2202 3043
116 116 6 55
86 87 2845 2920
0 120 403 3663
0 50 425 3422
56 120 425 3422
41 41 151 409
10 10 407 2092
104 104 407 2092
18 18 1334 4172
111 113 1334 4172
0 120 3992 3993
34 36 635 4171
11 15 19 3673
105 108 19 3673
37 39 210 989
67 67 1483 3514
2 4 65 1574
96 98 65 1574
0 12 108 2964
17 17 108 2964
19 21 108 2964
84 84 108 2964
88 106 108 2964
111 111 108 2964
113 114 108 2964
19 20 488 2431
113 114 488 2431
56 59 2367 2514
90 91 130 2723
49 49 1195 4013
37 38 2136 2581
0 120 453 3376
11 12 193 4203
105 106 193 4203
113 116 413 2257
0 120 124 2154
0 1 206 466
94 95 206 466
3 4 323 1051
97 98 323 1051
33 33 1467 1668
56 57 168 4146
97 97 357 635
0 1 219 2391
94 94 219 2391
39 39 1132 2883
38 40 187 3607
0 120 533 1800
13 13 6 2283
107 107 6 2283
84 85 407 3381
37 37 1606 3705
25 26 1671 4100
119 120 1671 4100
0 120 1160 1898
36 37 509 625
64 65 1051 2894
14 14 1216 2207
13 13 235 3274
107 107 235 3274
60 61 412 692
29 29 1711 2186
21 22 1451 3767
115 116 1451 3767
68 69 1461 2011
80 82 721 1447
42 43 1017 4249
7 7 1758 3695
0 120 2214 2248
100 100 741 2853
59 61 1613 2782
0 0 238 3730
92 94 238 3730
0 120 670 4141
0 120 926 1852
34 36 310 1354
4 6 1519 2366
98 99 1519 2366
65 67 65 769
70 71 1537 2945
49 50 102 1590
0 120 719 3444
83 84 1008 1103
56 57 3019 3557
68 70 297 1277
0 120 1711 3475
36 37 954 1806
78 80 1060 2202
0 120 3832 3845
0 120 1739 2490
70 72 180 1631
61 61 372 1801
66 68 1334 2212
44 45 353 3279
73 74 2629 2998
91 92 1247 2967
38 39 206 3983
0 120 2102 3481
0 120 3929 4128
26 27 1675 4168
120 120 1675 4168
45 47 975 3033
0 120 211 1883
0 3 1014 2207
6 6 1014 2207
9 17 1014 2207
21 22 1014 2207
40 41 1014 2207
45 54 1014 2207
56 75 1014 2207
78 87 1014 2207
89 97 1014 2207
100 100 1014 2207
103 109 1014 2207
111 111 1014 2207
19 20 1045 1520
112 114 1045 1520
0 120 682 1468
29 31 1004 1519
55 57 1373 3079
52 53 299 949
66 67 452 1945
0 120 2528 2542
94 96 983 1581
54 56 771 3388
37 38 1411 2782
0 120 2299 3244
41 41 306 3059
69 69 206 1889
72 84 206 1889
30 31 1806 2557
91 92 125 769
27 27 1673 2967
40 41 152 2592
0 120 2528 3481
0 120 191 2520
17 18 614 2623
111 112 614 2623
0 120 98 3295
0 120 681 1401
8 9 1044 2207
102 103 1044 2207
15 16 10 1196
109 110 10 1196
33 35 354 1006
16 16 423 1365
109 110 423 1365
34 35 373 1248
35 36 767 3619
13 14 3301 3404
107 107 3301 3404
0 120 1686 2613
67 68 146 1996
0 120 478 483
0 120 177 1309
26 28 225 2289
120 120 225 2289
83 84 1023 2269
4 4 290 432
8 8 290 432
21 28 290 432
30 31 290 432
33 35 290 432
38 39 290 432
42 49 290 432
51 58 290 432
63 66 290 432
76 77 290 432
79 89 290 432
91 92 290 432
103 105 290 432
115 120 290 432
45 45 438 3336
0 120 121 3629
9 9 1668 2973
56 62 2029 2952
62 64 721 2870
52 53 767 1525
0 120 3798 3806
37 38 1946 2136
52 52 1091 3342
2 4 1068 1638
96 98 1068 1638
0 120 2247 2249
29 29 437 1017
73 74 432 673
0 19 1820 3902
28 28 1820 3902
92 113 1820 3902
36 38 1772 2922
35 36 1431 2629
76 79 1510 2922
21 21 61 2423
115 115 61 2423
21 23 441 1890
115 117 441 1890
0 120 1212 1767
69 69 104 3059
0 120 2416 2435
0 120 680 4158
41 42 2247 3188
71 71 2352 2450
44 44 32 150
0 120 161 560
0 120 3270 3286
71 71 7 93
0 120 3288 3303
0 0 347 2413
93 94 347 2413
48 49 409 4045
55 56 717 1946
81 82 311 504
0 120 159 3116
61 61 2069 2512
67 70 1162 4282
79 80 1000 1480
79 79 482 3769
81 85 1592 3112
0 120 697 1479
0 33 297 3989
36 41 297 3989
45 45 297 3989
67 67 297 3989
71 71 297 3989
75 85 297 3989
87 89 297 3989
91 96 297 3989
98 114 297 3989
116 120 297 3989
91 92 1732 3092
0 120 1059 2060
0 120 1472 1475
0 120 164 2147
0 120 465 1321
68 70 315 2316
44 45 263 2126
0 120 2658 3257
23 24 331 2260
117 118 331 2260
9 12 16 3188
103 106 16 3188
9 9 2681 4180
37 38 680 2414
42 50 680 2414
52 52 680 2414
54 63 680 2414
66 67 680 2414
70 77 680 2414
79 79 680 2414
0 120 1325 3118
56 59 2388 2615
51 53 2591 2974
9 11 856 3579
104 105 856 3579
31 32 3146 3196
58 58 462 1962
34 46 1418 3282
55 56 1461 3918
35 35 1483 3677
61 65 296 2424
0 120 1325 4057
52 52 1992 3554
69 70 230 4056
0 120 1066 2076
29 30 407 3194
83 83 1537 3913
0 120 3089 3601
64 64 1888 2450
57 58 300 853
81 82 2120 3739
89 90 296 3363
24 24 12 3604
117 118 12 3604
35 36 3160 3252
74 74 359 1433
15 16 314 4134
20 20 314 4134
23 24 314 4134
27 27 314 4134
31 32 314 4134
39 41 314 4134
44 47 314 4134
49 53 314 4134
56 57 314 4134
60 64 314 4134
66 67 314 4134
71 71 314 4134
73 76 314 4134
78 78 314 4134
81 81 314 4134
84 85 314 4134
89 93 314 4134
107 110 314 4134
114 115 314 4134
117 118 314 4134
49 52 238 2604
44 45 721 1260
62 63 934 2307
59 62 1025 2425
13 15 1190 3990
107 108 1190 3990
0 120 2719 2728
0 120 250 3368
41 43 311 4021
80 81 428 1388
61 62 629 3364
1 2 3079 4202
95 96 3079 4202
42 44 135 3795
11 11 334 972
104 105 334 972
16 16 28 1454
0 120 3291 3304
0 0 60 3621
92 93 60 3621
61 63 411 2158
0 120 1766 3749
0 120 2638 3678
0 120 437 2790
72 72 306 4027
0 120 901 1204
57 58 1537 3108
43 49 315 2800
0 120 824 2677
30 31 1944 2708
58 58 1682 2708
4 6 223 767
98 100 223 767
12 12 717 3719
22 24 717 3719
28 28 717 3719
31 36 717 3719
39 39 717 3719
42 42 717 3719
44 44 717 3719
106 107 717 3719
115 119 717 3719
0 120 512 4253
44 44 1481 1671
58 59 1085 1671
0 120 1338 3837
0 120 1429 3201
0 120 1253 1255
74 75 1165 3128
77 78 1132 3180
0 120 172 2872
27 29 32 3801
120 120 32 3801
0 120 3442 3449
0 120 265 2282
23 25 1168 3776
117 119 1168 3776
40 42 65 3160
83 84 743 2846
48 49 1269 2138
0 120 1852 1964
38 40 353 1348
77 78 413 1399
51 52 2450 2822
80 81 2606 3335
23 23 2195 2303
117 117 2195 2303
0 120 1532 1959
48 49 2203 3884
91 92 461 1820
25 29 923 1851
34 52 923 1851
56 56 923 1851
60 61 923 1851
64 65 923 1851
111 112 923 1851
117 117 923 1851
119 120 923 1851
74 74 4 3796
72 73 66 2230
0 0 2120 3068
93 94 2120 3068
0 120 654 2400
16 19 1452 2380
111 112 1452 2380
47 48 292 1230
48 48 75 3447
0 120 3275 3285
14 16 300 3565
109 110 300 3565
36 37 230 1291
30 32 968 1220
69 70 1923 2904
0 120 1186 2611
25 26 436 1359
119 120 436 1359
0 120 1272 1631
17 18 1230 3849
110 112 1230 3849
65 66 1242 2920
87 88 2367 3295
0 120 1610 1626
31 31 259 3160
43 44 488 768
59 60 51 4177
77 78 765 3520
17 18 350 3278
111 112 350 3278
50 51 11 3812
6 6 152 2539
100 100 152 2539
85 85 558 3981
52 53 134 1933
0 120 2873 2874
49 51 1397 1518
38 39 2131 3957
27 28 1451 4198
0 120 3011 3747
11 13 1091 1411
105 107 1091 1411
63 65 581 3561
73 75 65 261
49 50 2133 4003
0 120 513 2868
24 24 342 2232
118 118 342 2232
73 74 1956 3552
37 37 793 2693
48 74 793 2693
83 92 793 2693
75 75 743 3330
47 48 240 1955
0 1 1195 3639
3 8 1195 3639
12 23 1195 3639
26 27 1195 3639
50 50 1195 3639
73 74 1195 3639
78 104 1195 3639
106 116 1195 3639
33 33 1451 2104
0 5 760 3684
9 10 760 3684
12 12 760 3684
90 99 760 3684
102 104 760 3684
0 120 192 194
37 40 414 3047
87 89 428 2945
39 40 348 2427
0 44 79 3700
46 47 79 3700
68 68 79 3700
71 83 79 3700
86 99 79 3700
102 102 79 3700
104 120 79 3700
0 120 1480 1529
40 40 76 1739
54 55 316 2889
0 0 990 1113
94 94 990 1113
0 120 1690 3968
25 27 2382 3552
119 120 2382 3552
10 11 1399 3792
104 105 1399 3792
81 81 411 3126
2 4 60 2145
96 97 60 2145
4 5 2367 3429
98 99 2367 3429
51 55 1944 3326
37 38 390 559
79 79 433 1195
0 120 1384 1417
11 13 314 1503
105 106 314 1503
54 61 625 1365
43 45 2366 3958
0 120 401 1657
59 59 2512 3783
12 13 373 3773
106 107 373 3773
0 120 712 3993
33 34 989 2581
82 83 2269 4025
0 120 1491 2977
30 31 1128 2925
0 120 259 261
54 55 28 328
0 1 93 2443
94 95 93 2443
0 120 2773 2777
63 65 1025 3177
0 120 3633 3635
78 79 13 205
78 79 488 1252
80 80 400 3125
23 24 1573 2228
117 118 1573 2228
48 49 208 2366
0 36 2203 3563
44 50 2203 3563
52 52 2203 3563
54 120 2203 3563
56 57 436 3721
27 28 816 3188
45 46 56 1221
48 50 303 3542
54 54 1466 4209
0 120 2569 2573
0 120 4217 4221
9 11 0 3541
103 104 0 3541
49 49 2197 2967
12 14 1355 2126
106 108 1355 2126
0 120 3700 3702
3 5 441 1971
12 15 441 1971
17 29 441 1971
31 87 441 1971
91 91 441 1971
95 100 441 1971
105 120 441 1971
51 52 302 4256
92 93 264 1520
40 42 415 4133
5 7 353 3255
99 101 353 3255
83 83 914 1602
90 90 413 3306
27 27 850 4061
120 120 850 4061
32 33 1065 1771
0 120 1614 2013
56 57 146 3716
0 120 122 124
78 80 1309 2131
6 6 371 3834
100 100 371 3834
22 23 1121 2080
0 120 2284 2747
81 84 357 1684
0 120 1993 2009
44 46 1203 2644
0 120 565 2387
0 120 107 755
52 53 313 3075
0 120 2636 2640
87 88 318 975
11 12 1670 2295
105 106 1670 2295
0 120 2119 2121
0 120 1879 1880
18 19 2834 3564
112 112 2834 3564
0 120 2673 2680
83 83 257 4082
30 32 104 1396
13 14 625 2788
107 108 625 2788
5 6 138 226
99 100 138 226
18 24 34 1566
111 118 34 1566
39 40 242 2269
28 29 16 2680
22 22 2367 2758
116 116 2367 2758
25 26 144 2865
118 120 144 2865
0 120 815 818
17 19 1446 1624
111 112 1446 1624
65 67 79 935
28 29 292 1982
2 3 1606 3010
96 97 1606 3010
0 120 474 1464
69 74 694 3682
18 20 71 293
112 114 71 293
89 91 432 3682
0 0 1194 4005
92 94 1194 4005
0 120 3618 3622
48 48 581 3024
44 47 168 1357
82 84 390 4210
0 120 221 237
17 18 3079 3344
111 112 3079 3344
76 77 105 2506
0 120 2235 2430
43 45 767 3379
100 101 717 1572
0 120 151 2881
18 19 173 2640
112 113 173 2640
3 4 606 1741
96 98 606 1741
0 120 2712 2769
75 77 296 761
22 22 2964 2990
116 116 2964 2990
76 84 1673 3077
16 18 419 602
110 112 419 602
79 81 372 756
0 120 568 2388
88 90 301 2044
0 120 275 823
0 120 8 479
0 120 137 889
42 44 1198 3723
7 8 1001 2620
101 102 1001 2620
44 44 222 438
78 79 270 1418
13 13 2291 2308
4 5 126 3359
97 99 126 3359
0 120 1542 2220
18 20 79 3513
112 113 79 3513
22 23 351 1757
116 117 351 1757
51 52 55 675
74 75 2269 3488
77 87 696 2923
0 120 1933 3539
26 27 288 1408
120 120 288 1408
65 68 128 3405
4 4 152 1547
98 98 152 1547
31 32 262 4159
67 68 55 1614
29 30 3064 3170
68 69 975 3277
24 25 1986 3550
118 119 1986 3550
0 120 742 1763
8 9 346 1763
102 103 346 1763
31 32 625 1178
37 39 2287 3478
45 45 1191 1589
9 9 232 2415
103 103 232 2415
76 78 504 659
35 36 390 1311
22 22 1673 2272
116 116 1673 2272
58 59 138 1999
74 75 432 4166
82 82 2261 3196
37 38 93 2256
0 120 1113 1117
82 84 555 2287
0 120 4144 4152
0 120 1022 1938
21 22 965 1404
115 116 965 1404
89 89 3743 3993
78 79 694 2072
0 120 1212 3755
0 120 269 1142
1 3 432 2072
95 97 432 2072
0 120 561 2482
78 78 344 3945
0 120 115 675
4 8 856 3339
98 102 856 3339
0 120 4259 4260
0 120 1654 3319
43 45 419 1086
18 19 2163 3196
112 113 2163 3196
34 35 914 1065
0 120 1915 3094
26 26 506 3714
119 120 506 3714
0 120 492 3816
45 50 1944 2334
23 24 1295 4140
117 118 1295 4140
41 42 827 1820
48 48 3554 3690
5 9 216 1666
11 11 216 1666
13 15 216 1666
19 20 216 1666
23 28 216 1666
36 37 216 1666
46 48 216 1666
51 51 216 1666
120 120 216 1666
44 45 159 1132
29 29 765 2662
6 8 417 3642
100 102 417 3642
86 87 1165 1815
42 42 907 1025
90 92 1670 4202
0 120 1541 2102
6 6 529 850
99 100 529 850
59 60 131 4187
33 33 1789 2581
0 120 658 671
0 120 1661 3335
0 120 2497 3607
13 13 243 2149
106 107 243 2149
74 75 592 2303
77 78 1149 3160
0 120 2047 2058
0 120 851 1251
5 7 1670 2108
99 101 1670 2108
36 36 409 906
52 52 428 1148
35 37 30 2041
99 100 1198 3052
0 120 10 4018
0 120 3360 3423
0 120 3401 3424
13 13 289 989
46 46 120 4186
0 120 1699 3977
52 54 315 1621
66 67 310 1277
0 120 2352 3044
0 120 2056 4214
83 84 69 2154
57 58 65 692
0 120 2745 2746
47 48 3564 3603
0 120 785 789
0 39 2142 2453
57 120 2142 2453
0 120 2656 2674
0 0 2293 2622
30 30 1190 2006
63 65 60 1287
0 120 3967 3993
63 63 844 1369
0 120 212 338
48 49 754 2607
78 80 2653 4096
0 120 1078 2704
26 28 390 3084
120 120 390 3084
0 120 1080 1087
0 120 1950 2633
0 120 443 1964
79 79 1012 2084
10 11 52 4028
104 105 52 4028
77 78 93 4029
64 65 1230 3475
23 24 862 3079
117 118 862 3079
50 52 2782 3917
0 120 879 2494
0 120 478 2150
24 25 1816 3572
118 119 1816 3572
61 62 147 4265
23 24 66 3145
117 117 66 3145
28 28 310 3505
10 10 910 1026
104 104 910 1026
57 59 1464 2366
0 120 275 286
62 63 334 3310
1 2 1299 3238
95 96 1299 3238
56 57 2909 3096
84 84 292 3084
0 120 123 1585
29 29 2836 3557
106 109 71 1395
0 120 916 1221
56 57 2595 2936
17 18 1806 3419
111 111 1806 3419
18 20 1195 3265
112 113 1195 3265
61 63 940 1026
0 120 269 821
60 62 2139 3070
0 120 599 2453
12 13 55 3521
106 106 55 3521
37 40 1834 2434
0 5 844 3947
7 7 844 3947
17 17 844 3947
43 44 844 3947
47 49 844 3947
56 56 844 3947
58 66 844 3947
69 84 844 3947
87 89 844 3947
92 101 844 3947
106 106 844 3947
110 112 844 3947
65 68 423 2227
91 92 438 3259
55 55 264 3106
40 40 52 3223
0 120 2645 2649
4 5 2287 2941
98 99 2287 2941
25 26 367 2908
118 120 367 2908
0 120 387 1227
83 83 1194 3013
90 91 1167 2910
11 11 2654 3112
105 105 2654 3112
57 58 1164 1858
30 31 1945 2423
0 120 1888 1889
18 19 128 3218
112 113 128 3218
62 63 1200 2269
0 120 976 2561
5 6 2595 4225
99 100 2595 4225
32 33 432 3629
4 4 535 1098
97 98 535 1098
43 45 342 703
36 37 488 2972
27 29 130 3264
0 120 2021 2418
62 64 985 3778
57 58 412 3916
0 120 2275 3466
0 120 3395 3497
65 66 372 2797
0 120 2700 2706
83 84 934 1746
35 36 72 4225
25 26 297 2623
119 120 297 2623
0 120 3771 3784
0 120 2069 2085
0 120 4089 4093
0 120 124 3634
0 120 1552 1566
0 120 1278 3249
4 5 232 3167
97 98 232 3167
0 1 741 3044
93 94 741 3044
0 120 1035 1047
19 19 135 3234
113 113 135 3234
45 45 696 1581
61 62 1957 2783
0 120 2755 2763
69 77 312 652
32 32 2013 2126
48 50 864 1165
83 86 1433 3537
0 120 41 2818
0 67 2028 2434
69 81 2028 2434
84 88 2028 2434
90 91 2028 2434
94 99 2028 2434
101 120 2028 2434
34 34 402 545
66 68 968 3208
36 38 505 1232
34 35 804 3743
0 120 2524 3769
0 120 1851 1983
45 45 2714 3112
4 6 1606 2152
98 100 1606 2152
71 71 340 606
0 120 1423 3199
34 35 348 2187
74 74 174 314
78 80 585 2100
0 120 1452 1685
80 80 284 2926
18 20 65 1310
112 113 65 1310
9 10 125 2115
103 104 125 2115
21 23 421 945
115 117 421 945
33 34 180 1822
40 40 305 770
48 50 374 375
40 40 58 3522
0 11 423 2711
13 21 423 2711
24 29 423 2711
31 31 423 2711
34 104 423 2711
107 115 423 2711
118 120 423 2711
81 82 414 3157
24 25 3110 3462
118 119 3110 3462
0 120 4025 4027
22 23 216 2418
116 117 216 2418
11 12 966 1418
105 106 966 1418
0 120 1535 3790
0 120 4176 4196
72 73 303 1074
0 120 504 3050
0 120 1018 3271
75 75 13 2998
55 56 1589 4026
55 55 2783 4006
62 62 635 2752
55 56 1000 1187
0 120 2978 3693
18 19 146 4281
112 112 146 4281
43 43 373 500
22 23 3160 3175
31 35 3160 3175
38 40 3160 3175
42 55 3160 3175
58 67 3160 3175
70 81 3160 3175
116 117 3160 3175
27 33 144 1202
120 120 144 1202
23 23 266 2131
117 117 266 2131
0 120 2943 2948
115 115 226 1012
77 79 1962 3261
35 37 28 1027
0 120 74 1372
53 54 826 1007
69 69 604 2126
77 78 208 2126
1 2 55 2850
95 96 55 2850
46 47 316 905
84 84 1130 1418
0 120 1071 4221
57 57 2444 2446
60 60 2444 2446
66 66 2444 2446
71 71 2444 2446
76 81 2444 2446
86 87 2444 2446
89 90 2444 2446
97 98 2444 2446
101 101 2444 2446
105 105 2444 2446
87 87 105 3876
0 120 3455 3473
56 58 69 1967
65 66 733 1193
30 32 1132 1464
74 74 141 3533
76 76 141 3533
83 85 141 3533
93 93 141 3533
100 100 141 3533
19 21 1013 4216
113 114 1013 4216
43 45 125 1310
45 48 63 432
50 56 63 432
63 65 63 432
40 42 28 1377
24 26 518 1012
118 119 518 1012
20 21 934 4108
114 115 934 4108
0 120 87 1957
22 23 1771 4016
116 117 1771 4016
73 75 2117 2209
65 65 1036 1352
0 120 69 2317
11 12 49 160
105 106 49 160
66 67 2595 3904
4 5 1836 3098
97 99 1836 3098
33 35 1812 2512
26 27 686 2666
59 60 911 1064
86 87 3062 3555
15 16 2363 3554
109 110 2363 3554
0 120 3925 3930
23 23 155 3939
24 26 102 2615
118 120 102 2615
43 43 1671 3970
64 65 138 2080
80 81 315 3662
88 89 296 3420
96 96 310 3318
68 70 1433 2866
77 84 3138 3550
27 27 238 2661
31 32 415 1799
36 37 17 972
0 120 2534 3786
46 46 27 3380
83 84 1825 2343
0 120 403 3667
116 116 63 566
20 21 85 2045
114 115 85 2045
0 120 1244 1250
0 120 4064 4065
1 2 141 634
96 96 141 634
35 35 399 3144
40 40 1170 3021
47 53 581 906
87 88 1397 2246
13 15 1670 3344
107 109 1670 3344
37 38 166 2384
53 55 173 1111
66 69 374 3087
0 120 766 1625
0 120 2306 2996
29 30 141 4017
0 120 124 2158
66 67 581 1845
0 120 3776 3783
53 54 51 2811
0 120 3394 3489
0 120 4227 4244
74 74 1537 3165
6 7 1300 3252
100 101 1300 3252
0 120 379 398
15 15 506 4145
108 109 506 4145
39 40 120 2389
63 64 277 3504
0 120 991 2093
0 120 2190 3171
21 22 937 3550
115 116 937 3550
79 79 1214 2138
83 84 238 2795
0 120 697 3309
0 120 1925 2873
9 10 146 3960
103 104 146 3960
8 9 2448 2648
102 103 2448 2648
40 43 309 2446
19 20 412 4079
113 114 412 4079
25 27 419 2806
119 120 419 2806
0 120 926 1856
0 120 740 2632
87 89 1091 1923
16 21 629 3555
109 115 629 3555
20 21 130 1922
15 16 2203 3002
109 110 2203 3002
29 30 1100 2386
0 120 97 3694
0 62 694 1698
64 120 694 1698
41 42 436 3160
55 56 898 3191
78 79 12 1112
0 120 2925 3926
24 25 313 4258
118 119 313 4258
66 67 1380 2965
89 89 2920 3582
54 55 299 2108
22 23 1589 2550
116 116 1589 2550
0 120 202 2175
1 3 1722 3079
95 97 1722 3079
0 120 1020 3561
69 70 1682 1960
57 58 2616 2767
5 6 770 2632
8 8 770 2632
15 19 770 2632
21 32 770 2632
34 66 770 2632
69 71 770 2632
79 80 770 2632
88 92 770 2632
98 99 770 2632
102 102 770 2632
109 112 770 2632
115 120 770 2632
30 31 765 2288
28 28 2414 3572
44 46 293 3232
64 64 760 3607
0 120 2122 3171
67 68 726 990
0 120 1517 1519
43 44 152 1657
46 49 1045 2463
0 120 1530 4198
21 26 229 1877
115 120 229 1877
0 120 4248 4262
28 29 1230 3906
0 120 1309 2509
37 39 2448 2782
80 81 166 774
71 71 278 1015
84 84 429 3628
51 52 1962 3074
0 120 1494 1508
70 72 372 650
8 9 51 1201
102 103 51 1201
0 120 579 3572
5 5 1045 2813
7 8 1016 1883
101 102 1016 1883
71 71 314 2365
83 83 1026 2571
38 38 384 3104
0 120 1055 1057
65 67 1418 1863
86 86 418 1934
90 92 1844 3203
26 27 696 1878
120 120 696 1878
15 16 1678 3665
109 110 1678 3665
45 45 1537 2494
70 72 79 3407
102 103 1170 2700
0 31 1593 3557
33 55 1593 3557
57 62 1593 3557
71 72 1593 3557
78 80 1593 3557
84 120 1593 3557
28 29 344 672
38 39 120 4162
0 120 1924 4071
46 48 374 2766
0 120 2829 3948
0 1 2344 2967
93 95 2344 2967
59 60 2858 3188
0 120 2656 3239
16 18 343 420
110 112 343 420
82 84 2607 2788
0 120 1381 3270
110 110 187 846
34 35 983 4163
34 35 1334 2700
55 57 1193 1529
38 39 265 1668
48 49 2228 3142
63 67 777 1062
13 120 226 959
67 69 288 2591
69 71 300 1662
12 13 2366 4015
106 107 2366 4015
16 17 0 1370
110 111 0 1370
0 120 1278 2741
0 120 1760 1761
36 39 2202 2860
33 34 1945 3204
0 120 3691 3697
65 65 365 3188
20 21 351 3290
114 115 351 3290
63 64 93 2500
82 83 180 3408
18 18 906 1068
111 112 906 1068
56 57 1974 2629
19 21 33 1668
113 115 33 1668
28 29 155 2597
89 90 441 739
46 48 2352 3743
10 12 767 1663
104 105 767 1663
62 63 94 3075
87 87 2293 2382
92 92 777 2351
79 81 240 2146
36 37 766 1438
62 62 535 3757
0 120 1249 2346
0 120 2907 3184
0 120 247 2536
35 35 132 334
59 60 770 2311
10 15 708 1433
106 106 708 1433
25 26 1668 3461
119 120 1668 3461
0 120 2110 2116
76 76 1408 1844
78 90 1408 1844
43 44 131 4081
80 81 488 2598
51 51 932 1326
43 44 629 2079
78 79 54 3834
0 120 3089 3605
52 52 300 857
0 120 3524 3533
53 53 76 1341
9 11 1168 3296
103 105 1168 3296
38 39 2207 2399
0 120 1887 2983
0 4 373 581
6 7 373 581
9 12 373 581
14 16 373 581
18 19 373 581
22 23 373 581
26 26 373 581
30 34 373 581
38 38 373 581
57 77 373 581
82 94 373 581
96 98 373 581
101 101 373 581
103 105 373 581
108 110 373 581
112 112 373 581
116 117 373 581
119 120 373 581
61 62 292 1905
44 45 796 1438
0 120 1620 2639
0 120 54 801
34 35 264 1577
82 83 1678 2055
67 68 581 2947
79 80 2291 3975
18 19 983 2203
112 113 983 2203
0 120 1175 2373
23 24 982 1012
117 118 982 1012
0 120 1350 3128
1 4 1467 3713
95 97 1467 3713
52 54 421 3604
56 58 921 1675
24 24 482 4257
118 118 482 4257
16 18 1896 2291
110 112 1896 2291
68 69 1053 1602
64 65 2103 3523
89 90 938 2029
0 120 2058 2060
0 120 1557 3764
0 120 1113 2784
54 55 2506 3913
74 75 168 1064
0 120 2174 3174
0 120 699 700
67 67 418 458
67 68 58 4087
16 18 419 1814
110 112 419 1814
49 51 1300 3549
1 1 135 2055
54 55 51 664
0 120 534 1572
0 120 4073 4074
44 50 310 2810
0 120 43 2466
0 3 430 3666
94 97 430 3666
12 13 310 366
106 107 310 366
39 39 72 952
0 120 3442 3453
0 120 1069 2081
0 120 754 757
0 120 265 2286
88 89 844 2902
0 120 1248 1265
27 28 558 818
0 120 3839 4028
8 10 1451 1624
102 103 1451 1624
16 17 134 2742
110 111 134 2742
51 52 2139 2375
0 120 1074 2051
66 67 1094 1737
51 51 351 875
83 84 1442 4140
9 10 428 2815
102 103 428 2815
58 60 331 2882
13 13 1535 3550
1 2 891 1004
95 96 891 1004
0 120 199 2174
28 29 2126 3991
28 29 436 1363
0 9 52 434
13 21 52 434
23 32 52 434
34 46 52 434
49 57 52 434
61 62 52 434
67 70 52 434
80 120 52 434
11 12 659 3098
105 106 659 3098
36 36 3759 4018
40 41 347 1291
54 55 125 3164
68 69 844 2097
58 59 985 4022
13 14 206 1840
107 108 206 1840
49 50 1754 3072
0 120 2129 2195
18 19 350 3282
112 113 350 3282
17 18 336 1132
112 112 336 1132
13 14 193 2544
107 108 193 2544
1 2 2512 3653
95 96 2512 3653
0 120 330 2815
26 27 846 3863
120 120 846 3863
60 61 256 614
0 120 15 1491
39 41 1181 2621
57 57 173 2831
51 52 1193 1692
70 71 1589 1692
76 77 307 3585
0 16 983 1882
19 20 983 1882
22 26 983 1882
33 36 983 1882
38 39 983 1882
42 47 983 1882
50 51 983 1882
55 71 983 1882
73 74 983 1882
77 79 983 1882
82 84 983 1882
86 86 983 1882
103 103 983 1882
106 109 983 1882
117 119 983 1882
30 30 102 147
6 8 297 3806
100 101 297 3806
0 120 335 1846
0 120 799 2704
0 120 3445 3454
17 17 2320 3079
110 111 2320 3079
40 41 315 2133
5 7 65 3648
99 100 65 3648
93 93 158 429
92 93 968 3452
50 50 235 1615
30 31 1771 3776
44 45 1403 2626
34 36 2965 3756
0 120 3800 3803
27 27 818 3104
39 42 345 1194
20 20 61 1435
0 120 2901 3182
46 47 1132 2513
0 120 1581 1585
50 52 225 3529
28 30 2594 3439
5 6 352 3304
99 99 352 3304
10 10 2616 3198
104 104 2616 3198
0 3 6 1913
5 8 6 1913
11 14 6 1913
16 33 6 1913
35 36 6 1913
39 41 6 1913
43 45 6 1913
66 68 6 1913
71 88 6 1913
92 97 6 1913
99 100 6 1913
104 107 6 1913
110 110 6 1913
114 120 6 1913
17 17 80 2616
111 111 80 2616
33 34 415 620
64 64 738 4279
15 16 349 2252
109 110 349 2252
58 58 2989 3187
73 74 102 3314
0 120 2299 2740
14 15 420 1903
108 109 420 1903
60 60 1466 1985
24 24 3238 3891
118 118 3238 3891
77 77 225 3879
0 120 397 953
0 120 951 1539
5 5 113 1194
99 99 113 1194
0 2 187 1143
94 96 187 1143
14 14 1352 2637
108 108 1352 2637
13 16 524 3946
107 110 524 3946
17 18 219 3310
111 112 219 3310
0 120 2908 3198
25 26 728 3187
119 120 728 3187
0 120 604 1431
28 28 2264 2904
24 24 760 1944
83 86 846 964
23 24 1167 1544
117 118 1167 1544
36 38 535 2765
0 120 3976 3978
0 120 784 3469
52 55 3196 4015
0 120 3345 3357
0 120 1757 1760
83 83 415 2848
0 120 7 1333
54 56 368 558
54 54 187 2432
0 120 3688 3696
0 1 2623 3372
52 52 1589 3115
65 66 1183 1673
57 58 436 692
72 75 965 1945
79 79 965 1945
83 87 965 1945
89 89 965 1945
1 3 977 1016
95 96 977 1016
84 86 2653 3214
11 13 760 3233
106 106 760 3233
0 120 1469 1478
30 30 349 1447
61 63 428 2494
3 4 120 2149
97 98 120 2149
0 0 185 292
94 94 185 292
0 1 176 738
94 95 176 738
10 10 238 1616
103 104 238 1616
22 22 331 2561
116 116 331 2561
23 24 1165 2006
117 117 1165 2006
54 55 69 117
81 82 277 3264
89 91 411 3264
0 120 1789 1833
0 120 2341 2346
79 80 30 354
31 32 128 697
22 23 310 2623
116 117 310 2623
9 10 272 2139
103 104 272 2139
0 120 1292 1966
56 58 316 3377
21 22 1121 2084
115 116 1121 2084
0 120 1979 2115
17 17 193 2223
111 111 193 2223
4 5 296 3664
98 99 296 3664
0 120 2192 3162
0 120 124 174
56 58 1385 2130
90 92 1433 3110
0 120 258 928
6 8 760 2078
100 102 760 2078
42 43 130 4126
10 12 390 1047
104 106 390 1047
0 120 1737 3521
0 120 1730 2542
22 23 2857 3552
117 117 2857 3552
81 81 2740 2967
86 88 13 343
2 3 131 2284
96 97 131 2284
40 40 1676 3999
19 20 2450 2639
113 114 2450 2639
0 120 2092 2931
71 73 1013 1211
52 52 408 4255
84 85 482 4204
0 120 2691 2701
0 120 991 4081
1 1 812 2618
95 95 812 2618
36 37 58 2156
21 23 767 1155
114 116 767 1155
83 84 53 1812
1 2 1806 3476
95 96 1806 3476
66 66 920 1397
42 43 999 2444
116 116 999 2444
119 120 999 2444
65 65 1682 1720
68 69 278 1930
0 0 2621 3625
8 9 2621 3625
15 17 2621 3625
20 21 2621 3625
25 27 2621 3625
30 35 2621 3625
40 55 2621 3625
57 57 2621 3625
60 61 2621 3625
66 73 2621 3625
75 75 2621 3625
78 78 2621 3625
82 86 2621 3625
94 94 2621 3625
99 100 2621 3625
102 102 2621 3625
109 111 2621 3625
114 115 2621 3625
120 120 2621 3625
81 84 331 1756
0 120 749 1515
57 57 967 2906
4 4 55 3578
98 98 55 3578
44 47 1906 2367
0 120 815 822
42 44 1446 1628
48 49 528 765
29 30 1352 1966
23 24 147 1073
116 118 147 1073
9 10 2142 2994
103 104 2142 2994
76 76 36 3686
81 82 850 4199
35 35 2782 4108
49 51 1586 3301
91 91 399 1294
58 58 120 2633
87 88 1634 2029
0 120 1213 1218
0 120 2037 2419
39 42 1352 2316
0 120 3444 3446
0 120 500 3039
17 18 1451 4015
112 112 1451 4015
113 113 914 2090
47 48 2607 3703
65 65 272 2623
70 71 625 1987
37 40 738 1864
37 38 1352 3255
12 14 727 3203
106 108 727 3203
65 66 61 3342
0 120 677 1396
23 24 6 437
117 118 6 437
0 120 883 1464
23 24 743 3147
117 118 743 3147
0 120 2732 2836
44 45 120 3922
0 120 786 1531
57 59 1016 1993
97 97 632 1064
87 88 413 1700
0 120 905 2162
78 79 292 3625
0 120 2296 2656
18 19 436 1310
112 113 436 1310
34 34 2913 3005
59 59 17 3578
76 76 2228 2902
0 120 2778 2780
86 87 438 1356
49 52 30 4005
0 120 1127 2332
76 77 1198 1983
0 120 1690 1691
73 74 113 1946
0 120 4204 4207
60 61 415 1722
89 89 2048 3092
71 71 141 207
0 120 154 2886
16 17 56 99
110 111 56 99
49 51 255 3692
0 120 3364 3412
1 2 976 1008
95 96 976 1008
83 84 301 1593
14 15 1398 1640
108 109 1398 1640
75 75 1606 2343
70 75 914 3513
21 22 1519 3098
115 116 1519 3098
76 77 1015 1121
10 11 1225 2651
104 105 1225 2651
4 4 34 2188
0 120 3568 3592
0 120 2804 3196
108 109 410 2667
44 45 47 2615
39 39 2466 4140
0 120 974 2251
30 31 1397 3108
76 76 354 2543
110 114 138 1198
0 120 164 167
0 120 551 1367
0 120 1425 2123
0 120 26 2677
0 120 1891 2862
69 69 2180 2965
87 87 1194 3688
60 61 394 629
66 68 93 1455
69 69 160 3431
53 54 1751 2293
71 72 1510 3170
13 15 367 2189
107 109 367 2189
62 62 300 967
24 25 1132 3749
119 119 1132 3749
5 6 430 4231
99 100 430 4231
36 36 2228 3386
92 92 1822 1944
56 56 779 2133
39 41 125 3595
97 98 1197 1892
48 49 173 2323
0 120 2480 3607
0 10 2186 3160
13 104 2186 3160
107 120 2186 3160
90 93 1838 4140
51 52 429 4006
66 67 1466 2282
76 78 1340 1419
26 27 1128 3226
120 120 1128 3226
37 39 54 1850
27 28 1169 1537
37 37 1685 1831
50 51 152 2385
119 119 103 3432
54 56 934 3360
63 64 1068 4114
85 87 138 3426
68 72 76 296
20 21 1120 3715
16 17 65 4079
110 111 65 4079
6 7 421 3714
100 101 421 3714
38 39 999 3196
50 51 1064 3591
52 54 737 3196
0 120 1943 2247
96 96 506 3263
83 83 1708 3104
52 53 294 2626
36 36 1811 2293
18 21 3072 3495
112 112 3072 3495
0 120 1950 2637
0 120 2404 2807
83 84 721 3602
76 77 488 2842
0 120 1324 3114
51 51 1398 3063
50 50 149 932
11 13 1397 3592
105 107 1397 3592
46 46 17 224
0 120 1142 2319
60 61 144 3971
64 65 856 4177
63 64 1978 2591
35 36 240 3679
0 120 1995 2006
70 71 1102 1200
0 120 1826 2951
21 21 1162 3725
115 115 1162 3725
6 11 167 168
14 14 167 168
16 16 167 168
23 26 167 168
33 33 167 168
60 61 167 168
63 64 167 168
71 71 167 168
81 83 167 168
90 90 167 168
93 93 167 168
100 103 167 168
117 120 167 168
45 46 348 3212
22 23 716 1164
116 117 716 1164
9 11 353 1112
102 104 353 1112
87 88 738 1677
0 120 1720 3464
0 120 941 1282
33 35 187 1574
95 95 300 1451
45 46 1012 3377
0 120 1005 2206
0 120 1187 1688
0 120 1949 2011
23 24 772 1446
117 118 772 1446
0 120 4070 4071
22 24 372 3956
115 118 372 3956
0 120 3173 4085
17 19 989 3366
111 112 989 3366
46 46 180 753
73 74 311 1236
82 86 2623 2864
22 24 1446 4019
116 118 1446 4019
0 120 377 2987
11 13 1017 1627
105 107 1017 1627
17 17 243 543
42 42 14 2935
56 56 325 353
0 0 968 3428
93 94 968 3428
0 120 2748 2751
78 79 278 3166
36 37 2131 2782
11 12 1821 4054
105 106 1821 4054
54 55 11 3576
55 56 102 2940
54 55 482 2407
5 6 136 1770
99 100 136 1770
80 81 504 2920
43 45 1753 2607
28 29 989 2211
1 3 846 3623
95 96 846 3623
0 120 758 1524
18 19 2783 3876
112 113 2783 3876
82 83 1962 2192
0 120 1038 3793
14 15 313 2571
108 109 313 2571
64 64 1091 1175
1 8 1672 2618
10 10 1672 2618
14 15 1672 2618
19 26 1672 2618
33 35 1672 2618
39 57 1672 2618
60 67 1672 2618
71 90 1672 2618
93 93 1672 2618
96 101 1672 2618
108 108 1672 2618
114 116 1672 2618
0 5 488 882
94 98 488 882
44 44 770 3978
64 65 123 4167
43 46 155 2170
31 33 678 1945
84 84 416 2699
33 33 777 1924
78 79 524 1478
52 53 873 2386
59 59 193 3593
4 5 93 2423
98 99 93 2423
22 22 0 2232
115 116 0 2232
62 62 989 3500
46 47 94 3587
59 60 1532 2207
73 75 419 903
62 64 914 3326
7 8 1666 2207
101 102 1666 2207
20 20 983 2931
0 1 293 2484
94 95 293 2484
83 84 1017 1761
7 7 738 3100
101 102 738 3100
65 66 182 2653
8 10 923 2099
102 103 923 2099
27 29 168 503
0 120 1028 1361
2 4 190 262
96 98 190 262
73 75 417 3459
37 39 1128 1750
48 48 402 1838
0 120 3165 3173
0 120 1379 3281
9 10 314 3711
0 120 902 2161
90 91 262 3521
91 92 1475 3743
27 28 2581 3876
1 1 299 3588
94 95 299 3588
0 120 555 1299
38 39 629 2002
0 0 696 780
91 93 696 780
0 120 1255 2464
0 120 167 2880
36 39 353 3824
38 40 411 3240
0 120 523 4235
89 89 1168 3219
23 25 1190 2978
117 119 1190 2978
56 57 2513 3368
0 120 718 3922
17 17 128 673
110 112 128 673
82 84 6 2962
0 120 403 2598
43 44 453 1961
88 88 105 2941
34 35 1352 2747
33 34 2957 3759
0 0 27 3250
3 19 27 3250
24 26 27 3250
91 92 27 3250
94 107 27 3250
110 110 27 3250
115 115 27 3250
117 117 27 3250
119 120 27 3250
91 92 1068 2988
20 22 944 1232
113 116 944 1232
0 120 1572 2521
81 82 2339 2434
56 58 334 3932
51 52 12 3881
0 120 3080 3600
0 120 2204 2209
9 11 301 1540
103 105 301 1540
72 73 53 1438
92 93 1640 3564
4 5 386 1089
98 99 386 1089
0 120 2387 2855
54 60 250 262
38 40 955 1017
0 120 3016 3026
58 60 2142 2270
0 120 1937 3558
92 93 311 915
74 76 8 914
66 69 1806 4041
0 120 1410 4041
77 79 856 2701
70 73 142 1668
0 120 226 2305
73 74 2062 2506
10 11 1019 1941
104 105 1019 1941
57 58 131 3199
0 120 7 1443
0 120 683 3712
0 120 282 3368
79 80 631 3522
15 15 1758 2280
109 109 1758 2280
19 20 581 1715
113 114 581 1715
84 87 1352 1592
74 74 777 3347
0 120 4213 4216
41 43 741 1438
38 38 133 3245
48 49 16 216
0 120 4231 4233
5 7 55 1110
10 10 55 1110
17 17 55 1110
20 20 55 1110
23 24 55 1110
30 35 55 1110
42 43 55 1110
53 53 55 1110
56 57 55 1110
59 62 55 1110
65 66 55 1110
73 77 55 1110
81 87 55 1110
92 97 55 1110
99 101 55 1110
104 105 55 1110
108 108 55 1110
111 111 55 1110
114 118 55 1110
12 13 1012 2840
106 107 1012 2840
0 120 143 176
67 71 1796 2922
32 32 760 4282
0 120 426 2716
31 31 2131 3400
82 83 307 3024
11 11 430 3589
105 105 430 3589
7 37 2512 4031
39 47 2512 4031
51 51 2512 4031
55 55 2512 4031
74 76 2512 4031
79 79 2512 4031
84 84 2512 4031
101 120 2512 4031
29 30 488 561
32 33 488 561
82 85 488 561
87 88 488 561
90 93 488 561
99 100 488 561
106 106 488 561
109 112 488 561
114 114 488 561
116 118 488 561
53 54 256 992
11 13 696 1264
105 107 696 1264
35 36 765 869
82 83 253 694
14 16 349 402
108 110 349 402
58 58 125 3892
23 24 1379 1671
117 118 1379 1671
0 120 1033 1034
83 85 348 931
0 120 1373 4108
0 120 2808 3211
58 59 1839 2595
0 120 433 2732
0 120 2000 3452
0 7 887 2148
95 101 887 2148
53 55 390 2096
78 80 94 3266
0 120 1253 2471
35 35 76 3626
33 34 19 3092
83 83 1483 2933
0 120 860 1264
85 86 421 628
4 4 316 2332
98 98 316 2332
3 4 219 2399
97 98 219 2399
13 15 21 694
107 109 21 694
52 53 16 350
69 70 105 1331
46 46 659 2671
39 39 3554 4125
0 120 1833 2938
0 120 1100 1101
42 42 262 756
0 120 1160 1906
75 76 2388 3160
44 44 275 2681
48 48 275 2681
21 22 1352 2076
115 116 1352 2076
65 66 354 2974
31 31 3564 4254
0 120 2385 2862
0 120 1654 1660
1 1 334 3261
6 6 334 3261
14 14 334 3261
95 95 334 3261
100 100 334 3261
108 108 334 3261
16 17 1167 4016
110 111 1167 4016
18 19 1170 1281
112 113 1170 1281
70 70 2291 4166
0 120 2260 2601
77 78 123 3980
0 1 357 1932
93 95 357 1932
88 88 1771 2410
3 4 310 3806
97 97 310 3806
67 67 63 3148
0 120 1572 2200
50 52 856 2030
44 45 6 3580
28 29 350 4144
59 60 372 3903
18 19 2965 3329
112 113 2965 3329
89 90 2450 2883
92 93 1230 1682
14 15 2118 2144
65 65 27 3868
111 111 373 2061
78 78 1087 1404
0 120 1572 3139
40 41 1537 2364
0 120 2793 3222
113 113 372 870
72 72 869 1676
86 86 409 1691
62 64 1025 3909
76 76 2666 2888
89 92 367 1465
47 47 2366 2596
0 120 1707 3714
89 90 421 4145
51 52 2381 2904
7 7 1019 2559
101 101 1019 2559
0 120 143 2888
0 120 4079 4080
42 43 189 1543
55 56 314 491
0 120 945 1297
48 50 296 3103
0 120 4248 4266
43 43 1096 1466
61 61 438 1466
0 120 2143 2150
58 60 2287 3592
73 75 606 1050
22 27 105 2754
116 120 105 2754
8 8 253 3406
100 103 253 3406
29 29 1758 3248
85 86 313 3457
0 120 4134 4137
0 120 1204 3628
30 31 2269 3952
57 59 1193 1749
72 79 312 3986
82 82 312 3986
16 17 983 1939
110 111 983 1939
79 79 1132 3725
53 55 1196 2986
0 120 499 3812
59 60 1492 1816
71 73 1193 2688
9 10 138 3052
103 104 138 3052
10 10 451 1297
16 16 451 1297
19 21 451 1297
104 116 451 1297
12 14 743 3391
106 108 743 3391
15 16 2295 3079
109 109 2295 3079
0 120 3052 3058
29 29 1670 3027
31 39 1670 3027
16 18 536 846
110 111 536 846
41 42 135 502
8 8 639 2287
102 102 639 2287
0 5 353 1893
39 45 353 1893
47 47 353 1893
55 56 353 1893
58 62 353 1893
64 64 353 1893
66 66 353 1893
68 68 353 1893
70 79 353 1893
87 91 353 1893
93 99 353 1893
44 44 1162 2062
3 7 554 3869
97 101 554 3869
55 56 134 3283
59 61 0 85
0 120 2553 2556
6 6 1550 3110
100 100 1550 3110
66 67 1955 2607
0 120 1332 3382
0 120 668 4156
0 0 2617 3480
93 94 2617 3480
17 17 850 3638
110 111 850 3638
86 86 103 1903
0 1 1438 3808
94 95 1438 3808
58 60 844 1349
50 52 833 1190
0 120 1748 1755
19 20 1404 1945
113 114 1404 1945
54 55 923 3335
120 120 1016 3526
0 0 348 2838
92 94 348 2838
54 54 2292 4070
0 120 2359 2848
17 23 93 1565
110 117 93 1565
0 120 127 1149
50 53 3079 3137
2 3 138 2247
96 97 138 2247
34 35 155 1662
61 63 353 4121
55 57 34 3587
24 24 2259 2617
117 118 2259 2617
44 46 777 1416
0 120 782 3480
0 14 1771 3028
16 19 1771 3028
21 31 1771 3028
35 51 1771 3028
53 57 1771 3028
66 69 1771 3028
75 96 1771 3028
98 107 1771 3028
110 113 1771 3028
115 120 1771 3028
0 9 307 3187
16 24 307 3187
31 31 307 3187
33 54 307 3187
56 64 307 3187
66 86 307 3187
88 90 307 3187
92 103 307 3187
109 118 307 3187
28 28 1198 3166
38 40 535 2822
65 65 767 4111
8 9 2615 2629
102 102 2615 2629
39 39 416 3130
34 34 61 687
0 120 3345 3414
0 120 976 1252
5 5 2581 3018
98 99 2581 3018
65 66 1399 2109
0 120 3932 4113
44 45 451 1781
0 120 370 2381
0 120 1373 1827
1 7 1848 2120
13 40 1848 2120
44 47 1848 2120
54 58 1848 2120
64 66 1848 2120
72 91 1848 2120
94 104 1848 2120
106 120 1848 2120
58 61 1168 2361
87 87 1452 2120
0 120 3855 3866
70 71 2083 2926
0 120 2157 3629
29 32 975 2720
0 120 1353 1360
65 66 952 1016
0 120 561 3080
0 120 776 790
52 53 232 1858
77 77 321 395
36 38 432 3609
0 120 1406 2125
56 57 241 631
31 32 256 3383
49 50 449 1334
37 38 1004 1556
71 72 1537 1827
8 10 193 2280
102 104 193 2280
18 19 2293 4025
112 113 2293 4025
6 8 846 3599
100 102 846 3599
39 40 101 1001
10 13 629 3372
104 107 629 3372
14 15 966 2203
108 109 966 2203
49 51 1668 1721
0 0 1797 2131
2 4 1797 2131
82 94 1797 2131
96 98 1797 2131
0 120 4240 4242
49 50 1602 3353
28 28 401 2202
0 120 1953 2644
16 17 79 2151
110 111 79 2151
83 84 912 2906
90 91 69 1463
20 20 354 4076
114 114 354 4076
13 16 1025 2783
108 110 1025 2783
18 20 299 1925
112 114 299 1925
0 120 2200 2521
8 9 1596 3538
19 22 1596 3538
24 25 1596 3538
27 28 1596 3538
30 34 1596 3538
38 42 1596 3538
44 45 1596 3538
53 65 1596 3538
97 99 1596 3538
102 103 1596 3538
113 116 1596 3538
118 120 1596 3538
63 64 932 3558
74 75 11 1458
88 88 138 2731
82 85 983 2557
0 120 1824 3173
2 3 232 4086
96 97 232 4086
30 30 629 3722
0 120 3435 3441
33 33 770 2449
72 72 1172 2429
83 84 2366 2409
8 9 55 3635
59 60 253 1930
10 11 1452 2254
104 105 1452 2254
31 32 2269 2476
12 13 1128 1376
106 107 1128 1376
6 6 844 1617
18 20 558 1977
112 113 558 1977
74 75 238 1807
0 120 207 242
56 56 790 2512
0 120 365 1582
59 61 346 1340
41 41 0 703
15 17 17 118
109 111 17 118
67 68 373 3163
0 120 2630 2640
4 6 765 2455
98 100 765 2455
4 4 429 2506
98 98 429 2506
0 120 1690 3708
30 31 441 1577
27 27 103 2521
120 120 103 2521
57 57 394 1007
76 79 60 1885
0 0 770 3738
93 94 770 3738
0 120 80 3291
0 120 468 3373
44 44 1578 1962
34 39 614 2444
31 33 2524 2594
70 70 561 1120
18 20 230 1515
112 114 230 1515
0 120 237 242
0 1 421 2803
93 95 421 2803
24 25 173 2701
118 119 173 2701
28 29 2000 2594
0 120 563 1166
14 14 167 412
108 108 167 412
25 25 558 822
0 120 573 3574
83 84 1161 2024
64 64 2756 3102
13 13 39 2886
0 120 547 1572
5 6 425 3861
99 100 425 3861
30 32 232 248
3 4 1168 1690
97 98 1168 1690
85 93 856 2327
0 120 369 2239
22 23 331 1947
116 117 331 1947
30 31 430 1926
11 13 2964 3401
105 107 2964 3401
0 120 3852 3863
13 16 297 1582
107 109 297 1582
91 92 844 4195
2 5 746 1408
96 99 746 1408
31 32 885 2506
53 55 138 771
40 40 1230 2918
78 78 1658 1675
19 20 773 2450
113 114 773 2450
0 120 1186 2619
21 23 738 4149
115 117 738 4149
4 6 13 2173
98 99 13 2173
37 38 1713 2513
39 40 410 3529
0 120 1802 1804
42 44 845 1013
0 120 20 4283
7 8 297 2871
101 101 297 2871
0 9 1606 3555
12 17 1606 3555
24 103 1606 3555
106 112 1606 3555
118 120 1606 3555
35 36 914 2281
44 45 36 1783
0 120 87 782
0 120 1501 2980
23 25 348 557
117 119 348 557
5 7 372 951
99 101 372 951
35 35 2373 2909
63 64 1185 3683
37 37 292 433
0 120 1331 3508
47 49 1019 4145
0 120 477 3596
26 37 1809 1820
44 51 1809 1820
54 58 1809 1820
61 62 1809 1820
64 73 1809 1820
81 81 1809 1820
83 86 1809 1820
120 120 1809 1820
12 14 2015 4140
106 108 2015 4140
71 71 131 2959
68 69 1404 3986
0 120 3680 3705
0 120 22 3955
0 120 3740 3756
0 120 2152 2159
0 120 2200 3139
0 120 3012 3017
0 8 1839 3160
93 101 1839 3160
74 74 662 2595
0 120 1522 1763
0 120 651 716
0 120 842 1250
76 76 887 2713
84 86 932 4176
93 93 2029 3257
36 36 120 2019
0 120 1647 3340
46 46 1628 3098
0 120 893 3632
45 46 881 2117
0 26 225 500
28 36 225 500
44 44 225 500
47 51 225 500
54 58 225 500
60 65 225 500
67 80 225 500
82 120 225 500
0 120 1644 3042
60 61 94 1737
44 44 558 2595
9 9 331 3370
103 103 331 3370
51 52 2581 4120
0 120 905 3642
34 35 2118 3864
24 25 146 3590
118 119 146 3590
12 13 1352 2641
106 107 1352 2641
0 120 1042 1661
1 8 61 2728
12 19 61 2728
22 103 61 2728
105 113 61 2728
116 120 61 2728
45 47 352 1214
31 32 200 3072
82 83 1017 3294
0 120 664 1486
0 120 1173 3807
26 27 1944 3684
120 120 1944 3684
67 68 1120 2483
103 105 63 2774
72 72 1016 1379
57 59 2621 3145
55 55 253 3837
0 120 1373 3868
0 120 2460 3951
0 120 946 1549
80 80 793 1307
106 108 1197 2888
81 83 415 2852
0 120 3688 3700
29 29 381 989
73 75 320 2965
56 57 215 1451
77 77 1452 2067
0 120 3489 3490
0 0 402 1277
92 94 402 1277
86 87 519 1862
4 6 240 2447
98 99 240 2447
0 120 1095 2961
16 17 436 4079
110 111 436 4079
0 120 970 980
20 22 581 1959
114 116 581 1959
39 40 297 2200
71 72 3468 3552
84 84 169 702
0 120 248 1749
33 34 34 2729
0 120 2102 3465
0 120 562 2848
0 120 247 3776
50 51 2164 2653
0 120 1546 3772
34 35 1902 2653
0 120 124 2622
0 120 907 1570
69 70 2075 2581
9 10 215 296
103 104 215 296
22 23 182 348
116 117 182 348
68 70 256 297
87 88 414 3889
0 120 3521 3536
0 120 2511 3111
71 72 1019 3474
0 2 202 1000
4 7 202 1000
10 11 202 1000
14 19 202 1000
21 22 202 1000
25 28 202 1000
32 36 202 1000
39 43 202 1000
45 47 202 1000
49 51 202 1000
53 54 202 1000
59 60 202 1000
89 90 202 1000
93 96 202 1000
98 101 202 1000
104 105 202 1000
108 112 202 1000
115 116 202 1000
118 120 202 1000
15 17 1165 3299
109 111 1165 3299
0 120 2068 2541
44 45 144 995
0 120 4182 4184
9 11 104 3848
103 104 104 3848
29 33 300 1508
32 33 1962 3054
0 4 2681 2741
7 12 2681 2741
16 17 2681 2741
19 38 2681 2741
43 49 2681 2741
53 53 2681 2741
59 63 2681 2741
66 66 2681 2741
70 72 2681 2741
75 82 2681 2741
93 98 2681 2741
101 106 2681 2741
109 109 2681 2741
113 116 2681 2741
120 120 2681 2741
0 120 3942 3943
0 120 2528 3465
0 120 2449 3172
0 120 2523 3121
82 83 313 3433
0 120 3037 3342
90 90 12 4259
7 7 113 2621
101 101 113 2621
80 81 2118 2254
14 15 631 2961
108 109 631 2961
18 19 989 3423
112 113 989 3423
0 120 3377 3383
0 120 1906 2371
10 13 257 1996
105 106 257 1996
0 0 346 3731
93 94 346 3731
0 120 1571 3024
20 23 360 1185
116 116 360 1185
0 120 1089 1560
32 33 344 652
17 17 762 1165
110 112 762 1165
85 86 1195 3676
0 120 4249 4251
47 48 1589 3603
0 120 3949 3959
2 7 2228 2772
95 101 2228 2772
30 31 1094 2843
35 36 793 3669
86 88 1168 2792
56 57 120 2637
33 35 331 3049
0 120 792 3444
32 33 699 1001
58 58 1042 1340
78 80 1128 2612
33 34 2019 2783
7 7 1186 2782
101 101 1186 2782
70 70 436 1530
15 15 1451 4019
109 109 1451 4019
40 40 1132 3485
22 22 301 1113
116 116 301 1113
38 39 55 1838
52 53 2090 2434
75 76 2486 3188
2 4 130 1231
96 98 130 1231
29 31 696 1642
45 45 1477 2207
43 44 16 1883
0 120 878 1124
76 77 631 2156
0 120 1555 2275
0 120 2639 2649
0 120 3499 3507
68 69 777 1981
79 80 1856 2203
88 90 428 1827
88 89 629 3803
29 30 1165 3783
72 73 1456 2269
39 39 425 775
3 4 278 1479
96 97 278 1479
36 37 1945 4123
0 120 2427 3897
0 120 2815 3225
0 120 1043 3039
38 38 351 4209
0 13 1483 3311
92 106 1483 3311
0 120 5 1320
47 48 793 2864
0 120 1966 1967
21 23 1682 2208
115 117 1682 2208
0 120 1107 3963
4 5 30 3070
98 99 30 3070
0 120 752 1520
90 90 1232 2911
0 120 1664 3322
18 19 168 3943
112 113 168 3943
37 38 1026 3974
0 120 3357 3400
14 16 1943 2922
108 110 1943 2922
59 61 126 3717
86 86 1831 2681
1 17 1161 1166
19 20 1161 1166
24 27 1161 1166
85 89 1161 1166
92 111 1161 1166
114 114 1161 1166
117 120 1161 1166
0 120 2496 3071
0 120 1362 3142
30 31 558 3347
59 60 126 684
12 13 2629 3600
106 106 2629 3600
0 120 1860 2106
67 68 1058 1418
0 120 1113 1125
10 12 144 1263
104 106 144 1263
42 43 1467 3343
69 70 336 1433
37 37 1676 3682
82 84 430 1068
6 8 1008 2994
100 101 1008 2994
10 11 371 3871
104 105 371 3871
25 25 1673 2630
119 119 1673 2630
14 15 138 2357
108 108 138 2357
0 120 879 3523
59 61 1013 4277
47 47 1398 1644
48 49 918 1007
45 49 770 2075
52 53 749 1198
80 80 152 3194
53 55 2488 2964
0 120 3682 3698
59 60 1004 3410
57 58 56 453
81 83 135 746
40 41 331 2378
88 88 1451 2409
9 10 1673 3919
103 103 1673 3919
53 55 536 2029
0 120 642 3179
31 32 1055 2594
43 45 635 2008
90 92 1194 3692
27 28 1120 1491
0 5 94 1095
92 99 94 1095
47 49 2506 3893
0 120 2174 3154
85 88 412 3656
8 12 95 1505
14 15 95 1505
17 18 95 1505
20 39 95 1505
42 43 95 1505
45 49 95 1505
51 51 95 1505
55 55 95 1505
57 57 95 1505
59 59 95 1505
72 75 95 1505
101 105 95 1505
107 108 95 1505
111 120 95 1505
35 37 418 438
39 40 767 3066
0 120 1061 1069
0 120 890 1187
0 120 1370 1824
0 120 1941 2579
33 34 348 638
76 76 759 1670
29 30 79 1911
22 22 232 2907
29 31 1085 2594
0 120 3893 3894
33 35 63 3071
0 120 1684 2364
20 22 1675 2810
114 115 1675 2810
76 76 371 972
49 51 408 1039
0 120 2376 2857
81 81 425 454
0 120 210 1054
50 50 2126 2682
49 49 686 983
0 120 1169 1891
58 59 606 2717
84 85 115 1167
80 80 2606 4258
0 120 725 1096
0 120 1566 1712
0 1 1483 3929
55 57 2293 2980
0 120 8 1455
15 17 395 403
109 111 395 403
44 44 1276 2138
40 41 1771 2117
14 16 625 865
109 110 625 865
12 13 331 418
106 107 331 418
84 85 351 1794
0 120 1837 3868
0 120 1548 3765
26 26 371 3200
120 120 371 3200
0 120 3908 4121
57 58 147 1240
19 21 256 3627
113 115 256 3627
41 41 829 1045
0 120 471 1337
69 70 1758 3760
91 93 144 942
0 120 510 511
91 91 2621 2637
64 65 243 2641
86 86 2113 3170
37 38 1433 3411
0 120 3150 3166
85 86 297 403
86 87 923 4063
0 120 787 4202
1 2 312 3909
19 19 312 3909
34 34 312 3909
37 41 312 3909
47 48 312 3909
62 62 312 3909
87 87 312 3909
91 91 312 3909
94 95 312 3909
81 83 1225 1395
23 27 1438 2442
117 120 1438 2442
88 89 347 3149
36 37 1334 3782
52 54 138 2975
52 53 18 429
66 67 2120 2247
23 23 415 3283
116 117 415 3283
89 92 1418 2729
2 3 349 943
96 97 349 943
0 120 1512 1610
69 73 60 840
0 120 552 1302
0 120 3265 3274
82 84 120 1645
43 43 1630 3551
54 54 2628 2653
0 120 2688 2704
68 71 350 2107
0 120 3548 3562
80 81 76 784
83 83 667 1225
45 47 144 3170
0 120 715 3925
30 34 1016 3099
21 24 606 3201
115 118 606 3201
3 4 928 1000
97 98 928 1000
58 59 1814 3079
88 90 415 3633
45 49 1397 3730
0 11 2291 3418
92 100 2291 3418
102 103 2291 3418
0 120 364 2355
0 120 532 1939
69 71 1091 3623
75 76 63 2400
14 15 975 3448
108 109 975 3448
8 8 2616 4117
102 102 2616 4117
73 74 765 3638
0 120 3363 3408
91 92 975 3707
6 8 12 368
100 101 12 368
0 120 8 2878
0 120 882 3634
53 55 846 3977
18 21 932 2997
112 114 932 2997
75 75 390 1482
76 77 407 897
0 120 1033 3803
0 120 3199 3916
26 27 334 3802
120 120 334 3802
8 10 1165 3730
102 104 1165 3730
0 120 57 2770
0 120 2340 3660
39 40 793 1872
77 78 187 2062
14 21 2126 2950
108 115 2126 2950
43 45 785 2920
91 92 2681 3172
11 11 100 373
104 105 100 373
16 18 1483 3258
110 112 1483 3258
31 32 1562 3551
70 71 248 1025
0 120 213 250
19 21 1094 1985
113 115 1094 1985
37 37 152 3946
80 80 1612 3079
0 120 2094 2099
0 1 230 3048
7 11 230 3048
15 15 230 3048
19 22 230 3048
75 75 230 3048
77 78 230 3048
80 80 230 3048
82 82 230 3048
91 95 230 3048
100 105 230 3048
109 109 230 3048
113 113 230 3048
115 115 230 3048
73 73 2606 3937
44 45 691 1945
86 86 230 604
0 120 260 446
0 56 2293 2659
59 60 2293 2659
64 71 2293 2659
78 80 2293 2659
83 120 2293 2659
26 28 2381 2506
120 120 2381 2506
13 14 230 3987
107 108 230 3987
30 31 120 2129
62 63 421 1303
82 83 2100 3018
29 30 209 666
44 45 2103 4255
24 26 1198 1934
118 120 1198 1934
0 120 1741 3085
0 120 991 1833
0 120 1430 3223
91 92 354 2710
4 5 2293 3598
98 99 2293 3598
41 43 767 2879
56 57 2117 3372
0 120 2 2258
60 62 420 2017
0 0 12 502
93 93 12 502
59 59 134 2185
13 15 767 3818
107 109 767 3818
89 91 256 862
98 98 1190 3921
0 120 2986 3003
0 81 350 497
84 94 350 497
96 120 350 497
28 29 71 1082
27 28 983 2130
89 89 201 374
54 60 777 1473
2 120 1675 2623
21 32 2626 3599
115 120 2626 3599
0 120 157 3485
0 120 1110 1124
80 82 313 3998
0 120 2030 2033
19 21 1446 3702
113 115 1446 3702
38 40 2444 2804
51 52 1370 2926
70 82 183 1673
8 9 1468 1771
102 103 1468 1771
0 1 17 2135
92 94 17 2135
0 120 43 1104
67 68 1132 1822
31 32 203 3079
28 29 3248 3538
41 41 887 2957
1 2 372 1545
95 96 372 1545
0 120 2325 2331
0 120 382 3953
42 42 721 3419
12 13 1435 2762
106 107 1435 2762
35 36 805 2366
22 23 2367 2742
116 117 2367 2742
19 20 204 2900
113 113 204 2900
7 8 696 3362
101 102 696 3362
0 120 1437 2808
28 28 314 816
84 85 14 524
0 120 3625 3646
10 10 2386 3923
103 104 2386 3923
2 3 1195 1208
0 120 3908 3934
0 120 474 1448
74 74 923 3526
46 47 1198 1479
13 14 2571 2922
107 108 2571 2922
62 62 608 2202
51 52 0 4009
83 84 202 760
46 48 857 2906
91 92 120 2613
49 50 667 2782
41 42 1064 1664
64 65 105 2490
79 80 1452 3466
11 12 1944 3928
105 106 1944 3928
85 87 1137 2142
46 48 53 1576
48 48 58 1920
120 120 137 2967
1 2 517 2434
95 96 517 2434
56 57 144 1694
75 76 2117 3856
88 88 6 3450
38 39 420 2501
52 52 1115 1602
0 120 1474 4164
74 74 225 2033
68 69 395 2444
0 1 276 278
5 6 276 278
8 9 276 278
35 42 276 278
45 46 276 278
49 51 276 278
53 69 276 278
73 96 276 278
99 100 276 278
103 103 276 278
0 120 1632 3060
35 37 238 3958
0 120 565 2855
49 51 214 1120
58 61 1781 2594
10 12 310 1582
104 106 310 1582
42 43 395 3383
89 89 482 1285
0 120 627 3891
0 1 1064 3892
94 95 1064 3892
44 46 138 694
0 120 3078 3611
14 15 3565 3729
108 109 3565 3729
54 55 55 659
27 27 39 4098
84 86 1467 2030
0 120 2385 2866
0 120 931 1269
63 64 303 1700
0 120 788 3435
0 120 466 3384
86 87 2100 3636
38 39 1675 1952
24 24 1121 2332
28 31 1121 2332
117 118 1121 2332
54 55 985 1505
0 120 1086 1557
0 120 742 1747
0 120 1513 1624
79 80 451 3261
0 120 215 2984
66 67 253 3276
0 120 2223 3477
38 39 1433 3358
67 67 846 3790
80 81 376 1397
0 120 121 124
0 120 298 1706
90 92 1091 1342
0 120 550 1927
0 59 2202 3539
64 120 2202 3539
1 5 309 2804
11 19 309 2804
22 23 309 2804
30 32 309 2804
35 35 309 2804
44 45 309 2804
62 68 309 2804
70 73 309 2804
75 76 309 2804
84 84 309 2804
86 90 309 2804
95 99 309 2804
105 109 309 2804
112 113 309 2804
117 117 309 2804
0 120 2298 3247
46 47 1195 2631
28 28 429 1408
0 120 1351 3144
40 40 95 2286
77 79 367 530
0 120 525 1870
64 65 330 3092
59 59 60 787
76 77 2626 4217
0 120 1212 3739
28 28 1167 2276
0 120 1246 2569
37 38 1647 2913
82 83 126 2538
0 120 1729 3477
14 29 115 659
108 109 115 659
114 120 115 659
0 120 1409 1809
72 73 932 4099
52 53 548 3170
0 120 2690 2697
42 42 1248 2615
56 57 66 1706
0 120 933 1291
6 15 348 2358
17 17 348 2358
100 111 348 2358
74 74 418 3097
0 120 2309 3005
21 22 160 3061
115 116 160 3061
26 27 2117 2246
120 120 2117 2246
0 120 481 2887
73 73 283 428
83 83 283 428
0 120 814 818
0 120 3200 4115
5 9 39 1199
99 102 39 1199
0 120 997 3154
19 21 331 849
113 115 331 849
59 61 1980 2133
53 55 2591 4007
89 91 1404 2754
93 93 1070 3632
0 120 3617 3622
0 120 809 824
11 16 348 3647
105 109 348 3647
0 120 1922 3094
18 22 1004 2231
112 116 1004 2231
0 120 2717 2776
63 65 255 423
26 26 155 2471
120 120 155 2471
0 0 1189 1230
93 94 1189 1230
65 66 1445 2913
72 73 297 834
27 28 803 1194
120 120 803 1194
0 120 863 1245
0 120 2492 3597
39 39 935 3565
80 82 104 1193
0 120 2922 3181
67 73 558 1363
0 120 1552 2221
44 45 12 1604
75 77 1263 2118
0 120 4141 4157
0 120 2553 2560
0 120 2205 3540
19 20 294 2256
113 114 294 2256
21 22 581 1532
115 116 581 1532
14 15 147 2960
108 108 147 2960
4 6 1671 2852
98 100 1671 2852
0 120 3624 3638
22 23 145 2133
116 117 145 2133
31 32 1032 1404
16 18 2131 2278
110 111 2131 2278
78 78 2666 3376
0 120 1642 3053
0 120 1566 2277
73 74 1404 1949
33 33 1013 2293
119 119 1197 4100
0 120 1078 2688
44 46 32 2606
82 84 65 2554
53 54 32 162
13 15 128 624
107 109 128 624
4 6 415 4064
98 100 415 4064
39 40 264 1451
68 68 850 3992
0 120 879 2478
104 106 36 1035
110 120 36 1035
0 120 1278 2749
28 30 1013 3232
33 35 2133 3263
77 78 1758 3386
7 8 204 619
101 102 204 619
100 100 350 2888
48 48 1408 3007
23 23 2607 4085
117 117 2607 4085
0 1 2725 3552
94 95 2725 3552
24 25 316 4243
118 119 316 4243
19 20 846 1025
113 114 846 1025
66 67 144 1507
48 48 82 629
61 61 130 1609
0 120 1286 1297
39 40 429 4120
75 75 975 3879
32 32 408 799
76 77 297 3412
34 36 299 1795
0 120 479 2894
31 32 983 2427
14 16 625 2719
108 109 625 2719
29 36 1091 1960
14 15 1989 3110
108 109 1989 3110
14 15 3188 3434
108 109 3188 3434
17 19 1770 3746
21 66 1770 3746
72 73 1770 3746
70 71 1195 3249
0 120 1341 1354
36 38 696 2370
53 54 2714 3551
0 120 3512 3531
62 64 948 2591
2 2 2142 2571
95 96 2142 2571
0 120 1373 1831
61 63 767 2021
0 0 168 3382
3 3 168 3382
6 13 168 3382
25 25 168 3382
60 60 168 3382
64 67 168 3382
69 72 168 3382
74 74 168 3382
80 85 168 3382
89 94 168 3382
97 97 168 3382
99 108 168 3382
0 120 561 3084
68 68 1946 2632
0 120 657 2792
0 1 473 985
93 95 473 985
43 43 39 3911
0 120 1135 3356
0 120 1567 3767
34 35 206 641
45 45 2623 3783
67 69 428 3494
87 88 297 2257
0 120 202 3151
5 7 1613 1668
99 101 1613 1668
27 28 9 1790
0 5 1203 1770
9 9 1203 1770
83 84 1203 1770
90 98 1203 1770
0 120 1788 2423
0 120 577 584
19 20 418 3715
113 114 418 3715
84 84 79 4249
91 93 296 2786
0 120 1667 1904
87 89 206 1580
63 64 390 4141
38 39 1004 1560
19 19 658 923
113 113 658 923
64 70 186 3557
32 33 1635 2366
0 120 2851 2859
42 46 2629 3978
59 60 349 2797
117 118 1068 2484
87 87 803 2967
85 85 1961 3290
101 101 316 405
5 5 168 2227
17 17 312 3669
111 111 312 3669
0 120 4054 4056
4 5 2203 2823
98 99 2203 2823
50 50 506 2222
0 0 581 3305
92 93 581 3305
27 28 104 3905
43 44 147 2289
17 17 85 1411
110 111 85 1411
2 2 695 1340
0 120 827 1267
0 120 2544 3466
73 74 144 1991
73 74 513 3551
0 120 4260 4282
48 50 1232 2484
90 90 67 990
82 83 1438 2552
0 120 3778 3784
74 74 402 1468
26 27 104 1811
120 120 104 1811
53 54 2203 4112
64 65 2215 3183
78 79 2120 2357
0 120 867 2736
57 63 1149 1668
53 54 206 775
42 54 187 533
64 64 187 533
38 39 765 2459
0 120 1277 1853
51 52 1877 3538
0 120 1385 1386
44 46 2293 3224
0 53 204 3331
55 58 204 3331
61 71 204 3331
73 98 204 3331
100 100 204 3331
104 111 204 3331
114 120 204 3331
2 3 438 1283
5 9 438 1283
11 12 438 1283
14 14 438 1283
17 43 438 1283
45 47 438 1283
50 52 438 1283
55 55 438 1283
64 66 438 1283
69 69 438 1283
73 75 438 1283
78 78 438 1283
83 86 438 1283
96 97 438 1283
99 120 438 1283
11 11 992 2623
105 105 992 2623
35 35 696 3793
0 120 4176 4180
8 9 620 765
102 103 620 765
46 51 934 1864
33 34 643 934
0 120 3485 3508
1 2 1651 2444
95 95 1651 2444
27 28 417 1345
4 6 190 2120
98 99 190 2120
18 19 840 2202
111 113 840 2202
0 120 2915 3917
33 33 430 4024
0 120 573 3578
5 6 350 3506
99 100 350 3506
0 120 787 1063
79 81 1017 3969
0 120 2211 3949
44 46 631 2213
0 120 1392 1402
90 90 347 2454
35 36 235 3933
50 51 420 2932
0 120 1495 1500
11 12 1194 2326
105 106 1194 2326
51 51 306 3584
0 0 230 2808
94 94 230 2808
16 26 115 606
110 112 115 606
8 8 345 1068
98 98 1045 3923
0 120 4009 4016
0 120 1781 3025
18 18 1366 2783
112 112 1366 2783
48 49 155 190
79 81 1096 2922
92 93 415 3527
70 73 886 3112
34 36 863 1408
0 120 930 940
0 120 3355 3411
0 120 1832 2209
1 2 1051 2398
95 96 1051 2398
8 9 1352 1572
25 25 1352 1572
27 28 1352 1572
38 40 1352 1572
43 46 1352 1572
48 48 1352 1572
57 58 1352 1572
102 103 1352 1572
91 91 777 3327
0 0 2662 2666
2 3 2662 2666
7 10 2662 2666
12 13 2662 2666
15 15 2662 2666
17 18 2662 2666
20 20 2662 2666
22 25 2662 2666
28 28 2662 2666
32 33 2662 2666
40 45 2662 2666
51 52 2662 2666
56 63 2662 2666
65 65 2662 2666
68 68 2662 2666
71 71 2662 2666
73 75 2662 2666
83 84 2662 2666
90 93 2662 2666
96 96 2662 2666
101 103 2662 2666
117 120 2662 2666
40 40 506 3995
7 8 743 1464
101 102 743 1464
44 46 299 3702
7 8 581 2634
100 102 581 2634
84 86 1070 3579
0 120 1078 3440
6 8 1091 3867
100 102 1091 3867
18 20 1091 1423
112 114 1091 1423
20 20 836 2594
76 76 836 2594
105 105 836 2594
109 110 836 2594
113 114 836 2594
0 120 1489 3913
87 89 240 1028
0 120 1857 1865
20 22 415 1783
114 115 415 1783
85 87 95 2367
0 33 129 1197
36 37 129 1197
39 48 129 1197
50 50 129 1197
53 55 129 1197
61 64 129 1197
72 88 129 1197
92 96 129 1197
99 106 129 1197
113 113 129 1197
118 120 129 1197
0 120 2534 3770
83 85 65 3656
0 0 348 3944
93 94 348 3944
0 120 403 3651
44 44 301 1654
0 120 3589 3591
66 66 2904 3488
0 120 1006 3163
34 34 770 2132
0 120 1900 2851
22 22 2444 3503
0 120 151 1336
5 5 2537 2913
98 99 2537 2913
78 78 1007 2984
3 5 1198 4272
97 99 1198 4272
19 20 1167 2707
113 114 1167 2707
56 58 1132 1932
27 27 2130 4252
0 120 1366 3856
0 120 3795 3817
1 2 1510 2292
95 96 1510 2292
61 63 13 2311
8 8 2024 2513
101 102 2024 2513
61 63 133 915
67 69 1418 3457
0 0 69 3374
93 94 69 3374
54 62 351 2306
101 101 344 1327
84 84 315 397
75 75 168 1101
0 120 1768 1769
0 120 2365 3745
33 34 1986 3160
0 19 131 1219
21 25 131 1219
34 113 131 1219
115 118 131 1219
48 49 3350 3551
0 120 628 2025
6 6 2529 2621
0 120 1813 2451
0 120 3850 3874
0 0 2668 2965
94 94 2668 2965
35 35 2305 2913
73 77 72 1578
82 82 1165 3169
82 82 310 403
33 34 2054 2513
0 120 2281 3458
51 51 914 2769
0 120 2170 3627
76 77 871 2133
0 4 1230 2251
7 42 1230 2251
44 45 1230 2251
48 64 1230 2251
71 72 1230 2251
78 84 1230 2251
88 91 1230 2251
94 98 1230 2251
101 120 1230 2251
45 45 1398 4279
0 120 1333 1440
37 38 656 1198
0 120 866 2728
0 53 3187 3910
55 120 3187 3910
0 120 3971 3992
22 23 743 3826
116 117 743 3826
0 120 10 1989
89 89 311 1163
37 38 407 1625
0 120 257 1866
0 120 2232 2411
82 83 348 1984
13 15 3183 3387
107 109 3183 3387
40 41 989 4232
84 85 206 588
66 67 123 2805
18 21 1265 2595
110 115 1265 2595
32 34 558 2733
84 84 30 362
0 120 248 1753
19 19 210 1461
113 113 210 1461
0 120 3929 4116
0 13 124 2626
15 20 124 2626
22 22 124 2626
30 106 124 2626
109 111 124 2626
114 114 124 2626
116 119 124 2626
61 62 284 629
100 100 19 1112
1 2 449 696
95 96 449 696
62 65 1796 3170
43 44 292 2210
0 120 1880 2309
74 75 395 1399
0 120 1181 2308
0 120 2800 3218
50 51 128 1055
97 97 1091 1102
108 108 1091 1102
10 11 115 2513
103 105 115 2513
82 82 309 2564
71 71 302 1585
0 120 3882 3896
0 120 666 2801
0 120 2505 2519
0 120 2357 3587
64 65 349 650
0 120 2931 3859
66 67 3301 3392
86 87 1026 2555
59 59 444 887
27 27 425 645
79 80 1232 2431
38 39 297 3843
0 120 3021 3752
0 120 323 2812
91 93 316 1641
49 52 297 1399
71 72 932 3859
31 34 808 2103
0 120 1562 3474
12 13 3551 3917
106 107 3551 3917
0 120 684 3730
66 66 94 481
92 94 412 3042
21 22 312 1872
116 116 312 1872
95 96 350 2164
63 66 52 255
38 38 1197 3726
0 1 240 2935
93 94 240 2935
77 78 2117 2945
0 120 2153 2602
9 11 1800 3238
103 105 1800 3238
0 120 2915 2925
0 120 630 1400
85 86 1019 2673
44 44 351 1985
3 9 721 764
14 14 721 764
52 52 721 764
54 60 721 764
63 88 721 764
91 91 721 764
97 98 721 764
100 103 721 764
108 108 721 764
30 32 17 419
0 120 4118 4122
9 11 1606 3372
103 104 1606 3372
0 1 314 605
94 95 314 605
60 61 2478 3301
81 83 344 1945
37 38 315 1015
13 15 399 1652
106 108 399 1652
64 64 332 430
0 120 953 2992
0 120 1200 3623
0 120 575 3571
0 120 3197 3927
0 120 1273 1627
5 6 468 1230
99 100 468 1230
0 120 22 2833
82 83 385 1195
34 35 264 2366
26 26 1399 1739
120 120 1399 1739
0 23 65 436
25 41 65 436
43 69 65 436
77 80 65 436
85 117 65 436
119 120 65 436
75 75 352 2186
85 86 312 1067
31 34 138 3166
78 80 100 430
37 38 404 4039
9 11 349 1134
103 105 349 1134
12 14 60 1031
106 107 60 1031
75 76 3301 3876
1 2 4 4105
0 120 2297 3239
67 67 272 887
31 34 425 1129
38 62 425 1129
64 71 425 1129
74 74 425 1129
92 94 425 1129
103 105 425 1129
117 120 425 1129
0 120 3355 3358
0 120 383 1657
86 87 419 1314
12 12 850 3752
106 106 850 3752
60 62 1225 2875
39 40 103 2017
36 36 3238 3712
83 84 36 795
71 73 2506 3763
7 7 3700 3743
101 101 3700 3743
0 120 1066 2064
32 33 2291 3609
67 68 92 138
62 63 1195 1720
79 80 990 1288
0 120 1504 1509
55 58 532 2130
61 62 1170 4107
74 75 1168 3280
0 120 1901 2865
14 14 1673 1695
108 108 1673 1695
16 17 123 390
110 111 123 390
58 59 1427 2228
0 0 1771 2792
93 94 1771 2792
0 120 2452 3153
0 120 1562 1864
0 120 1156 1176
0 120 3364 3420
14 14 755 1771
108 108 755 1771
45 46 3188 3194
49 50 3188 3194
52 52 3188 3194
56 56 3188 3194
61 64 3188 3194
0 120 2016 2973
25 26 232 3716
118 120 232 3716
77 78 60 226
15 16 2258 2506
109 110 2258 2506
0 120 1375 4108
24 25 28 1442
117 118 28 1442
38 39 255 667
0 120 783 786
28 30 134 2592
89 90 1469 3743
32 33 2386 2691
59 60 524 2023
82 84 135 750
0 120 190 457
2 3 300 3069
96 97 300 3069
0 120 783 1725
11 11 1908 2100
104 105 1908 2100
0 120 1285 2121
12 15 1132 1879
106 109 1132 1879
88 90 3188 3544
0 120 1772 2239
30 32 2539 2906
87 88 395 3306
51 53 168 4081
68 70 1091 3009
62 63 2653 3385
0 120 1113 2768
52 52 58 3132
16 17 867 3301
110 111 867 3301
3 4 540 2906
97 98 540 2906
40 42 256 3147
0 120 913 1202
1 2 126 822
95 96 126 822
0 46 69 288
49 53 69 288
59 67 69 288
70 120 69 288
0 120 1746 3620
71 71 1872 3759
10 12 1068 2244
104 106 1068 2244
6 8 13 2608
99 101 13 2608
91 92 373 699
0 120 2494 3513
62 62 928 1675
11 12 1451 3702
105 106 1451 3702
0 120 2657 2753
0 120 3124 3128
5 7 144 812
99 101 144 812
60 61 526 914
57 58 806 3183
0 120 1205 3646
0 120 902 3645
49 50 46 2906
39 47 373 1049
41 43 1682 3985
82 82 2508 3569
23 24 923 1489
117 118 923 1489
14 19 1007 2126
108 111 1007 2126
51 53 193 3333
69 70 1438 2312
58 59 311 1110
0 120 864 1259
69 70 346 3548
43 43 303 468
0 120 473 879
0 120 443 448
17 18 51 2876
111 112 51 2876
62 65 6 1413
0 120 725 1100
18 24 2906 3965
26 26 2906 3965
111 120 2906 3965
0 120 972 977
79 80 1133 3554
0 120 2213 2466
0 120 866 3964
0 120 224 525
23 24 704 1162
117 118 704 1162
34 35 1100 1162
7 9 1196 1624
102 103 1196 1624
5 8 887 3498
25 25 1195 1399
0 120 2956 3678
84 85 19 1998
0 120 762 2271
43 44 347 1275
47 47 36 1413
84 86 63 2270
52 52 51 4165
0 120 1288 1563
0 120 2470 2472
63 64 2117 3108
81 82 1821 4278
21 21 4 2629
114 115 4 2629
13 13 52 1357
107 107 52 1357
0 120 1822 2436
16 17 1044 2142
110 112 1044 2142
22 23 3196 3515
116 117 3196 3515
35 37 2358 3170
46 47 71 818
41 42 145 767
0 120 1103 2722
63 64 105 3620
68 70 310 834
0 120 805 813
38 42 146 1931
49 51 120 710
47 47 820 3565
26 26 147 2533
120 120 147 2533
0 120 3914 3916
84 85 1064 3144
32 34 367 3970
0 120 40 3575
41 42 131 2939
87 87 354 2230
1 35 1315 1450
37 53 1315 1450
59 63 1315 1450
68 70 1315 1450
74 75 1315 1450
79 87 1315 1450
92 93 1315 1450
95 120 1315 1450
83 85 2607 2719
0 120 1342 4027
0 120 1388 1928
5 7 130 243
99 101 130 243
13 14 302 727
107 107 302 727
41 43 6 1897
77 79 147 3822
6 8 372 2220
100 102 372 2220
77 79 367 1876
11 11 152 1722
105 105 152 1722
64 64 1853 3196
73 75 411 3114
30 30 937 3160
13 15 290 2595
107 109 290 2595
86 88 111 1132
9 11 262 1301
102 105 262 1301
0 0 1165 2795
93 95 1165 2795
0 1 322 1352
93 95 322 1352
70 72 3565 4270
85 85 413 716
72 73 411 4053
26 27 631 2107
120 120 631 2107
80 80 1075 1589
13 14 94 2656
107 108 94 2656
0 120 1372 3273
0 120 3199 3920
0 17 420 2826
93 111 420 2826
5 5 1865 2617
99 99 1865 2617
28 36 1091 1533
0 120 693 706
61 73 946 2118
87 88 999 1944
18 20 696 1943
112 114 696 1943
0 120 1630 2750
42 42 147 2667
86 86 1193 2749
0 53 303 3180
61 62 303 3180
64 68 303 3180
70 120 303 3180
0 120 664 2405
107 108 1178 2626
3 3 2434 4238
97 97 2434 4238
0 120 1028 1369
75 75 293 1903
26 27 69 2195
120 120 69 2195
0 120 1330 3397
0 0 1008 4100
10 10 1008 4100
19 20 1008 4100
23 24 1008 4100
67 68 1008 4100
71 73 1008 4100
81 82 1008 4100
85 86 1008 4100
91 94 1008 4100
97 100 1008 4100
102 104 1008 4100
112 114 1008 4100
116 118 1008 4100
0 120 3297 3300
83 85 310 2257
10 13 93 3720
104 106 93 3720
49 49 77 743
38 38 2131 2335
0 0 1795 2386
93 94 1795 2386
86 87 11 3129
0 0 372 2354
8 9 372 2354
13 13 372 2354
57 60 372 2354
70 76 372 2354
81 84 372 2354
91 94 372 2354
102 103 372 2354
8 10 314 686
101 105 314 686
35 35 300 788
0 120 623 3885
117 117 16 3473
69 69 399 4177
17 17 347 3987
111 111 347 3987
2 3 373 2956
96 96 373 2956
0 120 791 3469
52 54 729 2591
12 13 3160 3187
105 108 3160 3187
18 19 1016 3587
112 113 1016 3587
0 120 49 388
0 120 1716 2278
92 93 1678 1986
0 0 2581 4234
88 94 2581 4234
0 120 4212 4215
0 120 1208 3757
0 120 2775 2787
63 64 130 727
49 51 300 1138
0 120 1993 1997
66 67 1458 1461
96 101 1458 1461
88 88 1537 1754
0 2 1346 2186
95 96 1346 2186
32 32 2607 4142
52 53 1091 1667
41 44 738 2303
3 4 256 4249
97 98 256 4249
57 58 53 1446
0 120 2587 3675
24 26 350 3884
118 120 350 3884
71 71 579 738
9 10 1172 2006
63 65 2375 3203
112 112 2029 2566
59 62 262 2724
39 40 105 4238
61 62 1132 1826
80 81 3188 3491
16 17 187 2550
110 111 187 2550
74 77 696 2427
46 46 1114 2186
0 120 1630 3234
8 8 372 1549
102 102 372 1549
25 27 83 1446
119 120 83 1446
91 92 30 122
0 1 303 3664
94 95 303 3664
36 37 1017 2253
15 17 760 3351
109 111 760 3351
2 2 1130 2130
96 96 1130 2130
49 50 126 3213
78 80 1013 2484
0 120 1135 3413
0 120 1666 3049
6 7 30 472
100 101 30 472
1 2 387 2207
95 96 387 2207
61 62 51 3978
0 120 2015 2644
55 56 974 2906
0 120 2235 2418
61 63 371 923
80 82 1128 3531
0 120 859 862
11 12 1012 1104
105 106 1012 1104
5 6 313 1103
99 99 313 1103
34 35 1677 3938
0 1 423 1463
94 95 423 1463
4 6 135 4214
98 100 135 4214
87 87 28 1873
0 120 3259 3276
72 72 105 1339
0 120 4179 4185
5 5 173 3917
0 120 2406 2808
16 17 1196 4015
110 111 1196 4015
29 30 1067 1161
0 120 3078 3615
30 31 14 3106
73 74 131 3691
5 6 456 1007
99 100 456 1007
76 77 2138 2993
93 93 2207 2598
65 65 314 365
63 64 2906 4262
65 66 2607 3471
0 120 3374 3384
16 18 1225 3440
110 111 1225 3440
53 55 631 981
64 66 347 1222
86 86 395 704
10 12 414 754
103 106 414 754
0 120 2227 2661
0 120 682 1700
0 120 167 3506
19 20 425 2044
113 114 425 2044
80 81 1051 3260
92 92 53 4158
7 7 1806 1850
101 101 1806 1850
32 33 1448 2142
48 50 417 1402
61 62 1193 1623
27 27 1045 2691
120 120 1045 2691
0 120 926 1279
28 29 1161 2085
69 70 34 883
10 12 404 416
14 83 404 416
85 88 404 416
104 104 404 416
106 106 404 416
108 120 404 416
56 57 1007 1618
3 5 1962 3302
97 99 1962 3302
0 120 3495 3502
78 79 52 1654
69 70 229 3044
79 79 229 3044
66 67 72 2306
19 20 53 2064
113 113 53 2064
0 120 1031 3143
64 66 30 2834
0 120 1246 2573
61 62 1438 2743
0 120 247 2280
67 68 2291 2430
0 120 2239 2240
0 120 802 812
33 34 296 2172
89 90 53 2414
0 120 2804 3180
40 42 2594 3370
17 19 1102 3733
112 113 1102 3733
20 22 990 1048
114 116 990 1048
0 120 814 822
68 69 2560 3759
17 17 2047 4140
110 111 2047 4140
0 120 2028 3898
19 19 63 2351
113 114 63 2351
0 120 238 2352
83 84 718 3743
50 52 625 1300
1 2 160 3415
95 96 160 3415
21 22 74 1197
104 105 968 1639
47 47 402 2948
0 120 1023 1346
49 51 715 1193
77 78 126 798
3 4 659 3513
96 98 659 3513
38 40 1543 2513
31 38 1170 1773
38 38 127 1962
60 62 278 3821
0 120 1035 3800
9 9 2203 2559
103 103 2203 2559
0 120 685 1701
40 41 287 2594
19 20 393 1300
113 114 393 1300
0 120 1014 3862
48 49 4 27
12 12 329 3759
105 106 329 3759
0 120 2884 2893
67 67 432 2194
1 1 413 1952
35 37 1008 4047
0 120 605 2122
37 37 229 3528
0 120 3756 3761
46 48 411 2256
46 46 344 1034
61 61 344 1034
4 6 428 2425
98 100 428 2425
8 9 3554 3812
102 103 3554 3812
51 52 968 3867
13 14 2506 3657
107 108 2506 3657
36 36 352 3369
70 70 334 2009
38 40 1194 2867
0 120 1078 2692
42 42 16 387
65 66 1203 1640
36 36 914 1537
63 65 353 3190
88 89 331 3431
6 6 738 1311
100 100 738 1311
17 18 187 3652
111 112 187 3652
73 74 421 1604
63 63 166 331
0 120 1262 3940
0 120 2669 3247
0 120 484 2892
16 18 331 398
110 112 331 398
35 38 1561 2287
21 23 1017 3355
115 117 1017 3355
0 120 2577 3658
0 12 307 3195
29 106 307 3195
18 18 1977 3104
112 112 1977 3104
0 120 951 1954
0 120 1488 3879
52 54 1307 1589
20 22 691 1091
114 116 691 1091
0 120 173 3380
46 48 417 2020
48 50 1900 2103
52 52 1678 3222
81 81 167 1091
87 89 1433 3391
40 40 1836 2118
50 50 120 3719
0 120 1667 3063
22 23 421 449
116 117 421 449
17 18 1830 2303
111 112 1830 2303
28 29 1451 1718
80 82 453 2616
0 120 181 1928
0 120 1659 1667
0 120 1469 3987
25 25 134 392
119 119 134 392
44 44 2606 3433
29 32 328 635
0 120 2862 2864
32 33 1525 2606
0 120 2285 2294
0 120 561 3088
89 90 160 2744
88 89 748 1194
28 28 416 455
50 52 132 696
60 60 316 2503
0 120 1567 3771
86 87 297 2261
0 120 202 3155
35 37 441 1451
38 39 150 2965
50 51 837 1451
77 79 625 4012
59 61 415 4202
85 85 635 2256
7 9 535 1086
101 102 535 1086
32 32 265 1225
0 120 3885 3901
82 83 320 932
30 32 256 3391
0 120 267 1271
32 34 542 3196
15 15 277 3679
108 109 277 3679
0 0 27 2750
3 3 27 2750
8 10 27 2750
18 18 27 2750
21 27 27 2750
30 30 27 2750
44 45 27 2750
55 57 27 2750
65 65 27 2750
76 77 27 2750
119 119 27 2750
0 120 163 167
89 90 65 3042
0 120 25 2677
0 120 73 1405
56 57 1293 2606
6 6 410 4208
100 100 410 4208
86 90 771 3433
95 95 771 3433
35 37 2287 4218
86 87 413 3725
74 74 36 1523
0 120 1278 3237
17 18 877 2139
111 111 877 2139
0 120 567 1159
87 88 1453 3238
12 12 374 1518
106 106 374 1518
80 80 243 2755
32 32 344 2807
77 78 2228 3988
0 120 1078 1082
54 56 8 414
0 120 598 1411
19 19 1862 2884
113 113 1862 2884
43 43 1132 1318
18 19 655 1164
112 113 655 1164
66 67 32 1939
70 71 438 3381
73 74 402 1472
0 120 1267 2674
46 47 1549 1606
70 70 1067 3552
3 3 415 3397
97 97 415 3397
12 12 1091 2448
78 79 432 2812
91 93 738 3084
57 58 934 3962
22 23 187 2981
116 117 187 2981
46 51 1025 4080
0 120 3604 3608
8 8 646 1051
102 102 646 1051
102 102 28 2170
0 120 2466 3937
0 120 518 4249
0 120 1048 4249
19 20 1165 1616
113 114 1165 1616
66 66 625 4146
21 22 248 1944
115 116 248 1944
0 120 2245 2248
0 120 3045 3055
0 120 73 600
57 58 54 358
26 26 312 2868
120 120 312 2868
0 120 3827 4030
22 23 752 2386
116 117 752 2386
26 28 28 3109
120 120 28 3109
76 79 17 476
0 120 1018 3259
0 120 1295 1847
59 61 1493 3552
93 93 1008 2571
86 87 6 2007
87 88 400 1934
0 67 1193 1570
70 76 1193 1570
78 120 1193 1570
28 31 138 1934
54 55 1334 2741
0 120 1062 2053
0 120 2978 3681
0 120 1485 2910
23 24 1230 4081
117 118 1230 4081
0 120 220 246
77 78 793 4080
0 120 908 1586
58 58 32 195
0 120 1341 3131
0 120 2155 3644
28 28 101 554
40 42 990 2150
0 120 2948 3280
0 120 695 1478
25 26 299 1478
43 43 299 1478
60 61 299 1478
64 65 299 1478
45 45 263 1821
83 84 421 3161
54 54 932 3111
15 16 3196 3759
109 109 3196 3759
0 120 116 2525
15 16 238 3454
109 110 238 3454
90 90 1303 1334
47 48 420 2936
87 88 193 3711
39 40 34 1180
19 20 2392 3183
23 24 2392 3183
28 37 2392 3183
112 114 2392 3183
117 118 2392 3183
0 120 998 4081
34 36 4 779
57 59 721 3049
30 43 1798 2444
0 120 806 878
87 89 3301 3933
92 92 451 2407
31 32 2618 3122
42 44 3170 3635
67 68 899 2762
118 120 823 1232
65 66 95 493
0 120 1406 1812
69 70 126 745
65 66 1662 2906
0 120 3350 3421
0 120 443 2115
55 57 13 87
4 4 312 3352
98 98 312 3352
10 11 2227 3092
104 105 2227 3092
11 11 983 1305
105 105 983 1305
0 120 3577 3585
34 36 1063 2762
0 120 1787 2039
81 82 1001 1884
9 10 61 2952
103 104 61 2952
28 28 37 2366
90 90 37 2366
79 80 333 1196
83 83 429 904
0 120 403 3655
24 25 420 3070
118 119 420 3070
70 70 130 1776
6 6 2303 4026
100 100 2303 4026
0 120 2712 2733
0 120 881 3630
43 43 2349 2681
0 120 1373 4092
51 52 864 1771
77 78 146 1720
61 62 2606 3246
14 22 58 2839
24 24 58 2839
108 119 58 2839
0 120 1632 3040
5 6 2616 3210
99 100 2616 3210
49 50 264 463
42 44 504 2367
46 47 922 2126
0 120 1011 3861
68 68 581 1833
18 20 390 3019
112 113 390 3019
25 26 429 2193
119 120 429 2193
43 43 1339 2414
119 119 743 1602
19 20 144 519
113 114 144 519
2 2 6 2275
95 96 6 2275
40 41 386 2496
47 47 1946 2799
0 120 1251 1254
23 25 1397 3523
117 119 1397 3523
76 78 2438 2507
42 43 856 4108
4 6 741 1906
98 100 741 1906
69 71 923 3640
4 5 1678 2230
98 99 1678 2230
49 50 1446 2661
87 88 1019 3348
16 16 2 2506
109 110 2 2506
15 15 721 1439
109 109 721 1439
40 40 432 1336
0 120 1018 3877
102 102 1675 1932
88 92 243 2568
18 19 1161 2650
112 113 1161 2650
18 21 349 520
111 114 349 520
0 120 920 1275
1 1 990 2768
95 95 990 2768
28 28 742 2666
97 97 451 4180
0 120 941 1563
60 61 160 1752
20 21 256 1460
114 115 256 1460
40 42 39 2923
91 91 311 1167
59 60 1446 3950
62 63 2600 3565
79 80 1418 2656
0 120 170 3379
46 61 2594 2996
0 120 1835 2944
25 25 849 2913
119 119 849 2913
10 12 128 3153
104 106 128 3153
0 120 198 2394
0 120 1313 1327
43 43 1108 2615
72 72 134 689
0 120 3929 4120
0 120 89 946
50 52 104 1978
73 79 331 2923
84 84 331 2923
90 90 331 2923
71 75 2118 3417
28 29 1018 3072
0 120 825 2677
64 65 1300 3724
14 14 352 767
108 108 352 767
40 41 17 3672
0 120 466 3498
48 55 743 2086
53 53 1096 1450
44 45 316 3739
92 93 1670 1722
80 81 2117 3165
0 120 1126 2790
51 51 357 2050
27 34 300 1516
20 21 347 2271
114 115 347 2271
0 120 3043 3330
0 120 3081 3622
87 89 372 4021
0 120 119 3575
82 83 1091 1456
86 87 929 2626
8 9 2623 2929
102 103 2623 2929
18 18 133 2692
111 112 133 2692
17 18 1685 2380
111 112 1685 2380
0 120 114 198
0 120 124 886
30 31 2139 2550
44 45 659 1984
63 63 399 2811
0 120 3840 4024
73 73 191 418
83 84 14 3000
0 120 1032 1034
0 120 2018 2031
0 120 1410 3838
50 52 421 880
74 74 2203 3474
10 11 1800 2303
104 105 1800 2303
68 69 535 3611
40 45 1798 3196
0 120 1101 4022
0 1 581 1512
94 95 581 1512
0 120 249 773
2 5 13 1994
7 9 13 1994
11 14 13 1994
17 17 13 1994
25 26 13 1994
14 15 75 3626
108 109 75 3626
0 120 378 1183
0 120 2704 2709
41 42 436 599
74 74 346 4089
57 58 131 3935
4 4 1194 3432
97 98 1194 3432
7 9 1466 1676
12 85 1466 1676
89 89 1466 1676
102 104 1466 1676
106 120 1466 1676
0 120 1913 3119
57 58 404 1815
0 120 2479 3530
0 0 1825 4238
93 94 1825 4238
69 71 569 1128
8 9 555 1230
102 103 555 1230
0 120 3829 4023
77 78 1198 1861
29 29 1084 2513
45 49 1051 2565
52 53 805 3098
0 120 1039 1050
0 120 999 4095
44 44 166 896
0 120 3068 3521
36 36 795 1821
0 120 84 1995
0 120 910 1579
12 13 134 2112
106 107 134 2112
0 120 22 2837
12 13 402 3058
53 55 923 4258
42 43 429 717
79 81 255 3570
41 42 1466 2965
54 55 1767 2139
56 58 60 96
58 58 488 1297
99 100 400 3170
3 4 1974 2617
97 98 1974 2617
71 73 429 1656
0 120 114 332
0 120 709 3925
0 120 2868 3059
55 56 1681 1806
0 60 263 2118
70 70 263 2118
74 76 263 2118
79 80 263 2118
82 120 263 2118
68 70 923 2164
33 33 1124 4140
0 120 2297 3243
38 39 814 3160
89 91 2450 3485
0 120 4029 4030
65 67 2202 4137
0 120 247 2524
7 8 1025 1128
101 101 1025 1128
0 120 787 1714
71 72 420 4172
0 120 3121 3131
61 62 1185 1760
0 120 1598 1929
51 52 2117 2494
63 63 1167 2874
63 63 1449 1806
0 120 1523 1755
50 51 129 2653
42 42 1094 3335
64 65 292 1893
18 19 1500 1771
112 113 1500 1771
11 11 371 2940
105 105 371 2940
9 9 32 276
1 2 168 1857
95 96 168 1857
14 15 400 1426
108 109 400 1426
50 51 1678 2043
0 120 3753 3758
0 120 1807 2453
29 29 126 4075
11 12 738 1421
0 120 1335 3397
84 85 1001 4275
0 120 4096 4097
28 30 2138 3721
0 120 944 1297
30 32 441 2366
0 120 1735 3516
67 69 1193 2001
0 2 771 3998
75 76 771 3998
82 90 771 3998
93 96 771 3998
24 24 344 2433
118 118 344 2433
0 120 879 3531
14 15 421 2653
108 109 421 2653
71 71 887 1140
0 120 2022 2233
0 120 1118 2766
0 120 2341 3676
0 50 152 169
52 55 152 169
65 65 152 169
68 70 152 169
73 75 152 169
77 120 152 169
0 120 1060 2007
41 43 286 923
59 59 2617 2793
76 78 3078 3188
0 120 783 1729
72 76 65 924
10 15 292 4121
105 109 292 4121
31 32 2202 4271
0 120 42 3946
69 70 1885 2120
91 91 147 3208
88 89 293 3033
43 44 141 919
1 2 985 3526
95 96 985 3526
6 6 400 621
100 100 400 621
20 22 1417 3183
114 116 1417 3183
29 30 104 1791
68 69 2554 2629
0 120 852 3936
67 69 1153 3110
31 33 2512 3157
3 4 989 1955
97 98 989 1955
99 100 39 1581
7 8 863 2782
10 15 863 2782
21 27 863 2782
29 29 863 2782
32 36 863 2782
38 39 863 2782
42 48 863 2782
54 54 863 2782
56 58 863 2782
105 105 863 2782
107 107 863 2782
115 120 863 2782
0 120 2024 2814
88 89 2103 3861
43 43 346 2263
47 47 666 2618
13 13 2130 2459
106 107 2130 2459
81 84 535 2135
23 24 457 2444
117 118 457 2444
90 90 438 2202
46 47 923 3937
83 84 312 3783
0 120 1864 3471
0 120 267 2320
85 86 76 2752
85 85 14 1874
10 12 989 3244
104 106 989 3244
6 7 39 2870
10 16 39 2870
18 120 39 2870
37 46 1 134
14 14 393 1678
108 108 393 1678
0 120 1169 1899
49 51 61 939
0 120 1260 1263
52 54 1170 2501
85 86 189 3568
51 52 180 4014
52 53 696 2618
9 9 195 350
102 103 195 350
12 12 52 2516
106 106 52 2516
2 4 360 417
96 98 360 417
21 22 2366 2527
114 116 2366 2527
58 59 134 636
0 120 149 3388
92 93 825 1685
30 30 1064 3953
86 88 1026 3661
39 39 331 2870
0 120 2175 2178
81 83 353 2629
23 24 17 2680
116 118 17 2680
8 10 1655 2142
102 104 1655 2142
49 51 17 236
22 22 395 3794
116 116 395 3794
30 30 625 4256
0 1 16 765
60 60 16 765
63 63 16 765
67 67 16 765
91 91 16 765
32 33 2139 3652
82 83 1132 3306
81 83 409 2911
13 15 844 2085
107 109 844 2085
0 120 608 1808
70 71 2287 3523
101 101 1504 2131
17 18 105 2685
108 113 105 2685
5 6 855 1685
99 100 855 1685
0 120 2861 3795
0 0 1758 3179
94 94 1758 3179
42 42 1195 1753
41 43 32 894
84 85 395 1700
44 44 71 822
73 75 103 2989
39 41 1025 3035
62 63 436 2640
63 68 656 694
37 38 55 2948
0 120 3914 3920
0 1 349 951
94 95 349 951
27 27 189 3702
77 78 423 1654
36 36 2366 2661
32 32 492 2922
45 47 1179 1408
24 25 917 1408
118 119 917 1408
0 120 22 3939
0 120 3680 3689
0 120 686 1475
0 120 276 823
19 21 1730 4140
112 114 1730 4140
0 120 427 2712
64 64 399 664
0 120 1180 1229
45 46 1966 2138
85 86 20 79
3 4 238 1470
97 97 238 1470
0 120 3378 3509
2 3 990 1105
96 97 990 1105
2 4 1198 4252
0 120 1253 3959
8 9 138 4272
102 103 138 4272
13 14 1998 2615
107 108 1998 2615
20 21 2120 3544
113 115 2120 3544
0 120 4035 4038
19 19 554 1706
112 113 554 1706
61 63 738 4267
10 10 1008 1876
72 73 760 4026
70 71 27 2189
0 120 474 1188
7 8 374 3990
101 102 374 3990
0 120 3429 3447
0 120 849 1250
53 54 2607 4012
0 120 2990 2996
0 120 2340 3668
28 29 4 3117
37 38 4 3117
5 7 316 1137
99 100 316 1137
59 59 350 721
83 83 3557 3982
0 120 1253 2215
0 120 42 376
52 53 189 3247
41 41 1806 3330
10 12 2558 2965
104 106 2558 2965
1 1 1121 3227
94 95 1121 3227
13 13 741 3760
107 107 741 3760
3 6 696 2297
97 99 696 2297
75 76 254 1198
14 16 417 2882
108 110 417 2882
76 77 1933 2913
0 120 649 4171
37 38 2139 2981
44 44 1027 3565
80 80 1027 3565
112 112 1027 3565
58 59 344 1091
1 2 2312 2909
95 96 2312 2909
0 120 1247 2585
91 92 719 968
82 83 959 2118
0 120 892 896
87 87 2118 3043
22 22 1624 2508
115 116 1624 2508
3 4 934 1307
96 98 934 1307
2 2 373 2960
96 96 373 2960
17 18 1558 4140
88 90 1080 1132
0 120 321 326
19 30 635 2179
32 36 635 2179
38 38 635 2179
114 120 635 2179
0 120 4212 4219
68 69 3092 4188
42 42 908 1025
74 75 2138 3668
48 48 1100 1195
0 120 2743 3253
91 92 2738 2909
65 67 353 4186
38 38 487 968
38 40 409 3529
7 7 275 331
100 101 275 331
50 51 887 1087
15 16 420 2375
109 110 420 2375
0 120 1530 1718
45 46 1070 4177
64 64 1758 3797
32 33 371 4176
46 48 1606 1713
3 5 983 2488
98 98 983 2488
46 47 45 219
74 74 1633 1816
21 24 293 2041
115 118 293 2041
40 41 2926 3495
0 120 1014 1020
0 120 1015 3874
7 8 425 625
102 102 425 625
72 72 516 743
0 120 497 501
29 32 2653 3336
7 9 856 3063
101 103 856 3063
0 10 39 589
97 100 39 589
0 120 2141 3161
1 2 1172 3299
95 96 1172 3299
0 120 1963 2108
102 102 347 4125
0 120 484 2144
0 3 40 1164
5 7 40 1164
10 12 40 1164
24 26 40 1164
28 31 40 1164
33 37 40 1164
39 40 40 1164
45 50 40 1164
106 106 40 1164
119 119 40 1164
73 75 1279 2607
0 120 1739 3531
8 9 853 1452
103 103 853 1452
0 120 3709 3732
0 120 792 3428
7 7 169 4203
101 101 169 4203
22 22 1676 3182
116 116 1676 3182
22 23 2438 2751
116 116 2438 2751
55 56 1397 3767
58 60 537 2909
32 34 232 2273
57 59 411 3736
50 50 1025 1909
35 37 135 2340
55 56 146 4192
21 22 411 703
114 116 411 703
14 14 180 3022
16 18 65 66
26 30 65 66
38 38 65 66
102 102 65 66
108 115 65 66
119 120 65 66
3 4 2513 3275
96 98 2513 3275
8 8 600 1164
39 41 1193 2432
0 0 883 1452
3 8 883 1452
15 15 883 1452
35 35 883 1452
41 58 883 1452
60 68 883 1452
70 78 883 1452
81 91 883 1452
93 95 883 1452
97 102 883 1452
105 105 883 1452
108 109 883 1452
120 120 883 1452
0 120 1669 2361
0 120 2579 2582
0 120 841 3670
0 120 459 3376
64 65 1094 1672
23 25 1004 2910
117 119 1004 2910
51 53 367 3787
69 69 2414 3454
0 120 662 2392
0 120 1538 3783
9 10 60 4044
103 103 60 4044
2 2 563 2386
5 7 563 2386
16 18 563 2386
26 29 563 2386
100 100 563 2386
31 33 1067 1165
85 85 1230 2849
75 77 134 3966
0 120 645 3916
49 50 2100 2705
79 79 1102 3603
0 120 3848 4025
10 18 1606 3136
105 110 1606 3136
28 32 95 3449
87 88 1602 1674
42 42 1004 4199
40 42 89 1190
55 56 1713 2444
0 120 3657 3676
0 49 252 2120
52 120 252 2120
68 69 1694 2202
15 15 188 415
109 109 188 415
28 29 1547 2906
14 15 1079 1340
107 108 1079 1340
41 42 425 2048
64 65 1201 2269
66 67 554 2458
27 29 1008 2628
17 18 390 3747
111 112 390 3747
57 58 765 2870
19 19 1945 2952
113 113 1945 2952
35 36 1195 1700
0 120 1327 4071
52 54 1019 3726
11 13 847 990
105 107 847 990
83 84 1399 3947
17 18 206 2125
111 111 206 2125
56 58 968 2448
0 120 2184 2187
0 120 1783 1843
0 120 210 2998
41 42 2075 3183
56 56 1770 2547
16 18 13 3393
109 111 13 3393
0 120 3513 3523
6 7 248 257
100 100 248 257
59 60 208 3110
21 21 120 1011
114 115 120 1011
5 6 975 1525
99 100 975 1525
60 62 2303 3949
0 120 4199 4201
0 120 4236 4268
32 32 352 3239
63 63 1298 1397
25 25 147 3773
119 119 147 3773
94 96 243 4235
104 104 243 4235
0 120 1674 1684
0 120 1424 3199
73 74 856 3681
33 35 1334 1993
38 38 850 3866
41 53 2021 2142
55 60 2021 2142
64 64 2021 2142
78 79 75 837
0 120 3346 3359
26 29 746 2762
120 120 746 2762
14 16 128 3881
108 109 128 3881
0 120 658 663
49 50 71 3347
78 81 296 3465
37 40 144 3825
34 35 1466 2270
74 76 1758 3610
80 81 640 1962
29 30 244 1962
31 32 230 2064
44 45 173 3250
75 77 255 3814
0 120 2884 2897
0 3 1602 4036
91 96 1602 4036
0 120 3095 3117
26 26 693 1007
120 120 693 1007
53 54 56 3604
50 51 350 1607
29 29 1690 3102
67 68 1167 1829
0 120 208 211
57 59 390 2137
22 23 856 2876
116 117 856 2876
1 2 144 2670
95 96 144 2670
0 120 1009 3872
18 20 985 3286
113 114 985 3286
0 2 2203 3852
9 11 2203 3852
22 23 2203 3852
25 58 2203 3852
60 73 2203 3852
81 81 2203 3852
83 86 2203 3852
91 96 2203 3852
103 105 2203 3852
108 108 2203 3852
116 117 2203 3852
119 120 2203 3852
0 120 1783 3266
74 75 374 3132
26 27 1451 2527
119 120 1451 2527
0 120 1105 1136
64 66 1910 2287
79 79 1934 2681
0 120 2161 3626
27 29 2200 3554
0 120 1078 2696
17 18 696 2594
111 112 696 2594
0 13 1792 2039
27 29 402 2147
23 23 123 2732
33 34 524 3076
84 84 2334 3554
37 38 914 1541
55 56 2581 4185
12 12 344 1388
0 120 879 2486
70 71 209 3415
17 18 216 2142
111 111 216 2142
47 49 141 1968
67 67 53 3841
3 4 423 3374
97 98 423 3374
35 36 323 1450
46 47 230 1259
49 50 1164 2066
57 58 856 4165
25 26 56 1860
119 120 56 1860
64 65 1673 1943
0 120 1721 3677
90 91 1019 3405
0 120 582 1152
10 13 1602 3231
104 107 1602 3231
42 45 1122 2594
53 53 432 1393
58 58 2340 3160
24 25 256 3611
118 119 256 3611
0 120 471 1321
0 120 714 3708
16 18 721 2435
110 112 721 2435
0 120 3537 3596
84 84 581 4118
57 58 421 453
78 80 130 1967
21 22 398 2913
115 116 398 2913
0 120 1473 1481
91 92 351 623
0 120 1469 3991
24 26 1708 2287
118 119 1708 2287
81 83 115 346
10 11 770 1738
104 105 770 1738
45 46 412 2030
0 120 4047 4048
10 11 138 515
59 60 353 2389
17 18 2926 3792
111 112 2926 3792
3 4 357 3262
97 98 357 3262
0 120 668 680
15 16 18 1352
109 109 18 1352
81 83 1642 2606
16 18 293 3277
110 111 293 3277
82 83 1724 3170
56 58 310 2692
0 120 399 3673
57 58 1170 3550
87 89 292 1332
3 4 206 4032
97 97 206 4032
21 22 371 2379
24 24 371 2379
28 31 371 2379
38 40 371 2379
49 49 371 2379
64 64 371 2379
67 68 371 2379
115 116 371 2379
118 118 371 2379
28 30 1016 3083
0 0 312 2738
91 93 312 2738
46 47 348 2395
0 120 1585 3011
88 89 2626 2749
53 54 759 983
0 120 1540 1548
41 43 141 2102
64 66 163 2615
0 120 1130 3370
87 88 1453 2303
45 46 524 3560
0 120 1883 1887
82 82 1962 2180
1 1 2684 3104
0 120 1278 3241
13 15 1675 2123
107 109 1675 2123
26 29 629 2795
120 120 629 2795
84 85 1606 4238
51 51 415 1523
76 77 372 695
0 120 845 1107
58 59 296 4083
75 76 411 4033
71 72 1185 3427
0 120 1078 1086
20 21 168 2585
114 115 168 2585
0 120 3567 3572
46 46 349 4094
36 37 2909 3572
76 76 631 3026
0 0 63 290
8 93 63 290
101 102 63 290
106 106 63 290
108 120 63 290
11 12 4 649
105 106 4 649
59 59 219 1769
60 60 210 717
120 120 301 2333
51 52 292 527
0 120 591 594
0 120 1057 2087
50 52 1162 2103
0 120 922 1862
62 63 144 3288
0 120 171 3391
48 48 235 2652
78 78 395 655
0 120 73 604
77 79 606 3319
70 72 14 3407
0 2 296 2339
94 95 296 2339
88 89 1172 3730
33 33 1132 2611
0 120 2229 2658
1 2 887 3746
92 95 887 3746
0 2 1771 1780
4 49 1771 1780
54 57 1771 1780
79 83 1771 1780
85 120 1771 1780
85 86 2762 3121
44 45 1017 3038
87 87 2624 3187
92 93 173 2124
1 2 629 2929
6 7 629 2929
9 11 629 2929
34 35 629 2929
48 50 629 2929
53 56 629 2929
59 60 629 2929
66 92 629 2929
95 96 629 2929
100 100 629 2929
102 105 629 2929
21 21 1064 2103
114 115 1064 2103
0 120 403 2586
38 38 193 2776
80 81 2015 3079
57 58 1299 2909
0 120 655 2807
85 86 1760 1806
0 0 172 209
93 94 172 209
3 4 657 1190
97 98 657 1190
1 2 2131 4193
46 46 1537 1734
0 120 1327 1924
0 120 1284 1288
0 120 2249 3660
6 6 1960 3557
68 70 659 1236
80 81 14 2252
55 57 1352 3674
64 64 1450 4209
0 120 918 938
0 5 923 1282
81 99 923 1282
28 30 216 666
0 120 4226 4251
23 24 374 2006
117 118 374 2006
0 120 2755 3239
18 21 635 4033
112 115 635 4033
41 42 1325 2228
0 120 1768 3737
14 16 104 1364
108 109 104 1364
69 69 135 677
74 74 1064 3392
55 57 1783 3079
0 120 3810 3814
0 120 2199 3142
67 68 253 1837
72 73 36 3300
59 61 783 2591
19 19 399 908
0 120 2026 2433
39 40 1121 4276
0 120 401 954
6 7 767 2997
100 101 767 2997
0 120 4208 4210
66 67 856 3978
0 120 443 2119
56 57 1466 2217
0 120 2813 3193
0 120 2534 3778
0 120 1 2151
0 120 1174 4260
26 26 152 2320
120 120 152 2320
83 85 255 3761
0 8 12 4003
10 17 12 4003
19 86 12 4003
89 101 12 4003
103 111 12 4003
113 120 12 4003
21 22 1225 4225
115 116 1225 4225
21 33 277 1268
35 37 277 1268
115 120 277 1268
62 63 34 3762
84 85 332 975
57 58 3160 3651
85 86 844 2813
78 78 266 2607
85 86 6 3434
19 20 61 3895
113 114 61 3895
0 120 1900 2859
45 47 126 2038
59 61 2109 2444
77 77 2928 3301
70 71 760 3115
15 17 1668 2701
109 110 1668 2701
0 120 1253 2459
0 120 838 3937
0 4 1483 2921
82 82 1483 2921
84 98 1483 2921
11 13 1091 2131
104 107 1091 2131
52 53 93 3029
20 20 232 4127
114 114 232 4127
0 120 1653 3332
51 53 2782 2917
78 80 1025 3763
38 39 268 1340
0 120 2231 2814
72 76 436 924
38 40 296 2607
66 67 920 2434
0 120 1069 4220
0 120 2265 2583
0 120 3813 3815
0 120 1612 3681
50 54 2529 2629
34 35 2138 2973
64 65 2202 2234
72 73 2623 3954
11 12 3449 3538
105 106 3449 3538
9 9 66 2495
103 103 66 2495
0 120 1594 1597
0 120 1077 1078
0 120 345 2849
11 12 381 2506
105 106 381 2506
44 45 985 1489
15 17 570 2967
109 111 570 2967
58 59 659 3948
60 62 28 698
66 67 1012 3312
75 77 29 3552
45 47 225 1212
12 12 293 1346
106 107 293 1346
36 38 131 2516
0 0 232 3322
2 2 232 3322
4 4 232 3322
6 58 232 3322
66 72 232 3322
76 120 232 3322
83 84 146 1858
45 46 441 463
0 120 40 119
0 120 938 1269
60 60 488 1972
55 57 741 4138
40 40 314 2573
0 120 2955 2979
73 74 413 1798
16 17 695 2450
110 111 695 2450
29 30 292 1279
12 12 423 2516
105 106 423 2516
0 0 1190 2429
92 93 1190 2429
88 89 383 1397
45 46 1064 4010
49 49 1064 4010
54 57 1064 4010
60 61 1064 4010
64 64 1064 4010
67 67 1064 4010
85 86 1064 4010
0 120 1439 3887
14 31 26 2291
33 120 26 2291
56 60 1225 2615
44 44 1201 2029
2 3 800 1685
96 97 800 1685
38 38 141 2049
0 120 1999 2009
0 1 402 2578
11 11 402 2578
16 95 402 2578
105 105 402 2578
111 120 402 2578
16 17 4 1751
109 111 4 1751
0 120 2404 3226
49 53 30 720
9 10 278 3451
0 120 1350 2502
54 55 629 2742
11 11 1162 3205
104 105 1162 3205
4 6 1290 1670
98 99 1290 1670
36 38 414 4251
82 84 1668 2030
78 79 1315 2666
48 48 102 192
18 20 2968 3160
112 113 2968 3160
0 120 2066 2076
0 120 2931 3278
71 71 4 3040
90 90 312 941
27 28 367 648
2 8 3173 3565
96 100 3173 3565
15 15 243 3056
20 20 243 3056
42 42 243 3056
55 56 243 3056
62 62 243 3056
69 69 243 3056
76 77 243 3056
109 111 243 3056
113 114 243 3056
0 120 661 2815
119 119 535 2676
7 7 1017 1696
25 25 1017 1696
45 46 1017 1696
49 50 1017 1696
56 58 1017 1696
78 80 1017 1696
82 82 1017 1696
0 120 676 1403
6 13 1820 2020
99 108 1820 2020
69 71 932 3278
10 10 216 3862
59 60 488 2106
0 120 2878 2893
21 23 2965 3801
116 117 2965 3801
44 44 1258 1758
42 43 862 1758
0 120 979 2343
0 120 4081 4090
3 4 292 3857
97 98 292 3857
55 55 306 3755
13 14 373 2533
107 108 373 2533
28 28 194 1070
60 60 631 3323
45 46 777 3148
0 120 1282 1563
0 120 3775 3791
23 24 1509 2508
117 117 1509 2508
81 81 793 3092
16 18 53 84
110 112 53 84
70 71 180 2111
46 47 2117 2364
33 34 2270 2606
0 120 881 2158
64 65 2653 4064
68 69 354 2641
31 32 3170 3802
12 12 2616 4182
105 106 2616 4182
53 53 694 1019
72 72 606 1172
0 120 22 2841
0 120 600 603
44 46 2291 3833
38 39 25 3112
70 71 1064 1461
71 72 85 911
0 120 251 2112
13 15 307 3175
107 109 307 3175
37 38 1583 2965
13 13 771 835
107 107 771 835
0 120 513 3051
14 14 2438 3479
107 108 2438 3479
0 120 1273 1985
19 21 372 1126
113 115 372 1126
35 36 509 1589
54 56 1106 3565
57 58 1397 2051
59 59 767 4099
64 64 311 850
0 120 3686 3695
0 120 319 3185
52 53 1771 3955
21 22 2333 2904
115 115 2333 2904
0 120 2102 2217
80 81 1001 2990
7 8 56 3714
101 102 56 3714
19 21 773 1820
113 115 773 1820
63 63 3550 3807
43 44 193 979
35 40 1418 3278
4 6 2142 2555
98 100 2142 2555
76 77 2653 3259
14 16 1875 2965
108 110 1875 2965
30 31 423 2195
102 103 2033 3551
25 26 1677 2226
119 120 1677 2226
32 34 131 3484
0 120 561 3068
75 75 79 850
0 120 1005 1015
53 54 793 3576
1 2 122 2617
8 11 122 2617
14 14 122 2617
69 71 122 2617
78 80 122 2617
82 82 122 2617
85 86 122 2617
89 90 122 2617
95 96 122 2617
102 104 122 2617
109 110 122 2617
23 24 2118 4039
118 118 2118 4039
71 73 146 3765
35 36 58 912
45 45 51 3905
88 89 218 635
56 56 209 1081
0 120 1645 3038
84 84 16 1440
31 31 102 460
0 120 879 3535
54 55 1075 1195
0 120 1338 4049
50 50 3203 4234
85 85 1162 3823
0 120 26 815
0 120 1953 2632
75 76 1070 4234
0 14 256 1277
17 18 256 1277
22 22 256 1277
26 29 256 1277
36 38 256 1277
43 47 256 1277
50 50 256 1277
55 55 256 1277
57 62 256 1277
67 101 256 1277
103 108 256 1277
111 112 256 1277
115 116 256 1277
120 120 256 1277
32 34 278 1036
43 44 51 1811
0 120 369 1154
29 31 1446 3767
53 53 1270 1821
69 71 1017 1375
23 24 1168 1544
116 118 1168 1544
62 64 428 1734
0 120 3917 3927
68 69 2530 3552
15 16 1102 3176
110 110 1102 3176
33 34 1742 1816
57 69 303 3725
118 119 105 1266
68 68 277 2504
0 0 53 2796
93 94 53 2796
48 49 1543 1606
97 98 13 1677
89 90 1016 2843
89 89 257 2037
60 63 110 297
34 36 1467 1961
34 37 85 2684
11 11 61 2098
105 105 61 2098
53 54 1193 1200
56 56 1193 1200
58 60 1193 1200
62 66 1193 1200
72 74 1193 1200
87 90 1193 1200
92 92 1193 1200
61 62 138 1564
24 26 1418 3762
118 120 1418 3762
102 102 1000 3249
3 9 690 2269
97 103 690 2269
73 73 2228 2813
59 60 664 856
0 120 2009 3449
46 48 722 1026
84 85 2594 4102
19 21 1388 2607
113 115 1388 2607
59 60 2186 2587
73 75 85 3623
0 120 205 507
12 12 957 3552
28 28 1602 2536
74 75 341 1334
77 78 1000 4188
51 51 301 4187
40 40 342 4188
108 108 506 1401
79 81 53 4085
0 120 1923 3116
0 120 2048 2064
3 4 1026 2376
97 98 1026 2376
0 120 1547 3768
0 120 781 2545
13 13 1235 1961
107 108 1235 1961
0 120 1591 1596
0 120 1087 3783
37 39 1467 3250
59 60 1164 3249
89 91 1962 3229
0 120 1697 3712
0 120 749 755
83 85 558 4193
72 81 876 2782
80 81 635 3659
13 15 597 923
107 108 597 923
0 120 1476 2023
0 120 2257 2588
62 63 41 2920
31 31 1806 3655
36 37 334 1452
14 15 69 1935
108 108 69 1935
89 89 898 3480
26 28 420 472
120 120 420 472
35 37 2202 3820
68 69 1397 2669
0 120 1842 3285
86 87 534 3203
0 120 503 1638
8 9 1265 1961
102 103 1265 1961
0 2 659 2151
93 95 659 2151
44 44 217 1806
50 50 246 292
0 120 2458 2470
77 77 1450 2680
60 70 152 4040
74 75 152 4040
49 50 983 3968
75 77 1017 2798
0 0 209 3793
6 6 209 3793
8 11 209 3793
13 13 209 3793
24 25 209 3793
27 27 209 3793
64 65 209 3793
68 70 209 3793
72 94 209 3793
98 98 209 3793
102 105 209 3793
82 84 240 3106
64 64 173 1884
67 68 348 2639
0 120 329 2397
84 85 334 2741
79 80 1972 2203
33 33 850 1345
78 79 2106 2203
83 83 1397 3958
51 52 311 2757
1 3 583 1001
95 97 583 1001
8 9 1164 2444
102 104 1164 2444
56 57 166 4096
2 3 135 2531
95 97 135 2531
75 76 501 2100
67 69 3273 3743
63 65 353 3922
0 120 3042 3056
0 120 2038 2419
98 99 125 1062
18 18 104 185
0 120 4245 4253
10 10 331 1130
104 104 331 1130
0 120 1301 3846
0 120 697 699
89 89 578 1007
26 26 54 1761
119 120 54 1761
29 32 486 1418
26 28 606 2274
120 120 606 2274
10 13 420 3050
104 107 420 3050
0 120 29 950
82 82 39 3358
90 92 1195 3046
0 120 369 1772
62 63 1005 2922
51 53 293 2716
0 120 1180 1233
0 120 2045 2435
65 66 130 2695
0 120 89 442
25 27 2506 3584
119 120 2506 3584
67 68 2965 4098
2 3 1004 1007
27 28 1004 1007
33 34 1004 1007
36 48 1004 1007
50 57 1004 1007
60 89 1004 1007
91 93 1004 1007
96 97 1004 1007
26 27 2306 2964
120 120 2306 2964
69 71 1162 2347
80 81 351 1351
91 92 55 4241
0 120 113 247
11 12 16 314
0 120 976 2342
4 4 296 2583
72 73 3565 4278
77 78 160 3476
0 120 1586 3025
83 83 760 997
0 1 316 3235
94 95 316 3235
118 118 417 4041
79 81 350 2819
88 89 1771 2024
38 50 2762 3365
77 78 1623 3092
23 23 1198 2162
49 51 1198 2162
74 74 1198 2162
86 90 1198 2162
92 93 1198 2162
95 96 1198 2162
104 105 1198 2162
116 120 1198 2162
0 120 645 1424
16 17 1132 3794
29 33 421 2470
48 49 130 3984
0 120 25 26
0 120 3844 4043
81 81 843 3102
26 27 535 2757
120 120 535 2757
39 40 2512 4129
80 81 373 4119
49 51 292 2999
0 120 1154 2240
0 120 1394 4144
90 92 1026 2994
0 0 3037 3196
92 93 3037 3196
68 69 721 2358
0 120 597 602
0 120 1457 1460
0 120 2407 2800
63 63 2513 3950
65 67 357 2835
0 120 1692 3986
22 25 16 2542
116 119 16 2542
0 120 1469 1470
86 87 56 628
0 120 2480 2497
11 11 238 1608
105 105 238 1608
21 23 262 2948
114 116 262 2948
39 40 694 2605
35 36 250 1433
49 49 152 336
68 68 1172 3169
79 79 14 402
0 120 3683 3694
56 58 1472 2118
0 0 1121 1137
2 4 1121 1137
6 94 1121 1137
96 98 1121 1137
100 120 1121 1137
27 27 133 3477
73 73 2216 3555
0 120 664 669
15 17 631 721
109 111 631 721
58 58 3554 4223
57 57 417 4175
84 85 1026 1250
65 66 1671 4206
0 120 124 2610
66 68 2142 3791
0 120 1779 3739
0 120 22 2333
39 39 736 1676
91 92 1135 1193
0 120 2511 3099
39 40 147 1281
0 120 1802 2410
0 120 4267 4280
18 24 810 844
113 118 810 844
47 47 2133 3678
0 120 3750 3761
0 120 2162 2164
0 120 3349 3417
1 2 85 1342
94 96 85 1342
2 12 1791 3160
15 16 1791 3160
97 106 1791 3160
109 110 1791 3160
61 61 1397 1543
17 18 1404 3653
111 112 1404 3653
98 98 294 1866
0 120 3055 3320
43 44 133 228
42 43 506 3442
0 120 170 3493
53 53 146 2907
6 6 2508 4090
100 100 2508 4090
6 8 128 3267
100 102 128 3267
45 45 28 2097
51 52 71 2733
70 71 293 3334
22 24 296 2851
116 118 296 2851
79 80 1397 2832
0 120 270 1630
41 42 631 855
0 40 230 511
43 47 230 511
50 58 230 511
60 120 230 511
19 20 75 3606
113 113 75 3606
58 58 13 1974
0 120 1761 3294
0 120 167 3380
64 64 2512 3458
0 120 4244 4245
79 80 674 932
35 36 2758 3110
55 57 342 1102
14 16 232 3216
108 110 232 3216
5 6 123 4212
99 100 123 4212
0 120 2796 2813
0 120 3197 3911
0 120 1022 1800
25 27 1822 2607
118 120 1822 2607
0 120 2579 2586
60 61 414 1917
35 35 1231 2139
23 24 255 3550
117 118 255 3550
7 8 625 2329
101 102 625 2329
37 39 314 2467
55 56 121 352
0 120 764 3427
63 64 1025 3202
29 31 2964 3336
75 76 2126 2991
44 45 278 1467
1 3 390 2462
95 97 390 2462
5 6 3098 4090
99 100 3098 4090
0 120 463 466
25 27 65 1359
118 120 65 1359
11 14 39 138
105 107 39 138
26 28 187 3042
120 120 187 3042
37 38 2508 4224
87 88 235 1770
6 7 75 357
99 100 75 357
3 4 255 1456
97 98 255 1456
41 41 52 2817
0 38 9 1989
42 44 9 1989
49 49 9 1989
52 54 9 1989
56 120 9 1989
44 46 146 2452
57 58 893 989
67 67 173 4275
0 120 1706 3721
75 76 923 3083
41 42 1334 1863
0 120 2989 2992
0 120 1362 3130
0 120 4132 4138
0 120 1928 3541
0 120 577 3577
72 72 30 964
0 120 523 4280
45 45 34 3335
88 89 1163 2920
51 53 2016 2607
0 120 4144 4148
39 41 193 2833
9 9 349 3346
102 103 349 3346
0 120 2171 3649
18 18 1068 3033
112 112 1068 3033
61 62 1051 3618
78 78 728 898
0 120 879 3511
0 120 996 4096
11 13 327 554
105 107 327 554
91 92 1077 1806
13 15 1467 3681
107 109 1467 3681
13 14 1670 2320
107 108 1670 2320
67 68 230 2873
60 60 99 138
25 27 372 1236
119 120 372 1236
87 88 1162 1355
48 50 931 2920
13 14 1452 1868
107 107 1452 1868
19 20 771 1884
113 114 771 1884
35 35 262 317
0 120 991 4102
88 90 39 3655
0 120 393 2463
45 47 2778 2906
0 0 2036 2269
91 94 2036 2269
93 93 351 2237
45 47 1225 2993
34 35 1161 1288
43 45 374 3352
33 34 1162 2644
4 5 126 806
98 99 126 806
10 11 1170 4225
32 32 60 2438
0 120 1044 1642
19 19 342 1370
113 113 342 1370
53 54 2386 3964
0 120 505 3054
53 54 75 4224
87 88 421 2417
0 120 2480 3599
0 3 133 1196
5 6 133 1196
8 11 133 1196
13 15 133 1196
20 25 133 1196
29 33 133 1196
36 37 133 1196
47 52 133 1196
57 58 133 1196
64 64 133 1196
86 89 133 1196
93 95 133 1196
3 4 312 3413
96 98 312 3413
2 3 1771 2910
96 97 1771 2910
59 59 126 4189
0 120 3792 3800
63 64 415 1848
0 120 2390 2393
0 120 10 4014
53 53 1770 2685
52 53 2207 3440
0 120 273 452
0 120 4261 4278
0 120 1873 1874
0 67 66 3357
69 77 66 3357
82 83 66 3357
86 120 66 3357
82 83 104 3649
35 37 1678 3096
0 2 2130 2439
4 8 2130 2439
10 16 2130 2439
19 26 2130 2439
31 43 2130 2439
46 46 2130 2439
81 81 2130 2439
89 90 2130 2439
93 96 2130 2439
98 120 2130 2439
53 55 721 2305
0 120 3804 3810
31 33 93 2736
17 17 1677 3625
72 73 1677 3625
85 86 1677 3625
74 78 2088 2967
0 2 62 390
93 95 62 390
23 26 1433 4204
117 120 1433 4204
0 120 3456 3477
2 2 54 2192
96 96 54 2192
72 74 916 1433
0 120 4099 4108
0 120 2917 3199
10 10 1196 3702
14 17 353 2259
108 112 353 2259
0 120 1953 3681
22 23 1352 4215
115 117 1352 4215
53 54 292 4235
9 9 187 2721
103 103 187 2721
70 71 268 1397
19 19 2029 3676
113 113 2029 3676
0 120 807 3368
0 120 3943 3945
11 11 1675 4087
105 105 1675 4087
0 120 283 3368
0 120 3294 3307
63 64 185 581
28 28 771 2368
51 51 1827 2414
35 36 27 2624
19 20 109 3188
114 114 109 3188
0 120 2005 2686
0 120 548 1572
87 89 1019 3409
13 16 2607 3508
106 110 2607 3508
64 68 563 914
0 120 1065 2064
5 5 743 2013
24 28 743 2013
30 32 743 2013
35 38 743 2013
40 48 743 2013
115 115 743 2013
118 120 743 2013
0 120 1307 4041
23 24 256 3615
117 118 256 3615
74 76 232 3029
0 120 1126 2717
60 61 696 1443
67 67 2743 3554
5 5 160 874
53 54 277 1459
0 120 210 237
78 78 2243 2450
31 33 390 1336
0 120 2740 3256
43 44 2648 3667
70 72 1225 1383
87 89 535 3188
75 76 32 1813
0 34 168 3394
38 38 168 3394
44 45 168 3394
48 48 168 3394
50 120 168 3394
0 120 4264 4279
0 120 3722 3730
35 36 3092 3334
44 46 767 1444
0 120 3205 3211
0 120 1 3631
0 120 3488 3499
0 120 1241 2266
50 51 1162 1973
81 81 93 187
75 77 1397 2779
73 74 743 4241
86 87 2228 2707
65 65 438 3605
36 37 402 1696
51 52 1675 4221
91 93 415 3621
11 12 635 1675
105 106 635 1675
24 25 625 987
63 64 256 2810
85 85 71 3030
48 49 1678 2425
0 120 3603 3607
11 12 52 536
105 106 52 536
83 84 432 3975
65 65 652 2029
0 120 2191 3175
53 53 302 1650
11 12 85 3867
105 105 85 3867
20 22 1064 1973
114 117 1064 1973
46 46 372 3143
118 118 2621 2759
0 120 917 2677
27 27 1051 3431
120 120 1051 3431
42 42 247 1162
51 53 1061 1675
17 19 63 3327
111 113 63 3327
0 120 1078 1090
69 69 11 885
91 91 903 1466
0 120 879 880
34 35 2909 3576
0 120 562 1173
61 63 696 1927
15 15 678 2287
109 109 678 2287
86 86 201 1167
67 67 1051 1337
85 86 1192 2508
25 26 767 1578
119 120 767 1578
49 50 168 2939
0 120 2143 3484
78 79 300 2866
17 18 1394 1676
111 111 1394 1676
79 80 1172 2795
64 64 14 28
83 83 1770 3653
59 60 1359 2621
25 25 390 2759
39 51 390 2759
57 62 390 2759
70 70 390 2759
14 15 1164 1399
108 109 1164 1399
0 120 1503 1619
3 4 1408 1759
97 98 1408 1759
9 10 721 3273
103 104 721 3273
40 42 1776 2909
0 120 1213 3735
0 120 3148 3161
0 120 1018 3267
19 20 2152 3196
113 114 2152 3196
61 61 1004 1117
50 51 544 1132
0 120 967 1235
50 52 2861 3104
0 120 650 1528
39 41 13 2405
48 50 63 2522
0 120 1637 1969
0 120 403 2590
40 40 232 2708
0 120 2661 2669
0 120 2986 2991
31 32 412 1363
0 120 962 1241
0 120 10 794
34 34 255 598
0 120 649 3935
88 91 1954 2965
34 35 677 1230
45 46 2697 3238
54 55 371 1712
0 120 1639 1641
54 55 131 3191
70 70 413 2123
0 120 1042 3048
19 20 56 3771
113 114 56 3771
37 37 1066 1190
0 120 2199 3146
0 120 1351 1359
13 14 1120 1426
107 108 1120 1426
41 42 789 1821
4 5 1245 2626
98 99 1245 2626
59 61 985 3453
55 56 436 4177
9 11 30 3489
103 104 30 3489
49 52 334 2180
86 87 1170 4172
52 54 134 1368
74 75 877 887
22 23 2366 4198
116 117 2366 4198
7 8 296 383
102 102 296 383
0 120 1213 1775
116 118 58 969
0 0 1677 2633
93 94 1677 2633
62 63 913 1483
0 120 429 3356
0 75 313 3181
79 120 313 3181
31 31 1190 3454
0 120 4263 4271
3 3 875 2130
97 97 875 2130
0 120 1506 3690
1 1 1461 2227
95 95 1461 2227
2 3 415 2145
96 97 415 2145
0 120 1970 2104
0 0 1352 3223
93 94 1352 3223
85 85 27 3726
85 86 347 2950
0 120 2699 3445
0 120 1909 4080
63 65 316 1385
0 120 1253 2463
20 22 135 815
114 116 135 815
68 69 1671 2222
10 11 1740 2581
103 105 1740 2581
86 87 1685 2120
72 72 1017 1432
64 64 46 743
26 26 1682 1822
120 120 1682 1822
0 120 992 1375
20 22 400 3715
114 115 400 3715
26 28 1821 2920
120 120 1821 2920
0 120 2349 3039
0 120 1538 3763
0 120 977 1252
0 120 511 513
7 8 1300 2659
101 102 1300 2659
0 120 2485 3085
45 46 1019 2417
0 120 1490 2002
0 120 867 2777
64 65 1335 2653
78 79 373 3208
0 120 1018 2946
82 82 247 625
65 65 1181 2186
39 40 219 2741
52 54 95 985
0 120 2951 3265
58 58 399 1396
35 35 811 1340
0 120 167 3490
65 65 309 1853
0 120 4151 4164
64 64 54 1334
55 58 128 1283
28 28 682 2623
0 120 2225 2757
16 16 1103 2653
110 110 1103 2653
6 7 418 1796
100 101 418 1796
17 17 506 2397
110 111 506 2397
29 30 1161 2069
0 120 1381 1843
26 26 39 2931
0 0 1064 2136
93 94 1064 2136
50 50 209 1622
16 16 496 2618
109 110 496 2618
75 75 1193 2546
10 11 1685 2254
104 105 1685 2254
0 120 2461 2475
41 41 451 1155
58 59 124 760
17 18 253 1170
110 112 253 1170
0 120 633 637
0 120 1493 1495
0 120 3917 4118
0 120 920 1633
56 57 1467 4246
46 48 980 2438
24 24 1859 3538
118 118 1859 3538
89 90 2203 3348
0 120 1893 2368
0 120 1246 2557
2 3 2615 3292
96 97 2615 3292
52 53 1820 2829
53 55 1097 2434
0 120 1491 1607
63 64 629 868
75 76 219 1936
82 84 138 816
21 23 1483 3409
115 117 1483 3409
119 119 850 3496
57 57 509 3203
0 120 4019 4021
30 31 230 3788
35 35 2506 3507
37 42 2506 3507
93 93 16 3270
0 120 2800 3230
23 23 760 3953
117 118 760 3953
68 69 1094 3075
1 7 1961 2660
95 102 1961 2660
45 46 1197 1510
62 63 166 3214
0 120 870 1115
74 75 2131 3071
78 80 606 1042
0 120 377 1182
76 76 2727 3102
54 55 850 1402
37 38 2618 4098
20 21 657 1007
114 115 657 1007
0 120 2664 2753
40 42 4 2105
30 30 303 2172
42 43 297 3855
46 46 1744 2029
7 8 419 3286
101 102 419 3286
16 17 1496 2681
110 111 1496 2681
0 0 2626 3400
93 93 2626 3400
84 85 1862 2250
53 53 1657 3538
0 120 124 894
91 91 1433 3830
13 15 743 3383
107 109 743 3383
55 56 1185 3728
70 71 932 3282
61 62 32 1305
0 120 2692 2707
71 72 123 1423
0 120 1733 3533
1 2 3249 3564
95 96 3249 3564
23 28 386 4277
116 120 386 4277
16 18 2595 2774
1 1 52 2711
3 3 52 2711
6 6 52 2711
14 19 52 2711
25 28 52 2711
35 38 52 2711
49 59 52 2711
61 73 52 2711
75 75 52 2711
80 86 52 2711
88 92 52 2711
97 97 52 2711
100 100 52 2711
102 102 52 2711
108 112 52 2711
119 120 52 2711
0 120 4141 4145
0 120 1333 1347
69 70 2506 2702
0 120 1030 1346
2 2 770 2173
96 96 770 2173
0 120 1544 1567
41 41 155 365
81 83 1483 3543
8 9 79 3753
102 103 79 3753
16 17 344 1018
110 111 344 1018
32 33 1225 2753
30 35 1264 2681
0 120 359 360
0 120 1381 3266
0 120 3793 3812
0 120 787 2527
0 120 1105 1116
0 120 2923 3929
47 47 399 4108
54 56 373 2887
71 72 292 1767
0 120 873 3964
22 22 123 2712
116 116 123 2712
28 29 12 2881
0 120 540 556
0 120 1040 3323
79 80 2269 4078
89 89 1300 4216
0 120 3180 3935
99 99 95 1603
2 2 17 4164
95 98 17 4164
0 120 1803 1804
0 120 2226 2661
1 10 142 3112
13 19 142 3112
21 22 142 3112
26 31 142 3112
33 41 142 3112
45 50 142 3112
52 63 142 3112
69 69 142 3112
89 89 142 3112
95 104 142 3112
106 113 142 3112
115 116 142 3112
120 120 142 3112
72 72 2434 3364
4 4 546 721
98 99 546 721
20 22 367 3230
114 116 367 3230
9 9 334 838
103 103 334 838
5 6 934 2523
99 100 934 2523
0 3 2606 3067
88 95 2606 3067
0 120 2958 2960
0 120 976 1244
26 26 2904 3663
45 46 8 264
16 17 1441 2512
19 30 1441 2512
109 110 1441 2512
113 120 1441 2512
0 0 95 2892
92 94 95 2892
0 120 1308 3114
37 38 876 1013
23 23 301 2768
117 117 301 2768
33 35 92 2594
70 72 1026 3401
9 9 238 1665
79 79 238 1665
93 93 238 1665
34 37 1446 1543
63 65 2964 4064
59 60 1352 1881
0 120 2981 4233
69 70 2618 3427
77 78 717 3585
0 120 782 1728
0 120 2896 3371
0 120 955 1656
65 65 2876 2904
49 51 696 3647
88 88 1064 1599
71 76 66 3251
27 28 1196 1718
0 120 2359 2385
0 0 917 2303
3 7 917 2303
9 10 917 2303
12 16 917 2303
28 28 917 2303
30 30 917 2303
34 34 917 2303
40 40 917 2303
71 71 917 2303
86 86 917 2303
89 90 917 2303
94 94 917 2303
97 101 917 2303
103 104 917 2303
107 110 917 2303
73 74 1820 3797
46 47 292 2251
39 39 347 1958
81 83 2367 3966
0 40 4230 4270
58 60 63 2953
0 120 1615 2641
0 120 1350 3124
50 50 28 3898
26 26 3555 4131
119 120 3555 4131
107 107 310 578
1 1 370 629
94 94 370 629
52 53 850 2020
60 61 1194 1830
0 120 829 1143
0 3 2909 3202
7 7 2909 3202
9 12 2909 3202
14 19 2909 3202
23 48 2909 3202
50 52 2909 3202
90 90 2909 3202
93 95 2909 3202
97 97 2909 3202
104 113 2909 3202
117 120 2909 3202
12 15 292 3190
105 110 292 3190
27 31 968 2241
68 68 2126 2564
78 79 765 3602
0 120 118 3791
0 0 3079 3613
5 11 3079 3613
19 21 3079 3613
23 23 3079 3613
81 84 3079 3613
91 94 3079 3613
99 105 3079 3613
113 116 3079 3613
85 85 407 1450
77 77 1685 2067
73 75 2029 2631
0 120 1204 1205
0 120 980 2251
66 69 152 3560
25 26 1167 2077
119 120 1167 2077
25 26 69 1805
119 120 69 1805
0 120 4260 4270
82 83 2366 2401
0 120 3718 3721
61 62 2653 3397
0 120 2558 2571
75 77 2964 3259
82 83 354 1974
0 120 682 3725
26 28 135 1112
120 120 135 1112
21 22 346 3776
115 116 346 3776
49 49 243 645
32 33 583 2965
39 40 2878 2926
71 72 1682 2119
0 120 617 1795
82 82 264 4151
84 84 155 3427
0 120 2853 2869
31 31 738 4007
75 75 631 912
31 31 1677 2714
40 42 166 3027
0 120 376 393
0 120 1069 2077
0 120 530 4243
62 65 415 1287
0 120 845 871
63 63 134 1799
2 3 1008 2555
95 96 1008 2555
22 22 39 1939
81 83 2427 2653
11 12 11 645
25 26 351 2965
120 120 351 2965
34 35 1132 3530
91 91 1225 3721
41 41 2138 4213
78 78 510 743
84 85 1195 2566
0 120 3497 3506
35 36 9 3201
58 60 3538 4261
88 89 419 3099
15 16 372 809
109 110 372 809
0 120 1700 3987
67 69 2906 3038
0 120 583 1221
0 120 1803 2422
3 4 1034 1682
97 98 1034 1682
0 49 232 240
51 55 232 240
58 58 232 240
75 120 232 240
12 13 846 4075
106 107 846 4075
74 75 404 3730
90 91 3365 3552
4 4 371 1338
98 98 371 1338
63 65 13 876
56 56 1064 3022
73 74 1165 3828
1 2 193 3695
95 96 193 3695
25 28 296 1164
120 120 296 1164
42 46 134 3088
4 4 103 769
25 26 103 769
10 12 667 3551
104 105 667 3551
41 44 373 2350
0 120 2632 2654
38 39 1102 2725
77 80 3112 4045
89 90 3112 4045
94 95 3112 4045
98 102 3112 4045
108 109 3112 4045
112 112 3112 4045
82 83 2126 3048
35 36 28 1349
0 120 1186 1672
2 2 35 76
5 9 35 76
11 57 35 76
59 62 35 76
66 76 35 76
78 120 35 76
20 22 262 3273
113 115 262 3273
52 53 1671 2653
2 2 649 1467
96 96 649 1467
36 36 253 1467
0 1 934 4080
93 95 934 4080
72 74 1756 2202
18 19 1195 3855
112 112 1195 3855
88 89 89 312
0 120 3378 3383
59 61 1565 2607
63 63 56 1303
90 92 923 3140
92 93 147 667
76 78 374 3864
26 27 625 1231
120 120 625 1231
0 120 2157 3650
0 120 1295 1965
0 120 1078 3428
73 74 1013 3033
55 55 209 764
0 120 835 3670
73 73 126 729
32 34 102 143
47 47 1433 2838
56 57 1543 2444
0 120 1254 2341
29 29 144 3752
82 84 32 313
41 42 414 1169
91 92 310 4229
49 50 60 3300
5 7 409 4208
98 101 409 4208
46 47 944 1334
48 49 404 3864
38 38 138 2402
45 47 382 2762
86 87 1132 4014
9 10 256 1899
103 104 256 1899
0 120 1085 3444
29 31 1438 2808
59 63 30 2310
83 85 914 3562
0 3 1996 3301
92 97 1996 3301
66 67 403 606
0 120 2901 3178
3 5 141 606
97 99 141 606
88 88 2906 3522
8 9 213 482
102 103 213 482
20 24 292 775
115 118 292 775
33 34 3420 3743
63 63 2293 2541
83 85 344 965
41 41 138 308
0 120 4252 4273
0 120 561 2885
72 73 277 3126
27 33 860 1232
117 117 860 1232
120 120 860 1232
65 66 225 2936
0 120 2279 3774
0 120 1921 4066
33 35 489 2228
42 43 558 2587
10 11 914 1468
104 105 914 1468
80 81 1452 2275
0 120 1586 3029
74 75 1677 2393
52 53 975 2875
6 7 894 1001
100 101 894 1001
49 51 2666 3661
32 33 2120 3902
5 7 2142 3661
99 101 2142 3661
49 50 143 278
0 120 1173 3799
48 49 2255 3538
52 52 299 791
10 12 524 3353
104 105 524 3353
90 90 1197 1941
40 41 1045 2301
58 58 1461 1987
69 70 1466 2331
16 16 1177 2228
110 110 1177 2228
35 36 795 2126
0 120 903 905
81 82 741 2829
87 89 39 2557
47 50 135 3019
0 120 1394 4148
61 62 1232 1346
19 24 201 606
113 119 201 606
0 120 1457 1464
76 78 856 1998
41 42 1780 2117
7 8 2506 2783
101 102 2506 2783
34 34 1630 3112
38 39 1499 2629
0 120 5 4077
30 31 1197 3230
0 120 677 1474
41 42 524 2198
87 88 563 2126
67 67 1172 3173
73 74 2615 3857
81 81 278 2142
42 42 765 2260
26 27 887 3189
120 120 887 3189
0 120 799 1090
43 44 2139 3339
0 120 2598 3661
52 52 349 1793
17 18 1168 2650
110 112 1168 2650
20 21 357 4128
114 115 357 4128
54 58 87 103
0 120 2667 2677
0 120 124 2614
77 79 52 1048
11 12 537 2783
105 106 537 2783
54 57 2269 3570
0 120 22 2337
36 36 2647 2964
39 40 2647 2964
0 120 469 1336
0 120 1255 2245
24 24 2459 2913
118 118 2459 2913
0 120 145 458
54 56 308 2142
27 28 55 1696
0 120 1082 1536
60 62 1170 1383
80 81 318 386
52 54 1013 3651
32 33 414 848
0 120 496 2378
4 5 1284 1670
97 99 1284 1670
6 8 1404 2718
100 102 1404 2718
59 59 423 3785
41 43 738 2665
0 120 89 2219
0 120 803 808
44 46 390 1393
57 57 420 2733
0 120 1874 1886
82 83 349 4021
18 20 13 4072
112 114 13 4072
0 120 4177 4182
61 62 734 2142
0 120 59 2727
41 42 506 3446
68 69 1161 3118
0 1 2386 2411
94 95 2386 2411
63 64 1682 2066
0 120 28 2101
35 37 131 536
39 40 631 859
28 29 347 1100
0 120 684 685
90 92 840 1198
86 86 425 1922
87 88 230 3898
10 11 373 3452
104 104 373 3452
19 20 127 767
113 114 127 767
83 85 402 2692
56 57 11 592
53 53 95 1229
78 79 1267 1450
45 46 160 4098
36 37 1161 1963
11 11 423 536
105 105 423 536
58 58 1450 3786
22 24 28 3390
116 117 28 3390
87 92 141 2513
0 120 1208 1220
66 72 147 1769
33 33 9 115
67 68 1026 2677
84 86 659 1163
0 120 3921 4131
50 53 738 2210
0 120 96 1989
11 13 968 2672
105 107 968 2672
18 18 309 3036
4 4 278 1471
97 98 278 1471
0 120 326 3205
50 51 436 2811
0 120 83 3447
15 16 1537 2600
109 110 1537 2600
32 32 577 2292
49 51 1418 2908
0 120 2658 3233
0 120 3494 3505
0 120 538 4027
38 38 2386 2545
58 59 428 2169
77 78 1019 1856
0 120 2237 2422
22 22 2414 3812
116 116 2414 3812
0 120 900 2164
0 120 1280 1631
34 35 1770 3710
74 75 428 3108
82 83 395 716
71 75 1016 3278
78 79 1016 3278
82 83 1016 3278
90 90 1016 3278
0 120 100 768
45 46 353 2934
13 14 850 3740
107 108 850 3740
4 4 2782 3649
98 98 2782 3649
0 120 2976 3700
74 75 16 3514
10 12 1606 3494
103 106 1606 3494
83 84 1000 3684
0 120 716 3925
48 49 126 676
11 12 201 2513
105 106 201 2513
7 8 278 3699
101 102 278 3699
2 2 11 4109
95 96 11 4109
0 120 699 1477
5 13 348 496
16 93 348 496
99 107 348 496
110 120 348 496
61 63 2118 4019
59 61 48 204
41 42 32 3643
32 33 54 1712
0 120 1005 1934
42 42 1836 1862
0 120 879 3515
0 120 445 779
36 36 63 485
0 120 1511 1513
85 86 38 2118
12 13 1051 3972
106 107 1051 3972
75 76 344 3356
68 69 2541 2782
1 4 743 3627
95 98 743 3627
47 49 2653 3023
54 58 58 2770
60 60 58 2770
64 66 58 2770
74 75 58 2770
47 47 51 1791
33 34 27 1205
24 24 1515 2386
117 118 1515 2386
77 78 103 4233
0 1 825 1185
93 94 825 1185
0 120 1060 1991
30 32 348 1785
45 46 1466 3433
49 51 353 2129
0 120 2323 2330
73 73 934 3572
89 90 2484 3187
90 91 1164 4034
0 120 3526 3527
72 72 2103 3495
0 120 2426 2428
2 3 93 3895
96 97 93 3895
90 92 260 625
22 23 1120 1483
116 117 1120 1483
50 51 278 2894
63 65 517 1190
85 86 436 4234
0 120 4206 4225
34 35 314 861
6 8 855 1185
100 101 855 1185
53 54 717 1251
86 86 264 4127
0 120 2480 3603
88 91 417 959
0 120 981 2987
20 22 76 2386
114 116 76 2386
29 31 31 923
33 40 31 923
90 91 225 4172
51 53 316 3536
56 56 180 2709
7 7 144 800
92 93 414 661
0 13 1102 2001
32 32 1102 2001
35 35 1102 2001
39 44 1102 2001
46 47 1102 2001
49 49 1102 2001
51 70 1102 2001
73 79 1102 2001
83 90 1102 2001
94 96 1102 2001
98 98 1102 2001
106 106 1102 2001
68 69 400 2483
0 120 3593 3594
0 120 1573 1586
70 70 131 1504
48 50 844 2874
39 39 94 2376
0 120 560 3115
0 8 846 1257
43 43 846 1257
55 84 846 1257
87 98 846 1257
101 102 846 1257
56 57 734 1016
0 120 183 913
0 120 1797 2233
16 16 415 2202
110 110 415 2202
0 120 702 1478
25 25 1165 3454
119 120 1165 3454
54 55 232 3249
65 65 1008 3470
0 120 2942 3260
0 120 2301 2675
0 120 613 3880
78 80 296 1729
62 62 805 1606
83 84 2434 3958
78 79 975 2017
28 29 2616 2686
88 89 1962 4148
16 18 85 2448
110 111 85 2448
52 52 1397 2649
38 39 2783 2799
32 33 1013 2659
79 79 1685 3466
0 120 491 1042
37 38 0 4188
82 82 793 3824
39 39 361 1161
56 57 361 1161
86 88 2782 4267
0 120 817 1966
15 16 844 2069
108 109 844 2069
49 49 2508 2752
57 58 629 2669
71 73 350 3254
71 72 47 1001
50 51 1397 1494
46 47 858 2906
0 120 162 170
21 21 558 924
115 115 558 924
85 85 1670 2003
43 46 975 1212
0 120 1229 2260
92 93 429 1453
98 98 169 2280
0 120 325 2793
44 45 103 3912
13 14 342 2208
107 108 342 2208
55 57 1051 1207
67 68 60 832
72 73 629 3958
4 6 1756 1962
97 99 1756 1962
56 57 2306 2594
102 102 3968 4140
9 10 1404 3954
103 104 1404 3954
83 84 717 3024
24 26 297 1684
118 120 297 1684
80 81 932 4144
49 54 309 755
54 54 2276 3102
71 71 1677 2019
2 4 2100 2876
96 98 2100 2876
0 120 2179 3169
61 62 168 715
0 120 549 1346
73 75 411 3102
0 120 688 1690
24 24 173 1998
117 118 173 1998
16 19 1007 3887
110 113 1007 3887
0 120 1384 1393
57 58 312 3096
18 19 351 2270
67 69 1313 2681
13 14 3238 3863
107 108 3238 3863
89 89 413 704
76 79 1340 3538
79 82 316 771
35 36 374 941
31 31 1198 2142
0 120 1014 3553
16 20 138 2162
109 113 138 2162
77 77 407 889
0 120 2340 3652
54 54 659 1110
31 32 817 2450
0 120 2047 2087
22 23 535 2737
116 117 535 2737
102 102 105 709
76 78 141 366
0 120 922 931
5 7 316 1121
99 101 316 1121
66 67 1013 1049
73 74 432 2235
0 0 313 823
93 94 313 823
39 41 278 1768
83 83 1816 2312
51 51 436 664
10 12 1017 2107
104 106 1017 2107
48 51 308 1418
29 29 1168 2276
41 42 58 489
8 9 240 2415
102 103 240 2415
81 82 374 3169
0 120 957 2995
0 120 167 2876
0 120 1681 3026
4 4 2118 3027
98 98 2118 3027
32 33 72 3770
88 88 2293 3590
30 32 846 3164
30 32 1164 1753
30 31 1300 3334
69 71 417 772
0 120 534 1357
65 65 123 325
93 93 214 2133
18 20 771 2990
112 113 771 2990
25 26 1273 4140
119 120 1273 4140
65 65 1461 1747
9 11 738 1352
103 106 738 1352
34 35 17 838
46 47 130 715
0 120 985 1229
89 90 11 1023
61 62 1017 3396
29 30 124 146
75 77 984 1004
19 20 1237 3170
113 114 1237 3170
6 6 1514 1758
99 99 1514 1758
14 15 865 3564
108 108 865 3564
50 51 280 659
0 4 932 2534
94 99 932 2534
68 70 846 1070
8 12 554 3113
14 14 554 3113
16 81 554 3113
84 86 554 3113
102 102 554 3113
104 120 554 3113
0 120 1003 2185
54 55 521 721
0 120 268 275
0 120 4201 4202
0 120 18 100
0 120 3075 3602
15 16 1225 2005
109 109 1225 2005
62 63 1821 2790
57 57 1005 3170
0 120 623 624
67 68 932 1379
0 120 1031 1358
0 120 4274 4276
49 50 12 2133
2 2 72 3904
95 96 72 3904
17 18 581 2061
110 112 581 2061
91 93 354 2836
0 120 1171 3058
37 38 1673 4208
0 120 3908 3926
12 13 135 1974
105 107 135 1974
13 17 1671 3381
106 110 1671 3381
28 29 400 1491
47 48 1198 1471
18 18 1012 2247
112 112 1012 2247
85 86 85 167
15 15 2782 4080
108 109 2782 4080
85 85 1297 3170
0 120 1749 1759
0 120 2549 2566
0 120 2394 3217
0 120 2015 2632
0 120 2075 2683
17 17 53 4012
37 38 657 743
0 120 868 3407
10 11 133 1497
104 105 133 1497
45 49 166 1445
82 84 3102 3654
82 82 12 978
105 105 366 3196
55 63 407 3951
62 62 2606 3258
39 39 255 4119
64 66 1418 2534
0 120 745 748
20 20 433 2139
114 114 433 2139
87 89 27 697
52 54 104 917
72 72 408 1328
77 79 3204 3557
63 63 98 348
85 87 1397 2596
0 120 853 3664
0 120 875 3423
64 64 94 3612
0 120 331 2801
28 30 3018 3552
0 120 1490 2006
73 74 1194 3176
0 2 430 2780
88 95 430 2780
4 5 225 3314
98 99 225 3314
58 58 495 923
1 3 316 2678
95 96 316 2678
83 84 395 3725
0 120 1183 2263
30 31 3564 4250
45 46 1203 1949
50 51 2139 3583
36 37 2228 2874
0 7 932 1863
93 101 932 1863
0 63 312 2909
74 75 312 2909
81 120 312 2909
0 120 561 3613
53 54 0 1102
88 88 1972 2130
1 2 934 1909
95 96 934 1909
0 120 669 2392
12 13 2512 3572
106 107 2512 3572
12 14 1070 3490
106 108 1070 3490
0 120 1407 2129
87 88 2106 2130
87 87 249 1806
0 120 1572 2196
11 12 104 3145
104 106 104 3145
46 46 173 2750
18 19 704 2386
112 113 704 2386
0 120 461 3382
39 40 397 1677
84 85 3203 3840
38 39 253 3618
0 120 3195 3198
0 120 1316 3115
22 23 638 985
116 117 638 985
75 76 1820 1894
14 16 693 1446
108 110 693 1446
26 28 2922 3039
120 120 2922 3039
0 120 4007 4015
55 56 225 2509
57 58 2207 4225
69 69 1070 2335
0 49 1816 2125
52 52 1816 2125
56 120 1816 2125
64 65 629 872
118 118 689 923
51 52 625 3382
0 120 74 3279
76 77 968 3721
58 59 278 2520
0 1 11 2930
94 94 11 2930
84 86 255 1570
0 120 3529 3609
18 19 141 1468
34 35 347 3788
0 120 2634 3696
63 63 416 4147
27 28 292 1637
91 92 989 1565
1 2 856 3665
96 96 856 3665
30 30 1649 3301
0 120 870 1119
3 4 240 3167
97 97 240 3167
107 107 209 3854
52 54 534 1170
0 120 2143 2146
66 69 2227 2783
0 120 1917 4055
35 35 1399 3126
92 92 2117 3177
41 42 351 2217
37 38 2261 2367
2 4 160 3403
96 98 160 3403
0 120 201 3212
0 120 739 4019
72 74 350 2746
7 8 847 3552
101 102 847 3552
0 120 3524 3615
0 120 809 816
0 120 1024 1936
20 21 344 2177
114 114 344 2177
79 80 315 1247
91 92 421 2397
2 3 371 590
6 9 371 590
12 15 371 590
20 31 371 590
33 35 371 590
38 42 371 590
45 46 371 590
48 54 371 590
56 69 371 590
71 75 371 590
78 78 371 590
87 90 371 590
96 97 371 590
100 103 371 590
106 110 371 590
113 120 371 590
0 120 768 3444
8 9 2648 3163
101 102 2648 3163
87 88 52 1776
69 70 1172 1807
38 40 86 606
0 120 786 4215
45 46 989 2854
73 74 412 1530
0 120 864 873
23 24 1602 4020
117 118 1602 4020
9 10 3366 3564
103 103 3366 3564
58 59 312 1299
15 18 153 488
20 20 153 488
22 40 153 488
42 49 153 488
51 57 153 488
61 77 153 488
83 84 153 488
110 111 153 488
118 119 153 488
0 120 798 3444
81 83 760 3152
0 120 999 3168
87 88 885 2100
0 120 3985 3986
33 33 1414 2629
0 120 1794 2096
45 51 1051 2577
119 119 1164 1700
31 32 240 3301
0 120 116 1545
30 31 496 1012
0 120 3751 3755
14 15 2629 2897
108 109 2629 2897
67 68 975 2932
72 72 51 3779
65 66 990 1520
77 78 307 2244
83 84 850 951
51 52 535 1879
29 30 1128 2393
54 55 1942 2906
61 62 20 1433
91 93 3203 4108
5 5 1656 2512
99 99 1656 2512
25 26 1196 2527
119 120 1196 2527
68 69 348 740
87 91 1483 1803
62 63 566 2131
47 48 1008 3230
20 21 2133 3605
114 115 2133 3605
51 52 409 427
55 55 409 427
58 62 409 427
70 72 409 427
83 83 409 427
87 89 409 427
91 91 409 427
89 90 123 4005
0 120 33 1079
46 47 372 545
73 74 9 493
7 8 346 3296
101 102 346 3296
0 120 698 1469
30 30 3188 3426
69 71 216 3415
0 120 1348 2517
15 18 278 1849
109 112 278 1849
85 86 357 2896
3 3 152 3430
96 97 152 3430
0 120 1469 3975
15 16 94 3425
109 110 94 3425
27 29 428 2547
13 15 1446 3991
107 109 1446 3991
46 48 541 1670
45 45 183 1962
0 120 384 3938
0 120 561 3076
8 9 146 2834
102 103 146 2834
76 76 1816 2743
12 13 1165 1470
106 108 1165 1470
87 87 169 751
72 73 253 2142
42 43 2290 3565
11 11 387 2142
105 105 387 2142
32 33 1433 2224
68 69 1987 3564
11 12 770 3600
105 105 770 3600
83 85 331 2964
0 120 249 1619
0 120 531 551
78 79 230 1377
51 53 1075 1203
67 68 1945 2749
0 120 1002 4108
35 36 1293 2594
40 40 1196 2661
57 58 430 3882
0 120 1192 1199
41 42 2780 3550
0 120 1092 4001
70 73 2909 3206
66 66 2931 2965
0 120 675 680
0 120 2846 2857
90 90 105 335
0 120 3706 3715
0 120 3365 3422
26 27 373 1281
120 120 373 1281
53 53 1825 2051
53 55 844 3118
71 71 349 695
0 3 1466 2872
93 97 1466 2872
0 120 687 690
52 53 844 4057
0 120 59 2784
0 120 1231 3005
1 2 4 633
94 96 4 633
0 120 4061 4064
6 6 2827 2965
2 4 415 3385
96 98 415 3385
0 120 2290 2760
34 35 1195 3725
84 85 517 629
56 58 1198 3996
12 13 93 301
106 107 93 301
19 19 344 4084
113 113 344 4084
42 43 277 2862
0 120 3773 3782
0 120 1911 3114
15 16 3110 3438
109 110 3110 3438
26 26 15 418
120 120 15 418
7 8 138 983
101 102 138 983
0 120 389 2322
0 120 2022 3884
0 7 3183 3916
10 12 3183 3916
14 16 3183 3916
18 19 3183 3916
51 51 3183 3916
53 53 3183 3916
55 56 3183 3916
61 61 3183 3916
63 65 3183 3916
69 73 3183 3916
80 83 3183 3916
86 88 3183 3916
91 94 3183 3916
97 98 3183 3916
100 101 3183 3916
104 106 3183 3916
113 113 3183 3916
91 92 506 3853
0 120 712 3729
58 60 2269 3761
0 120 1157 3591
0 120 1430 3191
74 74 375 3555
36 37 1132 3534
0 120 280 285
0 120 891 2159
0 120 908 1574
59 60 206 2056
67 68 188 696
0 120 403 2570
26 27 193 2760
0 120 2794 2801
37 39 1758 3407
31 33 292 2739
63 66 1404 2909
92 92 561 1466
94 94 561 1466
0 120 2238 2354
31 33 51 1364
24 25 104 998
118 119 104 998
0 120 324 3216
90 91 303 2339
0 120 322 2389
0 120 1492 1975
81 82 1466 3006
60 62 2964 3397
0 120 918 922
0 120 691 1697
28 29 1477 2606
28 28 16 2282
50 50 381 717
0 120 1798 2432
30 31 1156 2965
101 101 1771 3992
70 70 138 178
76 76 138 178
78 78 138 178
87 87 138 178
0 1 415 486
94 95 415 486
74 76 430 2272
50 54 1070 2632
91 92 428 3165
38 40 309 999
0 120 2019 2027
86 86 2363 2591
59 60 831 3555
0 120 1502 1508
0 12 1682 2607
18 105 1682 2607
111 120 1682 2607
68 68 3072 4219
20 22 1101 2103
114 116 1101 2103
16 18 705 2103
110 112 705 2103
9 9 777 1225
103 103 777 1225
23 23 412 538
117 118 412 538
26 28 2967 3644
120 120 2967 3644
54 55 293 846
0 120 129 3633
84 86 415 1775
91 92 1461 1857
0 120 1557 1565
26 27 230 1995
120 120 230 1995
0 120 2492 3536
24 26 993 2920
118 119 993 2920
32 34 296 3746
61 62 346 3109
73 74 79 2765
71 73 1675 2725
0 120 82 784
8 10 1427 2623
102 104 1427 2623
38 39 990 2622
79 80 417 2760
9 10 1193 2981
103 103 1193 2981
9 10 1451 1519
103 104 1451 1519
58 59 1765 2618
38 39 554 779
85 86 1128 3495
62 64 998 1170
35 36 432 2479
0 120 2724 2731
0 120 2428 3901
5 6 387 1016
99 100 387 1016
3 4 800 1185
97 98 800 1185
0 120 874 1134
32 34 1450 2233
87 88 2207 2212
40 41 813 3110
59 60 71 2473
71 72 919 1816
28 30 79 4054
64 64 265 1026
0 120 1586 3033
0 1 629 2242
94 95 629 2242
43 44 374 3413
0 120 1733 1740
13 20 2292 3424
106 113 2292 3424
85 86 659 3582
41 43 253 2894
56 56 710 2581
0 1 373 744
94 95 373 744
57 58 39 1622
0 0 2721 2783
21 21 2721 2783
30 31 2721 2783
39 54 2721 2783
57 87 2721 2783
90 91 2721 2783
93 94 2721 2783
11 15 1198 1581
4 5 1533 3557
98 99 1533 3557
32 32 2648 3244
35 36 685 1770
55 56 12 3182
33 33 407 3711
87 88 3079 3430
0 120 42 2832
69 71 364 631
0 120 792 1078
0 120 1394 4152
0 120 3177 3184
48 50 144 1796
62 64 105 3531
0 120 862 1258
21 22 3708 3759
115 116 3708 3759
0 120 3772 3774
21 22 310 1684
115 116 310 1684
40 40 1012 1202
74 75 2595 3209
1 2 1821 3034
95 96 1821 3034
58 58 1162 1900
64 66 1162 1900
71 74 1162 1900
0 120 124 1679
0 120 3484 3492
22 23 168 3671
116 117 168 3671
45 47 1128 1535
23 23 166 2844
117 117 166 2844
85 86 106 349
8 9 606 3116
101 103 606 3116
8 9 12 2377
101 102 12 2377
5 5 418 621
99 99 418 621
29 30 225 3424
20 20 2615 4211
54 55 342 4009
76 77 2420 3743
6 7 606 4055
100 101 606 4055
36 37 430 3829
8 8 1944 3225
102 102 1944 3225
64 65 1106 2126
45 47 350 3311
66 66 1083 2142
0 120 362 2382
15 15 1162 3189
109 110 1162 3189
66 66 470 1161
73 75 296 4014
0 120 2149 2876
0 120 724 2963
0 120 89 2223
0 120 648 3907
0 120 2086 2527
14 15 315 1223
108 109 315 1223
14 16 17 1566
108 110 17 1566
0 120 449 1977
2 4 1008 3661
96 98 1008 3661
52 52 1821 2229
59 60 548 2922
52 53 1270 2126
0 120 2144 2882
74 75 351 4071
75 76 864 1438
80 80 2414 2743
32 33 301 2264
82 83 17 2505
0 120 1089 1556
41 44 1051 1264
14 15 762 1161
108 109 762 1161
37 38 1617 1675
10 14 130 2382
103 109 130 2382
0 120 684 3722
31 32 1007 2655
0 2 331 2106
94 96 331 2106
29 31 2292 2753
35 35 2292 2753
38 39 2292 2753
42 44 2292 2753
46 65 2292 2753
67 75 2292 2753
78 91 2292 2753
54 54 243 3979
11 11 344 4031
105 105 344 4031
19 19 134 811
112 113 134 811
80 81 390 2686
44 44 264 3513
0 120 474 879
13 14 635 1736
107 107 635 1736
0 120 470 3389
0 120 2555 2574
0 120 630 1392
0 120 2741 2764
0 120 1027 1028
0 120 748 1613
0 120 812 874
0 0 1825 4226
94 94 1825 4226
0 48 1419 3538
50 120 1419 3538
0 0 316 2922
2 2 316 2922
4 4 316 2922
7 8 316 2922
14 14 316 2922
17 22 316 2922
24 24 316 2922
28 42 316 2922
44 45 316 2922
52 53 316 2922
89 89 316 2922
94 94 316 2922
96 98 316 2922
102 103 316 2922
108 116 316 2922
118 118 316 2922
31 38 975 2558
21 22 390 3625
115 116 390 3625
41 42 1001 3779
60 60 36 653
0 120 1786 2019
41 42 2228 3118
0 120 263 817
22 23 2226 2291
30 30 2226 2291
34 35 2226 2291
37 40 2226 2291
44 45 2226 2291
47 52 2226 2291
55 55 2226 2291
57 60 2226 2291
120 120 2226 2291
77 78 3170 3786
0 1 2366 3991
94 95 2366 3991
0 120 2247 2579
0 120 3197 3919
0 1 1196 2153
69 71 353 710
0 120 2068 2082
83 89 1003 1758
39 40 2228 4057
56 56 3315 4140
0 120 22 2825
61 64 1006 2029
72 72 1006 2029
15 16 1195 1928
109 110 1195 1928
0 120 1699 3713
0 120 1611 1614
0 120 1289 1563
0 120 3782 3791
0 89 1507 2954
86 86 659 1167
79 79 79 2578
4 4 934 3092
6 8 1230 1922
100 102 1230 1922
0 120 1245 1264
0 120 252 254
47 48 2277 2606
62 64 1404 3206
72 73 1385 2964
0 120 1524 3308
30 31 411 2004
26 28 63 3738
120 120 63 3738
72 73 777 2327
81 83 767 1639
33 34 949 3565
72 72 6 4170
75 75 1625 1670
64 65 2621 4109
63 64 334 1757
18 19 3479 4140
112 113 3479 4140
0 120 1626 2272
6 7 43 1019
100 101 43 1019
85 85 898 3785
26 27 225 2753
120 120 225 2753
92 95 1013 2045
2 4 2029 3416
96 98 2029 3416
71 73 1334 1871
0 120 205 3040
64 65 420 4160
33 34 1497 3555
30 31 253 1768
65 66 1170 3160
72 73 230 4036
0 120 2258 3653
18 19 147 4001
112 113 147 4001
77 77 1537 3893
0 120 3892 3905
88 90 1165 2035
2 2 69 146
96 96 69 146
6 7 934 1348
100 101 934 1348
0 120 2665 3253
0 120 729 2636
23 23 777 3616
117 117 777 3616
73 74 56 1604
0 120 3693 3695
41 42 606 1290
0 120 2321 2662
8 10 84 2117
102 104 84 2117
41 42 292 2820
38 40 1467 2750
34 35 1792 3072
65 67 6 2426
57 58 1195 2062
20 21 696 1183
113 115 696 1183
66 66 985 1286
77 78 2303 3022
0 120 1349 2502
0 120 879 3519
17 18 3203 4218
111 112 3203 4218
78 82 235 973
0 120 761 2709
15 16 4 3292
108 110 4 3292
0 120 1511 1517
0 120 2185 3151
23 23 1211 1225
31 31 1211 1225
65 79 120 434
70 70 868 1825
37 37 293 2082
70 71 934 3576
0 120 304 3180
55 56 216 1081
4 6 2444 3792
98 100 2444 3792
47 47 962 2591
0 120 2197 3134
74 76 1675 3961
8 9 47 2965
102 103 47 2965
0 120 237 2308
28 29 1376 2581
0 120 3581 3588
51 53 1408 2304
69 70 2249 2920
0 120 1791 2042
16 19 17 3473
110 113 17 3473
82 83 85 3607
0 120 2397 2791
0 120 1299 2519
0 120 3293 3306
115 119 2512 3495
0 33 3076 3079
35 37 3076 3079
46 47 3076 3079
53 120 3076 3079
87 88 975 4115
75 77 625 2016
34 35 1165 3458
0 120 702 1482
35 35 1602 3459
0 120 903 1206
0 120 519 4249
34 34 1277 3110
64 64 164 1806
29 31 420 3489
24 25 232 4192
118 119 232 4192
0 120 2830 3962
0 7 440 923
16 19 440 923
22 46 440 923
49 50 440 923
53 56 440 923
58 61 440 923
64 65 440 923
85 86 440 923
92 101 440 923
104 104 440 923
109 114 440 923
116 120 440 923
0 120 725 1092
92 92 19 112
71 73 1070 2258
0 120 765 1622
62 63 39 764
6 7 1570 2581
100 101 1570 2581
67 68 0 3253
0 120 224 517
75 76 425 1739
93 93 93 1000
40 41 765 2561
64 65 305 856
41 44 353 3556
0 120 2560 3670
45 45 349 2094
0 120 641 4188
88 88 438 1385
6 6 2666 4096
70 70 606 969
92 93 2621 2633
24 26 420 1745
118 120 420 1745
0 120 3541 3542
29 30 1070 3547
47 49 134 1913
58 59 1930 1961
47 47 32 882
0 120 2000 2700
38 39 407 759
0 120 2850 2870
32 34 1668 1961
78 79 1300 4009
82 83 743 2371
0 120 4113 4118
6 9 1004 2146
100 102 1004 2146
29 30 235 652
84 84 56 3161
48 48 52 1699
23 24 482 529
116 118 482 529
75 77 1433 3757
88 89 277 1817
0 120 337 1868
3 4 411 1817
97 98 411 1817
5 6 299 1576
99 100 299 1576
15 17 32 1232
108 110 32 1232
5 5 216 3793
77 87 216 3793
91 91 216 3793
100 100 216 3793
102 102 216 3793
20 21 2353 2414
114 115 2353 2414
0 120 25 815
90 91 2203 3409
59 60 2616 2824
0 120 3383 3491
0 120 3488 3507
9 9 1246 2618
102 103 1246 2618
28 31 1232 2720
0 120 633 4081
0 1 277 2756
4 5 277 2756
10 10 277 2756
44 55 277 2756
58 60 277 2756
63 88 277 2756
91 91 277 2756
94 94 277 2756
98 99 277 2756
28 30 631 3254
51 53 1302 1961
16 17 189 657
110 111 189 657
11 12 2637 3112
105 106 2637 3112
42 44 1070 2392
35 37 1668 3250
69 71 65 1530
0 120 2045 2419
31 31 58 359
0 120 658 2798
22 23 350 2453
116 117 350 2453
82 84 95 3624
49 50 253 2520
73 74 301 3500
81 83 1170 3912
0 120 2052 2085
85 87 348 2757
46 46 229 1345
0 120 3429 3435
0 0 358 1001
93 94 358 1001
24 25 2118 3836
119 119 2118 3836
69 69 1161 1325
0 120 1391 1787
15 15 9 2510
109 109 9 2510
36 37 2786 3743
62 63 1012 2922
0 120 604 1407
75 75 1094 3486
19 21 1185 2850
113 115 1185 2850
29 31 706 2623
51 52 441 3106
0 120 680 1402
58 59 40 2762
44 45 348 663
2 3 1017 4205
96 97 1017 4205
66 67 312 1006
55 55 898 2793
0 120 927 1279
0 120 922 935
0 120 873 2736
0 120 2143 3492
0 2 197 1433
6 9 197 1433
13 96 197 1433
100 120 197 1433
82 84 4 72
53 55 1418 2270
32 33 131 3065
0 120 783 1530
73 74 1569 1685
49 50 2904 3590
13 13 225 2700
106 106 225 2700
62 62 1326 2681
71 73 412 2526
49 50 95 2819
109 110 85 2131
0 120 100 719
74 76 277 2301
0 120 132 3640
72 72 1221 1352
83 84 1670 3430
89 90 1004 3569
80 82 374 3173
31 32 386 2244
77 78 95 3758
0 120 2631 2650
85 86 134 3686
66 67 378 1602
44 49 104 2531
0 120 358 3579
30 30 850 4041
0 120 2288 2661
21 25 11 3471
115 117 11 3471
75 76 123 3712
1 2 410 736
95 96 410 736
0 120 124 150
37 38 354 612
52 53 19 2019
0 120 776 1998
83 86 2438 3544
71 72 1631 2512
39 41 27 3600
75 78 1025 2702
0 120 2267 3662
7 7 364 741
101 101 364 741
43 45 1334 3457
59 60 482 4180
0 120 437 2717
7 7 141 3887
0 2 1658 3554
94 96 1658 3554
79 79 1768 3160
39 39 421 494
28 29 1164 3985
2 3 78 3538
95 97 78 3538
53 54 1862 2795
0 120 2025 2035
34 35 726 3759
8 9 306 921
102 103 306 921
61 61 22 1162
44 45 1606 2051
48 48 300 3358
4 6 1836 2513
98 99 1836 2513
24 29 93 3257
118 120 93 3257
90 90 43 1450
83 83 232 1911
17 18 1398 2287
111 111 1398 2287
90 91 75 207
0 1 436 1152
94 95 436 1152
70 71 1161 4037
37 37 60 1804
75 77 256 3436
7 9 923 2933
101 103 923 2933
0 120 1021 1024
34 36 1771 2276
0 120 895 2605
9 9 277 3724
103 103 277 3724
18 18 411 3724
112 112 411 3724
1 1 1068 2533
3 9 1068 2533
11 16 1068 2533
19 19 1068 2533
23 26 1068 2533
30 30 1068 2533
34 40 1068 2533
42 58 1068 2533
60 91 1068 2533
95 95 1068 2533
97 103 1068 2533
105 110 1068 2533
113 113 1068 2533
117 120 1068 2533
15 16 13 2897
109 110 13 2897
79 86 846 3652
89 90 846 3652
2 2 1102 1363
95 97 1102 1363
2 2 983 1671
0 120 3295 3299
69 70 353 3719
0 120 1734 3525
66 66 1002 1132
119 119 71 4006
26 28 126 1461
120 120 126 1461
19 20 303 2851
113 114 303 2851
78 79 351 3831
27 28 273 4140
91 92 767 1265
92 92 180 3949
72 72 2186 3807
0 120 403 988
0 120 1498 2652
17 17 3036 3196
111 111 3036 3196
50 53 407 1861
51 52 56 880
0 120 854 860
49 49 1000 2375
12 13 1466 3868
106 107 1466 3868
10 10 611 1102
105 105 611 1102
35 38 310 1928
41 42 934 4007
29 30 423 1805
0 120 223 239
25 26 412 3144
119 120 412 3144
13 18 1606 3124
106 112 1606 3124
0 120 1029 1800
37 38 898 1317
3 3 1161 4171
96 97 1161 4171
0 120 3014 3033
0 120 203 526
1 1 1352 1487
0 120 1486 1487
1 2 1185 2313
95 96 1185 2313
81 82 416 4017
0 120 197 2401
60 60 443 1676
32 32 2117 3047
70 73 331 3155
0 120 682 1692
0 120 1530 3479
35 36 19 1348
0 120 2976 3680
79 80 297 2790
36 37 3072 4142
31 33 135 2462
15 15 1599 2303
109 109 1599 2303
41 42 152 1877
35 35 133 1635
65 65 1193 1615
72 73 635 2785
0 120 2641 2643
8 9 120 3093
102 103 120 3093
67 68 1816 4223
60 61 1026 1852
62 63 2621 2930
35 36 754 1164
69 71 1609 1678
0 120 1325 1919
44 45 34 4258
0 2 342 2159
93 96 342 2159
33 34 822 3550
0 120 1493 1503
0 120 557 4033
14 14 1140 2139
48 49 1716 3238
7 10 1671 1775
100 105 1671 1775
92 93 692 1225
35 37 232 3684
50 52 810 1446
14 15 3253 3557
108 109 3253 3557
0 120 459 465
46 47 1962 3644
21 22 1145 1170
115 116 1145 1170
84 84 969 3196
80 80 1682 2314
80 80 1155 3551
43 45 589 696
68 69 138 4207
65 65 482 1765
0 120 2092 3875
17 19 141 1472
111 112 141 1472
43 44 14 199
85 85 1746 3238
0 0 2902 2926
2 28 2902 2926
30 31 2902 2926
33 37 2902 2926
43 46 2902 2926
78 82 2902 2926
84 89 2902 2926
91 94 2902 2926
96 120 2902 2926
30 30 51 2710
0 120 1572 3839
8 8 428 3222
102 102 428 3222
0 120 1003 4096
5 5 53 312
99 99 53 312
86 88 125 2632
27 28 2133 3125
7 8 1806 1976
101 102 1806 1976
48 49 390 3869
68 71 477 1771
0 120 809 820
0 120 2529 2536
89 90 1225 3916
80 80 373 667
3 9 125 3571
11 19 125 3571
21 35 125 3571
40 44 125 3571
48 51 125 3571
53 55 125 3571
60 61 125 3571
65 66 125 3571
76 80 125 3571
85 87 125 3571
93 93 125 3571
100 103 125 3571
106 109 125 3571
111 112 125 3571
116 116 125 3571
118 120 125 3571
20 20 110 1196
114 114 110 1196
48 48 1070 3978
0 120 786 4219
45 46 125 538
48 49 1011 2617
81 81 309 2345
78 78 1503 3079
0 120 1577 3028
14 16 56 2653
108 110 56 2653
0 120 1014 3854
40 42 102 554
117 117 141 3700
16 18 180 3628
110 112 180 3628
0 120 1207 1216
0 120 431 2715
15 15 147 2956
109 109 147 2956
41 44 692 770
64 68 1451 1576
0 120 2335 2828
89 89 864 1816
29 31 631 2746
29 30 2606 3291
19 20 923 2396
113 114 923 2396
43 44 1704 2207
66 67 3092 3184
69 70 3072 3471
0 120 1663 3337
11 13 1668 3681
105 107 1668 3681
0 120 565 3819
71 73 725 1068
0 120 1571 3748
0 120 807 3352
22 23 506 4178
116 117 506 4178
0 120 1603 2505
70 72 209 3403
52 53 240 272
0 120 1210 3742
91 93 126 924
82 85 72 4071
43 43 951 1007
87 89 1190 3275
26 26 32 508
119 120 32 508
89 90 892 2120
0 120 4106 4108
0 120 188 1021
61 62 334 3290
78 78 2113 2203
41 41 76 2500
0 120 1065 2048
0 120 838 2823
80 81 1461 2048
34 36 946 1602
0 18 2207 3558
20 23 2207 3558
26 31 2207 3558
40 42 2207 3558
44 116 2207 3558
25 26 371 4111
119 120 371 4111
0 0 61 3131
94 94 61 3131
0 120 33 1083
34 34 1017 1253
46 48 1808 2506
44 45 60 2906
72 72 344 2665
0 120 270 272
88 90 1433 3383
29 35 438 2300
0 120 1365 1936
37 38 102 4071
0 120 1217 3758
0 120 2638 2963
48 48 771 1197
35 36 1404 3584
0 120 1469 3979
19 20 441 504
113 114 441 504
0 120 83 796
0 120 1485 3923
3 4 19 3255
97 97 19 3255
13 16 738 2942
108 110 738 2942
27 29 958 1962
52 54 85 2562
0 120 1241 2250
67 67 1397 2763
0 120 2522 3138
0 120 1414 2178
0 120 1849 2106
40 41 789 2126
22 22 2967 3030
116 116 2967 3030
46 47 69 2968
65 70 2118 3462
89 92 1715 2291
31 31 39 1813
86 87 1102 1310
30 31 1019 3527
37 37 2017 2629
13 14 353 3666
51 52 146 4127
0 120 1321 4057
45 47 414 909
69 71 101 412
84 85 1606 4226
32 34 606 1079
77 78 292 2609
83 84 27 648
6 6 173 2917
100 100 173 2917
0 120 1427 2948
0 120 1291 2121
2 16 346 2845
19 21 346 2845
27 32 346 2845
66 74 346 2845
81 82 346 2845
84 89 346 2845
91 92 346 2845
95 110 346 2845
114 114 346 2845
10 11 0 2208
104 105 0 2208
0 120 272 452
0 120 328 3205
0 120 1260 3939
37 39 364 1172
2 2 1267 2666
8 9 1267 2666
32 32 1267 2666
57 57 1267 2666
60 62 1267 2666
64 76 1267 2666
79 80 1267 2666
82 85 1267 2666
89 94 1267 2666
96 97 1267 2666
100 104 1267 2666
106 107 1267 2666
111 111 1267 2666
114 114 1267 2666
18 19 219 1757
112 113 219 1757
0 1 1005 2666
94 95 1005 2666
82 82 2985 3555
47 47 344 705
0 120 2023 2420
61 61 149 2681
102 102 1193 3656
0 120 869 2778
20 21 1165 1608
114 116 1165 1608
0 120 2553 2585
0 120 3045 3047
25 26 206 4154
119 120 206 4154
34 35 625 3549
38 42 625 3549
45 51 625 3549
55 69 625 3549
71 77 625 3549
0 120 2041 2410
1 2 1334 1794
95 96 1334 1794
29 29 558 2327
36 38 300 3789
0 120 148 3395
0 1 346 1690
94 95 346 1690
0 120 2474 2477
1 1 1825 4283
95 95 1825 4283
89 90 713 2615
75 76 419 2168
18 19 3149 3555
83 84 2142 3401
37 38 181 310
22 23 1094 3246
116 116 1094 3246
0 120 3888 3894
0 120 1734 3606
0 120 443 1973
75 77 1675 2245
25 26 1771 2707
119 120 1771 2707
0 120 403 2574
84 84 93 1594
0 120 2128 2190
87 90 1488 3550
63 65 402 659
65 65 887 1640
33 54 1399 1788
59 59 1399 1788
61 61 1399 1788
33 33 681 983
0 120 379 2338
30 31 30 2184
16 18 695 1820
110 111 695 1820
0 120 4027 4029
0 120 1687 2605
0 120 1348 3139
0 120 541 1353
0 6 419 424
10 12 419 424
15 15 419 424
20 22 419 424
93 101 419 424
103 107 419 424
109 111 419 424
114 116 419 424
55 56 367 4206
24 24 1194 2672
117 117 1194 2672
27 28 989 3960
5 6 1001 3031
55 57 309 3447
56 57 256 2123
68 69 1164 3961
0 120 1594 3545
59 61 1945 2082
0 120 2019 2031
11 13 659 2513
105 107 659 2513
22 22 3092 3936
115 116 3092 3936
2 4 743 1460
96 98 743 1460
0 120 3222 3228
44 45 839 1168
50 51 629 2112
43 44 1131 2508
67 79 415 840
0 120 1805 2452
5 6 146 423
99 100 146 423
0 120 1346 1349
38 38 625 1589
41 42 625 1589
46 47 625 1589
51 69 625 1589
72 73 625 1589
0 120 2417 2427
0 120 1426 2806
13 14 2666 3885
107 108 2666 3885
18 18 128 4166
111 112 128 4166
36 37 147 1964
65 66 293 4233
11 13 535 2046
105 107 535 2046
30 31 347 1995
49 50 3102 4223
2 2 1192 1821
0 120 89 1959
75 79 1806 3212
37 38 990 2626
32 34 1064 2575
34 39 372 3745
41 44 372 3745
0 120 379 2472
23 24 193 3248
117 118 193 3248
0 120 1373 4084
39 40 645 2591
59 59 1001 2226
38 39 232 732
58 60 856 2811
88 90 238 3930
7 9 1300 2293
101 103 1300 2293
0 120 2 3653
34 41 134 3580
40 41 1025 3751
15 15 677 2287
109 109 677 2287
20 20 407 2426
13 15 350 1892
23 24 350 1892
28 28 350 1892
31 31 350 1892
35 35 350 1892
37 37 350 1892
39 39 350 1892
41 46 350 1892
51 51 350 1892
70 70 350 1892
106 109 350 1892
117 118 350 1892
47 48 2029 3607
21 22 65 1908
115 116 65 1908
0 120 3 1030
41 42 1675 4018
0 120 3170 3172
73 73 1300 2643
0 120 2485 3069
0 120 1367 1421
0 1 460 717
94 95 460 717
9 16 264 805
28 29 264 805
103 110 264 805
0 120 1733 1744
39 39 2118 3275
0 120 736 3998
0 2 2591 3495
94 96 2591 3495
0 120 1006 1415
71 72 837 1606
17 18 1019 3340
111 112 1019 3340
86 87 90 625
0 120 3405 3419
62 63 1168 2874
48 49 256 3546
0 120 1018 3869
90 91 206 1739
83 84 947 1185
0 120 1902 2869
0 120 2683 3434
0 120 140 3371
42 42 1618 3110
76 76 1081 1185
0 120 2839 3947
0 120 1246 1252
1 2 344 2612
95 96 344 2612
54 55 3043 3188
0 120 729 733
64 65 128 1267
0 120 1828 3859
0 120 1105 2710
0 120 1619 3685
0 120 2551 3665
114 115 120 625
40 40 635 3700
63 64 948 1945
12 12 349 862
106 106 349 862
0 120 708 4178
51 52 240 1858
45 46 300 2663
1 1 2681 3896
94 95 2681 3896
38 38 11 2560
38 38 386 1683
39 40 348 1391
0 40 346 564
55 120 346 564
0 120 124 1683
23 24 243 3849
117 118 243 3849
49 50 2414 3552
60 61 2507 3743
87 88 255 1200
0 120 2176 2448
71 72 2291 2398
68 69 1004 3947
0 120 1079 1088
0 120 2727 2736
35 36 1065 1190
25 25 189 1519
119 119 189 1519
64 66 206 934
0 120 3048 3316
0 120 1148 2356
0 0 1418 3937
0 120 1651 1664
0 0 128 462
92 94 128 462
47 49 1004 1853
91 93 386 2972
0 1 2762 3861
93 95 2762 3861
0 120 547 3829
0 120 1980 2105
45 46 2591 3979
1 2 240 4086
95 96 240 4086
24 26 94 2571
118 119 94 2571
0 83 1673 2362
85 120 1673 2362
0 120 2143 3065
0 120 603 2448
0 120 140 472
64 66 138 2089
0 120 50 3962
84 85 346 2792
53 55 2909 3507
68 82 846 863
83 84 374 1807
20 21 1969 2131
114 115 1969 2131
28 29 866 2269
0 0 408 637
93 94 408 637
56 57 1091 2387
47 48 342 2269
6 7 428 2043
100 101 428 2043
48 48 423 1699
56 57 366 411
37 39 629 4019
85 87 1243 1438
3 5 1064 3193
98 98 1064 3193
0 120 403 3676
0 120 1382 1782
0 120 744 1525
26 28 30 2936
120 120 30 2936
0 120 174 3624
62 65 879 1161
73 73 299 2572
56 56 268 1007
12 13 959 2618
106 107 959 2618
0 120 200 1812
0 120 2590 2599
52 54 415 3686
59 60 1120 1223
70 71 1307 3301
0 120 3793 3796
35 35 718 2906
37 40 718 2906
51 52 718 2906
58 59 718 2906
64 70 718 2906
72 80 718 2906
85 87 718 2906
90 91 718 2906
55 55 1668 4246
18 18 721 4143
82 83 301 3557
0 120 3427 3446
13 14 2386 3708
107 108 2386 3708
14 15 741 1577
108 108 741 1577
0 120 1899 1900
15 17 39 1305
109 110 39 1305
32 33 373 427
62 63 1298 2434
9 10 331 3399
103 104 331 3399
58 60 909 1161
0 120 3830 3836
0 120 1562 1726
85 86 879 2450
18 19 297 3034
112 112 297 3034
48 49 32 3517
33 34 1438 1690
17 19 395 1879
111 113 395 1879
79 81 95 1587
21 23 535 1859
115 116 535 1859
71 73 3104 4109
37 37 1380 1685
0 120 1541 2542
66 67 975 3851
5 6 1121 2922
99 100 1121 2922
75 76 3187 3585
67 67 2476 3759
0 120 2868 3051
96 97 13 3625
78 79 1070 1644
91 92 581 699
91 93 412 1644
46 48 238 3743
0 120 670 4154
80 82 909 2450
0 120 2297 3235
0 120 2254 2599
21 21 232 3928
115 115 232 3928
69 72 65 782
0 120 292 3979
26 26 1025 3564
34 34 1025 3564
36 37 1025 3564
43 43 1025 3564
65 65 1025 3564
69 74 1025 3564
85 86 1025 3564
120 120 1025 3564
53 54 409 1346
38 38 1159 3564
79 80 3596 4140
37 39 2464 2594
44 50 2464 2594
0 120 4198 4208
18 19 1051 1752
112 113 1051 1752
0 120 2006 3436
0 120 1892 2368
0 1 125 2526
94 95 125 2526
59 61 240 2476
0 120 1054 2989
1 2 553 721
95 96 553 721
37 38 257 1891
32 33 417 3866
77 77 264 618
0 120 336 494
58 60 415 787
12 13 2118 3088
105 106 2118 3088
69 71 2142 3482
78 79 2190 2964
64 64 2138 2774
0 120 385 2830
75 75 1194 3908
57 58 93 1675
90 91 1438 4268
90 91 908 1070
0 120 1288 1291
82 83 990 1634
87 87 278 674
39 39 152 2255
91 92 558 3697
51 52 470 844
64 67 1210 1408
82 82 2512 3365
57 58 767 3282
68 68 407 495
42 42 102 3831
89 90 1352 3154
31 33 1068 3395
22 23 2606 3185
116 117 2606 3185
87 89 741 3000
0 120 118 3775
17 19 634 659
111 113 634 659
61 62 2807 2909
64 77 2807 2909
0 120 98 3308
22 22 1519 2513
116 116 1519 2513
72 73 432 2430
31 33 2001 2287
12 12 1670 2682
106 106 1670 2682
0 120 4103 4105
41 41 302 2549
4 4 235 1327
98 98 235 1327
17 19 1016 1892
111 112 1016 1892
45 45 1682 1753
68 70 421 551
71 72 1739 2287
55 56 11 2373
0 120 2034 3898
79 80 2142 2677
11 12 1340 1989
105 106 1340 1989
0 1 1008 1250
94 95 1008 1250
53 53 58 3128
0 120 875 3350
55 56 844 4037
0 120 784 1542
73 73 655 1132
76 78 932 3884
0 120 207 218
47 47 12 2194
80 81 506 3483
54 55 134 3877
5 5 3238 3253
15 16 3238 3253
26 34 3238 3253
37 47 3238 3253
49 58 3238 3253
61 71 3238 3253
82 82 3238 3253
99 99 3238 3253
109 109 3238 3253
120 120 3238 3253
0 120 1381 2929
0 120 612 1435
46 47 206 747
71 72 581 2122
0 1 371 3066
93 96 371 3066
50 51 646 1019
6 8 367 1604
100 102 367 1604
70 72 780 1019
75 77 310 2790
41 44 72 932
0 120 3924 3931
23 24 51 4027
117 118 51 4027
0 120 290 2323
91 91 2117 3909
0 120 1370 2174
82 83 351 2949
2 3 1127 3170
95 97 1127 3170
0 1 1846 2103
94 94 1846 2103
59 61 659 850
25 25 2508 2976
119 119 2508 2976
0 2 357 2205
94 96 357 2205
35 36 2051 2508
22 23 3400 3557
116 117 3400 3557
0 2 123 1220
6 25 123 1220
27 30 123 1220
35 44 123 1220
48 58 123 1220
60 60 123 1220
63 64 123 1220
67 70 123 1220
72 74 123 1220
77 85 123 1220
88 96 123 1220
99 119 123 1220
45 45 386 4074
11 13 1931 2591
105 107 1931 2591
0 120 2314 2329
0 120 917 1266
0 120 2937 3274
3 4 180 973
0 0 741 1040
92 94 741 1040
5 6 2769 2909
99 100 2769 2909
76 76 1685 2535
29 31 358 2965
45 45 1483 3340
0 120 1015 1020
82 83 2961 3079
10 12 923 2185
104 106 923 2185
86 88 357 3494
0 120 665 1395
0 120 2669 2678
0 120 2399 2817
11 12 463 1446
14 14 463 1446
16 17 463 1446
21 23 463 1446
26 51 463 1446
54 56 463 1446
58 58 463 1446
60 62 463 1446
65 66 463 1446
103 111 463 1446
113 113 463 1446
115 117 463 1446
120 120 463 1446
68 70 374 465
54 55 399 3905
3 5 342 3371
97 99 342 3371
11 11 1170 3782
105 105 1170 3782
81 82 409 2903
52 54 932 1924
77 79 914 1318
2 2 334 2729
96 96 334 2729
54 55 28 3211
22 23 303 1164
116 118 303 1164
75 76 977 2606
29 30 1070 3551
87 90 108 696
25 26 407 3207
119 120 407 3207
52 53 66 2914
65 66 1334 2843
11 33 301 3720
35 81 301 3720
85 85 301 3720
107 107 301 3720
111 120 301 3720
0 120 162 178
5 5 2629 3629
98 99 2629 3629
45 45 1230 4183
75 76 1717 2581
53 53 399 1811
86 87 1483 2185
20 22 750 1102
43 45 414 1153
32 32 2112 3110
64 64 1825 2299
37 38 39 2407
76 77 421 3263
0 120 803 1113
79 79 6 15
30 30 128 1698
36 36 1322 1678
30 30 351 3433
81 82 1275 3552
13 15 1404 3962
107 109 1404 3962
0 120 842 3670
0 120 276 815
30 32 2291 2479
8 10 16 2396
11 12 372 1277
105 106 372 1277
56 57 102 1416
43 45 2540 3183
0 120 647 3202
26 27 1196 4198
120 120 1196 4198
71 73 1300 2269
8 9 2616 3178
103 103 2616 3178
39 41 1193 3900
53 54 1050 1340
64 68 1222 2386
12 13 193 1719
106 107 193 1719
4 4 1624 2366
97 98 1624 2366
8 9 2591 3121
102 103 2591 3121
70 72 1758 2366
10 11 3110 3686
104 105 3110 3686
78 79 262 3741
41 42 432 3398
32 33 79 4034
3 4 506 4101
97 98 506 4101
55 56 1089 2207
0 120 640 4101
0 120 1586 3013
52 53 765 3049
31 31 1589 4250
73 74 1121 1930
9 11 1945 3131
103 104 1945 3131
54 55 133 4270
57 59 367 2222
17 17 219 3290
111 111 219 3290
74 76 2308 3183
0 120 2070 2079
11 12 631 1514
105 106 631 1514
72 73 34 3510
0 120 693 702
92 92 1682 3660
34 34 104 307
67 69 262 1647
20 21 331 1252
114 115 331 1252
23 24 535 2745
116 118 535 2745
35 36 344 3177
0 120 2642 2655
44 45 311 785
8 8 238 3690
102 102 238 3690
43 43 2076 3183
71 71 1 3188
0 120 2468 2475
0 0 975 1704
93 94 975 1704
82 82 238 657
59 59 1198 3439
68 71 429 1945
0 120 1205 2166
11 12 1738 2629
105 106 1738 2629
85 87 760 3213
74 75 968 3916
0 120 806 1114
61 64 61 960
63 63 238 1596
0 120 4200 4201
0 120 1547 2280
0 120 623 3881
19 20 256 2367
113 114 256 2367
2 4 395 3465
96 98 395 3465
71 72 2058 2203
47 48 659 2757
75 76 721 3635
21 22 3104 3251
115 115 3104 3251
0 120 2362 2614
37 38 1658 2269
39 40 89 914
17 19 1467 2701
111 113 1467 2701
20 20 1675 1684
25 25 1675 1684
30 30 1675 1684
34 34 1675 1684
37 37 1675 1684
44 47 1675 1684
50 50 1675 1684
54 54 1675 1684
58 59 1675 1684
62 63 1675 1684
12 14 209 1016
106 108 209 1016
59 60 180 2530
63 64 155 4163
48 48 294 3009
60 61 631 1648
4 5 299 909
98 99 299 909
10 10 717 1422
103 104 717 1422
64 64 1360 3743
2 3 1009 2762
96 96 1009 2762
17 30 353 3589
34 34 353 3589
111 120 353 3589
81 83 1165 3275
6 7 506 2141
100 101 506 2141
0 120 1003 2193
93 94 1195 2363
96 101 1195 2363
16 18 229 2772
110 112 229 2772
24 26 351 3701
118 120 351 3701
0 120 611 622
0 120 34 3994
36 37 263 1602
0 120 15 1500
70 72 206 2788
76 82 209 2305
55 56 1070 2075
58 58 1070 2075
38 38 402 1387
2 2 350 1197
0 2 1260 1418
94 95 1260 1418
21 23 296 1900
115 117 296 1900
45 46 1557 3102
0 120 1089 1536
4 6 968 3461
98 99 968 3461
0 120 1714 2527
10 10 306 1275
59 59 416 3887
0 120 3088 3606
0 120 1739 3523
21 21 240 2907
114 115 240 2907
0 120 427 2733
67 68 408 2491
0 120 279 391
0 120 1354 3123
18 20 2202 2466
112 114 2202 2466
54 56 1334 2656
57 57 342 1090
0 120 5 7
66 66 557 2964
0 120 3764 3781
86 87 1606 4283
80 83 357 2152
19 19 9 3132
113 113 9 3132
117 117 85 3908
0 120 114 2394
8 8 866 2029
102 102 866 2029
37 37 1688 2595
43 43 2228 4037
66 66 1168 4057
71 73 1433 3574
41 42 490 2681
14 15 94 2681
108 108 94 2681
45 47 1446 3247
0 120 3290 3309
30 32 141 3436
0 120 2486 3514
83 84 2219 3170
0 120 909 3015
72 72 169 2451
0 120 3362 3370
9 11 738 3133
104 105 738 3133
0 120 454 3374
81 81 858 983
88 92 2485 2508
38 39 334 1737
23 24 2450 3453
117 118 2450 3453
81 82 1946 2230
0 120 3372 3499
3 9 717 3195
11 13 717 3195
16 17 717 3195
49 49 717 3195
90 90 717 3195
97 99 717 3195
102 102 717 3195
65 67 390 2800
79 82 128 356
5 5 771 2677
99 99 771 2677
36 38 430 3138
51 52 1450 2965
55 56 1121 1743
17 17 1945 2944
111 111 1945 2944
84 85 1203 2307
82 83 148 419
55 56 36 4150
0 120 523 4268
29 30 430 4077
15 16 404 2856
109 110 404 2856
65 67 767 2908
66 67 144 3683
88 90 700 932
0 120 89 1532
0 120 132 2168
0 120 3652 3674
0 31 1004 2097
34 34 1004 2097
88 88 1004 2097
93 120 1004 2097
0 120 1439 2025
51 52 606 1270
0 120 4055 4064
54 54 46 300
0 120 3707 3731
39 40 63 469
76 78 211 367
0 120 2505 3109
85 86 1746 2303
0 120 2233 2421
91 93 297 1050
0 120 820 825
32 34 209 2923
32 34 4 4211
72 73 238 1409
2 18 1461 3073
21 25 1461 3073
30 39 1461 3073
43 44 1461 3073
47 53 1461 3073
56 57 1461 3073
60 61 1461 3073
64 67 1461 3073
69 70 1461 3073
75 80 1461 3073
85 90 1461 3073
93 93 1461 3073
96 112 1461 3073
116 119 1461 3073
0 120 991 4090
0 120 2751 2761
84 84 14 203
27 28 309 3504
0 2 2623 3515
6 7 2623 3515
80 80 2623 3515
86 102 2623 3515
0 120 1572 3843
5 7 1248 2965
99 101 1248 2965
0 120 563 2862
0 120 558 2518
31 32 1112 3104
84 85 1102 4079
0 120 3966 3968
0 120 3389 3398
89 89 2293 3761
93 93 832 1185
44 45 412 599
0 120 2230 2658
0 120 10 4002
0 120 786 4223
0 120 667 2811
0 120 66 3345
0 120 3101 3116
35 35 1967 3187
31 32 350 660
44 45 85 1143
67 67 395 2123
92 93 138 2467
0 120 3744 3747
67 68 1197 2222
12 12 2434 3592
0 0 2303 4075
93 94 2303 4075
84 84 1121 3166
28 28 2621 3418
9 23 291 430
25 60 291 430
62 79 291 430
81 81 291 430
93 93 291 430
103 117 291 430
119 120 291 430
1 2 2438 3711
94 96 2438 3711
0 120 1426 3213
0 120 1629 1852
29 31 13 3869
0 120 569 3592
2 2 54 2180
96 96 54 2180
80 81 66 1251
9 10 2029 2725
103 104 2029 2725
33 33 1728 3551
99 103 71 1595
7 10 478 1195
100 103 478 1195
0 120 2654 2962
55 57 1052 1467
78 79 2386 3147
0 120 507 3064
11 12 72 692
105 105 72 692
55 55 414 2873
56 57 841 2186
48 48 935 1821
2 3 95 4059
95 97 95 4059
40 41 2213 2438
66 67 155 4110
11 13 415 1031
105 107 415 1031
11 11 2591 3552
105 106 2591 3552
0 120 2577 3654
70 71 717 3813
83 85 411 3541
57 57 2291 3260
0 120 904 3639
0 120 835 836
32 37 1019 3397
58 60 2860 3188
45 46 793 3808
85 85 2118 4271
0 120 1307 4029
79 80 299 4239
71 72 696 3875
33 35 861 3188
42 43 367 2653
0 120 3049 3060
51 52 713 846
2 3 657 914
96 97 657 914
27 29 1080 1771
87 89 736 1961
0 120 2740 3244
26 27 2513 4019
120 120 2513 4019
49 55 6 3613
41 42 240 1565
52 52 52 2268
62 64 1483 2161
13 14 1648 2228
107 108 1648 2228
0 120 1469 3983
0 0 2313 2618
93 94 2313 2618
28 29 351 3998
6 7 2906 3132
100 101 2906 3132
86 87 1017 1607
28 29 253 1211
4 6 934 3824
98 100 934 3824
74 74 1173 2120
0 120 668 672
0 120 1241 2254
34 35 243 3906
30 31 241 3079
0 120 894 3644
0 120 496 565
23 23 1287 3538
117 117 1287 3538
0 120 973 1658
7 8 400 1796
101 102 400 1796
60 62 738 4235
0 120 3353 3420
0 120 1321 4061
91 91 412 4250
0 120 1580 3009
2 3 482 2737
96 97 482 2737
95 95 52 1463
0 120 3706 3723
61 61 264 2285
40 41 71 924
21 22 205 1678
115 116 205 1678
53 54 256 4087
0 120 3267 3272
0 120 3592 3594
0 120 519 525
0 120 4127 4130
45 45 1068 3773
47 48 1068 3773
51 53 1068 3773
64 64 1068 3773
68 70 1068 3773
74 74 1068 3773
76 76 1068 3773
85 85 1068 3773
87 90 1068 3773
51 52 1821 2290
0 120 2750 2753
0 120 1267 2670
12 13 1167 1500
106 107 1167 1500
0 120 1543 3477
0 120 3821 3831
55 55 371 1566
72 74 105 4076
56 56 776 2783
0 120 2219 3467
0 120 171 3383
20 20 983 3261
114 114 983 3261
91 92 79 3794
40 40 824 2450
0 120 1247 2553
0 120 2018 2430
68 69 36 714
88 90 65 1644
47 47 2114 2138
19 20 316 2983
113 114 316 2983
39 41 9 2274
70 84 2139 3888
59 59 399 4149
23 25 297 2152
117 119 297 2152
0 120 1553 3764
22 24 347 1515
116 118 347 1515
0 120 630 1803
0 120 403 2578
2 4 738 1336
96 98 738 1336
78 78 27 3230
87 88 123 3692
51 52 1045 2984
41 42 296 3620
49 49 342 1521
0 120 1797 2030
14 14 436 2876
108 108 436 2876
14 15 749 1121
107 108 749 1121
71 72 2438 3524
18 21 277 2065
113 114 277 2065
7 12 1001 2096
14 18 1001 2096
20 27 1001 2096
31 35 1001 2096
37 38 1001 2096
40 40 1001 2096
49 49 1001 2096
90 91 1001 2096
98 98 1001 2096
101 106 1001 2096
108 120 1001 2096
46 48 844 3610
0 9 2482 3072
13 17 2482 3072
26 27 2482 3072
32 36 2482 3072
38 97 2482 3072
100 102 2482 3072
107 115 2482 3072
120 120 2482 3072
66 66 157 428
71 71 425 3626
0 120 3510 3514
51 51 2118 2795
0 120 557 1301
27 27 1947 2913
70 71 436 782
74 76 625 3687
93 93 95 489
21 22 14 3533
115 116 14 3533
42 44 428 2584
60 62 359 535
0 120 4082 4090
60 61 985 3441
48 49 436 4165
20 21 1676 2800
114 115 1676 2800
10 11 294 2769
104 105 294 2769
54 55 915 1167
62 62 915 1167
69 70 915 1167
66 67 524 3231
4 4 51 567
98 98 51 567
0 120 443 2111
0 120 2874 2899
102 102 1396 3160
0 120 1346 1353
52 52 126 4124
39 41 3011 3170
37 37 1132 3087
0 120 165 4052
6 9 1641 2964
100 102 1641 2964
0 38 1677 2621
40 43 1677 2621
45 51 1677 2621
54 54 1677 2621
58 120 1677 2621
47 48 206 1609
16 16 696 1244
109 110 696 1244
40 41 943 3565
74 75 130 4216
0 120 861 3940
80 81 28 3939
7 7 482 3355
101 101 482 3355
0 120 1373 4088
77 77 1070 4279
73 74 306 3129
80 81 1008 3401
63 64 1841 2621
0 120 4258 4265
7 9 805 1537
102 102 805 1537
10 11 975 1948
104 105 975 1948
81 82 780 3170
13 14 9 1603
107 108 9 1603
44 44 2292 2493
46 47 1628 2513
0 120 939 948
0 120 3019 3761
0 120 1379 2940
69 71 1766 4140
75 76 61 1204
36 38 1446 1718
0 120 1573 3745
0 120 1490 1990
104 104 19 978
63 64 2558 3551
28 28 51 3145
0 120 1183 2247
1 2 133 3709
95 96 133 3709
13 14 2029 3961
107 108 2029 3961
2 3 1193 1245
96 97 1193 1245
70 71 103 2554
0 120 10 111
0 1 2131 2925
93 95 2131 2925
51 52 271 2138
55 55 1064 1774
7 8 9 2892
100 102 9 2892
14 15 2591 3849
108 109 2591 3849
0 120 2966 2972
60 61 430 670
92 92 2687 3557
3 3 299 1153
97 97 299 1153
0 120 1255 2473
0 120 2449 2453
80 81 403 3196
49 50 599 856
0 120 2660 2673
46 47 3102 3772
79 79 17 1440
15 16 103 460
109 110 103 460
69 72 1374 3104
9 11 636 923
103 105 636 923
44 44 39 2919
14 14 155 2313
107 108 155 2313
16 16 112 1677
110 111 112 1677
0 0 1017 1554
93 94 1017 1554
1 2 55 2863
95 95 55 2863
51 52 1197 2653
0 120 2408 2802
88 89 1862 3043
4 6 57 2909
98 100 57 2909
0 120 267 275
0 120 2715 2730
0 120 124 1687
0 120 3575 3588
63 65 1001 2714
43 45 760 3591
0 120 548 3146
1 9 741 1097
11 33 741 1097
35 44 741 1097
87 87 741 1097
91 91 741 1097
95 99 741 1097
102 102 741 1097
108 120 741 1097
55 56 1606 2299
0 120 2387 2864
84 84 152 702
0 120 1112 2730
107 107 1418 3002
40 40 19 3556
88 90 432 2971
62 62 652 1025
0 120 246 337
26 27 430 2898
120 120 430 2898
0 120 495 1041
0 120 1830 2946
47 47 155 3602
24 25 1227 2653
118 119 1227 2653
83 85 4 1743
37 37 626 743
29 29 235 2807
0 120 1224 2355
67 67 1637 1770
40 41 133 810
108 108 286 1806
31 32 1946 3279
42 42 79 1513
45 59 79 1513
63 64 79 1513
15 15 225 3782
22 23 1352 2540
116 117 1352 2540
61 62 2957 3552
66 68 402 2920
60 61 257 3505
90 92 2367 3686
0 120 158 3499
0 120 2854 3804
82 83 1391 2653
19 19 990 2309
113 113 990 2309
93 94 310 4270
0 120 1445 2889
7 8 1438 1910
100 102 1438 1910
87 88 166 2047
73 74 1045 3147
44 48 2333 2762
65 65 19 307
0 120 4081 4082
36 38 1068 4070
63 64 2909 3861
35 36 2618 2931
94 94 648 1232
22 22 3072 3101
116 116 3072 3101
82 82 147 2936
35 36 768 1334
62 62 28 1524
110 120 2671 2757
63 64 726 3552
56 57 17 2863
0 120 798 3428
33 34 65 1591
35 35 2594 3476
57 59 923 2376
48 49 2616 3235
58 59 436 3978
86 87 942 2618
0 120 245 246
4 5 1193 3957
98 99 1193 3957
14 14 797 3203
3 4 131 898
59 59 131 898
65 66 131 898
69 70 131 898
72 72 131 898
79 82 131 898
90 91 131 898
97 98 131 898
54 56 1686 3301
83 85 1164 1684
40 40 2691 3759
0 120 2242 2243
36 36 968 1745
0 120 1833 2947
88 89 56 2417
0 120 3331 3338
36 36 2130 2187
39 39 2130 2187
17 19 414 3788
111 113 414 3788
65 67 421 2515
0 120 142 3100
0 120 1926 4077
3 3 31 1017
97 97 31 1017
22 26 898 2854
117 119 898 2854
5 7 13 3629
99 100 13 3629
6 7 299 1771
100 101 299 1771
0 120 1799 2023
0 120 23 375
0 120 188 1940
1 3 1026 3039
95 97 1026 3039
0 120 957 1182
71 72 346 3280
13 13 1182 3552
0 0 629 3568
93 93 629 3568
81 81 1121 3276
9 11 60 3825
103 104 60 3825
69 74 2293 2716
5 5 75 3167
64 66 75 3167
75 75 75 3167
85 85 75 3167
0 120 500 1653
5 6 985 3388
98 100 985 3388
0 120 3681 3693
21 23 121 1068
115 116 121 1068
18 18 300 3285
111 112 300 3285
22 22 331 2598
116 116 331 2598
0 120 3164 3174
11 11 277 3301
104 105 277 3301
0 120 2286 2676
45 46 1671 3312
0 120 90 442
60 61 635 2228
23 24 430 3516
117 118 430 3516
10 10 1944 2912
104 104 1944 2912
0 120 705 1469
29 29 55 1387
70 70 268 2434
0 120 3736 3750
0 120 223 971
0 120 1790 2445
35 35 76 1675
0 120 3219 3231
0 120 977 2342
82 82 850 1069
63 64 146 724
55 58 777 3974
66 69 60 2670
18 18 204 4112
112 112 204 4112
0 120 2160 2163
10 11 2626 3656
104 105 2626 3656
21 23 262 1838
115 117 262 1838
78 80 738 1767
78 79 850 2008
111 111 1114 1300
71 72 103 3656
54 54 349 679
90 91 488 1777
70 70 1007 2342
86 87 374 2429
34 35 349 4062
10 13 39 3082
104 106 39 3082
16 18 63 4230
110 112 63 4230
74 79 460 3112
72 74 441 618
86 87 257 2029
12 14 558 1957
106 107 558 1957
17 20 17 2542
111 113 17 2542
15 16 2450 3965
109 110 2450 3965
33 34 934 3934
55 58 103 1562
32 33 11 2727
81 82 264 4139
93 93 864 2414
0 120 919 2121
18 18 301 3240
112 112 301 3240
60 61 1190 2584
0 120 3984 3986
51 52 923 2994
0 120 1236 1239
73 74 742 1670
82 84 193 2394
4 4 1450 2888
6 7 1450 2888
11 11 1450 2888
30 30 1450 2888
38 38 1450 2888
40 40 1450 2888
43 43 1450 2888
45 49 1450 2888
60 61 1450 2888
69 69 1450 2888
81 82 1450 2888
84 84 1450 2888
98 98 1450 2888
86 86 354 3251
21 22 230 1495
115 116 230 1495
42 42 51 998
0 120 1212 1784
34 34 257 3318
38 39 16 977
34 36 102 3380
71 72 532 2964
84 84 2906 3026
0 120 416 2789
0 120 178 3375
78 79 168 2687
88 90 310 1050
7 9 934 3129
101 103 934 3129
26 27 1825 3108
36 37 373 2338
0 120 2632 2642
0 120 1577 3760
0 120 159 4072
16 18 6 824
110 111 6 824
86 88 412 2266
0 3 155 166
5 10 155 166
12 13 155 166
15 27 155 166
30 37 155 166
39 40 155 166
42 42 155 166
60 62 155 166
65 86 155 166
89 97 155 166
99 104 155 166
109 120 155 166
13 14 1161 3293
107 108 1161 3293
19 21 414 2312
24 31 414 2312
118 120 414 2312
21 25 844 1142
114 120 844 1142
58 58 2512 2698
0 120 15 2980
51 52 1073 2133
92 93 419 1343
90 92 417 516
0 120 1411 2128
60 63 2496 3104
76 77 1008 2677
53 54 529 4140
0 120 811 820
33 35 678 1230
32 38 975 3668
28 29 2131 3356
2 3 765 3858
96 97 765 3858
34 35 106 1004
53 54 1771 2821
0 120 799 2688
37 38 28 3565
10 11 331 1122
104 105 331 1122
80 81 2230 2581
0 120 2383 3577
82 84 1602 3012
84 85 409 4196
56 57 63 3559
0 120 1166 1169
89 89 1102 1908
0 120 1250 2560
15 15 1334 3197
109 109 1334 3197
0 120 2146 2883
74 75 1252 2606
42 44 1675 2709
99 99 2904 3464
12 12 235 1010
106 106 235 1010
0 120 3380 3393
48 50 350 1522
0 120 537 1348
2 3 1091 2688
61 65 1091 2688
71 71 1091 2688
86 86 1091 2688
79 81 297 1107
61 63 2293 2529
74 75 1185 1569
37 38 1298 1446
0 120 4252 4261
66 68 771 1929
6 6 1280 1806
100 100 1280 1806
0 120 879 1462
42 44 2904 3814
7 7 1438 3146
16 19 1438 3146
21 22 1438 3146
37 38 1820 3248
65 65 277 3114
66 67 1450 2217
30 32 1026 4141
9 9 1334 2042
103 103 1334 2042
18 20 2782 3824
112 114 2782 3824
0 120 1586 3017
55 55 738 1230
0 120 3346 3408
21 23 144 491
115 117 144 491
31 32 1589 4254
8 9 1196 1519
102 103 1196 1519
17 17 315 3756
111 111 315 3756
72 73 310 3412
3 5 2223 3079
97 98 2223 3079
82 83 1001 1051
63 63 420 2237
110 114 19 1893
47 47 1638 3557
0 120 48 379
43 45 1631 2386
0 120 1018 3849
0 1 1008 3161
3 5 1008 3161
9 12 1008 3161
18 27 1008 3161
30 34 1008 3161
38 46 1008 3161
49 55 1008 3161
57 64 1008 3161
66 74 1008 3161
80 82 1008 3161
85 85 1008 3161
92 94 1008 3161
97 97 1008 3161
103 106 1008 3161
112 120 1008 3161
75 76 34 481
67 68 120 255
40 41 407 3695
37 38 820 3110
82 83 1369 2386
72 72 80 856
0 120 1253 2211
13 14 1685 1868
107 107 1685 1868
39 41 2629 4117
18 19 965 990
112 113 965 990
18 20 1483 2673
112 114 1483 2673
70 72 1230 2227
18 19 209 2175
112 113 209 2175
3 4 344 3531
97 98 344 3531
60 61 1433 4249
0 120 1056 2047
55 55 717 2581
0 120 756 1755
0 120 598 2135
27 29 625 2992
33 33 296 1770
0 120 845 2766
92 93 2309 2607
15 21 2152 2623
23 24 2152 2623
30 30 2152 2623
33 33 2152 2623
36 37 2152 2623
44 47 2152 2623
54 58 2152 2623
61 62 2152 2623
64 66 2152 2623
110 113 2152 2623
117 118 2152 2623
0 120 2339 3947
0 120 1169 2863
0 120 799 1078
0 120 2526 3773
0 120 241 3002
4 4 975 2997
63 63 975 2997
86 86 975 2997
98 98 975 2997
12 13 2881 3183
105 107 2881 3183
21 22 2576 3301
115 116 2576 3301
43 44 625 898
0 120 124 2602
81 83 358 554
0 120 2334 3953
34 34 2193 2782
25 25 326 1770
119 119 326 1770
23 25 240 3716
117 119 240 3716
0 0 1016 3937
23 24 966 2130
116 118 966 2130
47 49 635 2525
77 80 1658 2623
19 19 302 1561
113 114 302 1561
28 29 278 975
39 40 2573 3188
12 12 331 801
106 106 331 801
0 120 485 487
0 120 1471 1484
0 120 15 1504
14 16 1668 1998
108 110 1668 1998
71 72 1654 2100
28 30 314 2325
85 86 1602 3630
15 15 766 914
108 109 766 914
60 61 2311 2629
15 15 1194 2115
78 80 531 1771
55 56 1026 3470
57 59 2865 3188
22 28 2595 3327
116 120 2595 3327
0 120 2686 2691
73 77 1230 2711
12 14 3183 3497
106 108 3183 3497
90 90 741 4240
12 14 352 2967
106 108 352 2967
0 120 1014 1366
0 120 1869 1880
29 37 372 1899
83 84 451 2192
2 3 2347 2444
96 97 2347 2444
0 120 895 1674
0 120 740 4015
0 120 3016 3734
0 120 2918 3199
26 27 2173 2291
120 120 2173 2291
60 62 373 2501
91 92 134 795
8 9 123 2326
102 102 123 2326
58 59 438 1206
0 120 3583 3589
69 69 425 1910
0 120 1354 3127
18 19 939 2131
112 113 939 2131
33 34 1025 1905
0 120 2155 2624
32 32 741 2146
27 28 1945 2814
50 52 2607 3687
67 68 597 2367
0 120 3083 3616
88 90 60 2162
115 115 111 1161
0 120 911 1776
74 74 990 2069
87 88 477 2450
86 87 277 4082
70 70 1058 2203
35 37 932 3030
4 4 104 3373
98 98 104 3373
79 92 2131 4108
89 89 2029 2111
16 16 76 3045
110 110 76 3045
45 46 0 2269
0 120 211 237
70 71 923 1197
24 24 1188 2434
118 119 1188 2434
1 6 606 2429
15 15 606 2429
25 34 606 2429
45 45 606 2429
87 88 606 2429
99 99 606 2429
0 120 632 1398
26 27 542 2444
119 120 542 2444
76 76 103 1054
0 120 197 2409
0 120 1296 1563
86 88 91 2922
35 35 380 581
64 65 395 4087
19 21 2291 3585
113 115 2291 3585
25 25 417 3846
119 119 417 3846
91 91 1004 1162
0 120 3930 4181
25 27 2139 3945
119 120 2139 3945
0 120 936 1967
10 11 671 2450
104 105 671 2450
0 120 1111 2722
0 120 753 762
115 116 235 3051
119 119 235 3051
101 102 264 1537
2 5 102 3461
8 13 102 3461
15 17 102 3461
19 23 102 3461
25 27 102 3461
30 30 102 3461
33 33 102 3461
43 57 102 3461
59 62 102 3461
64 66 102 3461
68 78 102 3461
80 83 102 3461
93 93 102 3461
97 99 102 3461
102 106 102 3461
109 111 102 3461
113 117 102 3461
119 120 102 3461
23 25 3102 3211
117 119 3102 3211
76 77 2202 2954
65 66 436 1994
0 120 1303 3831
13 15 2029 2245
107 109 2029 2245
0 120 926 1629
55 56 229 2455
0 120 1650 1660
57 59 743 2676
0 120 868 870
20 21 6 3349
113 115 6 3349
78 80 235 957
0 120 3767 3786
27 28 183 767
120 120 183 767
80 80 419 3518
0 120 184 1931
100 100 743 3615
43 44 128 1999
42 43 990 3492
0 0 522 1172
3 66 522 1172
68 68 522 1172
70 77 522 1172
80 94 522 1172
96 120 522 1172
44 44 1685 2031
1 3 2922 3401
95 96 2922 3401
0 120 539 1341
44 46 331 2358
64 64 606 2563
16 16 120 1357
109 109 120 1357
0 120 1572 3847
37 38 770 2405
42 44 1255 4140
29 29 787 1820
62 63 19 3934
62 62 659 2574
5 5 238 1763
98 99 238 1763
0 0 147 4119
93 94 147 4119
79 81 324 1537
86 87 415 901
66 67 396 659
30 31 1352 1979
0 120 2329 3422
0 120 3449 3453
28 29 856 4027
28 29 383 2117
32 33 625 1650
4 5 1891 3196
97 99 1891 3196
79 81 2607 3366
36 37 1433 2318
59 59 141 2769
68 68 55 1497
32 32 817 1820
0 120 2150 2898
75 76 402 3298
83 85 1004 1646
0 120 1513 1523
49 50 28 613
17 18 2930 3238
111 112 2930 3238
0 120 151 2898
20 21 390 1194
114 115 390 1194
97 97 846 1245
19 20 407 609
113 114 407 609
60 61 868 1004
80 82 1668 1811
0 120 183 901
1 2 558 778
95 95 558 778
64 65 2395 3079
78 79 1246 2118
48 48 1758 3956
0 120 1782 2098
23 25 373 1964
117 119 373 1964
0 120 3841 4034
0 120 2432 3900
36 38 1668 2750
22 22 625 2939
23 27 1740 2626
117 118 738 2816
80 83 2904 3895
12 13 94 270
106 107 94 270
91 92 357 3124
0 120 4142 4147
0 32 2296 3258
0 120 1993 3449
37 37 1979 3551
30 31 71 2538
7 7 1143 1589
100 101 1143 1589
42 43 126 2437
64 65 76 630
77 78 1120 4049
0 120 1510 1760
0 120 823 830
0 120 59 434
52 53 133 383
78 81 606 3047
16 17 400 4110
110 111 400 4110
82 83 1890 2920
62 63 85 342
0 120 112 445
49 50 432 3833
0 120 1978 1986
61 62 166 681
73 73 374 3828
82 83 314 1333
0 120 601 609
78 79 2287 3495
85 87 30 1574
25 26 2591 3906
119 120 2591 3906
52 52 306 2381
49 50 409 3822
0 120 1842 2098
88 91 923 4043
0 120 281 2324
41 43 2626 3900
31 33 1132 1184
61 62 2360 2438
112 115 968 2473
19 20 4 2955
113 114 4 2955
44 52 133 2611
54 71 133 2611
73 76 133 2611
79 94 133 2611
114 115 133 2611
0 120 2827 2843
0 120 1485 3931
58 58 55 2920
0 120 2264 3669
68 69 2707 2926
75 76 169 3207
0 120 561 2499
44 46 910 2653
78 78 84 625
16 17 299 2499
109 111 299 2499
8 8 285 349
101 102 285 349
78 78 1671 2751
7 8 257 2273
101 102 257 2273
89 90 138 861
0 120 993 1375
42 42 421 1149
41 43 2594 3399
0 120 2179 3157
36 37 2291 3398
0 120 3067 3619
70 85 357 1164
83 84 1962 2176
48 49 945 1334
4 4 2591 3101
97 98 2591 3101
0 1 354 2556
93 95 354 2556
51 53 1433 2586
59 59 287 1334
0 2 846 3018
94 95 846 3018
0 120 1321 4065
61 63 1168 3069
74 75 1598 2653
0 120 952 1724
0 120 2915 3198
53 54 1602 2772
40 40 595 2618
117 119 846 3957
52 54 278 467
0 120 753 1514
9 10 1508 3110
103 104 1508 3110
44 45 61 2684
88 89 1856 2130
19 22 928 2269
113 115 928 2269
21 22 103 3095
115 116 103 3095
0 0 1951 2367
93 94 1951 2367
0 120 122 893
14 18 765 3968
108 113 765 3968
50 51 451 1334
52 53 292 523
0 120 3093 3096
68 70 1675 3408
63 64 104 1226
0 120 720 3444
0 120 902 1206
37 38 255 1395
78 79 126 2705
27 29 1211 1961
0 120 1734 1736
100 102 32 2289
90 91 708 1340
49 50 981 2438
19 20 1853 2367
113 114 1853 2367
47 48 36 3162
37 38 2367 2588
0 120 3148 3153
39 40 1806 4241
57 58 701 3552
59 61 352 3398
44 46 415 714
61 62 58 3860
0 120 1553 3768
0 120 3100 3112
87 87 264 3928
3 5 1260 2203
97 98 1260 2203
0 120 403 2582
0 120 3443 3451
0 120 547 4024
62 63 2362 2594
0 120 559 3095
0 120 1801 1803
53 54 130 703
15 16 1183 2922
109 110 1183 2922
61 62 1890 3538
53 53 85 960
0 120 666 2403
27 28 313 3039
23 24 2513 3702
117 118 2513 3702
47 48 1446 2743
69 71 264 1834
38 38 334 883
4 4 347 2808
37 37 402 1017
0 0 85 1310
93 93 85 1310
89 91 934 3507
0 120 557 1305
0 120 522 530
65 65 1635 3554
13 15 856 3035
107 109 856 3035
42 43 1185 1813
0 120 1634 1639
0 120 2900 3185
59 63 135 1023
38 39 2323 2615
0 120 124 2362
38 39 1602 2101
42 42 468 2926
38 39 2126 3764
59 61 170 1017
63 63 765 2358
0 120 703 1480
6 8 1418 3677
100 102 1418 3677
0 2 19 4231
4 6 19 4231
9 9 19 4231
15 21 19 4231
25 26 19 4231
30 32 19 4231
35 51 19 4231
54 61 19 4231
67 73 19 4231
75 120 19 4231
17 18 1675 1798
110 112 1675 1798
0 120 2549 2554
35 36 2967 3067
88 89 415 1198
8 10 631 1762
102 103 631 1762
31 37 1016 4047
9 10 524 1141
103 103 524 1141
42 44 1408 2585
0 120 804 3410
0 120 632 674
16 18 135 3251
110 111 135 3251
78 79 1198 2748
48 50 128 2080
28 28 255 4107
114 114 743 3107
0 120 1574 3035
2 4 629 3759
96 97 629 3759
0 120 1057 4206
9 9 235 1388
102 103 235 1388
0 120 1914 3103
0 120 57 2779
79 79 783 1193
39 41 1404 3755
84 86 259 1193
15 16 128 2430
109 110 128 2430
0 120 1069 4216
0 120 422 433
80 81 219 1794
4 5 52 3374
98 99 52 3374
12 13 1435 2287
106 107 1435 2287
98 98 1196 3991
0 120 1490 1994
7 9 726 844
101 103 726 844
21 22 2450 4022
115 116 2450 4022
0 120 1691 3970
79 79 60 983
0 120 3796 3807
17 18 4 1613
110 112 4 1613
75 76 229 4175
42 44 535 1249
56 56 1120 1902
84 85 65 2266
87 87 230 613
19 19 3203 3478
113 114 3203 3478
24 24 1677 2759
118 118 1677 2759
0 120 1637 1640
42 42 1821 4201
31 31 264 1163
18 19 1516 3565
112 112 1516 3565
47 47 3538 3956
0 120 561 3601
0 120 98 1625
21 21 1624 3098
115 115 1624 3098
54 55 0 1090
45 46 316 3016
0 120 583 916
0 120 1255 2477
37 37 425 2959
0 120 2360 2385
0 2 409 736
94 96 409 736
42 44 367 2954
46 47 243 2918
0 120 265 2677
1 2 1168 4171
95 96 1168 4171
10 11 1190 3930
104 105 1190 3930
47 48 846 4120
14 14 416 2846
107 108 416 2846
0 120 708 4186
19 20 2203 3340
113 114 2203 3340
6 7 408 3894
100 101 408 3894
76 78 310 1107
34 34 344 3909
61 62 103 814
10 10 180 1034
103 104 180 1034
69 69 1821 2457
0 1 1537 2698
91 95 1537 2698
57 58 420 3904
77 77 1012 1564
25 25 1168 2077
119 119 1168 2077
0 120 1949 2642
20 20 404 1681
114 114 404 1681
89 89 1190 1836
91 93 3554 3654
76 76 990 3468
33 33 622 3072
50 51 212 4140
82 82 1602 1780
0 120 2092 3859
0 1 315 3329
94 94 315 3329
5 5 1452 2775
98 99 1452 2775
6 8 1108 2965
100 102 1108 2965
0 120 1500 1503
0 120 1572 3823
0 120 2024 2412
71 72 438 1450
1 1 255 2497
95 95 255 2497
1 1 699 1225
47 48 79 1517
28 30 581 2667
89 90 624 1051
0 0 1606 3592
93 95 1606 3592
5 7 128 3853
99 101 128 3853
61 62 770 876
0 120 1731 2540
0 120 224 1871
0 120 640 995
0 120 695 702
39 40 60 2406
0 120 1038 1041
76 78 1017 4136
53 54 2438 3341
0 120 3209 3218
14 15 554 2914
108 109 554 2914
87 87 2149 3238
0 120 330 3206
0 120 786 4203
0 120 2969 2977
0 0 1408 3203
92 93 1408 3203
0 120 2578 2597
53 54 2600 3110
92 93 350 1579
48 51 2142 2417
56 56 2142 2417
87 88 1397 2263
15 16 344 1010
109 109 344 1010
53 53 27 1303
5 7 524 2109
99 101 524 2109
19 20 2458 2653
113 114 2458 2653
69 70 2196 2653
25 27 95 3689
37 37 95 3689
119 120 95 3689
0 120 2311 3357
27 29 451 2570
1 1 51 2828
80 90 51 2828
0 120 1214 4249
91 91 309 1174
11 13 1408 2048
105 107 1408 2048
8 9 415 4044
102 103 415 4044
53 53 1461 4126
70 72 1074 2926
80 81 2058 2130
59 66 1796 2130
69 69 1796 2130
0 120 886 3629
91 92 36 3459
38 40 3554 4138
60 61 94 1185
71 73 2131 2608
24 25 374 3454
118 119 374 3454
13 14 312 2576
107 108 312 2576
82 83 134 1523
53 54 71 420
5 5 1771 3012
18 18 1771 3012
22 22 1771 3012
37 37 1771 3012
43 44 1771 3012
99 99 1771 3012
111 112 1771 3012
116 116 1771 3012
0 120 1191 2171
0 120 222 2309
0 120 1056 4198
47 47 354 3926
53 64 419 2823
20 21 219 3701
114 115 219 3701
20 21 369 1016
114 115 369 1016
27 29 1012 3337
5 7 310 3819
99 101 310 3819
80 81 4 137
88 88 563 1821
38 41 743 2920
0 120 464 3505
92 93 1467 3917
0 120 345 3813
4 6 697 1232
98 100 697 1232
24 26 1578 2967
118 120 1578 2967
65 66 2354 3188
22 23 645 2762
79 80 1185 4204
61 61 2126 2772
0 120 202 2192
80 81 1685 2275
46 49 293 2310
44 45 52 3187
0 120 2650 2957
57 58 229 605
57 58 296 1827
87 89 131 3480
83 84 872 2926
0 120 1063 4214
16 18 1720 2269
110 112 1720 2269
58 59 2594 3025
12 13 32 2720
106 107 32 2720
30 31 1962 4246
31 33 629 1478
45 46 402 2253
51 53 402 2253
55 55 402 2253
59 59 402 2253
61 62 402 2253
75 75 402 2253
52 53 16 497
11 12 2211 2506
105 106 2211 2506
0 120 1409 1818
0 120 2725 2727
84 86 39 858
33 34 451 3054
110 110 737 1196
26 27 1820 3789
120 120 1820 3789
24 25 430 487
118 119 430 487
56 57 989 2171
67 68 1770 1982
61 61 357 1140
51 51 1198 1756
0 120 4091 4103
10 10 1675 2095
104 104 1675 2095
73 75 1467 3112
0 120 762 3296
1 3 1192 2126
95 96 1192 2126
4 5 238 3296
98 99 238 3296
66 67 2626 4010
0 0 1862 2860
93 94 1862 2860
0 120 3075 3082
0 120 1953 2978
29 30 69 1797
41 43 13 4117
92 93 180 847
0 120 3418 3421
0 120 875 3358
68 69 1673 3338
72 73 441 622
58 61 707 741
5 6 750 2131
99 100 750 2131
22 23 4 4004
116 117 4 4004
10 13 350 2197
104 106 350 2197
34 34 2366 2743
91 92 1222 2126
0 120 1743 3518
0 120 298 3727
2 3 1068 1659
96 97 1068 1659
0 120 624 3897
104 104 1243 2414
0 120 1298 2121
62 63 1019 2706
0 120 205 503
0 1 351 2018
93 95 351 2018
18 19 1946 3096
112 113 1946 3096
0 120 645 4185
20 20 103 1916
114 114 103 1916
20 20 934 1844
114 114 934 1844
0 120 2630 2974
0 120 3485 3488
62 62 393 3183
50 51 441 1911
58 61 219 3030
57 58 1000 3595
0 120 1547 3764
83 85 17 3835
70 71 344 1978
25 26 347 1495
119 120 347 1495
68 70 738 1905
34 36 760 1664
0 120 1266 1270
1 2 71 4071
95 96 71 4071
0 120 403 2558
12 14 262 1387
106 107 262 1387
42 44 2621 2861
72 74 1232 4103
0 120 2173 3637
28 29 60 3158
50 52 1909 3564
61 62 2346 3565
39 40 390 1572
42 43 1916 2291
76 77 311 525
16 18 1446 3308
110 112 1446 3308
0 120 1958 3456
0 120 886 2153
61 62 2964 3385
1 6 1203 3523
94 101 1203 3523
43 43 147 2753
37 38 71 1977
13 14 1232 2009
107 108 1232 2009
19 19 2139 2713
112 113 2139 2713
0 120 604 2440
120 120 105 807
76 77 315 2337
20 22 1483 3348
114 116 1483 3348
81 83 1168 2024
33 35 767 1680
66 67 1025 4190
20 23 844 1146
115 117 844 1146
77 78 441 4139
53 55 353 2040
0 120 1313 4068
52 53 2772 3565
89 89 1104 1450
0 0 395 761
92 94 395 761
0 120 1797 3888
33 34 155 520
53 53 1172 3836
0 120 1373 1840
76 77 353 2979
77 77 1438 3955
0 120 1878 4227
72 72 2666 3519
0 120 1529 3292
14 15 2475 3170
108 109 2475 3170
67 67 300 4257
0 82 3199 3201
39 39 52 4155
46 47 0 1521
36 38 418 1280
0 120 1450 3376
50 51 509 1398
70 71 2133 3406
45 45 417 1809
39 41 1668 2323
79 79 103 3339
84 84 2627 3160
0 120 2033 2421
29 32 2909 3812
0 120 992 993
54 55 102 3868
45 45 451 1578
58 60 2832 3565
23 25 1606 1795
117 118 1606 1795
76 77 152 198
1 1 778 3104
95 95 778 3104
0 120 1564 1569
64 65 989 4078
8 10 2906 3864
101 104 2906 3864
89 90 721 3509
0 120 22 1256
0 120 1586 3021
0 120 2436 2437
15 21 409 2456
110 113 409 2456
68 69 235 2303
29 32 357 3986
0 120 1773 2847
47 48 14 614
10 10 1731 2621
103 104 1731 2621
80 81 2613 3238
30 31 2386 4013
0 120 1233 2344
46 46 1651 2103
55 56 813 1004
0 0 353 3463
91 94 353 3463
49 50 649 2293
80 82 2607 3423
10 11 3104 3475
104 105 3104 3475
9 10 1676 3853
103 104 1676 3853
91 92 93 1846
73 74 180 2754
0 120 80 3304
62 63 102 619
0 120 883 1184
0 120 700 1477
60 61 316 548
29 31 278 4228
58 59 238 3109
30 32 312 3812
0 120 1740 1744
39 39 606 1815
42 48 606 1815
50 50 606 1815
52 55 606 1815
63 65 606 1815
72 76 606 1815
80 83 606 1815
86 92 606 1815
65 65 1466 2673
31 31 52 2195
73 74 415 2247
90 91 334 1127
83 84 356 2606
0 120 3797 3819
104 104 352 1898
115 120 352 1898
14 14 68 2139
108 108 68 2139
0 120 787 1072
0 120 632 4167
20 21 202 2139
29 30 202 2139
36 36 202 2139
114 114 202 2139
9 10 2108 3079
103 104 2108 3079
78 78 2595 3197
37 39 611 846
79 81 93 3135
58 59 1457 1806
13 16 53 2016
107 109 53 2016
2 13 3188 3711
95 107 3188 3711
0 120 2467 3951
22 23 2904 3952
116 116 2904 3952
0 120 3623 3639
80 81 278 2134
28 30 2231 2920
12 14 367 1425
106 107 367 1425
63 63 71 2595
0 120 1815 2453
0 120 1039 2986
0 120 3852 3876
0 1 1161 3915
93 94 1161 3915
0 120 4044 4046
6 9 1064 3982
54 56 985 3689
37 37 704 1195
0 120 1705 3978
65 66 371 3237
45 46 1102 1241
58 62 12 3304
58 59 412 4177
70 71 1479 2130
73 74 12 271
22 24 1190 3690
116 118 1190 3690
0 120 15 1508
2 3 395 1729
96 96 395 1729
0 120 140 456
6 7 2626 3957
100 101 2626 3957
10 11 771 1262
103 105 771 1262
18 19 934 2946
112 112 934 2946
0 120 2756 3249
15 15 189 2792
109 110 189 2792
44 44 2207 3973
0 120 736 2961
0 120 388 3941
0 120 536 3839
44 44 66 3890
75 76 765 1447
56 57 1358 1961
0 120 2928 2952
29 29 292 446
0 120 89 117
67 69 477 1165
0 120 2393 2793
92 93 146 2314
0 120 655 1437
72 72 94 3844
0 8 441 919
10 13 441 919
18 18 441 919
20 21 441 919
25 25 441 919
74 76 441 919
78 82 441 919
84 88 441 919
90 102 441 919
105 107 441 919
112 115 441 919
70 71 3550 3645
0 120 1745 3511
0 120 1354 3131
13 14 72 298
107 108 72 298
56 68 2926 4195
73 74 2926 4195
68 68 168 760
115 115 695 2906
0 120 2567 2572
20 21 3759 4169
114 114 3759 4169
0 120 3427 3430
0 120 1432 3172
0 120 1021 1386
39 40 386 3090
47 47 348 2798
49 49 606 1144
57 59 334 2900
0 120 2400 2809
0 120 1208 1212
32 32 3238 3908
14 14 1352 2654
107 108 1352 2654
80 81 1345 1483
0 120 73 1812
0 120 214 2983
19 21 264 2346
112 114 264 2346
78 79 793 1909
0 120 2486 3522
53 53 428 1222
0 120 925 1274
0 120 2105 2110
2 3 1193 2782
96 97 1193 2782
0 120 943 1853
0 120 1526 4123
72 72 210 770
45 47 844 3537
37 38 94 3039
0 120 1553 2536
0 120 746 750
32 35 414 2263
0 1 625 2675
94 95 625 2675
65 65 1007 2777
24 25 3438 3565
118 119 3438 3565
0 120 3777 3785
0 120 47 2469
65 66 420 3209
36 40 122 1300
49 49 93 370
38 38 292 3963
0 0 135 1535
92 94 135 1535
58 59 1740 3301
2 2 1161 3594
4 5 1161 3594
23 27 1161 3594
30 31 1161 3594
34 43 1161 3594
45 46 1161 3594
52 61 1161 3594
64 67 1161 3594
70 91 1161 3594
97 100 1161 3594
110 110 1161 3594
117 120 1161 3594
0 120 2689 2696
28 28 55 1017
0 120 1795 2419
0 120 47 2819
79 79 133 4091
0 6 410 427
18 20 410 427
25 26 410 427
28 30 410 427
32 34 410 427
37 38 410 427
41 63 410 427
67 73 410 427
79 95 410 427
98 100 410 427
112 113 410 427
119 119 410 427
55 56 193 1890
48 48 126 668
8 9 1094 3311
22 23 146 354
116 117 146 354
77 78 2386 3826
0 120 75 4086
11 11 1164 1798
105 105 1164 1798
74 75 156 2762
7 10 264 1541
101 104 264 1541
91 91 2581 4267
75 77 2607 3236
90 91 3092 4217
0 1 1232 4184
94 95 1232 4184
15 15 120 2516
109 109 120 2516
0 120 533 1931
0 120 1818 2029
0 120 3947 3950
0 120 2651 3693
92 93 399 2116
7 8 1170 1993
101 102 1170 1993
0 120 77 2065
0 120 2310 3400
54 54 299 946
0 120 868 874
82 85 923 1335
79 79 2626 3636
83 83 2626 3636
91 92 2626 3636
94 95 2626 3636
91 92 9 3624
29 31 1199 2142
80 81 671 3743
99 99 506 2178
0 120 2966 3704
93 93 256 1249
0 120 2339 2825
72 73 556 760
0 120 991 4098
2 3 2904 3765
96 97 2904 3765
15 16 696 2460
109 110 696 2460
67 69 2139 3144
69 71 2906 3811
63 64 659 2578
86 87 738 3625
0 120 1906 2384
39 39 1451 2743
53 54 1026 1059
45 46 1110 2450
3 3 2366 3308
97 97 2366 3308
0 120 2042 2430
0 120 2484 3529
28 31 175 1418
96 96 1164 1932
40 41 219 2656
61 62 112 315
0 120 1430 2805
0 120 1024 1363
22 23 1509 3098
116 117 1509 3098
0 120 1865 1979
84 85 4059 4140
0 120 1513 1527
65 65 342 1716
59 59 734 1008
0 120 2735 2774
79 79 166 1490
0 120 4087 4094
0 120 183 905
66 67 50 3759
0 120 702 1470
0 120 2744 3237
20 21 1340 4201
114 115 1340 4201
80 81 430 1536
0 120 1629 1860
8 9 1128 3564
102 103 1128 3564
70 71 2623 2718
25 25 696 1655
119 119 696 1655
0 120 897 3631
30 34 85 1501
49 51 738 2820
16 17 903 2133
110 111 903 2133
41 42 426 1013
50 50 2616 2678
86 87 1857 2626
0 120 501 3816
3 3 180 957
97 98 180 957
58 60 293 2554
2 4 1230 2878
96 98 1230 2878
65 66 160 2964
7 7 2405 2616
101 101 2405 2616
23 23 230 3703
116 117 230 3703
6 6 1438 3581
41 42 63 1311
82 84 2594 3269
0 120 2649 2976
4 4 233 968
7 16 233 968
21 43 233 968
46 52 233 968
55 61 233 968
64 65 233 968
69 71 233 968
80 87 233 968
91 91 233 968
93 93 233 968
95 111 233 968
115 120 233 968
0 120 1933 3560
10 13 386 1964
104 107 386 1964
2 4 701 844
96 98 701 844
46 48 2254 4140
61 62 352 4073
0 120 4149 4167
0 120 269 2318
55 57 2762 3792
3 5 293 460
97 99 293 460
37 38 10 3555
94 94 123 3432
0 120 2850 2858
5 6 928 2139
99 100 928 2139
0 120 3710 3716
15 17 11 747
108 111 11 747
58 58 1198 2000
0 120 1712 2221
0 120 1495 3684
19 19 76 2862
113 113 76 2862
90 91 1450 3941
79 80 2303 3628
41 42 1945 3920
84 88 985 1892
90 92 85 4079
63 64 143 1051
0 120 1507 3694
0 120 2184 3155
0 0 40 3555
92 94 40 3555
4 5 1165 3930
98 99 1165 3930
40 42 353 1800
17 18 0 2436
111 111 0 2436
0 120 805 1143
0 120 3248 3254
82 83 459 506
0 120 2231 2412
22 23 390 2621
116 117 390 2621
30 32 1472 1606
14 14 1334 4116
107 109 1334 4116
0 120 1169 2359
25 26 1045 4013
119 120 1045 4013
63 65 102 1400
21 22 2516 2581
115 116 2516 2581
28 29 1000 2550
65 66 76 4151
0 120 1106 1256
0 3 416 809
91 97 416 809
55 59 2926 4142
65 66 173 1051
22 23 141 1513
116 117 141 1513
40 41 79 635
78 79 1091 3607
0 120 3303 3311
82 83 93 533
31 33 409 3021
34 35 488 3314
54 57 1006 1025
70 70 376 629
0 120 2249 2587
0 1 243 1231
88 94 243 1231
2 4 482 2745
96 97 482 2745
10 10 241 404
104 104 241 404
79 80 292 2621
13 14 2150 2581
106 108 2150 2581
25 26 39 2175
119 120 39 2175
50 51 741 2447
0 120 467 3376
30 31 1957 2186
40 40 436 1811
29 31 1198 2134
0 7 293 3977
9 11 293 3977
44 51 293 3977
57 57 293 3977
61 62 293 3977
64 68 293 3977
71 79 293 3977
82 86 293 3977
89 89 293 3977
92 101 293 3977
103 105 293 3977
0 120 2010 2012
13 15 1017 3254
107 109 1017 3254
8 9 1185 2838
102 103 1185 2838
24 26 58 1636
119 120 58 1636
0 120 735 1097
36 36 941 1165
59 59 1438 1971
85 86 3120 3203
41 43 1329 2967
88 88 1685 1848
43 43 1026 2966
51 51 3188 3337
83 85 60 369
64 65 144 1760
91 92 901 985
28 28 4 3443
0 34 1852 1961
36 37 1852 1961
39 120 1852 1961
35 36 744 1001
115 116 19 3751
5 6 1622 2438
99 100 1622 2438
25 26 1016 2628
119 120 1016 2628
81 82 1360 2438
58 58 272 1164
61 62 1122 1334
13 13 1261 1678
107 107 1261 1678
0 120 1741 3069
38 39 230 938
0 120 469 3398
82 83 71 127
0 120 2132 2136
0 120 2244 2377
0 120 755 759
10 11 1598 2202
15 15 1598 2202
104 104 1598 2202
109 109 1598 2202
8 9 451 2977
102 103 451 2977
54 55 146 651
118 119 739 1165
37 38 312 3572
38 39 885 990
53 53 482 3229
78 79 581 3208
113 113 373 4225
79 79 1025 2690
0 120 2150 3065
6 7 3079 3528
20 20 3079 3528
91 93 3079 3528
99 102 3079 3528
114 114 3079 3528
0 120 692 3978
33 34 408 4219
8 10 1089 1170
102 104 1089 1170
69 75 1190 1222
39 39 1675 2957
0 120 2482 2491
12 13 216 1016
105 107 216 1016
68 69 2619 2762
9 9 1554 2438
103 103 1554 2438
17 18 1167 1992
111 112 1167 1992
0 120 1015 3850
65 65 311 1253
91 92 1668 2917
84 90 1446 4036
0 120 3023 3754
27 28 1399 2500
28 29 1132 2156
8 10 1237 1418
102 104 1237 1418
27 27 71 2705
120 120 71 2705
37 37 1012 2239
35 36 16 3937
76 77 79 1253
0 120 1130 3399
67 68 2131 3738
82 83 11 560
46 47 1401 1418
87 87 293 1212
86 86 315 971
0 120 1994 2686
24 26 318 488
119 120 318 488
58 59 32 4066
43 44 1945 3733
0 120 97 2963
15 17 300 1602
109 110 300 1602
0 1 16 1843
94 95 16 1843
0 120 1227 1238
5 5 1978 3092
99 99 1978 3092
0 1 2117 4190
94 95 2117 4190
89 90 1300 1716
90 91 6 3784
0 120 183 1202
35 36 606 2059
0 120 286 391
86 87 2450 3087
1 2 499 1438
95 96 499 1438
11 12 2904 3257
105 106 2904 3257
42 43 1538 3759
57 57 60 4020
34 35 581 1248
15 17 180 904
109 111 180 904
61 62 631 3055
66 67 292 3589
102 102 1128 3861
72 73 1045 3826
0 1 625 3240
93 94 625 3240
9 11 721 2948
103 105 721 2948
1 1 229 796
95 95 229 796
84 85 12 2259
82 83 1433 1464
0 120 867 2773
56 57 125 2136
66 66 1121 3821
2 3 2234 2681
96 97 2234 2681
85 87 372 2013
16 18 1418 3815
111 112 1418 3815
61 63 2906 4242
37 38 2591 2918
17 19 2228 2866
111 113 2228 2866
41 43 1130 2594
0 120 70 3368
58 59 371 2542
48 49 935 2126
0 1 1399 2984
93 94 1399 2984
0 120 403 2265
0 120 740 1096
0 120 561 3605
0 120 2479 3616
0 1 13 3019
93 95 13 3019
30 30 1000 3652
32 34 1408 2723
42 50 310 3205
45 49 1399 3923
57 58 155 1382
60 61 36 4134
19 20 1225 3770
112 114 1225 3770
14 17 34 3307
108 112 34 3307
73 74 635 2773
61 63 2367 3560
87 89 659 915
64 65 371 448
63 64 3363 3555
63 65 606 1254
2 2 1993 2595
96 96 1993 2595
63 64 27 3267
4 4 2126 2158
97 99 2126 2158
0 120 2680 2744
23 23 348 3847
117 117 348 3847
65 66 2583 3565
120 120 253 577
0 10 370 1162
16 16 370 1162
18 20 370 1162
25 25 370 1162
27 27 370 1162
30 30 370 1162
36 42 370 1162
45 45 370 1162
48 50 370 1162
52 104 370 1162
110 115 370 1162
118 120 370 1162
26 28 3102 4130
120 120 3102 4130
89 90 1495 1537
0 120 1376 1845
0 120 3366 3422
44 45 4 3256
50 52 407 1983
88 89 429 1742
100 100 983 3082
54 56 602 1670
55 56 406 1758
62 63 1185 1496
86 88 1675 3575
20 22 761 1168
114 115 761 1168
0 120 1724 3467
25 29 180 1388
119 120 180 1388
0 120 1572 3827
0 120 18 1060
0 120 479 1455
63 65 262 3672
8 9 1451 3308
102 103 1451 3308
60 60 404 2035
0 120 3714 3731
37 37 663 983
65 66 1198 2081
32 33 216 2923
57 60 133 1168
18 18 432 1235
0 120 1273 1851
0 120 786 4207
0 120 521 526
0 120 2659 2755
58 59 429 937
115 115 264 2590
23 24 1466 3185
117 118 1466 3185
65 66 934 3324
27 28 1667 2909
120 120 1667 2909
120 120 27 368
56 58 1670 2426
86 88 562 1466
23 24 505 932
117 118 505 932
0 120 3022 3746
50 51 367 3442
0 120 2239 2354
82 84 2602 3160
21 21 771 1051
114 114 771 1051
79 81 2139 2904
0 120 1610 3314
4 5 168 3232
98 99 168 3232
67 69 851 2508
91 92 1671 2247
32 32 389 4140
32 33 1045 1061
73 75 14 2765
16 17 1915 2607
109 111 1915 2607
3 4 1720 2139
96 98 1720 2139
53 54 412 2811
39 40 4 1296
59 61 155 3155
0 120 200 2174
53 54 229 3858
52 54 805 2513
90 90 103 2241
88 90 30 3648
31 32 1771 2077
40 41 1645 2904
35 36 1676 2971
0 120 31 86
0 120 573 2355
14 15 1693 2386
108 109 1693 2386
66 67 141 1944
85 86 850 943
76 76 166 3694
33 33 104 2816
89 91 1945 2607
0 120 1757 3310
0 120 64 3417
52 53 2605 2653
55 56 2266 3187
83 83 793 1348
79 81 526 1004
0 120 1269 1277
48 49 1007 1277
24 24 2913 3937
118 118 2913 3937
29 29 3004 3301
10 10 299 1190
104 104 299 1190
71 73 206 2719
66 68 923 1579
43 43 754 1770
0 120 2791 3193
5 8 354 4280
98 103 354 4280
0 120 1469 3967
0 120 559 1302
56 56 65 4177
38 39 1952 2623
58 59 315 2073
0 120 380 2468
0 120 2713 2721
99 99 160 2724
99 99 180 1656
62 63 350 2067
14 15 1432 1806
20 20 1432 1806
23 25 1432 1806
32 32 1432 1806
35 35 1432 1806
63 65 720 846
40 42 1203 1754
0 2 1676 2166
5 9 1676 2166
12 13 1676 2166
67 68 1676 2166
70 71 1676 2166
73 73 1676 2166
75 75 1676 2166
80 94 1676 2166
101 102 1676 2166
71 72 253 2134
44 44 2250 2438
0 120 705 1477
64 65 1106 1821
74 76 1128 1580
78 79 741 1134
81 83 13 1893
83 85 130 3232
12 13 2616 3727
106 107 2616 3727
20 22 346 1544
114 116 346 1544
17 19 2383 2967
111 113 2383 2967
32 34 277 3659
0 120 1058 4224
0 76 1679 2622
55 56 506 1267
0 120 1691 1693
80 91 209 492
99 100 2120 3496
77 77 418 4049
17 18 755 1190
111 112 755 1190
14 16 438 1483
108 110 438 1483
33 34 1806 2582
0 120 3363 3368
40 42 419 2961
40 40 828 1668
53 54 1676 3455
86 88 418 1016
19 19 240 4127
113 113 240 4127
8 8 412 1201
74 75 257 3542
52 53 3061 3188
20 22 79 2489
114 115 79 2489
86 88 1557 2228
40 41 230 2658
20 25 968 2587
114 119 968 2587
7 8 1945 4030
101 102 1945 4030
48 50 372 1021
4 5 105 677
1 3 1418 2823
95 97 1418 2823
25 27 2639 2906
119 120 2639 2906
0 120 3244 3245
85 87 357 3372
77 78 16 3079
13 15 730 1668
107 109 730 1668
55 56 1659 2131
81 81 134 3300
82 83 75 3659
0 120 645 4189
0 120 1992 3445
0 120 1579 1586
0 120 70 282
91 92 395 4014
0 120 1157 3583
0 120 228 868
15 16 314 642
19 86 314 642
88 90 314 642
109 110 314 642
113 120 314 642
19 20 1299 1946
113 114 1299 1946
1 3 989 1720
95 97 989 1720
11 13 277 760
105 107 277 760
119 119 187 4250
17 19 1259 3301
111 113 1259 3301
9 13 240 3322
15 17 240 3322
19 22 240 3322
24 30 240 3322
33 34 240 3322
100 100 240 3322
102 107 240 3322
109 115 240 3322
118 120 240 3322
38 39 2100 3917
0 94 186 4025
69 72 331 996
0 120 531 1027
62 63 1107 2126
44 45 395 1920
114 114 135 2747
60 61 1019 3999
2 2 255 3603
96 96 255 3603
21 22 2550 3564
115 116 2550 3564
17 17 2303 3872
111 111 2303 3872
0 120 1251 2255
0 120 7 468
0 120 1889 4232
30 31 599 2100
82 85 193 658
72 73 846 1977
52 52 353 2044
53 53 160 2403
23 25 1772 2142
117 119 1772 2142
0 120 498 1644
54 55 4 1109
37 38 303 3620
0 120 537 1572
79 80 960 1675
0 120 1373 1844
81 81 1438 3959
0 120 1343 3133
91 91 238 1690
52 53 656 2203
100 101 32 2753
20 21 1286 3538
114 115 1286 3538
0 120 976 2558
38 40 128 771
81 84 1162 3502
74 75 886 1352
83 85 316 3451
73 75 531 1161
64 66 331 541
31 31 28 540
71 72 1356 2964
37 38 2130 2358
0 120 2911 2923
0 120 853 2343
0 120 3198 3919
0 120 3272 3868
66 66 624 2291
13 13 235 1018
107 107 235 1018
79 79 694 1532
0 120 1852 1855
0 120 637 998
0 120 124 3631
27 28 410 1773
45 47 1155 2681
19 19 1194 1855
112 113 1194 1855
53 53 1946 3934
44 45 499 1064
12 12 225 1993
38 39 256 1306
88 88 1063 3092
77 78 297 1115
69 70 253 1008
76 77 1782 2964
72 73 1386 2964
68 69 173 490
10 11 1034 2512
104 105 1034 2512
68 70 3742 4140
84 85 1192 3098
0 120 22 1260
89 89 371 2168
87 89 932 1481
3 5 30 3595
97 98 30 3595
81 81 1825 3950
25 25 51 3129
119 119 51 3129
54 55 402 2420
54 54 412 664
24 26 348 3123
118 119 348 3123
0 120 585 592
51 53 146 3928
29 30 63 2173
0 120 2456 2477
0 120 730 2636
83 84 1487 2615
34 35 105 2584
0 120 1412 2441
34 36 1063 2287
43 43 63 3112
81 82 975 4160
81 82 909 1820
62 63 2203 2970
7 7 425 2939
101 101 425 2939
0 120 611 3883
0 120 5 4073
82 83 1001 2348
18 19 11 1609
11 12 128 2194
104 106 128 2194
14 15 372 834
108 109 372 834
0 120 604 2123
11 11 2130 2842
78 80 93 3139
57 57 232 4237
59 73 232 4237
77 77 232 4237
0 120 724 727
39 39 1954 2616
99 99 204 2189
0 120 142 1311
37 38 648 1671
6 7 1862 3027
100 101 1862 3027
0 120 1380 3283
16 16 1120 4110
59 60 497 721
38 40 27 1738
6 7 1016 3006
100 101 1016 3006
85 85 152 686
49 52 14 3196
30 40 3183 3721
50 50 180 1953
0 120 3738 3751
0 120 1830 2930
0 120 3010 3012
0 120 1305 4048
40 41 1334 2534
74 75 144 3427
13 14 696 3940
107 108 696 3940
10 13 16 4181
104 107 16 4181
0 120 3822 3829
0 120 2722 2730
13 14 3565 4173
107 108 3565 4173
26 28 535 2302
120 120 535 2302
63 63 1452 3694
0 120 2873 2899
0 120 1713 3469
76 77 1678 2694
60 61 1616 1816
54 54 1450 3998
72 74 2609 3203
0 48 135 3499
51 51 135 3499
54 55 135 3499
57 120 135 3499
39 40 1821 2221
0 120 269 281
22 24 16 2087
54 56 147 2570
7 7 107 1451
101 101 107 1451
63 64 1193 2652
66 66 95 2380
65 66 631 2360
20 21 1170 2668
114 116 1170 2668
59 61 743 3355
85 87 1396 1668
0 120 403 3664
0 120 1177 3058
30 31 1194 2473
0 1 793 2129
94 95 793 2129
5 5 19 291
98 99 19 291
5 6 2830 3552
99 100 2830 3552
82 83 347 3540
0 120 576 1148
29 29 538 856
19 20 1546 2366
113 114 1546 2366
60 61 1678 3983
90 92 1408 4122
75 76 1143 1195
45 47 606 3242
86 88 157 1164
40 42 1091 2725
0 12 229 1040
15 17 229 1040
25 30 229 1040
35 36 229 1040
41 45 229 1040
47 87 229 1040
89 105 229 1040
109 110 229 1040
119 120 229 1040
24 25 1190 1950
117 119 1190 1950
28 30 1670 3341
32 33 120 2036
43 45 738 917
63 64 404 1795
7 7 152 4203
101 101 152 4203
0 120 124 2155
71 71 401 743
0 120 571 1154
72 74 347 1446
43 44 348 2802
46 46 351 2319
0 17 311 2920
20 23 311 2920
33 38 311 2920
41 41 311 2920
47 89 311 2920
92 112 311 2920
114 117 311 2920
17 18 206 1406
111 112 206 1406
78 78 2618 4204
111 112 321 1164
63 65 1300 4188
89 90 135 2694
0 120 1551 1555
35 36 3557 3665
81 83 1017 3311
49 50 1132 3823
42 44 693 743
77 78 438 1914
0 120 1845 2941
0 120 1544 3767
1 7 1504 2648
12 12 1504 2648
20 21 1504 2648
30 31 1504 2648
33 33 1504 2648
38 42 1504 2648
46 46 1504 2648
51 54 1504 2648
57 57 1504 2648
60 61 1504 2648
64 67 1504 2648
74 74 1504 2648
82 82 1504 2648
85 85 1504 2648
87 101 1504 2648
103 120 1504 2648
39 39 354 3906
93 93 103 123
0 120 2281 3471
82 83 2606 3039
89 91 760 2904
91 91 238 3731
0 120 183 1580
6 6 1846 2762
100 100 1846 2762
74 75 141 3798
89 95 1132 1729
70 77 989 3895
16 18 923 1555
23 26 923 1555
119 119 923 1555
10 10 357 2864
14 17 357 2864
23 27 357 2864
30 33 357 2864
35 35 357 2864
37 38 357 2864
48 53 357 2864
55 57 357 2864
91 93 357 2864
96 96 357 2864
104 105 357 2864
108 111 357 2864
117 120 357 2864
67 68 1102 3018
21 23 501 3552
115 117 501 3552
24 24 1838 2120
118 118 1838 2120
9 11 2653 3235
103 105 2653 3235
42 43 1230 3203
0 120 2355 3578
45 46 1094 2376
35 36 168 898
71 73 2100 3059
42 43 410 2875
0 120 90 3459
0 120 224 241
0 120 1189 2613
51 51 302 4281
55 56 331 3521
0 120 3393 3395
86 86 229 1524
40 41 416 1350
65 66 53 544
0 120 211 1884
86 87 262 883
30 31 322 934
7 8 2120 4061
101 102 2120 4061
8 8 64 144
102 102 64 144
62 64 762 2926
0 1 975 3973
94 95 975 3973
86 86 1451 3902
54 57 429 4214
48 50 293 1135
18 20 315 894
112 113 315 894
73 74 793 1458
0 120 4031 4032
34 35 27 3645
92 93 13 3747
0 120 1554 1556
43 45 1050 3743
0 120 1490 4015
0 120 1784 3738
82 84 414 1812
18 18 120 1365
112 112 120 1365
63 64 94 144
15 17 696 2464
109 111 696 2464
68 68 1821 2839
0 0 30 2603
92 94 30 2603
0 120 1525 1757
0 120 1246 2342
0 120 1184 1464
0 120 996 1413
37 37 554 1068
0 3 354 1946
94 97 354 1946
26 27 309 483
120 120 309 483
42 43 488 2700
72 73 923 2628
11 11 745 1013
104 104 745 1013
61 62 313 1356
91 93 619 2594
70 71 311 2249
52 52 3072 3703
105 105 419 1782
0 21 1678 2157
23 24 1678 2157
39 47 1678 2157
49 51 1678 2157
53 69 1678 2157
71 76 1678 2157
78 79 1678 2157
81 103 1678 2157
105 106 1678 2157
108 114 1678 2157
117 117 1678 2157
0 0 1012 2296
0 120 1492 3687
56 56 120 2654
77 78 421 1828
0 120 1069 2049
9 10 584 1068
102 104 584 1068
40 41 396 1017
19 19 1676 3215
71 72 3238 3591
53 55 1335 2922
69 70 311 2599
0 120 388 2819
0 120 2289 2661
7 9 1102 1408
101 103 1102 1408
86 87 2057 3092
23 24 407 617
117 118 407 617
58 60 2131 3795
22 23 133 1546
116 116 133 1546
86 87 1637 2506
34 36 408 3471
0 120 1786 2040
69 71 53 1028
42 42 1087 3759
20 21 2513 3308
114 115 2513 3308
46 47 985 1762
64 66 350 3466
62 63 1408 3585
77 79 1017 3929
58 60 520 1433
31 32 743 3168
42 44 1170 2481
59 60 421 3117
23 23 235 3893
117 117 235 3893
89 89 488 1895
25 25 135 279
119 119 135 279
61 63 372 4164
0 120 501 3820
4 5 1103 2922
98 99 1103 2922
54 56 506 2666
0 120 2314 2317
77 78 292 3646
0 120 564 1890
20 22 1013 1716
114 115 1013 1716
0 120 2692 3431
52 54 721 3005
13 13 2696 3550
106 107 2696 3550
0 120 1106 1126
21 21 1190 1763
0 120 2026 2035
71 72 1102 3636
88 91 294 2704
13 14 770 2897
107 108 770 2897
3 4 372 2070
97 98 372 2070
0 120 1664 3339
9 9 1170 3770
0 120 626 674
0 120 1250 1255
23 23 2922 4243
117 117 2922 4243
0 120 269 2322
58 60 52 3785
10 11 2266 2626
104 105 2266 2626
0 120 3241 3242
50 50 1673 2297
0 120 1366 1588
12 12 1168 3293
0 120 2095 2929
0 1 2508 3098
13 23 2508 3098
25 77 2508 3098
80 81 2508 3098
83 84 2508 3098
93 96 2508 3098
103 104 2508 3098
107 114 2508 3098
118 120 2508 3098
88 89 82 402
103 103 312 864
27 27 134 2255
120 120 134 2255
75 77 1433 3749
38 39 404 3836
65 65 1677 4109
76 76 2797 4140
0 120 178 3493
0 120 648 4196
49 49 123 1342
43 45 255 3713
33 33 1094 1250
0 120 2011 2642
0 120 800 803
57 58 731 1198
0 120 522 4242
98 99 11 2040
28 30 498 1404
19 24 105 921
110 119 105 921
59 59 1120 1158
33 33 2386 2704
71 73 545 2913
14 16 144 2569
108 110 144 2569
0 120 1809 2134
21 22 1014 1671
7 8 138 4252
101 102 138 4252
81 82 556 793
23 23 141 1517
116 116 141 1517
0 120 855 860
33 33 399 4027
0 120 2940 3263
17 18 2606 4141
111 112 2606 4141
22 23 2783 3279
116 117 2783 3279
13 15 240 3216
107 109 240 3216
37 38 128 2975
0 2 1198 1199
5 27 1198 1199
93 98 1198 1199
100 118 1198 1199
38 41 262 3729
53 54 12 2800
39 43 975 2847
0 120 467 3380
0 120 2010 2016
14 17 131 1179
108 111 131 1179
31 32 2142 3633
0 120 327 2811
43 45 1091 3961
71 73 2529 2581
12 13 631 1502
106 107 631 1502
50 51 65 2811
0 120 3881 3901
1 8 85 4217
61 80 85 4217
84 86 85 4217
88 109 85 4217
115 117 85 4217
2 3 297 3319
96 97 297 3319
0 120 1782 1785
20 23 613 3555
113 117 613 3555
0 0 289 425
9 12 289 425
23 23 289 425
25 26 289 425
30 30 289 425
32 34 289 425
79 80 411 1354
9 12 409 1281
103 105 409 1281
0 120 323 3227
50 51 206 2642
88 91 696 2277
44 46 482 1005
0 120 2077 2083
0 120 690 1708
0 120 3797 3799
58 60 342 2688
10 10 3112 3696
104 104 3112 3696
78 78 3098 3798
0 120 1780 3028
60 62 880 1051
0 120 4068 4070
64 64 1456 2904
31 31 2581 3279
76 77 14 2822
47 49 50 2287
70 71 1132 2026
0 120 2135 2438
68 70 2615 3829
85 86 865 1682
79 79 975 2042
0 120 720 769
78 78 2444 3947
91 92 1678 1970
76 77 2595 4116
26 28 411 2643
120 120 411 2643
75 76 53 2935
61 62 1161 1451
0 120 1598 2206
1 5 935 1862
7 8 935 1862
15 18 935 1862
23 28 935 1862
31 37 935 1862
39 40 935 1862
51 51 935 1862
90 91 935 1862
95 99 935 1862
101 103 935 1862
105 106 935 1862
109 112 935 1862
117 120 935 1862
75 76 1167 3151
0 120 119 2242
39 40 2139 4250
46 46 2438 2597
63 65 1347 1806
24 27 1193 1339
117 120 1193 1339
35 36 312 3576
0 120 564 3797
0 120 1698 3726
0 120 810 820
0 120 192 1939
39 43 2202 3259
45 60 2202 3259
66 66 2202 3259
70 72 2202 3259
45 46 741 2935
78 80 39 2663
0 0 3079 3532
4 23 3079 3532
26 27 3079 3532
30 30 3079 3532
58 59 3079 3532
61 64 3079 3532
66 69 3079 3532
73 75 3079 3532
77 77 3079 3532
79 84 3079 3532
86 94 3079 3532
98 117 3079 3532
120 120 3079 3532
34 35 691 1128
48 49 1821 1847
0 120 756 1523
0 120 157 2884
22 22 771 4275
115 116 771 4275
0 0 1120 2931
93 93 1120 2931
87 89 767 1123
90 91 331 1724
52 53 2681 3644
25 25 416 3525
119 119 416 3525
54 55 2637 2783
6 8 390 2304
100 102 390 2304
0 120 1186 1457
90 90 694 2715
48 50 415 3300
52 54 353 2422
4 6 65 1201
98 99 65 1201
5 6 206 3126
99 100 206 3126
51 51 151 975
0 0 75 199
2 15 75 199
17 18 75 199
20 21 75 199
27 30 75 199
37 37 75 199
39 49 75 199
51 69 75 199
71 79 75 199
81 91 75 199
93 120 75 199
25 25 54 3294
118 119 54 3294
84 85 451 2176
7 8 1923 2100
101 102 1923 2100
0 120 252 1966
4 5 2626 2782
98 99 2626 2782
0 120 3351 3415
23 23 789 3110
117 117 789 3110
24 25 1668 4210
117 119 1668 4210
0 120 2189 3158
110 110 1012 2593
0 120 1211 3742
65 67 103 2782
25 26 2744 3188
119 120 2744 3188
89 89 315 975
48 49 985 1709
36 37 1026 1710
15 17 95 2140
108 111 95 2140
0 120 2010 2634
16 16 1194 1294
109 110 1194 1294
32 32 423 3891
79 79 1677 3922
61 61 1673 2460
0 120 183 1206
15 17 14 2151
109 111 14 2151
119 119 19 2495
51 52 1132 1355
59 60 1758 4261
0 120 1013 4107
62 63 299 2320
68 69 264 3265
4 4 625 3244
98 98 625 3244
8 10 78 631
102 104 78 631
18 20 127 2967
113 114 127 2967
33 34 423 1797
42 43 414 2243
74 74 75 2777
5 7 2594 3220
99 101 2594 3220
0 120 2585 3666
53 55 1816 2926
0 120 446 1966
0 120 7 1330
39 40 2386 3456
15 16 2444 3626
109 110 2444 3626
22 23 3564 3657
116 117 3564 3657
0 120 3297 3313
0 120 3928 4119
0 120 561 3609
58 60 103 1977
25 26 2104 3743
118 120 2104 3743
0 120 798 1078
0 120 1040 3055
0 120 218 237
0 120 245 340
0 120 3712 3713
62 64 255 2721
15 16 1946 3507
109 110 1946 3507
0 120 1614 2014
28 28 887 4129
77 77 138 2321
67 69 255 3660
0 120 1528 3933
85 87 721 2147
0 120 2636 2641
24 26 253 581
118 120 253 581
74 75 310 1115
65 66 810 1438
71 72 414 1438
15 16 2506 2568
109 110 2506 2568
24 27 350 3897
118 120 350 3897
0 120 2320 3344
35 36 367 3312
66 67 1821 2465
31 32 16 2331
90 91 429 1746
78 78 1633 2414
9 10 1185 3944
103 103 1185 3944
18 19 190 417
111 112 190 417
17 18 374 2978
111 112 374 2978
54 55 793 2373
73 75 3627 4140
77 78 1225 2030
38 40 277 3045
101 101 79 586
20 21 1825 3523
113 115 1825 3523
0 120 1572 3831
0 120 2174 2179
43 44 837 1167
8 10 30 135
101 104 30 135
82 83 1124 1197
1 2 2120 2882
95 96 2120 2882
12 17 1776 3072
106 111 1776 3072
62 63 293 2989
0 120 4231 4254
14 14 1208 3554
108 108 1208 3554
75 77 0 3676
3 4 230 4138
97 98 230 4138
26 26 357 3913
120 120 357 3913
62 63 408 2158
0 120 1719 3477
0 0 1963 2117
3 5 1963 2117
14 20 1963 2117
23 25 1963 2117
28 102 1963 2117
106 120 1963 2117
90 92 232 1932
12 15 53 3687
106 109 53 3687
30 30 3007 3092
82 83 947 1685
0 120 2225 2302
0 120 786 4211
0 120 1321 1337
72 73 1606 3950
0 120 503 3334
75 77 1193 2091
81 81 3028 3565
0 120 2235 2431
0 120 879 3621
21 22 2305 3170
115 116 2305 3170
0 120 750 1521
87 88 1682 3945
50 52 65 664
48 48 765 4273
50 50 367 3446
14 15 1705 2616
108 109 1705 2616
49 49 979 1758
43 44 2623 2698
90 91 297 1172
69 70 56 551
0 120 1893 2852
5 7 1418 2559
99 101 1418 2559
35 37 554 4211
75 77 344 429
40 41 824 1820
87 89 1030 4140
28 30 1438 3211
27 27 51 2836
66 68 646 767
0 120 2313 3411
24 26 1606 2795
118 119 1606 2795
69 70 797 2626
17 18 2920 3823
111 112 2920 3823
82 83 2120 3016
0 120 597 1814
83 84 1300 2688
39 39 240 2708
42 43 147 265
85 88 1946 2836
0 120 645 3925
27 29 746 2287
0 120 1701 3971
59 60 104 2820
59 60 1747 2626
0 120 518 1871
59 60 1132 3262
0 120 3097 3119
45 45 36 1373
61 63 187 3986
0 120 1269 1281
0 120 2270 3310
25 26 535 2225
119 120 535 2225
88 90 354 3345
0 10 201 659
12 33 201 659
36 46 201 659
48 49 201 659
51 54 201 659
56 58 201 659
61 64 201 659
67 68 201 659
70 85 201 659
89 104 201 659
106 111 201 659
116 120 201 659
0 120 3518 3526
13 17 932 2827
107 110 932 2827
0 2 128 1312
93 96 128 1312
27 28 1045 2704
0 120 1766 3026
67 68 372 3924
68 68 284 1825
57 58 353 1430
1 3 1091 1359
95 96 1091 1359
0 120 1469 3971
69 70 225 2184
0 120 147 2493
0 120 1485 3915
0 120 265 270
0 120 3573 3583
4 6 923 1933
98 100 923 1933
0 120 608 609
34 34 1162 1949
0 120 1934 2206
34 35 420 558
0 37 1316 4079
53 53 1008 1482
70 72 423 2549
0 120 2033 3905
7 7 3110 3300
101 101 3110 3300
65 65 789 2118
74 76 128 2601
0 120 875 1138
92 92 415 3597
91 91 635 1651
0 8 413 2770
12 17 413 2770
26 26 413 2770
28 61 413 2770
63 90 413 2770
93 95 413 2770
97 97 413 2770
101 101 413 2770
0 120 2314 3366
2 2 34 2185
95 95 34 2185
48 51 783 2303
101 104 302 687
3 4 2666 3259
97 98 2666 3259
33 34 135 2267
0 120 2574 3670
57 57 356 923
20 23 409 3001
114 117 409 3001
81 82 347 1369
89 90 399 1559
59 61 1675 2103
0 39 1167 3582
71 76 1167 3582
79 81 1167 3582
85 85 1167 3582
89 89 1167 3582
92 96 1167 3582
99 101 1167 3582
104 106 1167 3582
110 110 1167 3582
114 117 1167 3582
0 120 3123 3131
13 14 2760 3079
107 108 2760 3079
59 60 535 2359
19 20 631 2067
112 113 631 2067
6 6 438 2426
33 35 138 2134
0 0 2034 2386
93 94 2034 2386
0 120 205 1666
5 5 1399 1646
6 6 0 2200
99 100 0 2200
24 27 53 1272
117 120 53 1272
0 120 466 1441
0 120 1247 1252
30 31 1467 3470
77 77 56 3263
21 22 35 2386
115 116 35 2386
0 120 730 733
67 68 126 1750
36 39 2906 3254
0 78 381 3962
70 71 342 3253
42 44 1109 1668
0 120 725 739
114 114 1466 4157
20 20 743 1318
113 114 743 1318
79 80 154 923
11 12 765 2797
104 106 765 2797
82 82 407 3089
25 30 2103 4219
119 120 2103 4219
22 23 1602 1951
116 117 1602 1951
0 120 1080 1088
0 120 2267 2341
83 83 906 3187
0 120 443 1965
47 48 278 3618
18 20 1019 3064
112 114 1019 3064
0 67 312 3202
71 120 312 3202
87 88 331 3444
0 120 4171 4174
0 120 525 4249
0 120 879 2495
0 120 2469 2475
76 78 1376 3301
77 78 125 343
80 81 304 1806
34 35 451 513
27 27 301 3952
43 44 296 3608
60 60 1399 4224
69 71 1132 3880
0 120 3823 3841
0 120 1366 1832
0 120 275 287
41 43 371 749
15 21 307 3208
110 115 307 3208
79 79 1961 4112
0 120 99 3444
0 120 450 1981
0 120 1611 2013
0 120 1389 3132
0 120 2043 2424
67 68 9 518
52 53 482 4148
83 84 2617 2696
36 36 1141 1340
0 120 662 2803
26 26 1023 2782
120 120 1023 2782
0 120 111 3454
0 120 2879 2881
0 120 21 528
0 120 136 478
2 8 1397 2434
11 11 1397 2434
15 20 1397 2434
65 66 1397 2434
91 91 1397 2434
96 96 1397 2434
98 98 1397 2434
101 102 1397 2434
106 106 1397 2434
109 111 1397 2434
23 25 1483 3706
33 37 1483 3706
40 48 1483 3706
51 59 1483 3706
64 65 1483 3706
68 69 1483 3706
72 73 1483 3706
107 108 1483 3706
115 115 1483 3706
117 119 1483 3706
17 17 1068 1212
85 86 3554 3959
89 89 421 1401
17 17 235 2177
110 111 235 2177
0 120 2645 2650
67 68 155 3911
85 85 547 3203
46 47 1340 2839
76 78 1297 2203
7 9 989 1858
101 102 989 1858
0 120 1567 3784
9 11 1147 2444
103 104 1147 2444
42 44 371 2977
22 23 1203 1787
116 117 1203 1787
80 80 1012 2219
76 77 531 1165
19 21 629 2454
23 25 629 2454
28 28 629 2454
30 30 629 2454
34 34 629 2454
112 120 629 2454
85 86 2291 4000
0 120 4228 4253
3 4 1181 2967
97 98 1181 2967
11 12 1334 3209
105 106 1334 3209
0 120 1342 1572
0 120 3771 3785
49 50 3203 4267
5 5 1019 1104
99 99 1019 1104
0 120 124 3635
21 22 2068 2615
115 115 2068 2615
80 82 13 3804
0 120 1596 3559
36 37 51 1844
78 79 1654 2783
34 34 1045 3456
0 120 3206 3225
0 120 2276 2537
27 27 209 2403
2 3 1816 2552
96 97 1816 2552
0 120 2471 3944
68 69 141 956
69 71 2269 2497
0 120 22 1264
0 120 3261 3282
20 21 3565 3693
114 115 3565 3693
20 21 1070 3112
114 115 1070 3112
18 20 2138 2953
111 115 2138 2953
32 34 1186 2506
13 14 1678 2214
107 107 1678 2214
0 120 1351 1819
86 87 36 3764
12 12 738 1592
0 120 1281 2743
0 120 1018 3861
5 5 428 612
15 16 352 4000
109 110 352 4000
0 120 80 3312
40 41 413 489
54 56 631 1880
42 43 27 2897
70 72 297 2758
53 53 173 2722
0 120 1255 2461
0 120 4037 4038
61 63 331 4062
70 71 133 1603
0 120 2915 3934
83 84 625 2065
14 15 346 2650
108 109 346 2650
29 31 14 1911
29 31 411 793
40 41 793 1649
0 120 1696 3143
28 29 2286 4140
44 44 1470 3554
0 120 2760 3242
0 4 138 2886
34 39 138 2886
42 43 138 2886
46 61 138 2886
63 98 138 2886
38 39 1012 3642
45 45 1091 2245
65 66 409 4103
0 120 2312 2328
86 89 846 1660
19 21 1675 3205
113 115 1675 3205
74 74 1461 2687
0 120 1664 3046
0 120 857 1260
65 65 1013 1773
70 71 629 844
91 93 293 2615
28 28 301 2476
83 84 131 3785
45 45 2367 2385
0 120 3678 3704
85 86 250 1198
58 58 372 2127
14 15 1165 1763
108 109 1165 1763
70 71 0 269
0 120 148 167
26 27 1553 3565
120 120 1553 3565
0 120 2576 3663
0 120 3822 3833
0 120 4250 4280
2 3 1026 1604
5 12 1026 1604
14 16 1026 1604
20 26 1026 1604
29 51 1026 1604
58 58 1026 1604
62 64 1026 1604
68 68 1026 1604
71 73 1026 1604
76 79 1026 1604
81 85 1026 1604
87 90 1026 1604
96 97 1026 1604
99 106 1026 1604
108 110 1026 1604
113 120 1026 1604
7 9 581 2651
101 103 581 2651
0 120 345 2374
2 3 128 3837
96 97 128 3837
34 35 400 2081
3 4 412 1152
96 98 412 1152
0 0 310 3319
93 93 310 3319
20 21 2218 4140
114 115 2218 4140
81 83 771 3714
62 65 1771 2862
89 91 386 3314
10 10 501 3072
103 105 501 3072
29 30 1153 1537
25 25 2868 2909
119 119 2868 2909
49 50 242 1091
60 61 154 2964
67 67 257 3843
0 120 1468 3992
0 120 403 3668
20 21 625 2549
114 114 625 2549
73 78 193 3858
80 80 17 1912
0 120 901 912
0 109 2671 2745
29 29 324 342
43 44 4 926
43 45 293 2749
31 32 1161 3468
62 62 53 2508
55 55 3554 3772
66 67 8 1045
0 120 727 732
33 34 120 2040
35 38 421 1214
67 68 3301 4080
0 120 3034 3736
66 66 102 2400
22 23 482 1867
116 117 482 1867
0 120 124 2159
78 79 1676 2601
40 43 1777 2653
67 68 2653 4044
0 120 4227 4245
27 27 1671 3166
81 83 135 1759
0 120 2163 3628
57 58 126 3925
8 8 375 2909
25 25 1411 2303
76 76 225 3904
0 22 53 414
26 31 53 414
35 36 53 414
39 115 53 414
120 120 53 414
0 120 560 1908
70 72 204 583
29 30 83 2508
0 120 1160 1903
31 33 225 871
88 89 72 1595
29 29 1677 3361
0 120 2754 2756
74 76 932 2453
31 33 1864 3187
50 52 1026 2088
0 0 331 1297
92 94 331 1297
24 25 301 866
118 119 301 866
64 64 1292 2207
74 75 373 4152
0 120 3994 4020
0 120 670 4146
0 120 644 2925
10 11 408 4146
104 105 408 4146
57 59 581 4074
0 120 1840 2951
69 79 357 2868
25 26 2294 2367
119 119 2294 2367
32 34 331 1647
53 53 429 1990
41 42 126 2181
1 6 408 1113
9 80 408 1113
82 83 408 1113
85 87 408 1113
89 89 408 1113
95 100 408 1113
103 120 408 1113
0 2 253 4208
91 96 253 4208
55 56 253 1764
74 75 2615 2947
0 120 1572 3136
0 120 3516 3614
33 34 1064 3669
8 8 1019 2206
20 20 1019 2206
24 24 1019 2206
28 29 1019 2206
36 50 1019 2206
55 61 1019 2206
79 79 1019 2206
92 92 1019 2206
102 102 1019 2206
117 118 1019 2206
17 19 1446 1519
111 113 1446 1519
90 90 432 2638
0 120 224 245
67 69 79 830
13 13 309 3736
107 107 309 3736
1 2 232 1826
95 96 232 1826
38 41 373 2997
35 35 51 2946
51 52 1825 3767
10 12 2291 3008
104 106 2291 3008
50 51 856 3905
0 120 3053 3331
3 3 725 1170
74 75 6 1483
56 57 983 3680
89 90 400 3854
23 32 721 3680
115 120 721 3680
12 13 155 825
106 107 155 825
55 57 19 4162
77 78 635 2216
46 47 1404 1458
70 71 1615 1678
25 29 1219 1678
118 120 1219 1678
52 53 144 666
7 7 1816 3654
101 101 1816 3654
19 19 429 3279
113 113 429 3279
50 50 1685 4137
71 72 4 2349
55 57 1265 3551
61 63 685 990
68 69 3538 3753
74 76 420 1473
28 30 430 471
39 40 316 369
48 49 856 1811
44 45 2131 3665
49 51 2469 2906
85 87 1593 2269
35 36 1068 3387
28 28 1945 3660
0 120 639 995
29 30 2757 3538
3 4 1193 2335
97 98 1193 2335
78 78 474 2648
0 120 1554 1560
81 82 1012 3455
15 18 635 3505
109 112 635 3505
98 98 914 2920
0 120 1490 4019
39 40 1961 3604
47 47 1019 1401
79 81 1203 3962
0 120 1525 1761
0 120 3195 3922
1 2 299 2243
95 96 299 2243
67 68 760 3392
0 120 376 2463
33 34 1770 4194
22 22 1816 2849
116 116 1816 2849
90 91 1668 3917
91 91 1012 2300
54 54 1230 3691
0 120 624 3881
44 44 3110 3410
44 44 314 3655
84 85 300 3757
90 91 307 2484
33 36 721 781
63 65 2299 2444
0 120 4153 4160
0 120 1209 3753
24 25 1025 1946
117 119 1025 1946
91 92 963 1068
21 21 758 1602
115 115 758 1602
0 120 2716 2732
0 6 128 1206
68 72 128 1206
75 78 128 1206
81 100 128 1206
1 1 28 36
93 95 28 36
84 85 1903 2629
15 15 1230 1597
109 109 1230 1597
65 66 2016 2506
0 120 3979 3980
0 120 1087 3763
102 102 1450 3815
57 57 233 2131
0 120 1318 3107
12 14 451 1078
105 108 451 1078
6 6 2414 2552
100 100 2414 2552
0 120 4148 4166
85 89 256 802
29 30 2117 4251
42 43 790 1675
53 54 131 2793
0 120 4034 4037
10 12 2964 3369
104 105 2964 3369
59 59 581 1309
22 23 1878 2922
116 117 1878 2922
5 8 2291 2337
99 101 2291 2337
47 48 357 2547
20 22 49 2202
114 115 49 2202
33 35 508 1962
49 50 914 3404
79 80 399 2958
8 10 743 3522
101 103 743 3522
0 120 772 2008
66 66 2926 4016
0 120 4046 4047
14 15 1019 1885
108 108 1019 1885
28 30 329 1438
20 21 2729 2913
114 115 2729 2913
84 86 1127 1418
0 120 2519 3103
21 23 631 3466
114 116 631 3466
10 12 934 1023
104 106 934 1023
0 120 15 2968
35 36 144 3378
0 120 587 915
0 120 1010 1018
0 120 148 3497
7 9 771 2722
101 103 771 2722
0 120 946 3477
0 38 896 1670
40 41 896 1670
45 120 896 1670
28 28 294 3322
30 31 1398 2820
82 86 696 3302
2 2 3029 3555
45 47 2303 2697
0 120 1366 1592
0 120 220 340
2 2 743 2367
96 96 743 2367
0 8 373 582
12 34 373 582
37 40 373 582
42 42 373 582
44 47 373 582
55 58 373 582
61 84 373 582
86 102 373 582
105 110 373 582
112 120 373 582
0 120 1302 4051
31 32 63 2608
38 39 755 1438
58 60 144 3728
40 41 1429 3072
55 57 2779 3565
77 78 131 1988
47 49 518 3188
0 120 67 283
78 80 1691 2291
45 47 297 3189
51 59 297 3189
51 52 846 4185
66 66 238 3548
24 24 1728 3112
37 37 568 1962
42 49 408 3959
47 48 2581 2799
95 95 36 2101
55 56 8 53
78 83 120 1048
57 57 1121 3077
41 41 1102 2835
10 11 100 581
104 105 100 581
0 120 829 2676
0 120 2903 3200
0 120 1432 2188
36 36 752 1675
29 30 1194 2774
0 120 2940 3267
0 8 340 1172
11 18 340 1172
21 21 340 1172
42 44 340 1172
47 112 340 1172
114 116 340 1172
119 120 340 1172
59 59 1673 3940
3 10 71 2445
18 28 71 2445
34 36 71 2445
43 43 71 2445
79 79 71 2445
20 20 1685 3011
22 23 1685 3011
26 26 1685 3011
114 115 1685 3011
117 120 1685 3011
60 61 400 1223
0 120 2058 2061
86 87 1416 2594
50 51 347 808
55 56 144 2923
43 45 53 361
22 22 54 3969
115 116 54 3969
54 55 1537 4052
87 88 477 1820
57 59 2839 3565
62 63 2913 3514
37 38 561 767
50 51 354 2918
61 63 1016 3791
0 120 4001 4007
76 77 168 2004
47 48 69 3688
25 26 346 2276
119 120 346 2276
57 58 394 1004
99 100 1676 3837
62 63 968 2030
0 120 80 3288
62 62 837 2513
0 120 308 2923
0 120 948 1563
81 82 425 3508
86 86 347 2097
0 120 1300 1456
55 56 2967 4100
0 120 2948 3858
31 31 28 4037
13 13 2621 3463
107 107 2621 3463
43 44 126 2128
0 120 1746 2482
39 40 65 4104
26 27 815 3104
120 120 815 3104
76 81 316 1471
0 120 2391 3186
15 16 1147 1399
109 110 1147 1399
0 0 400 418
9 9 400 418
82 86 400 418
93 94 400 418
103 103 400 418
2 2 1000 2103
11 11 91 2292
104 105 91 2292
0 120 37 3749
39 40 193 1256
47 47 19 4109
0 120 1373 2092
17 18 104 1938
110 112 104 1938
26 27 1704 2606
120 120 1704 2606
40 41 2139 4254
84 85 93 1025
0 120 564 2862
0 120 2818 2822
0 120 201 2810
0 58 160 557
61 120 160 557
79 79 1383 1467
0 120 340 1656
28 29 436 1364
0 120 317 3924
21 22 2607 3541
114 116 2607 3541
29 30 2249 3079
59 60 432 3874
79 80 346 2410
63 65 760 1461
2 3 1369 2508
95 97 1369 2508
14 19 1004 1821
108 114 1004 1821
47 47 2186 2730
38 38 1064 1872
4 5 1012 3402
97 99 1012 3402
90 91 315 4228
82 82 936 2626
2 3 313 3401
96 97 313 3401
92 93 1168 3915
17 18 1185 3330
111 112 1185 3330
65 66 1080 1816
0 120 15 1492
66 68 316 666
70 79 316 666
82 82 240 4054
67 69 386 3879
57 59 28 4171
0 120 4262 4266
16 17 934 2930
109 111 934 2930
0 120 2756 3233
0 120 2825 2838
78 79 1438 2463
0 120 1527 1754
0 120 3379 3397
22 23 428 2011
117 117 428 2011
53 55 1019 1698
43 43 16 3006
9 10 590 1026
103 103 590 1026
0 120 2190 2448
65 67 297 1713
0 120 1522 1760
0 120 343 368
7 8 1167 3289
101 102 1167 3289
0 120 79 3705
0 120 1581 1586
79 80 996 2653
0 120 939 2119
10 11 373 3428
104 105 373 3428
66 67 896 1483
86 87 1340 3217
45 47 968 1359
0 0 1102 1359
93 94 1102 1359
0 120 2330 3367
0 120 723 774
0 120 1038 3818
32 34 47 225
56 57 802 1821
15 16 2142 3316
109 110 2142 3316
0 120 3388 3486
14 15 418 4110
108 109 418 4110
5 6 1120 2130
99 100 1120 2130
65 67 1168 3110
84 85 2155 3551
2 120 2925 3203
17 18 430 902
111 112 430 902
20 22 2591 4081
114 116 2591 4081
61 62 1673 2464
50 50 694 1914
0 120 4150 4159
53 70 3104 4077
73 74 3104 4077
17 19 738 2186
112 113 738 2186
70 71 1352 3577
114 114 1102 2648
117 117 1102 2648
0 120 157 3372
60 61 482 688
89 91 62 102
0 120 1058 2541
0 120 614 615
79 81 581 667
4 4 2434 4255
98 98 2434 4255
0 0 985 3002
2 2 985 3002
9 11 985 3002
14 17 985 3002
64 67 985 3002
70 93 985 3002
96 97 985 3002
103 104 985 3002
108 111 985 3002
3 5 314 2797
7 7 314 2797
93 94 314 2797
97 104 314 2797
0 120 2122 2448
16 17 331 2212
110 111 331 2212
41 42 1862 3275
72 73 591 631
88 90 193 3968
38 38 425 1093
0 120 3988 3989
22 22 717 3187
101 101 717 3187
115 118 717 3187
23 27 2138 2392
117 120 2138 2392
66 66 309 918
44 46 54 2843
47 48 78 985
0 120 2634 2973
25 27 975 2664
119 120 975 2664
31 32 264 586
0 120 833 1268
10 10 1012 2731
104 104 1012 2731
41 41 1230 4122
44 44 2064 3759
0 120 1723 3466
44 44 1771 2756
85 85 262 1452
0 120 3923 4129
0 120 2971 3682
0 120 2171 3629
2 3 306 2690
96 97 306 2690
45 46 1467 2722
56 57 316 3378
0 120 674 1396
66 67 56 2515
0 120 1979 2116
10 11 2120 4041
104 105 2120 4041
0 120 1308 1911
13 13 152 2223
107 107 152 2223
33 34 1537 1771
83 85 138 2325
8 10 301 1565
102 104 301 1565
82 84 419 3506
64 66 441 3265
13 14 1165 3296
107 108 1165 3296
25 26 2808 3102
119 120 2808 3102
59 61 989 3070
71 72 1013 1212
3 4 297 1042
97 98 297 1042
0 120 22 837
0 120 3535 3616
70 71 6 304
76 76 39 252
113 113 27 1181
0 22 56 421
26 34 56 421
37 116 56 421
120 120 56 421
17 18 2581 3096
111 112 2581 3096
40 40 105 4255
76 76 432 2398
0 120 991 4082
13 13 1168 1500
106 107 1168 1500
56 60 3 6
0 120 1572 3835
0 120 2174 2183
0 120 1630 3251
33 33 264 3753
59 62 429 2100
38 39 117 293
0 120 815 823
59 61 534 581
86 87 848 2434
7 8 347 4138
101 102 347 4138
46 48 982 3188
60 61 209 4204
0 120 78 1469
0 120 928 1639
51 52 331 3635
0 120 852 863
33 33 353 3394
67 68 310 2758
62 64 251 1397
23 25 430 3614
117 119 430 3614
33 33 2782 4109
3 4 1751 2615
97 98 1751 2615
80 81 593 2100
86 86 278 3220
0 120 3101 3108
70 70 11 1186
61 62 566 1408
0 120 2235 2435
0 120 2584 2589
0 120 2324 3416
69 70 373 1013
45 48 414 1576
0 120 882 890
72 72 1026 2332
31 33 353 1300
38 38 1196 2743
73 74 334 1058
91 92 193 3297
0 120 249 2640
9 10 2202 3426
103 104 2202 3426
35 35 1068 3497
55 55 2207 3770
11 16 395 2465
105 109 395 2465
12 17 257 4221
107 111 257 4221
0 120 2036 3888
63 65 1045 3513
0 120 3739 3745
0 120 2944 3282
87 88 420 3461
22 22 312 1649
115 116 312 1649
80 83 350 1941
0 120 2767 2831
0 120 1533 1732
0 119 1232 2558
51 51 229 3866
0 120 320 3230
84 97 32 2009
19 21 771 2348
113 115 771 2348
0 120 1292 1296
83 84 297 2465
1 2 400 4098
95 96 400 4098
54 55 856 4149
41 41 1000 3339
38 38 2481 2595
41 42 34 2994
59 61 1675 1973
0 120 2270 3314
71 72 1573 4140
81 82 1864 2626
15 17 776 1352
109 111 776 1352
87 87 309 1886
92 93 1589 1640
25 27 1019 3739
119 120 1019 3739
1 90 1602 3565
94 100 1602 3565
103 120 1602 3565
3 5 1091 1363
97 99 1091 1363
27 27 294 4237
120 120 294 4237
20 21 297 3754
113 115 297 3754
78 78 309 2825
73 74 448 1671
11 12 2653 2678
104 106 2653 2678
0 120 265 274
4 7 1125 1132
98 101 1125 1132
0 1 65 1152
93 95 65 1152
0 120 648 4176
81 82 402 737
0 120 2530 3776
29 30 262 2420
14 14 1862 3088
108 108 1862 3088
0 120 561 2487
0 120 1347 3396
27 27 1758 1984
120 120 1758 1984
77 78 1567 3170
79 79 672 1537
30 32 2387 2909
32 33 103 1794
68 70 2594 3387
79 80 438 552
0 120 3411 3417
91 92 95 3596
0 120 3353 3412
0 120 2002 2694
74 74 844 2179
20 21 438 1491
114 114 438 1491
85 85 717 906
0 120 2903 4115
52 57 255 2538
84 86 738 1194
37 38 53 337
86 88 1068 2826
0 54 204 506
56 59 204 506
62 71 204 506
76 80 204 506
82 120 204 506
84 85 703 2139
0 120 424 2724
2 2 1678 2755
95 96 1678 2755
8 9 351 3185
102 103 351 3185
77 78 1865 2581
34 35 277 984
0 120 2840 3951
17 18 371 619
111 112 371 619
31 38 1121 2837
72 74 3079 3967
73 73 269 342
30 30 52 1805
42 43 131 2098
34 41 134 2369
0 120 1620 3689
0 120 2391 2812
0 3 367 4068
94 97 367 4068
0 2 606 2364
94 96 606 2364
25 27 314 2744
119 120 314 2744
55 56 430 2138
0 120 619 2037
68 70 63 624
30 31 1362 2118
18 20 357 2791
112 114 357 2791
67 74 35 296
40 40 519 1806
32 33 932 1221
0 10 3277 3551
93 104 3277 3551
0 120 443 1969
5 6 0 3843
99 99 0 3843
47 48 666 1452
66 67 334 2965
0 120 425 2329
43 43 1606 3767
0 120 4214 4225
43 43 12 3853
73 74 34 3612
50 51 2293 3916
23 24 1128 2422
116 118 1128 2422
27 28 1677 3418
10 11 367 3263
104 105 367 3263
0 120 1886 3003
90 91 408 3264
11 12 141 2920
105 106 141 2920
0 120 1488 3896
52 53 696 1452
23 26 765 1057
117 120 765 1057
25 25 1589 2258
119 119 1589 2258
0 3 372 574
8 10 372 574
12 14 372 574
17 20 372 574
43 43 372 574
45 45 372 574
50 64 372 574
68 78 372 574
80 84 372 574
86 98 372 574
102 104 372 574
106 109 372 574
111 114 372 574
0 120 365 3567
56 56 0 2688
10 11 850 2858
103 105 850 2858
0 11 306 3926
69 100 306 3926
102 102 306 3926
14 15 2315 3301
108 109 2315 3301
66 67 417 2976
0 120 3173 4086
31 34 3512 3552
0 120 2082 2541
47 49 1161 3659
41 42 428 2576
3 4 846 2335
7 9 846 2335
11 15 846 2335
18 37 846 2335
39 45 846 2335
47 48 846 2335
53 58 846 2335
61 63 846 2335
97 103 846 2335
105 110 846 2335
112 120 846 2335
0 120 341 3331
0 120 1790 2140
6 7 1232 3310
100 101 1232 3310
0 0 55 493
100 100 335 2762
17 18 400 3911
111 112 400 3911
0 120 202 3172
0 120 1000 3152
0 120 231 1658
69 70 352 3870
3 4 386 2700
97 98 386 2700
0 120 1741 3537
71 71 1452 3434
0 120 89 1955
89 91 923 3844
0 120 603 2176
11 12 1036 2967
105 106 1036 2967
103 103 456 2126
0 120 3572 3579
0 120 2412 2429
0 120 1278 3254
12 14 297 3567
106 108 297 3567
70 70 765 3635
53 53 2284 3183
0 120 995 4097
70 72 372 708
10 10 45 313
104 104 45 313
0 120 1555 2219
0 120 882 1187
30 31 209 2407
45 46 240 1720
94 94 985 2628
0 0 294 1956
92 94 294 1956
69 71 2615 3138
0 120 875 3399
0 5 264 3245
8 120 264 3245
0 120 1069 4204
81 82 1007 3326
5 8 191 488
99 102 191 488
12 14 36 2829
106 108 36 2829
56 57 416 606
89 90 120 1776
16 18 1467 1998
110 112 1467 1998
87 88 577 3183
3 5 1094 2921
98 99 1094 2921
41 120 528 4230
80 80 349 2013
68 68 235 2665
45 46 1016 3230
56 57 923 3039
46 47 721 838
41 41 69 683
54 55 17 493
0 120 1034 3809
70 71 390 3707
0 2 407 3122
94 96 407 3122
70 71 780 1418
0 120 3460 3472
87 90 1091 1310
65 65 1956 2512
79 87 1230 1654
80 80 2138 4246
54 56 1816 4195
0 120 3803 3811
0 120 1604 3558
0 5 135 3373
7 12 135 3373
14 16 135 3373
18 20 135 3373
29 30 135 3373
32 32 135 3373
80 81 135 3373
91 98 135 3373
102 106 135 3373
108 109 135 3373
112 113 135 3373
6 9 1198 2870
101 102 1198 2870
0 120 1572 2522
0 120 724 735
0 120 2408 2794
1 2 331 1972
95 96 331 1972
11 12 2674 2913
105 106 2674 2913
63 64 1879 2450
88 90 353 1731
0 120 2715 2722
59 60 256 1798
24 25 39 3261
26 26 741 3533
119 120 741 3533
35 36 1128 3979
90 93 316 1849
75 77 629 848
35 37 1198 3220
117 117 1210 2291
0 120 1835 3282
9 10 591 741
103 104 591 741
11 11 4 4179
104 105 4 4179
19 21 2762 2918
113 115 2762 2918
0 120 736 1095
0 120 882 2610
0 120 1780 3760
4 5 482 2676
98 99 482 2676
48 49 721 972
0 120 1493 3703
0 120 1383 1845
82 85 417 3944
0 120 1477 1480
0 120 1160 1773
20 22 193 1984
114 116 193 1984
33 34 513 1962
0 120 1786 2235
82 83 12 3666
67 67 1149 3112
8 13 932 2323
102 106 932 2323
35 36 209 4180
43 43 235 705
86 87 990 2301
36 36 415 1804
67 72 232 2851
30 31 316 1044
74 75 135 2918
113 113 6 64
0 120 403 3672
0 120 3763 3765
7 7 1196 3308
101 102 1196 3308
46 47 296 1331
1 2 1987 2117
95 96 1987 2117
26 28 23 1172
9 10 451 1619
102 104 451 1619
72 74 1143 1203
0 120 1244 1255
26 27 13 1393
119 120 13 1393
13 14 111 238
107 108 111 238
5 7 635 1147
99 101 635 1147
18 19 2450 3689
112 112 2450 3689
85 85 1132 1953
91 92 347 3898
15 15 741 4017
18 18 741 4017
21 23 741 4017
42 42 306 1645
11 11 1589 3360
105 105 1589 3360
54 60 6 1353
66 68 429 2210
73 74 138 1280
0 120 1079 1568
31 32 1438 4130
45 47 127 1121
5 7 51 3755
99 101 51 3755
20 22 512 932
114 116 512 932
58 59 696 3493
27 28 128 3975
3 5 315 3801
97 99 315 3801
0 120 991 2098
40 41 1758 2765
36 36 371 700
10 11 2967 3807
104 105 2967 3807
12 12 262 1696
105 105 262 1696
29 31 606 1506
0 120 1144 2313
12 14 296 526
106 108 296 526
38 38 1235 1677
0 120 2873 3391
78 79 306 2934
0 120 2857 2858
0 48 2303 3238
52 55 2303 3238
58 59 2303 3238
62 120 2303 3238
17 17 801 2913
111 111 801 2913
0 120 832 2226
42 44 278 886
27 28 1012 3325
120 120 1012 3325
0 120 638 640
45 46 125 4027
84 84 1467 3905
84 84 200 414
31 33 193 3407
0 1 1189 1682
5 6 1189 1682
19 20 1189 1682
22 28 1189 1682
30 91 1189 1682
93 94 1189 1682
99 101 1189 1682
113 120 1189 1682
23 27 2906 3689
117 120 2906 3689
60 62 1128 3658
72 73 839 3555
0 120 1572 3140
70 71 238 4089
81 82 4 475
81 82 1218 3551
0 120 170 3396
0 120 239 3001
56 56 36 198
19 20 120 1589
113 113 120 1589
67 68 2964 4044
90 90 2100 2478
83 83 1467 1811
35 37 417 3273
88 90 367 1466
27 29 1094 2734
71 71 1101 1461
0 120 3929 4137
80 80 1007 1045
0 120 1449 2144
72 74 1982 2607
0 120 179 3108
70 72 2269 3603
56 58 767 3278
70 71 123 3176
0 59 558 3104
62 69 558 3104
74 120 558 3104
58 59 771 3397
61 62 2629 3357
67 67 160 3997
43 44 79 2123
75 76 1483 1913
0 120 199 3171
73 73 1467 3100
16 17 209 1415
111 111 209 1415
70 71 278 1020
0 120 1513 1755
9 10 11 1430
0 120 3214 3229
40 40 645 1945
0 120 1345 1390
11 13 1190 3731
105 107 1190 3731
73 73 6 3715
0 120 3617 3619
42 43 1064 2868
0 120 1686 2622
13 14 2123 2623
107 108 2123 2623
77 78 741 3346
38 39 2980 3183
0 120 1614 3685
47 48 1366 2617
57 57 3551 3938
37 38 1237 1483
0 0 266 3238
2 21 266 3238
23 35 266 3238
39 42 266 3238
69 70 266 3238
74 78 266 3238
81 83 266 3238
85 86 266 3238
89 94 266 3238
96 104 266 3238
106 115 266 3238
117 118 266 3238
120 120 266 3238
34 35 416 553
80 80 975 2237
0 120 1350 1360
0 120 1057 2047
16 17 255 1359
110 111 255 1359
59 60 1190 2576
0 120 624 3885
68 70 1670 3967
0 120 1609 3691
0 120 3107 3116
0 0 1825 4255
94 94 1825 4255
0 120 2565 2567
61 63 350 2535
0 120 1212 1776
48 49 694 4065
48 48 1000 3583
0 120 2891 3491
35 35 253 2602
47 48 2228 3147
62 63 748 2581
0 120 15 744
0 120 1541 2217
49 50 416 1842
48 53 1816 4142
60 61 1016 1083
61 62 4 2837
0 120 3137 3143
0 120 2173 3625
67 69 1820 4261
28 30 146 1200
36 38 2202 2865
0 120 1918 3106
84 85 844 3228
74 75 348 3778
24 26 3174 3183
118 119 3174 3183
0 120 1383 2947
0 1 1670 2223
94 94 1670 2223
67 67 985 2120
62 63 956 1190
34 35 135 3670
39 41 1408 3943
0 120 3343 3369
0 120 955 965
0 120 1815 1823
0 120 2252 2578
0 120 701 3300
30 31 367 4178
43 45 415 2906
35 37 294 2387
52 53 256 2095
0 120 15 2972
0 24 2138 2449
29 33 2138 2449
35 107 2138 2449
109 116 2138 2449
86 88 1438 3004
82 82 16 164
0 120 269 2330
0 120 1774 2172
0 120 1015 1366
0 120 1373 1828
61 62 432 3260
0 120 545 3137
12 13 1646 2926
106 107 1646 2926
0 120 782 2326
0 120 706 1550
26 27 136 1397
120 120 136 1397
61 63 1313 1962
43 44 1433 2818
0 120 1355 3127
25 26 696 4245
119 119 696 4245
27 28 250 2438
67 68 1167 3830
0 2 2287 3861
94 96 2287 3861
93 94 577 581
74 74 19 1751
26 26 1676 3707
0 120 865 2711
0 120 1648 1659
22 23 27 3332
116 116 27 3332
86 88 1121 2142
78 79 197 3743
5 5 152 2280
99 99 152 2280
78 78 71 1160
21 21 740 2450
114 115 740 2450
27 27 1366 1946
41 43 856 1844
37 38 1321 2203
14 20 1064 2547
107 112 1064 2547
44 45 357 2685
114 115 3531 3554
71 72 1 17
19 20 441 4261
113 114 441 4261
62 63 754 2506
30 31 60 597
0 120 879 1454
64 67 1668 3600
74 74 1668 3600
68 68 4 1227
70 72 293 3050
79 81 310 2465
30 31 1622 2666
0 120 1744 3595
5 6 429 3096
99 100 429 3096
78 80 2139 4124
18 18 1719 3538
112 112 1719 3538
23 24 2269 3416
117 117 2269 3416
39 40 767 3091
0 1 371 3091
92 96 371 3091
23 23 1589 3657
117 117 1589 3657
28 30 13 2629
38 62 13 2629
64 64 13 2629
47 50 293 3400
0 120 630 2039
55 63 10 79
0 120 139 489
22 23 1025 2568
116 116 1025 2568
73 73 2291 4114
0 120 2642 2651
0 120 80 3292
0 120 1549 3477
78 78 9 2860
7 9 410 952
101 103 410 952
16 18 310 3754
110 111 310 3754
77 78 253 3220
0 120 211 2994
73 75 1675 2835
48 53 6 3528
62 62 2648 3570
28 29 408 1064
62 63 1008 1059
0 120 648 716
0 120 1109 1111
91 92 11 1593
11 12 66 1300
105 106 66 1300
84 85 1017 1522
0 120 2278 3478
48 49 1170 2518
35 35 180 4031
41 41 180 4031
43 43 180 4031
100 102 180 4031
108 108 180 4031
118 118 180 4031
43 44 3301 3576
89 91 419 4047
27 29 1203 4129
33 34 1554 2666
10 11 102 1896
103 105 102 1896
46 47 1232 2615
28 28 458 777
0 120 3852 3864
101 101 2386 3196
80 81 300 3574
53 54 16 3815
86 87 348 2302
49 50 3412 3565
82 83 93 1029
0 120 917 2230
12 13 2823 3170
106 107 2823 3170
6 7 1849 2964
0 120 1976 1985
0 120 1186 2620
7 17 1671 3601
19 19 1671 3601
21 21 1671 3601
101 111 1671 3601
114 114 1671 3601
14 15 1012 2467
108 109 1012 2467
71 73 525 659
0 120 599 608
15 16 421 1999
109 110 421 1999
59 60 2508 2785
84 84 567 1070
43 44 1131 3098
0 120 702 706
41 41 554 2528
46 48 294 911
0 120 15 1496
20 21 141 3298
113 114 141 3298
58 59 2474 3551
68 69 488 1127
0 120 3344 3407
59 60 268 629
0 1 914 3221
94 95 914 3221
23 25 1363 2293
117 119 1363 2293
26 29 409 1773
120 120 409 1773
35 36 371 1481
44 45 2434 4125
31 32 419 4181
0 120 3842 4034
45 47 1110 1820
52 54 69 2082
38 40 1070 2421
0 120 3800 3808
0 120 285 394
61 63 128 2662
0 1 1683 2621
4 12 1683 2621
14 35 1683 2621
46 46 1683 2621
65 95 1683 2621
98 106 1683 2621
108 120 1683 2621
89 89 928 1025
10 12 353 2780
104 106 353 2780
6 7 296 2246
100 101 296 2246
17 18 975 2534
110 111 975 2534
99 100 438 609
81 82 149 506
48 49 968 1363
23 25 300 675
116 119 300 675
117 117 2822 3079
60 62 2426 3079
0 120 3083 3608
80 80 1221 2186
6 8 923 3283
100 102 923 3283
12 14 2100 3848
106 108 2100 3848
0 120 527 4249
0 120 1876 1888
63 65 2606 2673
23 24 240 4192
116 118 240 4192
0 120 840 2467
0 120 4150 4163
53 54 3042 3203
0 120 4210 4214
39 40 113 2138
16 18 1670 2170
53 53 1670 2170
110 114 1670 2170
85 85 419 3376
12 14 1931 1945
106 107 1931 1945
76 78 255 501
58 62 1589 2181
24 26 4 101
118 120 4 101
46 47 135 584
68 69 420 3197
77 78 353 1975
2 3 581 1610
95 97 581 1610
3 3 206 235
6 11 206 235
14 46 206 235
48 65 206 235
96 97 206 235
100 101 206 235
104 105 206 235
107 119 206 235
0 120 866 2725
39 42 125 2498
91 92 120 2154
22 22 417 3838
116 116 417 3838
0 111 1812 1822
6 7 319 1051
100 101 319 1051
0 120 2342 2576
7 8 299 3028
101 103 299 3028
72 73 2228 3228
20 21 1128 2129
114 115 1128 2129
0 120 1701 3711
33 34 357 754
15 16 1317 2782
109 110 1317 2782
7 8 1007 4054
101 101 1007 4054
0 120 195 1924
64 66 916 2438
0 120 1031 2196
22 23 642 923
116 117 642 923
46 47 86 2920
62 62 420 2042
63 64 76 2232
0 120 1287 1627
0 0 58 872
3 10 58 872
12 22 58 872
24 30 58 872
37 40 58 872
42 43 58 872
90 90 58 872
94 94 58 872
97 98 58 872
101 103 58 872
106 115 58 872
49 50 294 3623
103 104 1049 2967
65 66 1164 2725
89 92 467 3551
17 18 314 1057
111 112 314 1057
92 93 2342 2926
9 10 310 3567
103 104 310 3567
25 26 2723 3557
119 119 2723 3557
51 53 856 1791
56 58 414 1446
82 83 253 3972
79 79 934 2613
59 59 2892 3743
12 13 1008 3316
106 107 1008 3316
23 24 232 651
117 117 232 651
41 43 594 1232
1 1 721 2505
94 95 721 2505
85 86 232 4034
15 17 767 1160
109 110 767 1160
88 89 306 3983
43 43 2126 3459
18 19 975 1863
112 113 975 1863
56 56 173 421
0 120 1630 3255
67 67 1685 2962
0 120 875 878
48 48 413 2510
83 87 1946 2710
9 10 2443 2762
102 104 2443 2762
35 35 306 1889
15 17 27 2474
108 111 27 2474
13 13 1226 3552
107 108 1226 3552
0 120 3732 3733
55 57 351 2571
52 53 1132 3136
4 4 1120 1813
61 62 412 3978
0 120 1513 1515
0 120 45 2464
0 120 167 3393
18 20 296 3803
112 113 296 3803
0 120 1273 1274
50 52 547 1170
33 33 2293 4107
85 87 294 724
59 60 438 2166
26 27 111 1771
120 120 111 1771
0 120 953 2989
0 34 1787 2434
36 36 1787 2434
38 43 1787 2434
49 49 1787 2434
51 120 1787 2434
34 36 741 3106
36 38 125 888
0 47 696 1643
49 51 696 1643
55 58 696 1643
60 71 696 1643
73 73 696 1643
78 102 696 1643
104 108 696 1643
110 120 696 1643
4 5 6 442
98 99 6 442
0 120 2036 3892
3 4 54 2176
97 97 54 2176
6 7 429 1299
100 101 429 1299
0 120 1311 1916
0 120 1798 2034
68 69 2259 3183
88 89 1467 4149
48 48 257 1192
29 29 441 3753
65 65 1607 1685
94 94 2450 3128
56 57 349 4164
15 16 1760 2681
109 109 1760 2681
88 88 2615 3195
0 120 674 2234
0 18 311 1428
21 24 311 1428
26 26 311 1428
30 44 311 1428
46 118 311 1428
120 120 311 1428
0 120 1510 1752
0 120 710 1699
19 21 371 2233
113 115 371 2233
37 39 316 1772
22 23 1644 2506
116 117 1644 2506
13 13 460 770
106 107 460 770
29 30 314 3419
45 46 694 2886
108 109 1334 1526
43 44 123 3070
3 4 372 2054
97 97 372 2054
85 86 625 4220
7 7 1165 1690
101 101 1165 1690
0 120 933 2121
0 120 2495 2497
38 38 72 3482
0 120 1058 1069
41 42 409 2875
0 120 1307 4025
17 17 314 3769
111 111 314 3769
0 120 704 1480
11 12 1244 2922
105 106 1244 2922
72 75 110 741
79 79 110 741
0 14 1678 2625
17 20 1678 2625
40 42 1678 2625
45 45 1678 2625
47 107 1678 2625
111 113 1678 2625
0 8 272 2762
10 11 272 2762
15 16 272 2762
18 22 272 2762
25 28 272 2762
30 30 272 2762
49 50 272 2762
54 70 272 2762
72 81 272 2762
83 91 272 2762
93 95 272 2762
97 101 272 2762
103 105 272 2762
108 110 272 2762
112 116 272 2762
119 120 272 2762
65 66 1230 1711
40 40 3555 3766
7 8 1232 1757
101 102 1232 1757
0 120 1724 2219
24 26 421 3235
18 20 414 2064
112 114 414 2064
0 120 648 4180
81 83 240 1911
35 38 2203 3385
23 24 0 2424
116 117 0 2424
0 120 561 2491
0 120 461 1321
0 120 1228 1234
0 120 1116 2713
81 82 1090 1300
5 7 1537 2743
99 102 1537 2743
0 1 2750 2965
93 95 2750 2965
48 49 2444 3447
74 75 558 2193
87 88 152 751
0 120 3682 3699
118 119 36 3020
43 43 58 2779
56 57 58 2779
75 75 58 2779
6 6 2293 2497
100 100 2293 2497
89 89 414 2414
0 0 2414 3955
0 21 72 3616
23 76 72 3616
78 79 72 3616
85 87 72 3616
89 92 72 3616
94 115 72 3616
117 120 72 3616
42 42 349 2204
33 35 1120 2081
62 62 2690 3072
3 5 2163 3555
97 99 2163 3555
0 120 2915 3190
52 53 413 3128
0 120 2662 2744
84 85 293 582
89 92 420 1855
25 30 399 978
36 41 399 978
50 51 399 978
61 61 399 978
70 71 399 978
73 75 399 978
78 78 399 978
81 82 399 978
102 102 399 978
119 120 399 978
70 70 1070 3657
0 120 529 4242
5 6 1945 3103
99 100 1945 3103
58 59 1537 4032
46 47 90 1162
7 8 102 233
101 102 102 233
49 51 303 2209
37 38 2228 3391
79 81 344 2210
28 29 60 2451
36 37 767 3067
81 83 948 1193
28 28 235 3206
0 120 732 4012
0 0 14 1517
3 5 14 1517
10 22 14 1517
25 29 14 1517
31 33 14 1517
35 37 14 1517
39 79 14 1517
91 91 14 1517
93 93 14 1517
98 98 14 1517
104 105 14 1517
107 108 14 1517
111 115 14 1517
119 119 14 1517
106 106 427 932
90 91 2851 3555
12 12 609 2666
105 106 609 2666
16 22 292 2959
110 116 292 2959
79 79 2589 3555
0 120 1555 2544
23 25 1102 2010
117 120 1102 2010
0 120 3893 3895
0 120 450 1855
0 120 1429 4125
0 120 2793 2796
0 120 618 3883
69 70 348 4022
65 66 315 1630
50 51 3188 3325
90 92 2506 2739
24 24 1673 3704
118 118 1673 3704
60 61 138 3431
4 5 1685 2775
98 99 1685 2775
0 120 852 2774
38 39 155 2846
35 35 2051 3098
0 120 57 59
80 82 2698 2909
0 120 690 1692
2 67 294 1692
71 72 294 1692
82 84 294 1692
90 91 294 1692
93 93 294 1692
96 119 294 1692
19 20 297 1209
113 114 297 1209
40 40 292 865
87 91 1675 3750
29 30 932 1225
39 40 1026 3304
24 25 2131 2303
118 119 2131 2303
20 20 436 4027
114 114 436 4027
0 120 1456 2888
0 1 1461 3232
94 95 1461 3232
39 41 1167 2785
84 85 115 1168
0 120 1347 1440
31 31 297 2148
88 90 760 4124
108 108 1209 3196
0 0 1026 4243
92 93 1026 4243
8 18 4 1337
22 29 4 1337
33 33 4 1337
35 42 4 1337
45 47 4 1337
50 51 4 1337
55 70 4 1337
72 73 4 1337
76 77 4 1337
86 89 4 1337
97 97 4 1337
99 104 4 1337
106 109 4 1337
111 112 4 1337
116 120 4 1337
86 88 9 1681
0 120 2072 2073
24 24 168 1179
118 118 168 1179
55 56 2291 3874
30 30 1685 4064
37 38 66 3154
7 8 3538 3680
101 102 3538 3680
81 83 16 1347
34 35 828 1225
81 81 819 1671
85 88 1091 4079
2 4 1404 2324
96 98 1404 2324
76 77 2603 2648
22 24 225 932
115 118 225 932
11 12 299 881
105 106 299 881
83 83 201 346
34 36 240 3684
72 73 104 2857
74 75 975 3904
0 120 1310 1908
68 68 85 363
10 15 3555 4034
105 108 3555 4034
35 37 93 1944
56 57 1201 2904
67 68 348 773
4 8 526 1045
14 18 526 1045
27 31 526 1045
33 37 526 1045
39 40 526 1045
42 69 526 1045
74 78 526 1045
84 84 526 1045
86 91 526 1045
93 93 526 1045
98 102 526 1045
108 112 526 1045
115 115 526 1045
0 120 2043 2432
47 50 1210 1677
0 120 2242 3581
34 34 253 886
87 88 738 2621
88 89 103 3571
0 120 543 3843
39 40 1178 2139
0 120 462 471
0 120 708 3910
20 21 2203 3064
114 116 2203 3064
79 81 1862 2771
18 20 186 2293
112 113 186 2293
31 32 554 3443
88 89 1120 3854
72 72 421 3853
0 120 3150 4106
63 64 128 2288
36 36 983 2802
0 120 341 3335
13 13 418 2801
107 107 418 2801
23 23 2083 2366
117 117 2083 2366
82 82 2623 3808
63 64 1374 1677
0 120 2031 3896
89 89 54 3278
54 54 264 4054
0 120 2975 3701
26 30 36 3638
119 120 36 3638
78 78 17 3396
19 21 2386 3306
113 115 2386 3306
43 44 65 2124
0 120 21 4269
27 29 606 758
120 120 606 758
55 57 360 1483
26 28 1249 3079
120 120 1249 3079
17 19 2118 3491
111 113 2118 3491
0 120 3103 3105
67 69 1962 2197
35 43 238 2991
0 120 1215 1216
32 33 255 3160
56 58 721 1647
89 91 1170 1473
28 30 407 3931
63 65 1121 2520
85 86 1606 4255
21 22 367 2812
115 116 367 2812
55 55 342 2001
0 120 1014 3562
0 120 202 1432
54 55 372 4095
38 40 941 1771
73 73 146 2062
0 120 875 3403
73 73 1816 1971
21 21 85 1786
20 22 1334 1473
114 116 1334 1473
0 120 1055 2058
74 76 296 2006
68 68 209 2761
0 120 2611 2619
78 79 400 4049
13 14 133 3705
107 107 133 3705
101 101 126 2726
20 20 2512 2613
113 114 2512 2613
90 90 1161 4147
65 66 1068 1704
66 69 347 1190
44 44 402 1843
70 71 500 2186
0 120 2377 2388
88 89 400 1016
29 32 138 1016
10 12 126 3665
104 106 126 3665
39 40 826 3110
48 50 953 2131
63 65 934 1889
64 64 564 3110
0 120 1018 3280
0 120 555 1304
50 51 777 4157
39 40 770 3178
53 53 887 3763
0 120 706 1473
18 20 1671 3845
112 113 1671 3845
0 120 1255 2469
9 10 1942 2618
103 104 1942 2618
0 120 1637 1982
39 39 770 4117
2 3 302 1797
11 14 314 1622
105 108 314 1622
89 90 1017 3994
0 120 1115 1119
0 120 74 1381
17 19 1433 3680
111 113 1433 3680
63 63 13 3357
31 33 32 1155
76 78 1026 2767
84 84 1466 3039
60 62 659 1253
0 120 3515 3533
38 38 1194 2351
6 7 2126 3085
100 101 2126 3085
42 43 1678 3861
6 6 66 1678
99 100 66 1678
0 120 1937 3563
89 89 287 334
59 59 1185 1484
25 27 932 1038
119 120 932 1038
0 2 2922 3369
94 96 2922 3369
65 66 238 1381
0 120 630 673
9 10 76 1053
103 104 76 1053
60 69 1165 1771
70 72 93 468
36 38 2126 3435
32 33 786 2906
24 25 1203 1474
118 118 1203 1474
59 60 1461 3984
86 88 1418 3348
41 43 296 2490
13 14 535 786
107 108 535 786
0 120 2004 2691
16 16 844 1541
110 110 844 1541
77 78 550 1094
15 16 367 2141
108 110 367 2141
0 120 1477 1484
24 25 102 2624
118 119 102 2624
25 25 155 3948
119 119 155 3948
44 44 57 1161
39 41 659 3481
0 120 4057 4058
73 74 1397 3410
0 120 251 1966
77 77 923 3527
0 120 1948 3698
71 72 934 2373
26 27 989 2834
120 120 989 2834
66 69 1164 2835
63 64 395 2095
0 120 3120 3138
0 1 1671 1885
94 95 1671 1885
67 67 301 1679
0 120 3403 3426
75 76 872 2434
24 24 2568 3564
86 86 66 4256
73 74 351 453
0 120 2183 3164
9 10 2606 3267
103 104 2606 3267
43 44 932 3616
51 52 911 3301
0 120 2151 3626
68 68 34 1685
75 77 2904 3863
0 120 2253 2590
32 32 228 238
0 120 1774 2363
0 120 4179 4182
0 120 757 1521
1 1 209 3379
95 95 209 3379
30 32 240 248
77 78 11 3394
10 10 2292 3457
44 46 1017 3323
76 78 1013 2615
13 15 65 2876
107 108 65 2876
4 11 402 2461
94 95 402 2461
97 105 402 2461
0 120 739 1100
54 55 312 3507
28 29 1179 3092
0 120 3717 3720
63 65 209 1285
77 78 2260 2606
68 81 436 2230
0 120 2337 2826
0 1 138 2573
94 95 138 2573
27 28 196 299
20 21 1240 2964
114 115 1240 2964
37 39 349 541
65 67 63 3153
17 18 2513 3991
111 112 2513 3991
67 69 209 2224
40 40 441 3513
0 1 410 1948
94 94 410 1948
84 86 105 3564
8 8 141 3221
101 102 141 3221
0 120 1189 1686
64 66 793 1686
0 120 4012 4018
61 62 349 3924
48 49 65 4165
6 7 2615 2955
100 101 2615 2955
20 20 1054 1461
113 114 1054 1461
68 69 887 2287
0 120 665 4160
0 120 202 2184
42 44 419 721
0 120 497 3795
32 34 1398 2210
62 62 1830 2621
0 120 1212 3740
0 120 787 2056
80 80 6 1491
42 44 554 1296
57 58 2653 3597
0 120 1409 1810
44 46 834 3565
0 120 3088 3525
0 120 1591 3544
0 120 2690 2698
58 58 522 1758
0 120 1434 2806
0 120 3736 3746
0 120 1002 3149
82 82 1064 4027
0 120 1058 4212
35 37 581 2338
28 29 1013 2749
48 49 2058 2606
71 72 315 3350
37 38 1161 1866
4 4 130 3570
7 16 130 3570
98 98 130 3570
101 110 130 3570
0 120 500 2349
0 120 1283 1297
54 54 2554 3187
4 5 374 3930
97 99 374 3930
36 38 240 732
0 4 2203 2206
7 12 2203 2206
14 15 2203 2206
22 23 2203 2206
26 30 2203 2206
62 62 2203 2206
64 77 2203 2206
80 98 2203 2206
101 106 2203 2206
108 109 2203 2206
120 120 2203 2206
73 74 2131 3084
52 53 2332 2616
0 120 826 829
0 120 3274 3284
20 26 1452 3735
113 119 1452 3735
93 93 275 3170
45 49 418 1943
113 113 69 1789
0 32 160 1907
35 43 160 1907
47 50 160 1907
52 120 160 1907
50 51 65 327
1 4 531 1820
95 98 531 1820
22 24 696 1887
116 118 696 1887
73 74 1821 2262
0 120 281 3365
5 6 1750 3550
99 100 1750 3550
87 87 1759 3104
0 120 960 1179
0 120 3360 3408
86 87 1094 1933
0 120 612 3879
39 39 1944 2103
4 5 144 2313
98 99 144 2313
61 62 180 4222
67 68 844 1004
34 34 94 506
79 80 1300 2001
0 120 1150 2242
78 79 482 1554
110 111 1132 1636
17 19 180 1189
111 113 180 1189
19 19 1466 4141
113 113 1466 4141
59 62 79 3766
0 120 645 4177
0 120 1381 3279
113 113 1371 2591
36 36 75 614
72 72 11 3073
79 81 193 1801
0 14 126 579
16 24 126 579
28 36 126 579
86 86 126 579
88 92 126 579
94 97 126 579
100 118 126 579
39 40 2591 3203
51 52 58 3828
79 79 387 2606
27 27 2329 3203
0 120 1706 3978
0 120 15 748
31 31 2100 3905
37 37 856 1364
0 120 857 2720
39 40 292 2719
51 52 1068 2940
46 46 128 1564
0 120 847 1251
24 27 296 3592
118 120 296 3592
62 64 1433 3038
0 120 1999 3449
0 120 1775 3741
115 115 28 1333
18 19 631 2535
112 113 631 2535
92 93 277 2037
7 8 411 2037
100 102 411 2037
88 89 297 969
27 28 2186 4214
59 60 314 2858
0 120 601 2134
44 45 93 2859
0 120 590 1221
29 29 1668 3470
47 48 1193 3177
46 47 1396 2782
4 6 659 2489
98 100 659 2489
43 45 93 3798
107 107 347 682
5 6 256 3038
99 101 256 3038
17 17 120 2211
34 35 120 2211
37 38 120 2211
52 54 120 2211
110 111 120 2211
14 17 386 2330
108 111 386 2330
43 44 1069 1606
84 85 1205 3187
5 6 1232 3290
99 100 1232 3290
0 120 1702 3993
0 120 561 3085
35 35 425 1504
78 78 1196 1381
32 33 2159 2926
0 120 1567 3768
0 120 1154 1155
13 14 425 2443
107 108 425 2443
39 40 414 564
52 54 209 1098
6 8 985 1319
100 102 985 1319
6 10 374 1165
26 29 374 1165
41 41 374 1165
100 103 374 1165
120 120 374 1165
84 85 673 1232
81 81 258 990
8 10 500 2967
102 104 500 2967
0 120 2792 3219
0 120 1689 2603
0 120 808 868
79 82 141 3034
4 5 535 2961
98 99 535 2961
0 120 2863 2870
57 59 65 3978
47 49 1825 2649
0 120 3483 3487
74 75 2029 2644
55 55 2617 2814
9 11 1195 3384
103 105 1195 3384
0 1 1198 3655
94 95 1198 3655
56 58 921 2623
44 45 2130 3635
0 120 22 1248
62 63 488 2741
0 120 591 1176
86 87 1821 3819
91 92 1862 3820
14 16 2581 3507
108 110 2581 3507
58 60 93 899
0 51 259 2100
58 120 259 2100
23 26 292 2048
117 119 292 2048
0 120 2229 2301
88 90 741 1874
26 27 262 4091
120 120 262 4091
31 31 694 3748
59 59 155 996
0 120 630 2043
33 34 2629 3174
16 16 743 1920
110 110 743 1920
65 65 72 961
0 120 10 83
60 62 932 1819
82 83 975 3209
0 0 1467 2917
92 94 1467 2917
92 92 3538 3924
66 67 535 2156
114 114 230 1520
0 120 3026 3749
27 28 256 489
120 120 256 489
42 43 63 3100
20 20 240 3928
114 114 240 3928
0 120 580 586
3 4 141 3168
97 98 141 3168
13 14 581 3440
107 108 581 3440
77 79 354 4215
28 30 30 1839
8 9 424 1012
102 103 424 1012
11 12 138 2870
104 107 138 2870
0 120 1358 1819
0 120 695 1475
0 120 2252 2261
0 120 1266 2230
0 120 1667 3328
24 25 1675 3189
118 119 1675 3189
78 80 1004 2984
0 120 601 1813
0 120 3383 3390
40 41 2965 3631
66 67 833 3102
0 120 57 437
37 38 141 1074
0 1 1120 4098
94 95 1120 4098
14 15 311 1485
22 22 311 1485
35 35 311 1485
86 86 311 1485
100 100 311 1485
108 111 311 1485
116 116 311 1485
30 32 180 1002
6 8 801 1120
12 12 801 1120
22 22 801 1120
54 55 801 1120
62 63 801 1120
66 67 801 1120
69 70 801 1120
72 106 801 1120
110 119 801 1120
0 120 305 3922
115 115 1077 2681
8 10 1438 3626
101 104 1438 3626
43 44 39 4180
4 5 147 3713
98 99 147 3713
0 120 2283 2671
43 45 1677 2861
1 1 1816 3959
95 95 1816 3959
0 120 971 1881
57 58 128 438
64 66 346 1829
36 38 353 556
80 81 1946 3251
0 120 1078 3441
21 22 357 1429
115 116 357 1429
0 120 1312 3113
80 81 2739 3072
19 19 934 2938
113 113 934 2938
0 120 175 2886
60 62 137 2594
0 120 137 150
39 40 429 3934
0 120 181 1388
0 120 4088 4094
36 36 1820 1984
56 58 738 2999
63 64 316 1024
0 120 3931 4110
1 2 863 1193
95 96 863 1193
0 120 403 3652
9 10 255 1310
103 104 255 1310
0 120 1652 3339
0 120 2729 2734
15 16 310 1209
109 110 310 1209
77 77 2825 3196
77 78 1438 2821
8 9 1450 1892
102 103 1450 1892
63 64 128 2666
47 49 659 2302
70 79 535 546
80 81 411 2200
78 79 209 3005
28 28 2327 3104
58 58 3072 4012
0 120 1776 3755
19 20 134 1141
113 114 134 1141
16 18 1197 4048
110 112 1197 4048
0 26 225 505
29 29 225 505
48 51 225 505
54 120 225 505
89 91 767 2774
4 4 185 3550
18 18 185 3550
26 26 185 3550
29 30 185 3550
38 40 185 3550
43 43 185 3550
49 49 185 3550
52 52 185 3550
104 105 185 3550
108 108 185 3550
110 110 185 3550
120 120 185 3550
26 28 395 916
120 120 395 916
51 51 417 675
0 120 295 3718
39 40 164 229
7 16 721 1086
19 53 721 1086
55 58 721 1086
66 67 721 1086
98 98 721 1086
101 120 721 1086
0 120 905 3647
13 14 1352 2646
106 107 1352 2646
22 22 297 3010
116 116 297 3010
66 68 417 1614
57 58 315 3781
14 15 1225 4002
108 109 1225 4002
0 120 1361 1419
0 120 2221 2277
119 119 2226 2621
25 30 844 2590
119 120 844 2590
49 50 438 1902
18 18 312 1039
112 112 312 1039
0 120 1373 3873
0 120 1526 4115
5 5 1290 2118
93 93 1290 2118
31 31 344 3206
35 120 2873 3371
73 75 3 2913
43 45 371 1619
0 120 632 1394
33 34 1194 2595
0 120 920 1272
16 18 1835 2591
110 112 1835 2591
24 25 436 3145
118 119 436 3145
0 120 849 2560
17 17 128 2800
0 120 458 460
24 24 313 4243
117 118 313 4243
59 59 1017 2144
0 120 1574 3755
70 70 777 2657
90 91 1570 2293
26 26 1797 3238
119 120 1797 3238
0 120 3772 3783
80 90 792 2965
19 19 117 3550
113 113 117 3550
40 41 989 4233
43 44 1340 2770
23 25 581 1964
117 118 581 1964
24 24 39 3859
117 117 39 3859
52 55 989 1789
66 71 989 1789
85 87 1467 1791
27 27 371 2908
92 93 3550 4121
0 120 2473 2474
0 120 2929 3279
0 120 2180 3161
0 120 74 3853
36 37 535 1030
16 17 1161 1492
110 111 1161 1492
0 120 247 3781
8 11 2594 3932
102 104 2594 3932
55 55 285 1821
101 101 1341 2591
0 120 3178 3202
36 37 1404 2381
0 3 989 2139
8 15 989 2139
23 23 989 2139
36 36 989 2139
45 45 989 2139
47 87 989 2139
89 91 989 2139
94 95 989 2139
98 98 989 2139
102 103 989 2139
106 109 989 2139
117 117 989 2139
12 13 2386 4168
106 107 2386 4168
24 24 25 2621
0 120 608 2447
30 31 606 1620
0 6 1340 4059
9 9 1340 4059
13 13 1340 4059
16 19 1340 4059
23 29 1340 4059
37 42 1340 4059
45 45 1340 4059
53 53 1340 4059
55 57 1340 4059
89 89 1340 4059
91 99 1340 4059
102 103 1340 4059
106 113 1340 4059
117 120 1340 4059
28 29 1404 3320
74 75 103 245
65 66 130 1102
0 120 1317 4075
6 7 85 1359
100 100 85 1359
0 120 1680 1683
70 70 1310 2904
59 61 346 3386
11 12 60 548
105 105 60 548
73 73 125 1697
57 58 94 132
25 25 61 4156
118 119 61 4156
0 120 749 1524
20 20 351 697
113 114 351 697
16 17 1120 3911
110 110 1120 3911
0 120 3377 3388
26 28 316 1642
120 120 316 1642
13 16 138 589
107 109 138 589
81 82 17 2514
10 10 2615 4004
103 104 2615 4004
2 2 75 240
95 96 75 240
0 120 703 1529
0 120 641 651
45 47 138 3972
75 76 525 2920
52 53 1418 3726
18 19 134 820
112 113 134 820
40 41 349 1940
38 38 1617 2623
78 78 2506 4219
39 39 555 1816
46 48 696 3741
16 18 374 3690
110 111 374 3690
82 82 1019 2674
0 120 2841 3943
0 120 1513 1519
32 33 2118 3548
32 33 315 4049
78 80 625 1996
52 54 293 1257
75 75 664 1170
30 30 1007 1509
0 120 2280 2536
0 120 7 4054
0 120 1084 3449
0 120 1911 1915
13 13 206 2951
106 107 206 2951
16 22 751 765
27 29 751 765
93 95 751 765
102 102 751 765
109 116 751 765
61 61 300 2586
40 42 141 3465
86 87 554 3634
0 1 2450 3132
92 95 2450 3132
0 120 1510 1756
0 120 739 2633
53 53 729 1945
66 66 1012 1479
88 89 12 2304
0 120 18 4004
11 12 417 3521
105 106 417 3521
0 120 724 1951
0 120 383 1658
64 64 90 93
67 67 90 93
75 76 90 93
0 120 269 2310
9 10 415 3825
103 104 415 3825
0 120 124 2895
21 24 812 1017
115 118 812 1017
36 37 2565 2681
10 12 721 1838
104 106 721 1838
0 120 2893 2897
110 111 1004 2126
0 120 1148 3568
0 120 2316 2327
23 24 1404 2999
117 119 1404 2999
20 20 306 2727
114 114 306 2727
79 80 1026 2824
79 80 563 1602
0 120 2247 3661
58 60 93 2619
88 90 17 1843
44 44 1225 1721
70 71 3079 4191
34 34 1193 2937
33 33 434 2131
80 81 1955 2506
0 120 1628 2111
0 120 647 3178
71 73 1824 3743
66 67 659 2249
0 120 2259 3671
0 120 287 391
69 70 63 3881
65 66 846 2075
46 47 495 1094
0 120 725 4000
70 71 2131 2173
83 84 1195 3949
13 13 554 4118
0 120 1772 2240
91 92 299 2845
45 46 2269 3046
73 75 610 1017
0 120 2002 2702
61 62 1300 3184
27 28 1233 1962
81 82 1016 3425
70 71 2103 3508
5 6 914 1428
99 100 914 1428
36 38 575 1962
0 120 1425 2132
0 120 2254 3677
52 52 413 3132
51 53 60 1516
0 120 507 515
102 102 1102 4108
40 40 2186 2230
31 32 410 582
55 57 802 2126
77 78 34 3486
60 62 2293 3790
50 51 3170 4063
35 36 2100 4149
0 120 3232 3251
77 77 2438 3390
53 54 2450 2461
77 77 22 3102
0 120 1018 1377
57 57 1962 2872
3 3 439 1670
97 97 439 1670
20 21 2641 3160
114 115 2641 3160
0 120 2276 2281
24 26 53 1634
118 120 53 1634
0 1 689 3538
93 94 689 3538
4 5 278 1752
98 99 278 1752
93 93 367 3487
0 120 2294 2298
2 2 417 2850
95 96 417 2850
0 120 2619 2620
48 48 152 3333
0 120 3605 3617
65 67 771 1096
83 84 1198 3415
0 120 626 2435
0 120 2255 2343
0 120 3948 3956
0 120 248 762
73 74 93 3103
83 84 1817 2117
22 22 425 1398
116 116 425 1398
45 46 122 1589
0 120 1648 3062
78 81 1230 2549
0 120 2042 2235
3 5 2506 3093
60 61 2506 3093
85 86 2506 3093
92 93 2506 3093
99 99 2506 3093
85 86 2594 2940
86 86 973 1203
0 120 2800 2816
0 120 2404 2816
0 120 3660 3674
0 120 1212 1219
38 39 436 998
59 59 2595 4104
34 34 587 1167
42 45 587 1167
47 47 587 1167
51 65 587 1167
69 74 587 1167
0 120 972 978
92 92 1091 3144
32 33 278 3041
86 88 93 1009
23 25 1051 2964
117 118 1051 2964
31 32 108 351
70 74 1789 2139
2 16 3102 3504
96 109 3102 3504
33 34 306 2995
86 87 144 947
84 84 765 3509
0 120 1804 2420
8 9 1193 2266
102 103 1193 2266
14 14 16 1701
17 18 1120 2919
111 111 1120 2919
0 120 1336 3483
18 20 887 1405
112 114 887 1405
24 26 87 1352
118 120 87 1352
75 76 372 3965
6 9 606 1917
100 102 606 1917
56 56 30 2538
101 102 1501 3550
0 120 24 249
5 5 1051 4253
13 17 1051 4253
20 20 1051 4253
23 23 1051 4253
28 37 1051 4253
39 79 1051 4253
84 91 1051 4253
99 99 1051 4253
107 111 1051 4253
114 114 1051 4253
117 117 1051 4253
1 2 526 1399
95 96 526 1399
6 7 309 2862
100 101 309 2862
25 25 932 3807
118 119 932 3807
63 64 3112 3818
37 37 1109 1225
66 66 6 609
3 4 0 3046
7 8 0 3046
11 12 0 3046
15 15 0 3046
19 26 0 3046
28 34 0 3046
36 46 0 3046
50 52 0 3046
55 55 0 3046
57 58 0 3046
63 63 0 3046
117 120 0 3046
1 2 1944 2026
95 96 1944 2026
0 120 1622 1975
90 91 125 1994
28 30 1682 2026
85 86 278 2236
90 90 54 3282
12 12 2137 2606
51 52 1340 2262
89 90 1820 2899
0 120 2302 2673
39 49 168 1317
0 120 2549 2550
56 57 2922 4044
0 120 2275 3479
45 47 809 3565
15 15 1232 3668
17 45 1232 3668
48 55 1232 3668
59 59 1232 3668
110 119 1232 3668
72 75 506 3756
64 65 134 4150
49 49 36 609
86 86 506 1312
87 89 91 316
60 60 32 3119
45 47 419 2067
0 120 1253 3956
39 40 135 2308
59 61 296 3165
90 90 412 4279
21 22 2208 2607
115 116 2208 2607
8 10 12 373
102 103 12 373
69 70 850 1472
1 1 965 1230
13 14 965 1230
16 28 965 1230
30 34 965 1230
36 36 965 1230
38 42 965 1230
48 53 965 1230
55 56 965 1230
59 60 965 1230
107 108 965 1230
114 117 965 1230
119 120 965 1230
66 69 294 1025
0 120 1033 3808
0 120 1014 3566
0 120 202 1436
30 31 315 1313
85 85 310 969
18 19 311 3823
112 113 311 3823
76 76 146 2066
1 2 11 1841
0 15 288 429
17 49 288 429
54 55 288 429
63 63 288 429
65 65 288 429
73 75 288 429
77 120 288 429
22 23 102 1205
116 117 102 1205
68 69 1279 1770
0 120 3002 3003
35 37 760 2868
117 118 798 3160
34 37 421 958
90 91 2926 3947
72 72 3301 3824
5 7 300 2883
99 101 300 2883
9 10 1009 1128
103 104 1009 1128
50 50 441 4054
55 56 1210 3104
76 77 1352 1467
83 83 1988 2617
0 120 68 281
67 68 420 4116
74 75 850 3700
0 120 561 3597
81 82 36 743
0 120 1018 3284
19 26 278 2720
113 119 278 2720
0 120 3826 3830
63 63 1107 1821
0 120 2380 2848
31 32 943 3110
106 110 105 2011
12 12 1452 2987
106 106 1452 2987
0 7 349 2371
10 11 349 2371
22 58 349 2371
61 78 349 2371
80 101 349 2371
103 108 349 2371
114 120 349 2371
0 120 1421 1422
7 7 2293 3603
101 101 2293 3603
54 55 469 975
61 62 371 440
80 81 923 3397
0 120 1150 3588
51 53 2203 2397
19 19 334 3002
113 113 334 3002
17 18 411 4188
111 112 411 4188
60 61 232 2725
22 23 125 384
116 117 125 384
15 17 405 2653
109 111 405 2653
64 65 3065 3301
0 120 3364 3368
0 120 1344 1360
16 18 1170 1961
110 112 1170 1961
0 120 1693 3988
0 1 63 445
94 95 63 445
5 7 142 738
100 101 142 738
68 68 2186 3332
0 120 1076 1545
0 120 448 1976
10 10 155 2663
103 104 155 2663
11 11 2139 2762
70 70 633 975
53 55 20 2438
0 7 56 405
9 14 56 405
20 21 56 405
29 31 56 405
39 42 56 405
46 64 56 405
67 101 56 405
103 108 56 405
114 115 56 405
0 120 2559 2567
44 44 52 2915
5 5 267 625
99 99 267 625
0 120 3142 3147
19 20 1127 1483
113 113 1127 1483
8 8 1352 4045
72 73 1352 4045
76 88 1352 4045
11 13 146 2550
105 106 146 2550
75 76 2104 2926
0 120 2212 2459
54 54 407 2325
29 30 1544 1771
58 60 95 518
75 76 2120 2870
19 20 1170 3250
113 114 1170 3250
53 55 120 2268
83 85 1019 2300
55 55 396 631
8 9 131 1114
102 103 131 1114
0 0 2512 3101
6 9 2512 3101
14 15 2512 3101
36 36 2512 3101
41 97 2512 3101
99 110 2512 3101
68 70 13 2556
16 17 2783 3564
110 111 2783 3564
25 27 183 2967
119 120 183 2967
3 3 76 2346
96 97 76 2346
47 47 1132 3116
36 36 103 2449
36 37 146 3839
40 42 146 3839
59 60 146 3839
13 14 516 2618
107 108 516 2618
16 17 755 914
110 111 755 914
76 77 425 2500
43 43 27 3393
43 45 1025 2495
42 43 402 3270
0 120 1460 1669
58 59 9 2787
16 18 864 3301
110 112 864 3301
58 62 429 929
67 69 293 4266
4 5 451 688
98 99 451 688
45 45 1132 4055
0 120 564 565
0 120 2018 3882
0 120 858 2732
65 67 1675 2762
44 48 238 580
88 89 558 750
88 89 415 2162
59 60 216 4204
43 45 1668 2722
40 42 654 1397
44 44 654 1397
79 80 1831 1962
47 47 738 2788
0 120 1588 2204
91 92 2677 2922
15 16 160 2582
109 110 160 2582
3 4 120 1463
97 97 120 1463
29 31 1001 3198
74 77 2515 2594
0 120 3319 3328
64 65 1378 2367
34 35 1051 1972
51 52 347 873
0 120 2742 2758
52 53 524 2455
0 120 627 3896
0 120 2344 3651
37 38 93 956
44 45 554 2105
0 120 538 1572
64 64 2303 2307
78 79 56 1828
20 21 694 3805
114 115 694 3805
0 120 2951 3282
0 120 31 3461
61 63 3811 4140
2 4 2417 2594
96 98 2417 2594
2 3 2021 2594
95 97 2021 2594
12 13 2594 4176
106 107 2594 4176
65 66 168 1480
67 68 2434 2763
0 120 3717 3724
72 74 407 3748
2 3 429 3507
97 97 429 3507
0 120 508 3800
66 66 4 2577
0 0 1198 2557
93 94 1198 2557
65 66 253 3281
46 47 2228 3826
92 96 1961 3482
0 120 1259 3964
63 65 312 3861
43 44 102 4051
57 57 408 3569
3 4 418 1813
97 98 418 1813
68 70 91 1418
3 5 1013 3908
97 99 1013 3908
29 30 1945 3888
41 43 770 1706
0 120 3495 3503
0 120 202 2188
11 12 2029 2835
105 106 2029 2835
1 10 2139 2441
12 13 2139 2441
16 39 2139 2441
41 43 2139 2441
46 46 2139 2441
48 50 2139 2441
52 55 2139 2441
95 104 2139 2441
106 107 2139 2441
110 120 2139 2441
80 81 1418 2681
70 71 1483 3076
0 120 712 1701
0 120 557 4042
1 1 1094 1803
95 95 1094 1803
19 20 1190 1511
113 114 1190 1511
38 39 1944 1973
41 42 488 1993
64 66 1025 3918
69 69 934 3800
78 80 1064 3092
118 119 6 3939
0 120 1212 3744
27 28 1167 2281
81 82 126 2543
42 43 1946 2019
46 48 2386 3257
9 10 1985 2913
103 104 1985 2913
0 120 1575 3015
61 62 1606 2328
38 38 395 489
59 61 558 2173
87 89 587 659
47 47 1466 1567
67 67 1163 1758
43 44 2518 2595
50 51 32 3066
72 72 804 1825
0 120 1702 3729
0 120 439 946
48 48 1198 1752
19 19 310 3010
112 113 310 3010
18 18 344 1840
112 112 344 1840
84 85 1944 3262
66 67 1670 4191
88 90 1128 1922
0 120 2685 2708
0 120 1420 3262
24 24 1048 1404
46 48 1017 3811
92 93 1172 1470
31 32 1397 4032
66 66 1051 3395
73 75 187 1075
34 35 13 3174
28 28 931 1758
0 120 2927 3180
0 0 3104 4008
93 94 3104 4008
0 120 1187 1189
61 62 934 2995
55 57 1008 3698
0 120 1374 3267
50 52 130 1480
0 120 59 2768
24 24 52 1789
118 118 52 1789
80 81 1167 1476
61 63 294 1322
78 78 2601 2606
87 88 39 49
81 81 482 1558
15 16 2615 3443
108 110 2615 3443
56 57 2964 3597
37 39 1678 4028
33 34 66 1845
25 28 606 3287
119 120 606 3287
80 81 659 2359
0 120 24 1619
21 21 743 1306
115 115 743 1306
50 52 1064 3576
77 77 2666 3381
84 85 1967 2626
53 54 301 3590
3 5 1170 4002
15 16 535 1542
108 110 535 1542
0 120 1808 1815
28 28 2293 3550
70 71 2176 2965
0 120 2398 2812
47 48 1128 2056
75 76 2040 3104
95 95 146 269
0 120 2819 2842
0 120 2502 3135
18 19 1019 3052
112 113 1019 3052
27 29 635 2123
119 120 635 2123
0 120 403 2554
0 120 857 2724
0 120 879 2483
13 14 146 3652
107 108 146 3652
0 120 1278 2754
0 120 127 1158
91 92 571 2138
0 120 218 522
14 15 441 2257
108 109 441 2257
0 120 508 1035
14 16 470 743
108 109 470 743
91 92 635 3062
19 23 17 4181
25 25 17 4181
28 33 17 4181
35 44 17 4181
47 54 17 4181
56 80 17 4181
85 88 17 4181
114 115 17 4181
52 53 282 1446
70 70 1961 3161
45 47 27 173
50 51 168 2098
111 111 524 979
23 25 65 3848
117 118 65 3848
20 20 342 2436
114 114 342 2436
0 120 227 234
0 120 2252 2586
67 68 1961 4100
17 19 238 3776
111 113 238 3776
47 49 348 4136
52 54 353 2036
25 25 12 1743
118 119 12 1743
53 55 1398 1893
113 113 1537 2991
11 12 55 3510
37 38 75 3196
33 49 1670 3520
51 51 1670 3520
75 75 1004 3659
33 33 990 3761
12 12 1019 2247
106 106 1019 2247
27 27 1446 1560
0 120 561 3089
61 62 1001 3361
0 1 2126 3736
93 95 2126 3736
67 68 1352 1898
48 49 2623 3788
56 57 264 4034
0 120 362 1159
33 33 3092 4266
0 120 3885 3902
30 30 1768 1961
41 43 968 1908
45 45 412 3905
0 120 1897 2371
83 84 3257 3552
50 52 2591 3691
81 82 1003 1340
0 1 1944 3880
94 95 1944 3880
23 30 421 2678
118 120 421 2678
18 18 753 1165
112 113 753 1165
0 120 1577 2366
0 120 808 872
28 29 1682 3880
6 9 291 353
100 103 291 353
15 16 79 2160
108 109 79 2160
21 21 17 1282
91 93 1164 3136
43 44 412 1811
70 72 429 1226
7 8 255 4079
101 101 255 4079
49 50 1865 3183
77 79 1170 2392
65 66 349 708
13 13 445 1170
58 59 1033 1340
0 120 840 3951
46 47 28 1821
0 120 3567 3569
29 30 303 3746
34 36 193 1134
20 21 311 1355
114 115 311 1355
0 0 414 2796
92 94 414 2796
75 75 1288 3552
41 43 138 646
0 120 618 2037
17 19 146 2981
111 113 146 2981
55 56 1025 4081
0 120 1075 3444
114 114 1070 3100
52 52 32 2879
57 58 402 2412
17 18 2142 3060
111 112 2142 3060
87 87 2113 2130
88 88 418 3854
41 42 2629 3178
29 29 216 2407
66 68 923 3023
12 13 1045 1700
105 107 1045 1700
28 30 28 3110
33 34 105 2576
55 56 1017 3624
16 18 428 3983
110 111 428 3983
66 68 1025 1987
79 80 414 4085
68 70 1587 3188
5 6 264 2074
98 99 264 2074
59 60 847 934
65 65 432 4102
60 61 413 3860
53 53 0 2001
21 22 332 488
115 116 332 488
85 87 296 831
47 49 230 2463
48 49 741 3167
10 11 558 4214
104 105 558 4214
19 20 1172 1633
113 113 1172 1633
0 120 1839 2096
32 35 411 1720
18 19 94 2767
112 113 94 2767
50 51 75 2525
26 28 1467 4210
120 120 1467 4210
47 48 144 2130
48 48 558 1181
53 59 1404 3861
22 25 657 2126
116 119 657 2126
55 59 1128 3963
78 79 421 4101
11 16 264 3363
105 111 264 3363
78 79 2351 3183
0 120 1781 3030
39 40 1017 1880
0 120 1705 3974
0 120 3678 3692
79 80 2506 3471
78 79 2616 3077
3 3 417 3578
97 98 417 3578
116 116 2666 3194
12 14 141 1428
106 107 141 1428
3 4 611 2131
6 7 611 2131
12 12 611 2131
81 81 611 2131
90 91 611 2131
97 97 611 2131
44 44 1094 3039
0 120 2019 2040
23 25 417 545
118 119 417 545
42 42 949 2126
0 120 778 1490
89 91 1025 2121
1 2 412 3584
95 96 412 3584
34 35 66 2947
30 32 85 745
50 51 1351 2291
72 72 155 1484
66 66 334 3701
11 14 17 3994
106 108 17 3994
11 11 313 2824
30 32 34 3409
46 46 399 1844
73 75 1094 3389
33 33 985 1941
0 120 4245 4274
0 120 2777 2779
29 30 1404 3056
68 68 1433 3794
81 83 1190 4036
0 120 383 3004
1 4 402 802
95 98 402 802
0 120 2719 2774
0 120 403 3656
48 49 606 2295
14 15 1466 3153
108 109 1466 3153
65 66 348 1505
0 120 1612 2978
0 0 297 4169
5 7 297 4169
16 19 297 4169
23 23 297 4169
30 30 297 4169
66 67 297 4169
71 71 297 4169
80 80 297 4169
82 82 297 4169
92 94 297 4169
99 102 297 4169
105 105 297 4169
109 113 297 4169
117 117 297 4169
0 120 22 3964
81 82 1102 2876
0 120 4083 4104
10 13 19 3666
103 107 19 3666
20 22 310 2152
114 116 310 2152
10 10 1452 1942
104 104 1452 1942
46 48 724 1203
35 35 216 4180
66 67 903 2666
90 92 130 2716
40 40 2100 2917
66 67 1019 2060
71 72 126 2974
2 3 497 1197
96 97 497 1197
5 7 2217 2913
99 101 2217 2913
15 16 32 2558
109 110 32 2558
49 52 1025 1316
64 66 1016 3482
82 82 2062 3564
4 6 914 1485
98 99 914 1485
13 14 3092 4079
37 62 3092 4079
98 98 3092 4079
106 108 3092 4079
43 43 303 1331
45 46 2035 2118
62 63 256 3205
119 120 299 3841
18 18 417 4062
112 112 417 4062
20 21 1404 2251
114 115 1404 2251
82 83 58 4129
91 91 34 3543
0 120 734 736
55 56 32 464
91 92 264 1753
56 58 1771 2984
72 73 1461 2004
90 91 721 1440
19 20 492 2142
113 114 492 2142
78 79 793 1316
1 11 578 1162
15 22 578 1162
24 31 578 1162
36 37 578 1162
39 41 578 1162
49 49 578 1162
52 52 578 1162
56 57 578 1162
89 89 578 1162
97 97 578 1162
99 101 578 1162
112 114 578 1162
119 119 578 1162
44 46 767 4067
0 120 686 695
71 73 152 2451
12 13 644 2913
20 20 644 2913
30 34 644 2913
36 37 644 2913
39 44 644 2913
47 55 644 2913
61 61 644 2913
68 68 644 2913
114 114 644 2913
0 0 1072 1670
93 94 1072 1670
54 55 1037 2615
16 17 1816 2353
110 111 1816 2353
52 54 1408 4248
0 120 272 274
28 29 408 1101
46 48 554 926
0 120 1519 3298
7 9 707 1168
101 103 707 1168
83 84 416 3436
0 120 519 1871
0 120 462 1337
45 46 685 3072
0 120 2232 2416
2 6 1399 2415
9 10 1399 2415
12 13 1399 2415
16 22 1399 2415
24 24 1399 2415
27 28 1399 2415
31 31 1399 2415
34 34 1399 2415
36 36 1399 2415
53 54 1399 2415
59 64 1399 2415
66 67 1399 2415
71 71 1399 2415
80 80 1399 2415
89 89 1399 2415
92 92 1399 2415
95 95 1399 2415
97 100 1399 2415
103 103 1399 2415
106 107 1399 2415
110 116 1399 2415
118 119 1399 2415
61 63 30 3400
71 72 771 2092
9 10 303 526
103 104 303 526
38 38 84 1162
0 4 1431 2138
6 6 1431 2138
9 12 1431 2138
17 17 1431 2138
21 22 1431 2138
31 32 1431 2138
37 42 1431 2138
44 98 1431 2138
103 106 1431 2138
115 116 1431 2138
21 21 1461 4232
114 115 1461 4232
61 63 549 932
0 120 74 3857
0 120 1796 2236
0 120 332 2395
15 16 1230 3545
109 110 1230 3545
110 110 690 2103
51 52 1142 1446
0 120 82 2220
0 120 2816 2817
0 120 89 947
32 33 1946 2934
0 44 179 3092
50 55 179 3092
59 120 179 3092
21 23 354 3093
115 117 354 3093
83 83 171 4140
18 18 352 768
112 112 352 768
16 17 69 3863
110 111 69 3863
4 4 76 2590
98 98 76 2590
33 35 310 542
30 31 301 988
69 70 141 2985
32 34 297 3498
1 2 1670 1723
95 96 1670 1723
3 4 1025 2739
97 98 1025 2739
23 25 402 3514
117 118 402 3514
86 88 187 1640
19 21 104 3857
113 114 104 3857
8 10 85 1363
102 103 85 1363
0 0 1306 1446
82 94 1306 1446
0 120 1490 4007
75 76 2130 2647
57 58 1069 3196
65 66 314 2354
82 87 2965 3448
38 40 415 2406
86 88 65 4279
0 120 600 1405
0 120 1628 1847
21 21 410 3001
41 42 850 3273
35 35 934 3910
57 59 1132 2205
15 17 216 1415
109 110 216 1415
32 33 173 779
13 14 4 3976
106 108 4 3976
50 50 206 727
56 57 770 2755
82 84 1668 3905
34 35 914 4197
16 16 2287 2422
37 37 1946 2129
8 8 876 1461
102 103 876 1461
19 19 693 2508
113 113 693 2508
24 25 994 1682
119 119 994 1682
88 89 741 1236
69 72 2594 4070
0 120 522 1872
38 43 1016 3161
90 90 2549 2607
9 10 1397 3792
103 104 1397 3792
18 19 2164 2207
112 113 2164 2207
85 86 2207 2843
6 7 138 1882
99 101 138 1882
85 86 331 3997
36 37 315 1020
47 49 1091 1241
27 29 2138 4177
54 55 524 605
49 50 2626 3177
0 120 3197 3932
23 25 626 1821
116 120 626 1821
0 120 22 2838
3 3 225 1477
96 97 225 1477
84 85 230 1821
27 27 760 2575
120 120 760 2575
0 120 2711 2726
18 20 395 1888
112 114 395 1888
42 44 606 2108
69 69 1225 1591
0 120 2969 3701
32 33 1362 1862
0 120 739 2637
27 28 307 728
44 45 1193 2807
29 29 66 1605
90 92 2139 2685
44 45 399 2946
86 86 1820 2151
0 120 1150 2356
0 120 1707 3967
39 40 2606 3999
68 69 1875 3551
66 67 2324 2623
60 61 39 1098
17 18 1654 3552
111 111 1654 3552
26 27 1945 2038
120 120 1945 2038
0 120 269 2314
46 46 2595 3840
0 120 3849 3871
43 45 17 3002
0 120 1054 2998
0 120 1479 1484
4 5 2783 4076
98 99 2783 4076
109 109 492 1016
79 81 1404 2064
56 57 399 1791
0 120 1113 1134
33 34 918 3110
109 109 1816 4260
47 48 451 3644
0 120 3476 3481
18 18 425 2423
112 112 425 2423
46 46 1461 1817
53 54 1958 2623
90 90 2512 3963
0 120 4096 4098
50 52 1369 2228
59 61 1164 2762
0 120 801 2710
99 100 1107 2228
23 23 983 2192
37 38 348 3896
0 120 879 3532
92 93 189 3085
91 92 206 2500
0 120 182 1914
19 20 187 2258
112 114 187 2258
63 63 402 4132
0 120 1116 2721
0 120 4259 4277
10 10 2824 2922
104 104 2824 2922
4 6 1433 4091
98 100 1433 4091
0 120 3821 4051
0 120 3874 3877
53 54 2965 4066
55 56 238 1442
70 71 1399 2228
0 0 1172 3003
3 4 1172 3003
8 8 1172 3003
11 17 1172 3003
21 22 1172 3003
32 33 1172 3003
43 43 1172 3003
48 52 1172 3003
54 54 1172 3003
57 65 1172 3003
73 75 1172 3003
77 77 1172 3003
81 87 1172 3003
91 91 1172 3003
94 94 1172 3003
97 99 1172 3003
101 102 1172 3003
104 111 1172 3003
114 115 1172 3003
23 23 642 3188
27 27 642 3188
32 32 642 3188
38 39 642 3188
43 57 642 3188
60 67 642 3188
70 70 642 3188
72 75 642 3188
77 77 642 3188
117 118 642 3188
83 83 2595 3974
0 120 1497 3702
0 120 1425 2136
86 89 1418 3409
0 120 96 3429
20 22 1433 1997
114 116 1433 1997
77 78 435 1397
62 62 844 1602
0 120 591 1156
0 120 2174 3163
58 59 2196 2922
23 24 1771 1992
117 118 1771 1992
7 8 14 586
100 102 14 586
0 1 2438 2455
3 4 2438 2455
7 14 2438 2455
16 18 2438 2455
21 21 2438 2455
24 28 2438 2455
31 31 2438 2455
35 38 2438 2455
41 42 2438 2455
45 45 2438 2455
48 48 2438 2455
51 52 2438 2455
56 72 2438 2455
75 93 2438 2455
95 95 2438 2455
97 99 2438 2455
101 108 2438 2455
110 112 2438 2455
115 115 2438 2455
118 120 2438 2455
0 120 512 4246
28 30 932 2388
69 70 135 2044
26 26 1408 2317
120 120 1408 2317
55 56 85 237
77 78 303 1628
73 74 1292 2142
33 34 941 1161
1 3 1381 1433
95 97 1381 1433
86 89 1164 2896
37 38 129 694
0 120 308 2911
53 54 864 914
0 120 965 966
90 90 337 1397
62 63 2814 3092
93 93 2117 3918
19 20 252 535
113 114 252 535
65 65 2965 3261
0 120 675 1392
53 54 1203 3763
0 120 922 1269
56 58 1323 2367
63 64 1825 2763
72 72 1464 3538
9 9 3112 3688
103 103 3112 3688
0 120 1988 2003
0 120 1169 1900
86 86 257 1818
28 29 415 3158
51 51 2617 2928
0 120 2376 3805
26 27 17 2331
119 120 17 2331
33 34 793 2552
28 29 103 1351
22 23 2909 4268
116 117 2909 4268
55 56 292 4256
53 54 1001 3255
84 84 189 3569
61 62 1816 2650
8 9 14 3753
102 102 14 3753
109 109 1793 2666
4 4 777 2958
14 17 777 2958
25 25 777 2958
27 27 777 2958
98 98 777 2958
108 108 777 2958
110 110 777 2958
119 119 777 2958
64 64 767 2270
68 76 767 2270
0 0 2594 3883
91 94 2594 3883
0 120 1315 1321
0 120 2213 2471
83 85 299 3333
41 43 1070 3210
6 7 887 3503
100 101 887 3503
22 22 739 1161
0 120 1186 2604
34 34 417 1110
42 43 417 1110
56 56 417 1110
62 62 417 1110
99 100 417 1110
117 117 417 1110
40 41 30 664
66 66 410 4103
41 56 103 2640
59 59 103 2640
61 61 103 2640
66 68 342 936
52 52 278 3395
76 77 3524 4140
78 80 74 1121
0 120 509 1049
9 11 277 1480
103 105 277 1480
50 50 1397 1511
3 5 421 2922
97 99 421 2922
58 60 27 551
61 62 2117 4052
27 27 312 3918
33 33 312 3918
40 40 312 3918
120 120 312 3918
13 13 334 3677
107 107 334 3677
0 120 865 869
64 65 2126 2825
37 38 1334 3791
62 62 128 2296
60 61 2139 2498
73 74 19 3292
6 6 8 659
62 63 3743 4039
89 90 233 777
0 120 3383 3504
0 120 2275 2544
0 120 164 2892
27 30 277 2769
43 43 1070 2405
15 17 316 1943
109 111 316 1943
82 83 873 3554
29 29 331 3005
2 4 2323 2965
96 98 2323 2965
87 88 60 1199
0 120 1006 4083
46 48 1193 3909
0 120 1955 3478
79 79 219 2949
0 7 659 3221
14 14 659 3221
26 26 659 3221
37 38 659 3221
42 43 659 3221
53 53 659 3221
57 57 659 3221
72 75 659 3221
78 79 659 3221
82 83 659 3221
90 93 659 3221
95 97 659 3221
99 99 659 3221
52 53 225 485
20 21 975 3457
114 115 975 3457
92 92 517 1825
48 50 2513 3247
2 4 1009 2287
96 97 1009 2287
11 11 2142 4243
105 105 2142 4243
72 72 1090 2626
0 120 61 2713
0 120 3199 3925
0 120 2430 2431
86 87 635 2985
2 2 303 2246
96 96 303 2246
0 120 728 732
35 36 772 1004
7 8 409 952
100 102 409 952
86 87 1770 3324
0 120 151 162
24 25 2829 3079
118 119 2829 3079
0 120 3242 3248
0 120 494 501
47 48 626 2118
28 28 1070 1600
0 120 1061 2046
23 24 423 1789
117 118 423 1789
0 120 202 1790
85 87 3743 4173
41 42 193 3956
90 94 850 2765
62 63 2904 3603
29 30 2541 3551
14 15 717 3175
108 109 717 3175
2 4 1164 1420
97 99 1164 1420
50 52 606 3344
0 0 346 4171
92 94 346 4171
22 22 315 2606
0 120 1213 3756
51 53 1170 3120
76 76 1120 1313
111 112 2386 2859
5 6 187 3360
98 100 187 3360
48 48 488 2534
92 93 407 3134
10 11 1488 2648
104 104 1488 2648
13 16 34 3303
106 110 34 3303
4 4 2293 3607
98 98 2293 3607
22 23 1051 2647
116 117 1051 2647
88 89 1094 3283
10 12 94 1856
104 105 94 1856
18 19 56 1564
112 113 56 1564
56 57 2287 3792
22 23 346 2077
116 117 346 2077
12 13 1597 2591
106 107 1597 2591
0 120 857 2781
88 90 315 512
89 90 989 2708
28 29 1675 1693
66 67 27 3263
60 62 1094 3633
68 69 428 1328
77 78 144 1569
1 5 1422 2186
94 99 1422 2186
68 69 1064 2478
0 120 250 275
0 120 442 445
0 120 1302 1303
0 0 232 635
94 94 232 635
46 46 1418 2417
0 120 630 681
76 77 17 2144
39 46 225 2847
0 120 2902 2910
23 24 1121 3362
28 35 1121 3362
52 53 1131 1606
2 8 85 2278
11 11 85 2278
13 70 85 2278
73 77 85 2278
89 90 85 2278
96 102 85 2278
104 104 85 2278
111 120 85 2278
17 17 83 1451
110 111 83 1451
64 64 19 3910
0 0 70 2909
94 94 70 2909
80 81 741 862
86 87 1300 2546
42 44 2506 3849
12 13 255 1908
106 106 255 1908
0 120 284 394
87 87 225 3197
60 61 1001 3418
39 40 1488 2782
6 7 694 3675
100 101 694 3675
14 16 1203 1832
108 109 1203 1832
80 81 1019 3243
32 34 353 3382
0 120 1533 3464
70 71 1882 2120
2 2 812 1452
96 96 812 1452
0 120 1321 1329
25 25 2186 2531
119 119 2186 2531
0 120 97 2638
0 120 4112 4123
0 120 2235 2423
48 49 55 2412
54 54 163 225
20 21 1536 1668
114 115 1536 1668
0 120 1245 3936
59 60 2367 4040
0 120 1893 1905
37 37 855 2438
65 66 419 3039
68 68 438 3089
0 120 2867 3050
0 120 565 2864
0 120 878 1109
76 76 61 887
92 93 1105 3552
0 120 1719 1725
0 120 1588 2208
0 120 275 816
0 120 2644 2978
83 84 767 1278
91 91 180 3962
27 30 1321 2618
49 50 488 1863
47 49 1974 3183
0 120 100 3444
0 120 3968 3970
0 120 360 365
0 120 1533 1720
89 90 2142 2767
0 120 1954 3470
0 120 127 3577
16 17 1589 2783
110 111 1589 2783
12 12 123 2115
106 106 123 2115
92 93 797 3557
10 12 771 2336
104 106 771 2336
85 86 2287 3121
0 120 211 1181
33 34 390 3398
62 62 739 3552
4 5 1334 2449
98 99 1334 2449
16 16 418 3911
110 110 418 3911
38 41 1170 3738
91 92 1452 2670
55 56 60 1951
0 120 502 3050
0 120 2857 2870
0 120 1269 1273
61 62 2967 3230
37 37 2626 2937
1 2 2149 2783
95 96 2149 2783
16 17 1316 2782
109 111 1316 2782
41 41 2704 3759
0 120 3801 3806
0 120 2758 3241
0 120 318 647
78 79 58 1474
31 33 180 3157
51 51 488 1058
75 75 1724 2203
91 93 65 3584
20 21 94 2824
114 115 94 2824
0 120 1212 3748
21 23 2118 2507
115 117 2118 2507
15 16 2904 3416
108 110 2904 3416
5 7 276 771
99 100 276 771
16 16 1045 3985
21 21 19 3589
12 14 771 2470
106 107 771 2470
56 56 63 1417
7 9 417 3635
101 103 417 3635
11 12 367 1828
104 106 367 1828
49 50 9 2120
58 59 309 1069
0 120 3580 3591
0 120 997 3163
80 83 331 3302
0 120 615 617
2 3 408 2768
5 5 408 2768
14 16 408 2768
21 24 408 2768
59 60 408 2768
76 79 408 2768
86 90 408 2768
96 97 408 2768
99 99 408 2768
107 111 408 2768
113 118 408 2768
32 32 694 910
49 49 420 1839
36 37 103 2132
0 120 375 376
45 46 1676 3451
49 50 299 3764
85 86 373 3713
0 120 3346 3360
42 43 13 3178
36 37 407 3297
0 120 1856 2106
54 56 309 2008
49 53 135 2609
1 2 2058 2964
0 120 1252 2342
28 30 102 3600
76 77 600 844
93 93 72 2445
108 108 76 3318
0 120 2835 3945
0 120 2301 3257
16 22 386 1265
111 116 386 1265
0 120 2335 2841
37 37 2367 2564
70 71 72 351
0 120 1105 1137
87 87 155 3769
70 71 2789 3196
93 93 93 639
0 120 991 1789
45 46 2579 4140
83 84 1404 1958
7 8 349 2322
101 102 349 2322
31 31 94 4247
0 120 472 2887
0 120 2686 3448
0 120 351 2368
29 31 1433 2107
59 60 229 1439
72 72 103 2266
79 80 346 2024
16 18 187 3657
110 111 187 3657
1 6 760 1075
95 100 760 1075
0 120 1278 2758
0 120 1061 4221
32 32 1438 4171
33 35 299 3898
35 37 175 2142
24 24 1885 3170
118 118 1885 3170
61 62 2186 2344
0 120 381 2210
67 69 2506 4012
0 120 792 798
0 120 1592 1605
0 120 1060 3996
23 24 1000 3945
117 117 1000 3945
29 31 310 3498
58 58 1452 3288
0 1 989 2066
93 94 989 2066
0 12 235 3324
15 26 235 3324
28 28 235 3324
30 34 235 3324
36 46 235 3324
48 106 235 3324
109 120 235 3324
9 10 771 860
103 104 771 860
0 120 714 3709
80 81 581 4119
59 59 2909 4028
91 93 2904 3684
13 15 30 2518
107 108 30 2518
26 28 21 2964
119 120 21 2964
47 48 71 2327
44 45 2139 3063
0 120 1793 2426
0 120 1469 3992
44 47 208 346
86 88 1016 2734
1 6 2450 3864
95 100 2450 3864
0 120 1135 3365
0 120 2981 4254
15 16 438 4191
109 110 438 4191
34 36 1467 1852
6 8 1601 2606
100 102 1601 2606
41 43 95 819
35 36 521 2913
0 120 469 471
13 15 277 3684
107 109 277 3684
76 77 301 4078
85 87 2493 3160
0 120 3771 3777
26 27 1068 2493
120 120 1068 2493
53 53 2346 3110
0 2 694 3972
4 4 694 3972
8 8 694 3972
14 16 694 3972
19 19 694 3972
22 28 694 3972
30 34 694 3972
36 36 694 3972
48 55 694 3972
57 81 694 3972
83 98 694 3972
102 102 694 3972
108 110 694 3972
113 113 694 3972
116 120 694 3972
66 67 307 3334
0 120 4114 4116
0 120 124 3627
0 120 3181 3911
0 120 1278 3242
7 7 350 3381
101 101 350 3381
46 47 691 1230
0 120 2695 2705
87 88 1198 2724
79 82 138 2744
9 9 1246 1452
103 103 1246 1452
2 2 2414 2463
96 96 2414 2463
34 34 2139 2258
0 120 783 4202
0 120 1951 2961
69 70 349 712
92 92 297 522
91 92 1916 2186
24 25 413 1636
118 119 413 1636
15 17 84 414
109 111 84 414
18 19 294 1944
112 113 294 1944
0 120 1851 1976
1 7 346 3797
9 10 346 3797
12 16 346 3797
20 20 346 3797
67 68 346 3797
86 88 346 3797
96 101 346 3797
107 107 346 3797
3 3 351 4141
96 97 351 4141
18 20 1418 2848
112 114 1418 2848
17 17 418 2919
111 111 418 2919
32 34 130 2452
79 79 152 3931
14 15 30 558
107 109 30 558
15 16 342 3274
109 110 342 3274
0 120 1796 2427
0 0 1161 4131
92 94 1161 4131
21 21 2506 4280
114 115 2506 4280
71 71 1007 3664
0 120 2588 2592
8 10 353 430
102 104 353 430
0 120 1018 3264
57 58 956 2386
48 49 1467 2336
8 9 1408 2695
102 103 1408 2695
19 25 36 1662
112 118 36 1662
15 16 406 441
109 110 406 441
57 59 1170 1591
67 68 216 2761
79 80 402 3705
0 120 775 2001
24 24 219 3998
11 16 413 831
104 110 413 831
50 50 2832 3110
82 82 421 3166
0 120 2711 2783
0 120 424 431
4 5 128 1601
98 99 128 1601
0 0 293 1668
93 94 293 1668
32 33 1261 3557
69 70 34 1185
2 2 60 154
96 96 60 154
91 92 915 2920
89 92 696 2058
0 120 1489 1694
22 25 11 1955
0 120 3684 3703
0 120 2498 3614
45 45 82 1606
0 120 199 2191
38 38 6 4240
86 87 1007 2859
0 120 176 487
74 74 1676 2459
66 69 316 2187
83 83 989 1529
89 89 2613 2783
0 120 3179 3194
14 15 302 4009
108 109 302 4009
86 86 1007 3798
22 24 1019 2869
116 117 1019 2869
50 51 1467 2470
0 120 164 3486
31 32 4 2073
32 34 1330 1418
42 45 160 334
112 115 793 4219
0 50 182 4065
0 120 3234 3251
52 52 1398 3804
71 72 32 334
0 120 1948 3682
52 53 293 863
75 76 1602 3045
0 120 681 4163
14 15 1008 3060
108 109 1008 3060
0 120 4220 4221
30 31 168 2854
37 38 417 1838
0 120 403 3660
38 38 303 2490
48 49 1132 4035
92 93 292 3829
34 34 256 1920
43 44 63 559
68 69 2315 3102
0 120 2772 2789
0 120 2476 3959
17 18 193 817
111 112 193 817
0 120 1032 3804
0 120 258 1966
84 85 411 2208
33 33 846 2136
0 120 124 2151
80 81 765 2147
42 43 133 3368
54 55 1606 2763
49 49 2103 3569
84 86 36 3435
0 120 2323 3343
18 19 850 3948
21 21 850 3948
26 26 850 3948
28 29 850 3948
35 35 850 3948
39 40 850 3948
47 50 850 3948
58 58 850 3948
61 61 850 3948
112 112 850 3948
0 102 2265 2584
0 120 35 1520
23 24 1070 3133
117 118 1070 3133
0 120 588 915
33 35 741 1911
63 64 130 4009
75 76 1100 2029
10 12 13 3609
103 105 13 3609
0 120 2214 2245
29 30 1527 3759
0 120 1303 4051
67 69 635 3363
75 79 313 3312
52 54 1017 1213
36 36 258 1161
12 13 767 1038
106 107 767 1038
0 1 216 3379
94 95 216 3379
92 92 61 4030
55 55 353 1398
69 71 95 2860
24 25 76 366
118 119 76 366
7 8 927 1670
100 102 927 1670
67 69 94 3389
37 37 887 2271
69 71 1026 3369
87 89 1439 3538
57 59 346 3610
7 7 1770 4052
36 36 51 2938
63 64 216 1285
0 120 2955 2980
90 90 264 3985
72 72 219 2522
0 120 1767 3754
5 9 1483 3995
99 103 1483 3995
0 120 89 951
67 68 216 2224
19 20 166 417
113 114 166 417
48 48 811 3565
19 21 2142 3816
113 115 2142 3816
0 120 2954 3694
49 49 2615 4228
80 83 934 1686
57 58 123 3164
58 59 1606 3247
64 65 357 1116
76 76 374 531
88 89 164 721
116 116 66 186
0 120 3713 3719
21 22 740 1820
115 116 740 1820
38 39 17 3677
0 120 466 3503
96 100 1132 3364
23 23 58 1234
25 27 187 1644
119 120 187 1644
52 60 2303 3360
78 78 278 1008
2 3 2621 2703
96 97 2621 2703
73 74 30 1660
0 120 1953 2015
0 120 1490 4011
90 92 984 1399
0 120 1904 3062
0 120 1615 2959
0 120 2697 2698
8 9 1016 1876
102 102 1016 1876
77 77 1418 1856
50 51 2207 4002
24 24 696 1871
118 118 696 1871
69 70 61 3575
21 23 364 1132
115 117 364 1132
14 16 307 598
109 110 307 598
86 86 1651 3555
87 88 938 1404
34 36 659 1989
47 49 3 372
88 89 990 3257
67 68 851 3098
85 86 300 3749
39 46 2287 3365
112 113 277 3765
4 5 72 327
98 99 72 327
0 120 2479 3535
88 89 1001 3796
62 63 1013 2867
13 14 2103 4187
106 108 2103 4187
79 80 558 3226
6 7 1408 2642
100 101 1408 2642
45 46 635 2692
52 52 301 3570
0 120 1860 1985
57 58 743 2225
22 24 1128 2036
116 117 1128 2036
0 120 560 2518
9 9 1675 2205
59 59 109 367
26 26 9 3169
119 120 9 3169
41 42 535 2461
89 90 1070 3751
4 5 297 3047
97 99 297 3047
0 120 22 2842
0 120 600 604
60 61 421 3113
78 78 524 3992
53 53 506 2662
15 15 6 3248
0 120 2296 2673
0 120 164 2144
41 41 243 3191
0 1 409 1948
92 94 409 1948
1 3 13 1194
95 96 13 1194
1 1 1675 3494
0 120 651 3925
0 120 2886 2889
15 17 348 1672
108 111 348 1672
47 49 0 2652
48 49 1340 2457
0 120 2907 3177
0 120 15 2960
0 120 247 2529
28 29 373 2668
0 120 1546 2525
38 39 1611 2920
72 73 326 1132
78 79 1606 2576
19 19 1203 1405
113 113 1203 1405
15 16 133 737
108 109 133 737
39 39 152 979
80 80 353 2955
84 85 0 3591
0 78 2820 3962
60 61 1185 1765
0 120 2496 3084
0 120 2664 2668
40 41 141 1729
65 65 898 1708
27 29 2572 3079
30 32 1080 1190
11 11 3170 3937
104 105 3170 3937
71 72 1201 2648
64 65 554 2837
0 2 1352 2817
94 96 1352 2817
28 29 2202 2987
0 120 2224 2746
0 120 405 2714
0 120 2719 2725
0 57 296 3710
80 120 296 3710
48 49 3203 4235
56 57 278 4070
2 2 206 2504
9 13 2117 3788
103 107 2117 3788
0 120 1709 3993
0 120 1703 1704
46 47 412 1791
54 55 1565 1770
31 33 240 2273
0 120 437 2787
49 52 1483 2869
3 4 793 2422
97 98 793 2422
14 15 1132 1888
107 109 1132 1888
88 89 299 2853
22 25 1450 2197
52 53 216 1098
32 32 61 4193
88 89 1171 2782
116 118 180 1441
85 86 372 1611
38 39 537 1678
69 70 1091 3018
53 54 270 1334
37 37 34 2555
113 116 292 1093
74 75 584 3187
0 120 2174 3167
0 120 849 3670
0 120 207 231
4 4 331 2741
97 98 331 2741
42 42 133 282
79 83 1446 1674
57 59 358 400
0 55 36 349
57 60 36 349
63 109 36 349
111 111 36 349
113 120 36 349
106 106 72 3978
6 8 160 415
100 102 160 415
0 120 244 1052
17 18 1013 2546
110 112 1013 2546
49 50 316 2618
13 14 3110 4020
107 108 3110 4020
0 120 3881 3897
56 57 27 2515
68 68 3564 4190
86 87 2133 2577
17 18 30 534
111 112 30 534
0 120 2148 2885
29 30 155 980
32 32 983 1391
78 78 418 3834
108 110 1197 1320
19 20 2506 4256
113 114 2506 4256
61 62 2291 4102
86 89 209 1216
0 120 1069 2074
85 85 1021 1094
10 12 410 940
104 107 410 940
7 8 451 749
101 101 451 749
76 76 258 3552
0 120 869 1262
82 84 144 4204
33 33 63 3084
44 44 987 3203
68 68 105 3495
9 11 989 3249
103 105 989 3249
0 120 2637 2645
83 92 128 2166
98 98 128 2166
2 3 702 2438
96 97 702 2438
20 22 1670 2829
114 116 1670 2829
25 25 1739 2434
47 48 741 4086
30 30 3187 4216
91 93 2142 2824
71 71 554 1227
0 120 707 1469
24 25 2131 2665
118 119 2131 2665
15 16 300 3562
109 110 300 3562
19 19 644 1120
113 113 644 1120
42 43 1117 1340
36 36 1196 1633
32 34 843 2269
19 20 32 2993
112 114 32 2993
0 120 816 823
0 120 2987 3000
0 22 1588 3554
30 31 1588 3554
33 34 1588 3554
40 116 1588 3554
46 48 34 3039
5 8 404 2572
99 102 404 2572
18 21 130 3501
112 115 130 3501
28 30 53 837
33 33 53 837
64 65 932 1937
54 55 285 2126
52 52 2142 4113
0 120 2861 3800
0 120 1058 2049
0 120 667 2393
35 36 1682 4128
73 74 63 3218
0 120 1312 3097
1 1 135 2532
95 95 135 2532
82 84 238 3219
10 12 1091 1408
103 106 1091 1408
78 80 1483 2198
114 114 30 1957
118 118 30 1957
0 120 203 1885
0 120 3914 3925
0 120 4239 4247
92 93 436 3584
25 27 1721 1962
119 120 1721 1962
22 23 805 1172
116 117 805 1172
79 83 141 1192
0 120 2880 2887
37 37 1166 2117
69 71 13 1946
0 120 4083 4084
53 54 592 1064
53 54 36 617
81 83 95 3641
0 120 1690 3965
41 42 1671 3723
65 67 441 1834
59 61 293 3656
73 73 1091 3636
63 64 631 1177
41 42 230 833
74 75 309 1126
0 36 524 3000
56 56 524 3000
64 65 524 3000
74 75 524 3000
86 86 524 3000
92 120 524 3000
56 57 1164 1640
91 92 1677 2979
19 20 109 314
113 114 109 314
21 21 150 315
115 115 150 315
90 92 209 895
0 120 529 4283
73 75 407 910
83 85 30 1152
34 35 293 4006
0 120 263 1131
0 1 60 2492
94 95 60 2492
75 82 216 3005
50 51 2587 3550
3 16 1825 2446
19 19 1825 2446
48 50 1825 2446
54 93 1825 2446
95 110 1825 2446
112 114 1825 2446
116 117 1825 2446
0 36 1419 1758
38 48 1419 1758
50 105 1419 1758
107 119 1419 1758
0 120 1061 2050
38 39 58 2604
91 92 342 2363
76 77 75 2773
43 43 407 1260
53 66 407 1260
69 71 407 1260
97 99 407 1260
69 69 1291 2512
23 24 367 4113
117 118 367 4113
35 42 482 4063
0 120 1795 2045
10 11 1466 3267
105 105 1466 3267
67 69 331 2204
20 21 134 3353
114 115 134 3353
51 52 430 2183
67 68 2623 3365
71 71 55 3437
0 120 1213 3760
73 73 3054 3551
29 31 2372 2965
91 91 347 613
78 80 2594 3566
0 120 1415 2174
2 3 312 2312
95 97 312 2312
16 17 425 1435
111 112 425 1435
0 30 1103 1121
32 120 1103 1121
21 22 1624 2513
115 115 1624 2513
0 120 991 1846
86 89 1741 3098
3 4 292 1845
97 98 292 1845
41 44 923 3405
0 120 4212 4224
3 11 17 3303
97 105 17 3303
8 9 1340 3693
102 102 1340 3693
0 120 247 3765
54 55 581 2887
34 35 390 4073
25 25 887 4125
119 119 887 4125
0 120 2318 2328
78 79 95 1681
79 80 2130 2277
13 13 1677 3463
107 107 1677 3463
12 15 202 989
20 21 202 989
23 26 202 989
30 30 202 989
36 36 202 989
102 110 202 989
113 114 202 989
116 120 202 989
0 120 1530 1723
11 12 1025 2719
105 105 1025 2719
0 120 1302 1307
89 89 12 4248
7 9 93 2924
101 103 93 2924
0 120 2691 2694
15 16 1168 1492
109 109 1168 1492
8 9 1008 4243
102 102 1008 4243
9 10 2434 3792
102 104 2434 3792
117 119 34 1563
0 120 218 1872
2 2 1673 3879
96 96 1673 3879
34 35 11 2333
85 87 147 3160
0 2 411 2452
94 95 411 2452
57 57 371 2087
91 92 314 3273
93 93 1812 1944
0 120 2746 2751
88 90 535 4181
0 120 1135 3422
82 84 2783 3572
7 8 921 2904
101 102 921 2904
6 7 563 3196
100 101 563 3196
58 59 1334 2319
0 120 1346 1390
87 87 1774 2591
53 54 1132 3124
8 10 456 1821
102 104 456 1821
0 120 865 2780
74 74 1961 2417
0 120 870 872
54 55 438 1215
41 41 2131 2828
55 56 1450 3433
67 67 238 2093
52 54 128 4207
46 47 2626 2807
83 85 1668 1791
53 53 1194 1908
54 56 506 2288
115 116 29 414
29 29 622 1682
14 14 400 2801
108 108 400 2801
0 120 276 291
0 120 501 2853
0 120 883 1457
58 60 2906 2982
0 20 347 2386
23 92 347 2386
95 114 347 2386
116 120 347 2386
26 28 125 4259
60 60 1130 1334
82 83 524 1524
13 13 959 1452
106 107 959 1452
27 27 331 1883
0 120 3108 3116
79 80 1404 3788
17 17 1039 2909
111 111 1039 2909
29 30 1868 2202
28 28 2029 3059
7 8 2595 3470
101 101 2595 3470
39 40 635 1513
58 58 344 775
29 32 299 3284
21 23 397 409
115 118 397 409
66 69 128 3402
71 71 1685 3434
14 16 1017 2746
108 110 1017 2746
29 30 14 4054
8 9 296 2986
102 102 296 2986
21 21 253 2350
115 115 253 2350
36 38 1299 1678
68 70 2653 3825
86 87 2782 4235
85 86 2100 3649
38 39 264 1196
69 70 1585 3203
0 120 40 2242
0 120 1127 2325
29 30 134 1877
42 42 509 1000
0 67 2303 2665
69 120 2303 2665
12 13 1121 1756
106 107 1121 1756
33 34 453 1068
0 120 2127 2439
71 71 34 892
47 47 1195 2644
36 36 152 2833
25 29 348 493
41 44 348 493
48 48 348 493
50 55 348 493
58 66 348 493
69 69 348 493
73 84 348 493
104 104 348 493
118 120 348 493
0 120 2171 3650
0 120 712 1709
10 12 1615 3203
105 105 1615 3203
0 120 269 1139
99 99 105 3926
2 3 2292 2664
12 12 2292 2664
23 24 2292 2664
26 27 2292 2664
29 33 2292 2664
35 92 2292 2664
117 117 2292 2664
2 3 1225 1705
96 96 1225 1705
48 51 96 2120
13 13 1120 4163
107 107 1120 4163
65 67 1068 3973
39 41 309 3167
25 26 377 3301
119 120 377 3301
92 93 136 206
30 31 1433 1627
0 120 2804 3189
58 59 130 2643
0 120 2525 3774
36 37 1821 3429
0 120 1721 2259
0 120 2574 3666
0 120 2216 3958
70 70 299 2829
0 120 2534 2547
71 72 27 2141
25 25 985 4096
118 119 985 4096
0 1 300 3993
4 5 300 3993
8 12 300 3993
37 40 300 3993
44 57 300 3993
63 63 300 3993
69 74 300 3993
77 84 300 3993
87 93 300 3993
95 95 300 3993
98 99 300 3993
102 108 300 3993
111 112 300 3993
120 120 300 3993
8 8 558 2531
101 102 558 2531
32 32 52 3891
7 8 334 2823
101 102 334 2823
3 4 346 1894
13 13 346 1894
16 16 346 1894
27 34 346 1894
60 60 346 1894
62 62 346 1894
65 74 346 1894
76 78 346 1894
82 82 346 1894
97 98 346 1894
106 110 346 1894
113 115 346 1894
56 58 1977 2629
0 120 576 2356
86 87 1008 2767
9 10 32 3424
102 104 32 3424
11 12 2120 3846
105 106 2120 3846
0 120 711 3712
83 84 353 4004
47 48 301 3814
97 97 102 221
0 120 2266 3671
64 65 743 2469
0 120 2737 3256
7 14 1682 3620
102 108 1682 3620
44 44 3160 3359
0 120 4092 4093
76 77 300 1899
34 34 52 1797
0 120 64 868
37 38 793 1243
4 5 292 2947
98 99 292 2947
11 13 299 1674
105 107 299 1674
55 56 694 2203
45 45 14 2444
92 93 2278 3092
6 8 1194 2526
100 102 1194 2526
0 120 1242 1254
6 9 292 3886
100 103 292 3886
86 87 1025 3471
60 61 1398 1767
13 13 147 2973
107 107 147 2973
0 120 80 1751
54 55 350 1612
84 86 138 3419
33 35 277 2265
88 89 743 3758
0 120 3456 3478
43 45 32 1680
34 34 846 2193
81 82 438 3122
0 120 3392 3493
6 8 1028 1675
100 101 1028 1675
24 25 2258 3564
118 119 2258 3564
12 12 1869 2291
106 106 1869 2291
40 42 1167 2773
53 54 38 3188
79 80 2581 3251
85 87 1399 2342
0 120 2161 3631
5 5 146 2721
99 100 146 2721
5 6 781 1017
99 100 781 1017
33 33 1197 4113
89 90 104 2495
5 6 1334 2132
99 100 1334 2132
13 13 262 3835
107 107 262 3835
63 65 950 1203
0 120 630 1787
0 120 203 222
2 3 53 2907
96 97 53 2907
52 53 2782 3914
58 59 53 463
19 22 180 2490
113 115 180 2490
9 10 1092 3538
103 104 1092 3538
63 63 259 2783
0 120 218 530
70 72 412 3779
78 78 689 2367
42 43 2438 2569
3 3 134 1556
89 92 1352 2122
68 70 1102 1193
0 120 2855 2857
0 2 71 453
94 95 71 453
17 18 102 3738
111 112 102 3738
40 41 606 1551
63 65 293 1054
5 5 289 3564
61 61 51 1706
52 120 1389 3128
0 120 186 1342
66 67 635 3420
1 1 313 3369
95 95 313 3369
85 86 738 2609
4 4 1094 1490
21 23 1094 1490
29 45 1094 1490
47 80 1094 1490
82 87 1094 1490
89 90 1094 1490
92 92 1094 1490
97 98 1094 1490
117 117 1094 1490
0 120 1990 2005
46 46 371 1095
46 47 2869 2913
104 104 990 2830
20 21 2203 3052
114 115 2203 3052
48 49 2626 3909
31 33 1167 1968
70 70 349 3965
12 12 1013 1501
105 106 1013 1501
0 120 3150 4094
49 49 292 987
84 85 354 1865
87 87 79 3323
62 64 743 859
68 69 2773 3555
90 92 256 2461
33 34 419 1701
45 45 16 530
93 93 315 3041
0 120 502 2867
0 120 2537 3463
57 58 1293 1676
77 77 2134 2292
64 64 0 936
64 66 2269 3648
0 120 1080 1568
96 97 1164 2205
49 50 1671 3699
2 3 78 1758
96 97 78 1758
61 75 1668 1738
0 120 4114 4120
20 20 399 1584
113 114 399 1584
0 120 2338 2472
32 32 409 582
14 14 2203 2247
0 120 1580 3022
0 120 384 2215
0 120 1941 2247
0 120 1996 2708
21 21 423 3863
115 115 423 3863
33 35 1190 3776
84 85 104 885
76 77 2244 3187
0 120 2256 2258
0 120 687 711
20 22 2292 2477
114 116 2292 2477
91 92 370 1004
61 63 387 419
118 118 26 1194
89 89 1164 3494
67 69 899 2287
18 18 1418 2852
112 112 1418 2852
56 58 253 1358
66 66 26 2133
35 37 3301 3808
12 12 429 2523
106 106 429 2523
47 47 85 2713
87 88 1743 3551
4 4 294 2298
93 93 232 1420
4 7 27 1954
25 26 3110 3459
119 120 3110 3459
0 120 443 1640
64 64 1167 3391
0 120 2588 2596
111 111 1232 3786
88 88 160 3237
89 90 399 779
83 84 516 2118
90 92 309 4269
0 120 1018 3268
2 3 1352 2390
95 96 1352 2390
40 42 309 1825
0 120 2002 3438
0 120 1050 2991
0 120 2978 3690
54 55 160 4176
23 24 187 4279
117 118 187 4279
39 39 1197 1698
62 64 1140 1164
75 76 777 1112
0 120 1059 4208
72 74 371 424
0 120 2456 2827
0 120 3822 4045
76 78 3022 3238
6 7 1461 1744
9 9 1461 1744
11 17 1461 1744
20 45 1461 1744
47 49 1461 1744
51 51 1461 1744
105 111 1461 1744
116 119 1461 1744
54 54 826 1004
42 42 2591 4183
1 1 2019 3203
16 20 44 968
111 114 44 968
54 54 3557 3747
55 57 353 4167
63 64 180 3458
63 64 414 1410
46 48 230 2821
0 120 2587 3660
46 47 1438 2699
1 2 975 1477
95 95 975 1477
37 38 1116 2648
42 42 1945 4193
31 33 255 599
18 20 277 2078
111 114 277 2078
64 65 1397 2109
72 73 373 1786
0 120 940 1641
0 120 1014 1590
0 7 334 1831
10 10 334 1831
12 22 334 1831
25 80 334 1831
83 84 334 1831
86 101 334 1831
104 104 334 1831
106 116 334 1831
118 120 334 1831
0 12 1162 2242
15 33 1162 2242
35 120 1162 2242
24 25 1008 1775
117 119 1008 1775
42 47 1300 3115
80 81 3564 3763
48 50 16 209
0 120 2199 3147
0 120 1351 1360
51 52 1017 2238
78 80 93 3839
0 120 3522 3537
41 42 390 3833
0 120 1083 1545
81 82 1121 1837
52 52 2293 3721
56 58 1944 3567
62 64 1408 2244
18 18 372 3412
112 112 372 3412
0 50 1196 2361
77 77 1196 2361
84 97 1196 2361
100 101 1196 2361
104 105 1196 2361
107 109 1196 2361
115 120 1196 2361
86 86 225 4116
39 39 581 2997
0 0 130 846
93 94 130 846
4 5 120 158
98 99 120 158
1 2 2303 3096
95 96 2303 3096
27 27 1011 2581
28 29 2318 2438
46 47 1262 1668
0 1 2367 4020
94 95 2367 4020
0 120 526 4229
0 120 2561 2573
80 81 670 975
0 120 143 1458
47 48 253 4070
0 120 1244 1247
63 65 316 1386
0 120 1097 1951
91 91 717 2484
0 120 481 1453
0 120 727 728
33 36 238 3947
49 51 128 2089
66 67 1026 3239
0 120 1413 2187
34 35 79 3136
0 120 3458 3471
0 120 1011 3870
0 120 3067 3091
38 39 419 1514
59 60 1174 3110
67 68 264 3855
8 10 293 3095
102 104 293 3095
37 39 296 2612
49 51 767 2197
26 26 743 1611
120 120 743 1611
86 87 60 1581
19 28 2035 2126
31 31 2035 2126
109 120 2035 2126
90 91 932 1510
7 7 300 3485
100 101 300 3485
78 79 11 3382
0 120 1160 1899
30 30 1758 2757
48 48 2133 2634
81 81 238 2792
75 75 141 2859
0 120 345 2854
75 78 696 1391
13 14 134 1853
106 108 134 1853
37 39 258 1165
0 120 464 3485
15 16 760 2315
109 110 760 2315
34 36 350 4137
57 58 410 1936
0 120 1251 2552
46 47 375 1161
26 26 76 370
120 120 76 370
4 5 354 4256
9 10 1051 4184
103 104 1051 4184
0 120 3396 3508
21 21 2623 2804
114 115 2623 2804
0 120 1572 3132
0 120 2301 2753
18 19 1334 3718
112 113 1334 3718
3 3 4 467
7 10 4 467
13 15 4 467
58 67 4 467
69 70 4 467
72 73 4 467
75 93 4 467
96 97 4 467
100 104 4 467
107 107 4 467
74 75 983 2737
62 63 1461 3301
4 6 1113 2029
98 100 1113 2029
87 89 2782 3056
42 43 278 2167
6 7 770 2629
9 9 770 2629
16 20 770 2629
22 24 770 2629
28 32 770 2629
67 67 770 2629
71 71 770 2629
80 81 770 2629
90 93 770 2629
100 101 770 2629
103 103 770 2629
110 113 770 2629
116 118 770 2629
88 89 1279 2506
0 120 1707 3707
67 69 2072 2142
0 120 1505 1506
25 27 1675 4169
119 120 1675 4169
0 120 143 2881
74 75 1117 1397
6 7 79 1176
100 101 79 1176
0 120 4019 4022
80 88 256 2758
0 120 2919 2923
0 1 27 2706
93 95 27 2706
37 38 667 2100
4 7 247 760
98 101 247 760
81 86 1164 2152
79 79 314 484
29 31 348 3286
0 120 466 3507
29 30 390 479
12 14 2138 4051
106 108 2138 4051
42 43 144 1012
55 56 651 2506
63 63 1026 1629
16 17 71 3917
109 111 71 3917
0 120 1043 1044
72 73 1012 3451
0 120 2054 2071
20 20 294 956
0 120 1837 1844
0 120 2754 3236
0 120 636 4103
15 16 856 2157
109 110 856 2157
1 3 1045 2810
95 96 1045 2810
43 44 214 438
0 120 205 1638
75 77 1418 1860
60 63 14 2070
72 72 1399 1618
0 120 1077 1567
87 88 0 2172
0 56 177 1310
14 14 54 2408
108 108 54 2408
19 22 95 2409
113 116 95 2409
46 47 1537 2491
22 22 2130 3005
41 41 277 1891
80 80 1101 3092
48 51 1168 1870
0 120 574 3575
84 84 1185 1285
72 73 844 992
63 63 104 1182
0 120 1924 4068
66 67 2922 3170
85 85 441 3985
46 46 28 2126
75 75 41 79
48 54 230 2984
90 92 1760 2913
0 120 4232 4264
0 120 1596 1758
81 82 1780 3565
0 120 3624 3627
0 120 2464 2477
0 120 427 2774
0 120 370 2240
23 23 1509 2513
116 117 1509 2513
0 120 387 1655
0 120 3107 3108
5 6 230 3923
99 99 230 3923
0 120 359 361
76 77 168 793
20 21 390 3646
114 115 390 3646
61 61 386 2184
66 67 429 2820
0 120 1212 1768
51 51 293 3713
61 62 293 3713
65 67 293 3713
71 90 293 3713
96 96 293 3713
100 100 293 3713
103 103 293 3713
35 35 126 567
53 58 126 567
62 69 126 567
72 76 126 567
79 80 126 567
86 87 126 567
90 90 126 567
23 23 117 1013
117 117 117 1013
0 120 2703 3432
0 120 619 3883
23 25 1128 2040
117 118 1128 2040
79 81 421 2178
79 81 94 1783
15 15 2532 3550
109 109 2532 3550
78 78 460 1352
86 87 168 1732
19 20 1451 3447
113 114 1451 3447
60 61 109 371
48 49 1862 2035
78 79 1602 2862
0 120 838 2466
0 120 3102 3114
29 31 146 3636
47 48 1195 1949
27 29 1759 2287
43 45 186 968
36 36 12 3821
79 79 1433 3026
0 120 1841 2097
27 28 3102 4053
32 32 3102 4053
53 60 3102 4053
63 65 3102 4053
80 80 3102 4053
84 88 3102 4053
67 69 743 2579
16 17 1008 3816
110 111 1008 3816
13 13 624 2133
21 21 624 2133
25 46 624 2133
48 48 624 2133
54 54 624 2133
57 57 624 2133
63 63 624 2133
107 107 624 2133
119 120 624 2133
65 66 144 1496
0 120 3734 3741
0 120 1059 2061
0 120 2251 3658
24 25 429 4109
118 119 429 4109
50 54 21 2594
0 120 2075 3432
84 84 2376 2606
54 55 1921 2965
84 86 301 1830
27 27 347 3703
0 120 247 2533
68 69 2921 3079
0 120 1534 3458
3 5 887 2893
96 100 887 2893
35 36 1193 3165
51 52 1678 4146
39 39 90 105
41 45 90 105
47 56 90 105
59 63 90 105
65 84 90 105
88 91 90 105
93 99 90 105
105 107 90 105
109 109 90 105
111 115 90 105
6 8 535 721
100 102 535 721
0 120 222 224
56 58 1051 1769
69 71 1230 3232
0 120 2547 3777
22 22 2633 3551
116 117 2633 3551
97 97 85 3144
0 120 561 3073
5 6 1825 3792
99 100 1825 3792
12 13 581 2005
106 107 581 2005
0 120 1135 3345
18 18 777 3637
111 112 777 3637
30 32 299 629
0 120 3867 3869
29 30 1198 1415
0 0 3238 4075
92 94 3238 4075
0 120 2649 3680
17 17 32 3668
110 111 32 3668
0 120 1348 1359
57 57 209 1086
64 65 402 3201
0 120 4247 4275
86 86 1121 2134
91 92 186 1102
90 91 1225 4177
35 120 184 1029
0 120 2706 3433
52 53 342 1615
64 64 1019 1076
54 55 1946 3910
78 78 126 1990
24 25 1051 3997
118 119 1051 3997
0 120 1921 3099
57 58 3196 4199
67 67 328 404
89 90 1 9
91 91 138 2724
35 35 351 3771
56 63 303 2791
52 52 310 1518
48 48 738 2719
85 86 60 589
78 79 2508 3798
0 120 901 1205
0 120 2575 2576
0 120 1181 4228
34 35 1203 3987
21 22 861 1806
115 116 861 1806
19 20 866 2904
113 114 866 2904
0 120 167 2149
0 1 898 907
4 7 898 907
9 13 898 907
17 18 898 907
27 32 898 907
39 39 898 907
41 42 898 907
45 45 898 907
47 47 898 907
59 62 898 907
67 68 898 907
71 73 898 907
80 81 898 907
83 84 898 907
90 90 898 907
93 95 898 907
98 100 898 907
103 106 898 907
81 81 323 410
0 120 2799 3223
73 75 488 2729
23 24 1718 2366
117 118 1718 2366
54 54 314 3330
25 26 160 2863
119 120 160 2863
59 60 93 887
76 77 1820 3582
0 120 1075 3428
0 120 1080 3772
97 97 13 2621
65 67 83 1862
87 89 914 1790
0 120 790 3444
2 3 260 1000
96 97 260 1000
70 72 1094 2889
2 3 1682 3059
96 97 1682 3059
3 4 144 825
96 98 144 825
0 2 302 1411
94 96 302 1411
5 7 374 3731
99 100 374 3731
0 120 2282 2300
0 120 389 2319
67 68 1726 2607
52 55 411 3798
16 17 989 2314
110 111 989 2314
30 32 1825 1832
46 46 342 1749
51 53 1429 3552
64 64 111 1816
0 120 1248 1262
13 15 1771 3289
107 109 1771 3289
26 28 558 815
120 120 558 815
0 120 1492 1622
32 33 1970 2186
61 61 163 1225
0 120 2637 2649
68 68 684 2617
40 41 1821 2063
86 87 1678 3475
72 73 2523 3301
83 84 1724 2130
72 73 3458 3552
111 111 53 1996
20 22 1348 2782
114 116 1348 2782
0 120 3263 3276
0 120 2122 2176
17 19 2922 2983
111 113 2922 2983
67 68 331 1940
70 72 353 1699
0 120 2806 2808
20 24 189 544
26 26 189 544
29 29 189 544
31 76 189 544
78 83 189 544
88 88 189 544
108 108 189 544
114 120 189 544
58 59 694 2931
0 120 1315 1329
2 4 1461 3598
77 79 1461 3598
86 86 1461 3598
89 89 1461 3598
76 84 1334 1571
12 14 0 3274
106 107 0 3274
72 73 592 934
14 15 1013 2684
108 109 1013 2684
19 22 2594 3302
113 115 2594 3302
72 74 2133 2715
81 83 66 2581
0 120 1762 3711
38 39 960 2269
0 120 3047 3055
48 52 548 1012
0 120 2917 3928
48 48 2186 2726
79 80 374 3865
56 57 386 2936
78 81 429 3572
0 120 642 647
14 15 965 3552
107 109 965 3552
0 120 3926 4128
0 120 208 1883
101 101 605 765
53 54 696 883
52 54 2230 3183
75 76 103 2998
85 85 1170 1705
7 8 1016 1238
101 101 1016 1238
5 6 135 3475
99 100 135 3475
0 120 4028 4031
0 120 1323 1920
51 51 404 3865
50 51 844 3383
10 11 1004 3106
103 105 1004 3106
13 14 1088 3743
107 108 1088 3743
69 71 1045 3107
0 120 3842 4026
41 41 131 2952
76 78 733 1300
46 48 1025 3394
0 120 1006 3152
0 120 194 1022
91 92 1195 3051
0 120 992 1002
74 74 32 2192
73 74 364 1433
89 90 219 2018
33 34 17 2823
0 120 906 2167
52 52 2580 3538
42 42 2131 2214
0 120 893 3625
71 72 1602 1870
33 33 141 1546
7 7 232 1664
10 13 232 1664
17 17 232 1664
19 21 232 1664
27 31 232 1664
34 35 232 1664
44 45 232 1664
100 101 232 1664
104 107 232 1664
111 116 232 1664
72 73 1051 2521
89 89 625 1366
81 83 315 386
0 0 141 2485
5 11 141 2485
14 15 141 2485
18 22 141 2485
24 26 141 2485
28 29 141 2485
32 37 141 2485
39 39 141 2485
42 65 141 2485
99 101 141 2485
112 115 141 2485
119 120 141 2485
90 90 743 1587
67 67 256 3189
72 73 34 144
88 90 1008 2824
6 8 94 2080
100 101 94 2080
0 120 2945 3262
63 64 66 4004
0 120 1585 3744
29 30 1167 1541
51 51 898 2814
64 66 1232 1936
72 72 848 1007
0 120 172 458
67 69 65 3779
84 85 13 3589
78 79 717 2244
84 84 230 2126
28 29 345 386
16 17 1019 4272
110 111 1019 4272
75 75 1671 1983
7 10 293 1916
101 103 293 1916
0 120 597 607
35 37 738 2532
37 39 506 2963
68 70 1168 1362
0 120 2768 2784
8 9 2909 3955
102 103 2909 3955
71 73 63 673
22 26 2217 2681
116 120 2217 2681
40 41 629 1084
34 34 30 2445
77 77 1962 3852
68 70 138 3476
90 92 787 1670
21 23 193 931
115 117 193 931
27 29 141 741
42 44 1091 2835
0 120 1469 1475
63 65 428 2491
40 42 856 2938
83 84 297 1254
0 120 462 1321
27 28 2536 3565
1 2 934 1316
94 96 934 1316
32 33 1340 2758
0 0 306 1747
90 93 306 1747
49 50 180 1608
59 61 506 869
113 113 2274 3565
0 120 1723 3462
13 15 135 1865
107 109 135 1865
32 33 2607 3216
5 12 17 3307
99 105 17 3307
59 60 1194 3872
0 120 247 3769
19 20 372 2717
113 114 372 2717
0 120 1179 2251
0 120 1578 1768
0 120 2398 3227
0 0 125 3779
93 94 125 3779
25 28 1026 2194
119 120 1026 2194
0 120 2979 2980
9 11 102 3795
103 105 102 3795
0 120 1824 2174
58 58 1170 1384
84 86 26 767
0 0 292 3138
93 94 292 3138
77 78 631 2604
66 67 130 1090
16 16 169 1984
110 110 169 1984
24 25 2 3564
118 119 2 3564
70 70 1466 3405
90 91 93 2928
58 58 36 2394
44 45 1161 2769
61 62 120 3785
0 120 89 2220
48 49 2782 2816
76 77 1300 1615
0 120 1797 2421
0 120 3894 3895
0 120 124 1460
86 88 2126 2862
11 12 1045 3725
105 106 1045 3725
51 53 536 1404
0 120 879 1743
50 51 146 2912
74 76 1025 4012
11 13 278 2277
105 107 278 2277
28 31 1102 3478
0 53 11 2687
57 60 11 2687
63 67 11 2687
70 70 11 2687
79 80 11 2687
87 89 11 2687
92 100 11 2687
103 104 11 2687
107 120 11 2687
47 49 458 932
0 120 895 1687
67 68 29 2512
0 120 1901 2370
36 38 2293 3160
47 47 342 757
0 120 10 18
60 61 63 2096
75 75 156 2287
75 76 3170 3433
78 79 1197 1271
0 22 300 3729
24 31 300 3729
34 108 300 3729
111 114 300 3729
119 120 300 3729
0 120 2055 2056
5 7 264 1066
99 100 264 1066
38 39 1045 1631
11 12 334 2559
105 106 334 2559
88 89 352 3919
0 120 45 2456
89 90 3395 3551
0 120 3202 3910
0 120 1674 2364
68 68 1013 2847
95 95 1023 1091
53 55 293 1245
26 26 198 419
120 120 198 419
34 35 420 2518
0 120 1391 2426
29 29 83 3098
55 58 69 948
52 54 923 4243
0 120 751 753
5 6 1675 3124
100 100 1675 3124
30 30 264 2355
69 70 1300 1749
14 16 923 1799
108 110 923 1799
82 83 2203 3243
0 120 2122 2123
15 17 293 1595
109 111 293 1595
0 120 463 3504
32 33 558 1112
54 54 694 1939
0 120 2044 2432
0 0 309 3037
93 94 309 3037
26 27 581 1281
120 120 581 1281
78 81 256 1713
67 69 259 1230
87 88 2615 3187
39 39 635 1517
0 120 3040 3336
0 120 406 1657
28 29 65 1364
27 27 169 3407
17 19 535 1286
111 112 535 1286
91 91 1810 2386
0 120 1058 1061
17 17 168 3936
110 111 168 3936
49 50 985 3966
51 53 141 2298
39 40 79 1420
112 112 407 3171
0 120 4192 4194
22 23 429 2930
116 117 429 2930
0 120 112 779
54 56 535 1636
0 120 1302 4023
0 120 89 1549
94 94 75 1651
111 111 438 1703
87 88 66 3817
44 44 729 1128
92 93 395 2006
0 120 648 4172
52 52 1685 1694
0 120 1855 2105
29 31 934 3223
3 3 51 2381
97 97 51 2381
101 101 1821 2494
50 51 307 846
0 120 3099 3111
23 27 1091 2648
117 119 1091 2648
43 44 421 3577
21 24 1007 2920
115 117 1007 2920
26 27 2117 2263
120 120 2117 2263
0 120 539 1354
0 120 322 2817
0 120 3911 3928
0 120 1182 1231
90 90 2118 2865
67 69 2964 3825
0 120 660 2812
70 71 2138 2551
77 79 1467 1592
0 0 412 2710
4 5 412 2710
7 22 412 2710
24 44 412 2710
46 53 412 2710
55 57 412 2710
64 65 412 2710
68 68 412 2710
101 114 412 2710
119 120 412 2710
49 49 837 1196
34 36 441 1196
0 120 2017 2032
80 81 3092 4010
59 59 1682 2685
77 78 2291 3732
66 68 419 2376
57 58 2705 2783
55 56 293 3957
72 72 628 1961
54 54 313 2889
0 120 1531 3455
6 7 53 3716
100 101 53 3716
38 38 2228 3383
0 120 426 2766
7 13 63 2714
99 107 63 2714
58 60 2134 2967
5 7 372 3469
99 101 372 3469
81 82 408 3126
0 120 2356 3568
82 84 296 441
105 105 134 2365
52 52 1770 2690
0 120 3401 3425
0 9 524 4240
17 20 524 4240
23 23 524 4240
27 118 524 4240
120 120 524 4240
64 65 219 3604
0 120 1573 1587
81 81 133 2140
0 0 399 2259
6 8 399 2259
17 19 399 2259
25 30 399 2259
32 43 399 2259
47 54 399 2259
57 63 399 2259
70 76 399 2259
78 79 399 2259
81 85 399 2259
87 88 399 2259
91 103 399 2259
108 109 399 2259
111 113 399 2259
118 120 399 2259
0 120 2352 3045
74 74 2360 2906
0 120 1954 2218
80 80 13 503
84 85 1198 3403
53 54 372 1375
81 83 1070 1905
58 58 316 1443
88 88 2444 2984
56 58 346 3537
36 37 561 2967
0 120 1586 2172
13 14 1398 2121
107 107 1398 2121
76 77 438 4065
5 6 372 1725
98 100 372 1725
86 87 881 1602
0 120 110 3445
0 120 203 226
3 4 1428 1771
97 98 1428 1771
0 120 1149 2356
82 82 968 4230
4 5 1019 2475
98 99 1019 2475
40 41 264 879
82 82 1943 2594
84 84 1943 2594
90 90 1943 2594
94 99 1943 2594
101 101 1943 2594
105 105 1943 2594
10 11 2008 3743
104 105 2008 3743
0 120 2156 3641
0 120 929 1269
48 49 777 3881
20 20 1190 3296
2 3 679 1094
96 97 679 1094
87 88 419 1921
0 120 2795 2810
0 120 491 1043
66 67 66 113
79 79 155 1094
14 14 1387 2120
25 26 1225 3482
119 119 1225 3482
80 82 430 3773
34 34 72 1059
69 69 1758 3753
0 120 323 2398
2 3 296 3958
96 97 296 3958
0 120 1319 4056
58 59 180 3783
0 120 2451 3158
70 71 61 119
32 32 451 4246
0 120 1693 3708
1 2 1194 2075
95 95 1194 2075
15 16 1185 4241
109 110 1185 4241
78 80 347 3142
109 111 2205 3102
82 82 1642 1676
0 120 377 2984
0 0 344 592
88 94 344 592
0 120 2520 3113
29 30 147 3461
28 29 9 1807
3 4 957 2512
97 98 957 2512
68 68 3245 3554
33 34 253 2167
54 55 87 2629
23 24 2783 2934
117 118 2783 2934
92 93 2210 3072
58 58 2607 2708
51 55 346 1577
67 68 420 1526
84 85 3183 3807
89 91 743 1213
0 120 2907 3909
0 120 2683 2703
4 5 400 1813
98 99 400 1813
0 120 688 1691
32 33 793 3959
39 42 1445 1670
4 5 3102 3626
98 100 3102 3626
67 68 430 3907
1 1 1598 2666
95 95 1598 2666
90 91 502 777
14 14 2142 4227
108 108 2142 4227
51 51 27 3113
77 79 371 3677
46 47 1713 3555
78 78 407 890
26 28 771 3796
120 120 771 3796
27 28 230 2691
16 17 1198 3082
107 113 1198 3082
117 117 1198 3082
1 1 2414 2821
95 95 2414 2821
0 120 1218 3734
17 19 2653 2837
111 113 2653 2837
84 86 1192 2513
90 92 1070 1584
62 62 920 1825
10 12 125 2116
104 105 125 2116
43 44 240 2066
60 63 694 2236
31 32 11 2768
42 43 2450 3417
65 66 229 4159
89 90 6 1081
0 120 1663 3037
0 120 68 269
31 33 138 1008
84 85 1225 2811
0 120 304 3929
42 42 158 2414
82 83 844 1399
9 9 1121 1707
19 25 1685 3735
113 116 1685 3735
0 120 167 2877
75 76 1404 1995
51 52 488 3457
80 82 923 3385
41 42 1298 2508
82 83 314 4058
31 31 2967 3535
13 15 1098 4140
107 109 1098 4140
0 120 1802 2041
50 56 2621 2898
66 66 1172 4089
70 71 606 1234
74 74 126 4007
48 49 418 1183
38 39 294 3591
36 38 297 3108
90 90 395 1953
27 29 135 2780
0 120 3304 3305
88 89 255 3636
70 70 235 917
43 45 771 897
58 58 898 2924
78 79 243 3252
0 120 2156 2165
0 120 626 2236
69 69 72 2616
71 71 72 2616
74 81 72 2616
83 85 72 2616
0 0 784 1132
91 93 784 1132
81 81 367 4227
0 120 630 665
46 47 2316 3551
0 120 7 1440
11 11 12 1784
104 105 12 1784
0 120 2842 2843
0 120 1443 3397
65 66 1589 3222
0 120 3853 3870
110 111 1418 3340
54 55 291 2138
85 87 432 3309
71 72 827 2118
14 15 2100 3145
107 109 2100 3145
51 51 2757 2920
0 120 1117 1133
12 14 17 34
105 108 17 34
74 74 3170 3998
38 38 1408 2248
86 87 85 168
37 38 19 1800
0 120 494 2847
0 120 1213 1780
90 90 53 630
0 120 2849 2859
78 80 240 456
93 93 770 1210
65 66 2798 3079
37 38 2490 2926
103 103 535 2067
59 59 2609 3557
24 26 2203 2869
118 120 2203 2869
2 2 372 3766
96 96 372 3766
8 8 1523 3110
102 102 1523 3110
80 82 17 1323
0 120 1373 4105
0 120 848 1251
87 88 103 343
19 21 1006 2591
113 115 1006 2591
22 24 13 3833
116 118 13 3833
12 15 297 1148
106 108 297 1148
63 63 371 1851
0 120 1913 2514
48 55 30 2689
21 21 28 1862
61 61 28 1862
71 73 28 1862
94 104 28 1862
107 108 28 1862
110 111 28 1862
115 116 28 1862
19 19 1340 2063
113 113 1340 2063
64 66 535 912
0 120 3377 3486
17 18 1553 3110
111 112 1553 3110
77 79 1670 3695
18 19 421 1564
112 113 421 1564
75 77 968 4177
64 64 277 3505
0 120 991 2094
13 14 1770 1832
107 108 1770 1832
31 32 187 579
24 26 1159 1678
118 120 1159 1678
5 6 1300 3603
9 11 1300 3603
13 14 1300 3603
17 27 1300 3603
30 36 1300 3603
39 48 1300 3603
51 53 1300 3603
55 56 1300 3603
58 66 1300 3603
68 74 1300 3603
84 85 1300 3603
99 100 1300 3603
108 108 1300 3603
116 120 1300 3603
0 120 546 3141
29 30 983 3896
72 72 68 887
60 62 606 3946
32 33 14 4034
0 120 466 3377
54 56 743 1965
71 71 1944 3116
69 69 1653 2186
0 120 1890 3819
0 120 854 2735
0 120 167 3495
37 38 1000 4250
66 67 410 1001
69 73 1311 1668
81 89 1844 2131
64 65 39 1997
81 83 932 2803
0 120 1572 2197
80 81 75 2216
71 72 17 1457
73 75 430 1626
31 32 65 185
0 120 2852 2860
24 28 278 1232
118 120 278 1232
68 70 985 1848
49 50 1198 2895
60 60 1198 2895
63 64 1198 2895
43 45 1408 3671
98 98 530 2207
59 60 19 3223
45 47 1483 3064
10 10 120 4029
104 104 120 4029
86 87 423 1586
12 14 419 4096
106 108 419 4096
1 2 154 415
95 96 154 415
63 65 441 3855
86 86 386 1704
80 83 1162 1925
37 39 420 534
83 84 79 241
80 81 1399 2777
92 93 308 1232
55 59 1225 2624
71 73 1003 3743
63 64 199 2228
24 25 32 3054
117 119 32 3054
58 58 395 3860
44 46 95 1124
0 120 1029 1931
17 19 3170 3677
111 112 3170 3677
23 24 1656 2029
117 118 1656 2029
40 40 28 3285
0 120 2230 2301
46 46 1487 2782
25 26 1965 3538
119 119 1965 3538
69 70 554 2577
0 120 1631 1972
8 9 294 3404
102 103 294 3404
47 48 524 3866
24 24 887 1474
117 118 887 1474
68 69 238 3280
0 120 202 1371
18 20 432 4277
112 114 432 4277
13 15 229 2228
107 109 229 2228
81 83 1576 2450
0 120 691 3979
92 93 27 3999
45 46 209 1761
51 52 66 3927
61 62 11 1776
0 120 439 2223
36 37 348 607
0 120 1628 1859
0 120 3178 3918
0 120 124 899
52 54 193 504
59 74 60 3358
80 80 60 3358
86 86 1340 1392
30 32 63 3629
0 120 6 4061
85 86 104 1186
79 80 310 1254
0 120 494 3815
78 81 313 771
0 120 1132 1628
0 120 207 3004
23 24 842 1300
117 118 842 1300
35 36 66 1833
39 39 193 854
63 63 535 591
0 120 359 365
0 120 999 3169
79 80 168 797
75 76 11 3065
0 120 3985 3987
5 7 277 3184
99 101 277 3184
23 28 1091 3697
116 120 1091 3697
8 9 347 3923
102 103 347 3923
14 16 411 3184
108 110 411 3184
49 49 1452 2922
82 83 2142 3369
0 2 1025 1357
4 5 1025 1357
11 11 1025 1357
26 27 1025 1357
30 45 1025 1357
51 54 1025 1357
61 63 1025 1357
65 65 1025 1357
67 75 1025 1357
92 92 1025 1357
94 96 1025 1357
98 99 1025 1357
105 106 1025 1357
120 120 1025 1357
82 82 2269 3144
18 21 844 2285
112 115 844 2285
70 72 262 3815
0 120 1306 4036
30 32 831 3743
75 76 19 1613
25 25 331 387
119 119 331 387
81 82 1198 2224
60 61 260 1675
0 120 179 555
50 51 27 161
66 66 856 1706
0 0 1288 2117
2 28 1288 2117
31 33 1288 2117
36 36 1288 2117
40 41 1288 2117
47 50 1288 2117
54 54 1288 2117
60 62 1288 2117
68 72 1288 2117
79 94 1288 2117
97 120 1288 2117
0 120 1301 4042
0 120 3457 3467
45 46 506 2081
21 22 1650 2506
115 116 1650 2506
64 65 1352 3041
30 30 1722 1820
37 38 989 2989
2 2 13 3646
95 96 13 3646
25 26 342 2424
119 120 342 2424
0 120 1894 2866
67 68 225 1839
90 90 277 2029
49 51 1265 1352
0 0 105 202
93 93 105 202
85 86 635 956
0 120 1858 1866
45 46 313 905
13 15 3188 3427
107 108 3188 3427
5 7 1352 3980
99 101 1352 3980
0 120 1159 3585
11 12 51 2625
104 105 51 2625
75 82 985 2466
20 22 30 2502
113 115 30 2502
36 38 417 2948
30 30 429 2019
42 42 374 2312
79 80 1606 2584
34 35 58 3015
82 84 1008 1137
0 120 22 1106
43 45 1190 2117
81 81 2564 3196
36 36 312 2373
20 21 2287 2918
114 115 2287 2918
0 120 845 2836
0 120 561 3077
1 2 134 3764
94 96 134 3764
14 16 93 757
107 110 93 757
37 38 277 3318
49 50 84 1203
0 120 533 1029
50 52 2109 3555
46 46 1408 2195
1 3 743 1778
94 97 743 1778
89 90 189 2158
2 2 2138 3734
96 96 2138 3734
0 2 2508 2513
12 77 2508 2513
81 81 2508 2513
93 94 2508 2513
107 120 2508 2513
54 55 2186 2462
39 39 319 1450
78 78 169 4135
30 31 331 521
51 52 1203 2702
92 93 1229 1671
26 27 2228 3627
120 120 2228 3627
82 85 1398 4109
114 114 296 685
3 4 1404 3365
97 99 1404 3365
0 120 3291 3309
0 120 2503 2519
19 19 407 3899
113 113 407 3899
51 51 519 4140
92 94 1164 3124
0 3 1334 3535
6 7 1334 3535
9 18 1334 3535
65 70 1334 3535
74 78 1334 3535
80 97 1334 3535
101 105 1334 3535
107 108 1334 3535
110 112 1334 3535
0 120 2846 2858
36 36 351 3775
0 120 731 3996
39 40 93 2985
0 120 2701 3443
26 26 22 301
0 36 990 2944
39 42 990 2944
45 45 990 2944
48 54 990 2944
59 120 990 2944
0 120 3375 3387
57 58 104 865
0 120 687 691
88 89 1227 2133
115 117 105 1275
0 120 3718 3726
0 120 37 3026
30 31 856 3129
0 120 2403 3227
60 61 1671 2524
0 120 4061 4065
18 18 558 1974
112 112 558 1974
37 38 17 2559
80 81 12 2215
32 33 1833 2293
79 79 186 301
77 79 60 1882
22 23 412 4027
116 117 412 4027
57 59 2967 3161
47 48 2779 3110
61 62 363 1102
16 16 12 121
109 110 12 121
0 120 1911 4054
0 120 1570 3761
62 63 316 532
23 25 56 2113
117 120 56 2113
69 69 166 3971
74 75 517 2508
33 35 1668 1852
70 72 348 3453
23 25 351 2970
117 118 351 2970
0 120 1942 2586
0 120 2473 3942
13 13 429 1348
106 107 429 1348
23 23 152 2760
117 117 152 2760
50 50 626 1862
24 26 1397 1739
118 119 1397 1739
2 9 1820 1842
95 104 1820 1842
91 92 1168 4131
62 63 3499 3557
111 111 390 1585
78 80 1190 1446
34 36 383 414
32 33 1004 2976
0 120 546 1344
0 1 240 1826
94 95 240 1826
69 70 293 1652
0 120 575 584
24 24 126 2478
23 24 1493 2386
117 118 1493 2386
35 37 56 958
41 43 102 1303
89 90 346 3915
0 1 659 2160
93 94 659 2160
73 80 2782 3357
47 47 1185 1452
50 59 1185 1452
62 62 1185 1452
64 69 1185 1452
72 91 1185 1452
95 95 1185 1452
98 99 1185 1452
50 51 429 2637
62 63 2841 3183
76 77 131 728
49 50 2839 3110
35 52 1457 3079
54 54 1457 3079
0 120 3721 3727
74 75 292 1585
31 33 606 3438
0 120 685 3731
71 72 58 600
9 10 390 3813
103 104 390 3813
87 87 777 4259
75 82 65 2710
85 85 65 2710
0 120 1254 2346
92 93 216 2879
87 88 2186 3080
7 8 11 4167
100 102 11 4167
0 12 1026 1930
14 15 1026 1930
33 106 1026 1930
108 109 1026 1930
118 119 1026 1930
6 6 997 1000
10 10 997 1000
17 18 997 1000
25 27 997 1000
35 35 997 1000
39 39 997 1000
111 112 997 1000
119 120 997 1000
0 120 2631 3696
0 120 1857 1858
16 18 985 1929
110 112 985 1929
65 65 94 2889
63 64 1589 2043
37 38 147 1961
46 48 1668 2336
41 42 1291 2386
85 87 581 3916
6 8 1653 2967
100 102 1653 2967
30 31 151 390
31 32 278 1663
0 120 1964 2105
66 69 914 3567
26 27 983 3172
120 120 983 3172
85 86 625 3464
86 86 2120 2618
38 38 2864 3301
43 44 278 2602
20 21 1862 3491
114 114 1862 3491
0 120 1850 1976
0 120 1647 3337
58 58 1232 3095
0 120 1366 3849
3 4 2173 2629
97 98 2173 2629
51 52 376 3110
0 120 2726 2778
2 3 3550 3979
96 97 3550 3979
27 27 207 3301
78 80 262 3762
0 120 551 1421
4 6 1497 3743
98 100 1497 3743
40 40 2593 3188
81 81 19 4004
38 39 2302 2450
0 120 861 2778
0 120 895 2362
40 41 296 3531
52 53 2567 2906
5 5 1190 3219
73 75 13 210
36 38 499 3301
43 44 850 1838
0 120 113 1545
0 120 42 2833
0 120 3994 3996
48 50 1668 2470
37 38 2090 3102
32 32 1004 2655
55 56 372 1432
118 118 134 2772
0 1 399 3255
94 94 399 3255
39 41 1825 2804
0 120 3129 3144
38 40 13 1499
0 120 183 1910
0 1 470 2906
94 95 470 2906
30 31 126 3096
51 51 60 756
10 12 187 2783
104 106 187 2783
0 120 1789 1834
67 70 316 2439
23 24 1671 3276
117 118 1671 3276
38 40 135 1869
39 47 654 2434
92 92 14 3794
53 53 350 2962
76 78 2762 3508
10 10 346 1500
103 104 346 1500
0 120 124 2619
65 66 3580 4140
56 57 1945 2697
45 46 887 1100
58 59 1077 1197
0 120 1126 2779
93 93 1193 2311
0 120 666 2794
26 28 105 283
120 120 105 283
0 120 1094 3995
46 47 404 3548
55 57 1190 1259
86 87 414 1792
51 53 1026 2548
71 73 702 1670
8 10 1132 1254
102 104 1132 1254
0 120 4237 4238
20 21 32 1875
113 115 32 1875
0 120 2182 3175
0 120 1586 2363
3 3 75 232
97 97 75 232
0 120 1005 3549
12 13 950 1398
106 107 950 1398
0 120 1101 4011
68 68 56 1121
72 72 56 1121
89 89 56 1121
0 120 474 880
83 83 94 1413
45 49 262 3441
51 52 2982 4140
57 58 353 2805
71 72 69 3046
0 120 45 2460
61 62 93 1188
10 10 1450 2852
103 104 1450 2852
0 120 1496 1507
0 120 4004 4013
2 3 155 1285
96 97 155 1285
33 33 310 3108
0 120 2264 2584
8 8 256 3811
102 102 256 3811
81 83 1682 3360
38 38 2626 3165
63 64 2681 2872
26 28 506 1707
120 120 506 1707
0 120 22 2826
27 29 767 3734
31 32 13 3272
0 120 2336 2837
0 120 751 757
54 55 238 3390
0 13 234 238
16 17 234 238
19 21 234 238
23 27 234 238
32 34 234 238
37 43 234 238
50 53 234 238
57 107 234 238
110 111 234 238
113 120 234 238
32 32 3102 4033
56 56 3102 4033
87 87 3102 4033
116 116 3102 4033
61 63 17 1701
0 120 662 2405
38 39 139 1132
0 3 1371 1404
5 6 1371 1404
8 12 1371 1404
19 19 1371 1404
25 27 1371 1404
33 82 1371 1404
84 87 1371 1404
89 97 1371 1404
100 100 1371 1404
103 106 1371 1404
113 113 1371 1404
116 116 1371 1404
120 120 1371 1404
10 11 751 4140
104 105 751 4140
50 50 1962 3535
0 120 1671 2605
28 28 155 2574
31 33 36 2882
75 75 1170 2811
2 3 27 1076
81 82 1944 2205
2 3 436 3755
96 97 436 3755
74 79 1162 2169
59 61 102 2189
48 48 2519 3079
80 81 974 2118
68 69 180 1291
3 3 230 654
97 97 230 654
83 85 2444 3659
0 120 553 1307
1 3 1439 4140
3 5 1377 2508
97 99 1377 2508
20 21 781 4140
114 115 781 4140
76 78 303 1132
0 120 2261 2262
3 3 397 767
97 98 397 767
88 90 887 3812
69 70 1121 1764
20 20 429 2934
114 114 429 2934
0 120 716 3930
38 40 131 1025
20 22 626 1004
114 116 626 1004
77 78 1421 1467
0 120 557 3119
16 17 209 4099
110 111 209 4099
34 34 1069 2513
38 40 9 3287
0 120 299 3992
0 120 2346 3659
55 55 2131 4259
9 11 310 1148
103 105 310 1148
13 15 423 1025
107 109 423 1025
30 30 306 3658
49 50 918 1004
0 120 1251 2345
21 22 2606 3182
115 116 2606 3182
62 64 772 2118
65 66 606 2580
11 16 410 2668
105 111 410 2668
0 120 437 2771
0 120 3911 3932
38 40 93 517
0 120 177 1908
21 22 1025 1251
115 116 1025 1251
64 65 400 3643
12 12 1685 2987
33 35 2483 2967
108 111 138 1199
0 120 196 1369
79 80 12 2780
79 80 349 1611
83 84 506 4069
52 53 60 1508
43 44 209 3294
43 44 1064 3808
48 50 900 2653
10 10 1120 2427
0 120 1608 3679
27 27 1682 3628
31 31 1682 3628
38 38 1682 3628
43 48 1682 3628
67 67 1682 3628
70 71 1682 3628
117 118 1682 3628
0 120 2910 3192
50 51 1896 3557
0 88 14 1513
90 120 14 1513
49 50 0 1615
27 29 56 2678
41 42 441 2489
104 104 300 1318
23 24 194 3551
27 27 194 3551
34 34 194 3551
39 42 194 3551
44 46 194 3551
49 51 194 3551
56 56 194 3551
59 63 194 3551
65 67 194 3551
74 75 194 3551
77 81 194 3551
112 113 194 3551
117 117 194 3551
0 120 1954 2222
1 1 180 3653
95 96 180 3653
8 9 1398 4219
102 102 1398 4219
76 77 851 1606
0 120 4087 4107
22 22 554 3305
116 116 554 3305
0 120 857 862
34 35 1140 2648
33 35 491 2202
0 120 1200 1201
0 120 7 4075
73 76 353 2268
0 120 1531 1715
77 78 3183 3327
86 88 1132 2006
29 30 4 3777
67 67 770 2556
55 56 16 2848
0 120 725 1093
26 27 28 1919
119 120 28 1919
88 89 973 1195
89 90 1962 4153
76 76 1454 3188
39 39 1820 2757
28 28 34 2673
58 59 39 765
0 120 570 1155
0 120 1943 2598
0 120 224 518
92 93 28 2858
45 47 860 1668
81 81 1589 3763
0 120 1539 1956
0 120 620 3901
0 120 3715 3723
80 81 1709 2367
45 46 1433 2469
13 13 844 2074
107 107 844 2074
31 32 126 1299
44 46 1012 3378
0 120 1872 4236
109 110 38 1452
0 120 543 3839
21 23 887 1397
115 117 887 1397
43 43 524 1345
0 120 539 3131
0 120 787 4199
0 120 4113 4119
29 33 125 1047
49 50 1174 2366
65 66 114 134
89 90 277 1818
28 29 2617 3050
5 5 411 1818
5 5 846 1746
99 99 846 1746
26 28 593 3552
120 120 593 3552
32 33 13 991
0 120 1687 2362
0 120 2520 3117
0 120 566 2860
0 120 838 1104
0 120 215 1879
0 120 860 863
0 120 645 709
67 68 27 1828
69 70 868 2444
58 60 990 4127
73 75 420 3974
0 120 2350 3056
7 9 1925 2126
101 102 1925 2126
23 24 490 771
117 118 490 771
66 68 1398 2609
13 15 390 3573
107 108 390 3573
16 17 1012 2573
109 111 1012 2573
0 120 3663 3667
9 11 544 1007
102 105 544 1007
63 64 738 4256
81 82 1094 3137
10 11 166 832
104 105 166 832
29 30 6 2829
72 72 102 3291
0 120 640 4098
15 18 354 3512
109 111 354 3512
50 50 27 3117
27 27 299 1361
92 93 220 1068
0 120 1188 1459
119 120 236 1012
57 58 141 3404
48 50 1161 2265
57 57 1232 1916
0 120 2930 3873
31 32 347 2691
12 14 1190 1690
106 108 1190 1690
13 14 173 3292
107 107 173 3292
0 120 1565 1567
4 4 1009 3564
28 28 1009 3564
32 33 1009 3564
37 37 1009 3564
39 41 1009 3564
44 73 1009 3564
88 88 1009 3564
98 98 1009 3564
109 109 1009 3564
88 92 1446 3565
76 78 293 1896
0 120 2316 3421
0 120 783 1531
81 83 420 725
0 40 230 3045
42 46 230 3045
55 55 230 3045
61 120 230 3045
68 69 347 3630
88 89 2138 2368
0 120 49 2475
20 21 2444 3606
114 115 2444 3606
0 120 928 1131
54 55 1557 3554
62 63 36 3179
5 5 60 1321
98 99 60 1321
55 56 94 905
0 120 1434 2400
32 33 770 3174
50 51 646 1418
30 31 408 2004
89 90 441 1952
62 65 506 849
7 9 1476 3565
101 105 1476 3565
0 120 791 3462
67 67 1185 2635
74 75 1558 1685
0 120 1637 1978
3 6 1446 2410
97 100 1446 2410
0 120 403 2599
90 91 716 844
0 120 1638 3334
0 23 559 3112
25 71 559 3112
76 82 559 3112
88 90 559 3112
94 120 559 3112
65 65 299 3939
4 5 2152 3555
98 99 2152 3555
52 53 1873 4140
0 120 2661 2678
14 16 2007 4140
108 110 2007 4140
63 64 999 1132
0 120 2249 3673
71 72 2624 3550
0 120 5 459
83 84 937 1193
51 51 66 4118
0 120 2755 3252
5 7 581 777
99 101 581 777
0 120 268 280
76 76 1961 4145
111 112 6 280
29 30 3552 3761
87 92 2499 2508
0 120 563 1891
0 120 611 619
120 120 1091 2010
41 42 2054 3555
85 87 2202 4207
63 65 2100 2210
90 91 419 3832
68 68 37 3538
87 87 1232 2400
36 37 206 3724
39 39 1274 3565
9 10 2821 2909
103 104 2821 2909
0 120 2554 2565
0 120 4233 4280
73 74 2366 3268
37 39 1165 2117
76 77 430 2651
0 0 110 229
93 94 110 229
35 35 2935 3196
89 89 66 2374
0 120 1382 3283
26 27 12 3077
120 120 12 3077
43 44 3255 3551
8 9 75 1147
102 103 75 1147
45 46 354 3191
0 120 2235 2411
3 4 428 3894
97 98 428 3894
12 13 2293 4079
106 107 2293 4079
19 20 120 3549
113 113 120 3549
41 42 777 1604
37 39 472 968
69 70 367 3426
0 120 1033 1035
0 120 3746 3761
38 39 79 2205
15 16 910 2133
109 110 910 2133
83 84 2615 2817
0 120 2699 3454
0 120 3547 3551
83 83 85 1461
30 31 2782 2930
0 120 8 460
9 11 1670 2760
103 105 1670 2760
4 6 102 4259
98 100 102 4259
60 61 131 301
27 30 738 3719
120 120 738 3719
27 28 1128 1430
0 120 600 2442
0 51 189 1410
53 61 189 1410
64 66 189 1410
68 69 189 1410
72 84 189 1410
87 89 189 1410
91 92 189 1410
96 109 189 1410
113 117 189 1410
28 28 1398 2422
36 36 1398 2422
38 38 1398 2422
48 48 1398 2422
59 63 1398 2422
65 67 1398 2422
70 71 1398 2422
101 102 1398 2422
113 113 1398 2422
0 71 1945 2591
82 120 1945 2591
54 55 2444 4224
0 120 2951 3274
43 44 1404 1678
0 120 626 630
50 50 1190 2658
61 61 875 1334
0 120 1499 4167
39 40 625 1159
38 38 1000 4254
91 91 53 4151
50 51 989 2375
55 56 244 1467
84 85 187 933
73 73 746 2617
40 42 316 589
0 120 1572 2201
83 85 369 415
0 120 2929 3865
0 0 625 2098
13 13 625 2098
21 23 625 2098
34 35 625 2098
69 71 635 2786
25 25 482 3510
28 39 482 3510
74 75 315 1118
0 120 497 2852
0 120 4012 4014
46 46 142 409
17 18 400 2919
111 112 400 2919
6 7 693 1451
100 100 693 1451
39 39 235 3983
46 47 2389 2581
46 50 990 3135
0 120 658 2396
59 60 193 3757
19 20 12 1467
113 114 12 1467
0 120 459 466
25 25 120 1000
119 119 120 1000
0 120 1319 1324
23 25 316 1878
117 118 316 1878
68 68 1001 2735
0 120 933 1288
10 12 1569 2438
104 105 1569 2438
64 65 1720 2607
0 120 684 3967
15 18 1324 2607
108 112 1324 2607
34 35 89 374
72 73 300 3038
20 22 420 888
114 116 420 888
78 79 2142 3239
0 120 4122 4128
2 3 1190 2792
96 97 1190 2792
110 110 209 3859
28 33 1826 2444
19 21 1861 2438
113 114 1861 2438
82 84 66 2992
76 77 296 3454
64 65 1168 3383
0 120 755 1524
54 56 1004 2228
0 60 1162 3568
64 64 1162 3568
72 73 1162 3568
84 85 1162 3568
88 90 1162 3568
92 106 1162 3568
109 120 1162 3568
92 92 694 1248
2 3 1167 1468
96 97 1167 1468
30 31 2438 3358
58 60 354 3809
81 81 354 3809
0 120 330 3223
0 120 786 4220
58 59 32 1314
71 73 771 4097
74 75 482 3994
13 14 76 3306
17 17 76 3306
22 23 76 3306
27 27 76 3306
32 34 76 3306
38 38 76 3306
42 44 76 3306
51 52 76 3306
54 54 76 3306
56 56 76 3306
87 87 76 3306
100 102 76 3306
107 107 76 3306
110 112 76 3306
114 118 76 3306
79 81 506 2890
7 8 2506 2711
100 102 2506 2711
0 120 3413 3415
13 14 51 2495
106 108 51 2495
20 20 1606 2454
113 114 1606 2454
87 87 105 1011
0 120 936 939
4 4 738 3398
98 99 738 3398
0 120 858 1248
0 120 999 3173
67 69 2594 3497
6 7 2614 3183
99 101 2614 3183
42 43 420 1022
0 120 2608 2614
56 57 2250 2906
0 120 1792 2028
68 69 2511 2681
0 120 2686 3436
59 62 3238 3949
0 120 1037 3815
35 37 187 1201
49 60 407 3419
0 120 732 735
7 8 331 391
101 102 331 391
0 120 1592 1593
63 64 1344 3743
67 68 282 1438
0 120 1622 3687
13 14 15 1094
106 107 15 1094
77 78 435 2434
0 120 1959 2326
0 120 1288 2121
0 120 1226 1243
0 120 954 2999
37 42 408 3240
0 0 1165 3219
92 94 1165 3219
28 31 2280 2906
49 50 296 555
64 67 193 3086
44 47 934 2532
5 18 402 981
100 112 402 981
87 87 66 1032
0 120 358 2372
0 120 270 273
68 69 581 4107
0 120 545 2198
88 88 63 734
69 69 372 1489
0 120 1469 3980
5 6 2615 2980
99 100 2615 2980
0 120 1073 1536
0 120 952 3461
0 120 2547 3785
37 38 1466 3682
0 120 561 3081
0 8 141 1741
11 11 141 1741
20 20 141 1741
44 50 141 1741
53 54 141 1741
58 60 141 1741
62 104 141 1741
108 109 141 1741
112 115 141 1741
0 120 469 3492
34 35 1945 2404
79 81 1601 2594
32 34 2447 3554
0 120 279 3368
76 77 238 2024
0 120 3046 3324
0 120 544 1572
0 5 1278 2291
18 18 1278 2291
81 82 1278 2291
93 99 1278 2291
116 116 1278 2291
58 58 54 1156
55 55 420 2445
78 79 2643 3092
74 76 36 1516
0 13 1161 1891
15 17 1161 1891
24 26 1161 1891
98 99 1161 1891
0 2 428 808
6 6 428 808
8 62 428 808
64 66 428 808
71 74 428 808
79 80 428 808
82 83 428 808
85 85 428 808
91 93 428 808
103 120 428 808
27 27 409 566
79 80 1008 3369
59 60 2587 3160
2 3 209 1444
95 97 209 1444
4 5 56 2922
97 99 56 2922
13 13 374 1511
107 107 374 1511
108 109 85 1408
27 27 3252 3550
31 32 367 3723
0 120 1773 1896
83 84 3034 3098
27 28 415 2451
40 41 735 1675
42 43 1530 2138
0 120 1547 1553
0 120 1395 4165
73 74 631 3015
0 120 1087 1568
46 47 1510 1671
18 19 887 2446
112 112 887 2446
65 66 9 982
53 55 1038 2615
0 120 2101 2112
0 120 1540 3765
26 27 702 2666
120 120 702 2666
36 37 1429 1682
0 120 78 3970
20 20 412 3092
114 115 412 3092
0 120 1690 3709
0 1 2591 2878
94 95 2591 2878
60 62 65 2230
64 65 65 2230
91 91 65 2230
17 19 844 1968
111 113 844 1968
0 19 438 1280
25 26 438 1280
28 28 438 1280
38 39 438 1280
42 48 438 1280
50 79 438 1280
81 109 438 1280
112 113 438 1280
0 120 613 2035
64 65 131 3981
19 19 267 1398
0 120 468 3374
79 79 3238 3628
7 7 1051 3200
101 101 1051 3200
21 22 1068 2615
114 116 1068 2615
23 23 2207 2888
117 117 2207 2888
0 120 3485 3505
60 60 54 3734
62 64 1334 2734
22 23 1045 2631
116 117 1045 2631
35 37 1826 3196
0 120 3888 3895
6 6 166 942
100 100 166 942
74 76 240 891
88 89 506 1764
0 120 2252 2257
48 48 120 3980
0 120 2012 2016
75 76 868 1399
0 120 601 1809
0 120 4183 4193
81 82 162 419
71 71 74 2292
85 85 390 2528
7 9 793 2918
101 103 793 2918
0 7 1147 1164
9 21 1147 1164
24 120 1147 1164
75 75 352 3175
10 11 1232 2965
104 105 1232 2965
58 59 299 2760
76 77 294 2416
0 120 1780 3736
0 120 4039 4040
0 120 1233 1877
0 120 1910 3028
0 120 872 1117
0 120 1878 4244
28 30 696 3335
88 88 1945 3022
83 83 131 1082
18 19 315 3643
112 113 315 3643
55 57 1399 4017
0 120 4076 4080
88 89 58 3987
0 120 2240 2381
27 28 846 3279
120 120 846 3279
58 63 347 1646
92 92 1185 2745
0 120 443 2108
0 120 1145 3346
0 120 2631 3700
0 120 158 2878
49 51 844 3391
3 4 536 3238
97 98 536 3238
14 14 455 2118
107 108 455 2118
86 86 3213 3301
8 9 102 502
102 102 102 502
58 58 423 1082
33 34 3079 4240
0 120 1912 1919
16 16 2027 2623
109 110 2027 2623
0 120 1373 4085
80 82 342 2591
15 15 1197 3105
48 49 724 1195
22 22 25 1194
0 120 553 559
0 120 954 1657
1 4 1028 1606
6 9 1028 1606
19 19 1028 1606
28 28 1028 1606
31 33 1028 1606
36 45 1028 1606
56 57 1028 1606
60 60 1028 1606
65 67 1028 1606
71 71 1028 1606
81 81 1028 1606
88 98 1028 1606
100 104 1028 1606
109 109 1028 1606
111 113 1028 1606
120 120 1028 1606
5 5 281 625
8 9 449 2653
102 103 449 2653
0 120 3644 3645
87 92 617 1483
0 120 1107 1118
3 3 914 3921
97 97 914 3921
5 6 983 3526
98 99 983 3526
0 21 1203 1580
24 25 1203 1580
28 30 1203 1580
34 39 1203 1580
43 43 1203 1580
47 49 1203 1580
52 60 1203 1580
62 62 1203 1580
66 80 1203 1580
82 115 1203 1580
118 119 1203 1580
5 6 296 2596
99 100 296 2596
8 9 344 1324
102 102 344 1324
20 21 1237 2130
114 115 1237 2130
0 120 397 958
0 120 1367 1422
0 120 424 2781
21 22 314 923
115 116 314 923
56 57 315 3777
34 35 554 2073
0 120 674 677
33 35 1300 3583
57 58 71 384
0 120 697 3290
9 10 506 2032
103 104 506 2032
8 9 1758 3680
101 102 1758 3680
79 120 385 3957
2 4 130 964
96 98 130 964
0 120 1890 3799
81 82 1467 2942
89 89 2126 2386
0 120 2170 3624
57 59 1005 2130
34 35 303 2612
48 49 1185 3229
82 84 2226 2967
73 73 58 2027
7 9 371 1026
101 103 371 1026
0 120 1336 3398
68 68 2028 2228
0 120 713 4173
84 85 1675 2864
36 37 558 852
0 120 1258 1263
39 41 856 2946
37 38 6 524
0 120 2012 2634
75 78 412 1966
0 120 1370 3167
0 0 93 3152
93 94 93 3152
0 120 2372 2388
55 58 1228 1771
86 86 1297 2130
48 49 180 1616
79 80 400 3834
0 120 124 1684
51 52 520 2438
29 32 871 975
37 38 60 4143
0 2 693 2366
94 96 693 2366
66 66 1142 1438
98 99 3554 4236
0 0 400 801
9 9 400 801
12 12 400 801
23 23 400 801
63 63 400 801
66 68 400 801
70 71 400 801
75 75 400 801
81 87 400 801
92 94 400 801
102 106 400 801
116 118 400 801
19 19 2203 4272
113 113 2203 4272
26 26 875 1094
120 120 875 1094
0 120 2056 2532
52 52 39 1761
0 120 2800 3215
32 32 2115 3112
41 41 2367 3333
0 120 163 3490
9 9 853 1685
103 103 853 1685
10 11 1398 3471
103 104 1398 3471
77 78 990 1956
45 46 4 2679
60 64 1153 1196
34 34 850 1387
0 120 3043 3323
0 120 15 1525
34 35 297 457
0 120 648 3912
46 48 2497 3564
0 120 1461 2480
57 58 1483 2239
2 2 1643 1962
28 30 466 1397
20 21 2541 3112
114 115 2541 3112
44 46 1128 3768
57 57 1450 1567
0 120 3055 3333
0 120 59 2736
49 52 3552 4139
75 75 288 344
28 28 441 586
0 0 883 1685
3 4 883 1685
6 8 883 1685
10 11 883 1685
14 16 883 1685
18 21 883 1685
24 29 883 1685
31 36 883 1685
38 53 883 1685
56 57 883 1685
60 67 883 1685
70 73 883 1685
75 78 883 1685
80 86 883 1685
89 90 883 1685
92 94 883 1685
97 106 883 1685
108 120 883 1685
85 85 1196 3902
0 120 1571 3025
0 120 1225 2388
14 14 3551 3914
108 108 3551 3914
0 120 3931 4135
51 51 120 1699
10 10 1677 1731
104 104 1677 1731
1 2 771 1629
95 95 771 1629
0 120 3190 3908
77 78 1676 2260
37 78 576 1161
80 80 576 1161
86 87 576 1161
120 120 576 1161
0 120 4232 4248
0 120 3050 3339
57 57 302 3810
0 120 1434 2912
12 13 933 1398
105 106 933 1398
88 88 1127 2203
7 7 134 4199
101 101 134 4199
0 120 1144 1618
58 59 36 658
0 120 3793 3797
0 120 4244 4258
55 57 1334 2681
0 120 2720 2831
40 42 209 3969
0 120 517 1870
57 59 350 3450
0 120 3770 3786
83 84 606 1161
0 120 22 2830
77 78 1359 1398
43 45 429 710
8 10 594 777
102 104 594 777
80 80 27 4113
17 18 876 3092
111 112 876 3092
45 46 399 2938
48 48 1543 3555
0 120 5 1321
16 17 856 2625
110 110 856 2625
56 58 409 1936
67 67 118 1198
92 93 104 1300
18 19 1196 3447
112 113 1196 3447
57 57 2904 3648
29 30 865 1398
0 120 669 1486
48 49 438 3805
0 120 556 4026
19 20 515 1019
113 114 515 1019
93 93 847 2512
52 52 2581 3934
50 52 418 3338
63 64 2290 3196
0 120 3981 3982
87 89 206 1203
0 120 3350 3361
16 18 492 1008
110 111 492 1008
64 65 1170 4104
29 30 34 3348
76 77 2293 3652
0 120 1415 3154
39 40 1847 3565
34 37 293 798
0 120 509 3806
0 120 4036 4039
31 33 1070 3873
20 22 128 4114
114 116 128 4114
22 24 441 2359
116 118 441 2359
0 120 879 3524
1 1 65 567
0 120 507 1666
0 120 4048 4049
60 61 1749 2626
74 76 130 1716
77 78 192 2594
90 91 9 3641
54 55 2774 3551
0 120 3099 3119
89 89 126 1974
91 91 348 855
111 111 771 958
6 7 2766 2909
100 101 2766 2909
44 45 892 3170
0 120 437 2775
0 120 783 1722
42 44 134 3528
38 39 2909 4126
46 47 2909 4126
55 55 2909 4126
86 95 2909 4126
0 120 242 2307
46 46 1682 1754
52 53 33 2133
27 29 102 1738
0 120 3586 3587
83 83 625 3765
5 6 2906 3828
99 100 2906 3828
47 48 1064 3812
69 70 1045 1318
24 26 451 2831
118 120 451 2831
45 47 1001 3463
29 30 128 3309
0 120 1492 3700
71 72 760 1307
84 84 180 2718
7 8 390 4248
101 102 390 4248
22 23 101 173
116 117 101 173
25 25 130 911
33 38 130 911
45 46 130 911
48 53 130 911
55 62 130 911
67 72 130 911
74 74 130 911
76 77 130 911
82 83 130 911
85 86 130 911
89 90 130 911
30 36 32 3786
40 40 32 3786
30 30 1847 3110
0 120 1587 3745
0 120 1205 3643
16 18 28 3078
109 112 28 3078
53 55 228 1446
41 43 28 634
32 32 310 3730
34 34 310 3730
39 39 310 3730
43 61 310 3730
63 64 310 3730
28 29 3009 3552
24 25 65 3145
118 119 65 3145
91 91 1197 2247
12 14 27 409
104 109 27 409
77 79 486 923
0 120 267 2313
20 21 1946 4028
114 114 1946 4028
64 65 0 1969
16 17 365 404
110 111 365 404
0 120 1636 3048
0 120 2455 3151
40 41 1225 1262
40 41 631 2775
0 120 667 3186
0 120 457 3376
51 52 696 1672
0 120 613 3889
23 23 399 2617
117 117 399 2617
61 63 1352 4228
30 30 4 3781
94 94 300 2611
54 55 16 2852
2 3 193 3680
96 96 193 3680
84 85 319 409
30 31 535 3417
22 22 2920 3860
0 120 917 1267
39 42 898 1025
56 57 1075 2607
18 19 306 1113
112 112 306 1113
14 16 989 1143
107 109 989 1143
85 86 27 1698
67 68 410 3156
42 42 790 2623
33 34 2612 2926
0 120 1476 3890
70 71 1102 3649
4 6 419 1929
98 100 419 1929
0 120 3908 4122
29 31 1872 3301
59 61 1751 2782
67 68 168 1529
22 23 240 651
116 117 240 651
16 17 429 3556
110 111 429 3556
3 4 329 2386
97 99 329 2386
65 67 1919 2366
35 35 1196 1971
48 50 67 2386
82 83 1397 3947
19 20 1221 2967
112 114 1221 2967
84 85 240 4034
83 84 923 4064
88 88 1250 2207
45 46 71 815
23 23 12 3618
116 117 12 3618
76 77 303 2104
45 46 1946 4162
79 80 1225 1396
0 120 805 810
87 90 1164 3372
0 120 799 2685
83 83 56 3166
0 120 3915 4138
29 30 143 1068
0 120 203 1873
82 82 166 1991
36 37 2965 3737
9 10 1913 2120
103 104 1913 2120
12 12 1404 3963
106 107 1404 3963
42 43 344 3983
26 28 760 3669
120 120 760 3669
0 120 2231 2429
75 76 32 2176
45 46 689 985
91 91 1685 2670
0 120 1279 1982
0 58 1334 1689
60 77 1334 1689
85 86 1334 1689
91 120 1334 1689
54 56 1408 1638
30 32 659 2274
0 120 2285 2665
0 120 361 365
35 36 77 606
24 26 125 2340
118 120 125 2340
30 31 58 364
32 32 173 1068
50 51 2762 3004
69 70 441 1822
0 120 2875 2881
16 18 1058 1232
111 112 1058 1232
69 69 144 3521
80 81 144 3521
88 88 144 3521
9 19 130 3623
103 115 130 3623
13 14 642 765
107 108 642 765
0 120 640 4102
16 18 36 955
110 112 36 955
0 120 2902 3923
26 27 1051 3444
120 120 1051 3444
9 14 2269 4010
104 108 2269 4010
0 120 1787 1792
0 120 467 3393
12 14 1124 2202
105 108 1124 2202
0 120 1033 3804
0 120 988 2341
0 120 604 1412
64 74 721 1997
77 81 721 1997
86 87 721 1997
6 8 2367 3764
100 102 2367 3764
0 120 1863 2541
0 120 1636 3316
84 85 15 1017
70 72 278 3871
0 120 677 4142
52 53 130 1529
23 24 102 3645
117 118 102 3645
0 120 515 3060
0 48 12 719
51 54 12 719
58 58 12 719
70 82 12 719
85 120 12 719
89 89 13 3573
0 0 405 421
2 6 405 421
9 10 405 421
46 46 405 421
49 49 405 421
59 59 405 421
63 63 405 421
67 73 405 421
80 83 405 421
94 97 405 421
99 100 405 421
103 104 405 421
11 13 367 4101
105 107 367 4101
24 24 14 2485
118 118 14 2485
25 26 432 2244
119 120 432 2244
23 23 79 2880
14 15 554 3927
107 108 554 3927
27 27 659 1469
120 120 659 1469
18 20 430 2171
112 114 430 2171
0 120 941 2121
92 92 1228 1397
0 120 2140 2445
12 13 741 3753
106 107 741 3753
83 84 132 262
37 39 28 1602
30 30 296 2356
81 81 743 3799
65 66 2355 3538
70 70 968 3917
14 14 990 3676
108 108 990 3676
13 15 1446 1475
107 109 1446 1475
0 120 2707 3431
23 25 1289 3743
117 119 1289 3743
0 120 1103 1109
74 75 631 3743
0 120 991 1834
32 34 1340 2742
5 5 292 1833
99 99 292 1833
0 120 1169 2860
74 74 169 679
91 93 155 781
67 68 793 3512
0 120 2288 2666
14 17 93 1623
108 112 93 1623
62 63 103 2311
54 55 294 3599
0 120 3635 3642
64 65 894 1120
29 29 1012 3061
9 10 1091 4108
103 104 1091 4108
26 26 339 2029
120 120 339 2029
6 8 29 3301
100 101 29 3301
0 120 713 3933
30 30 28 3830
0 120 3990 3991
13 15 256 1213
107 108 256 1213
0 120 268 284
8 10 316 1264
102 104 316 1264
65 65 3196 4130
3 5 333 1433
97 99 333 1433
67 68 2303 3324
55 56 90 1675
0 120 2533 3786
0 120 3037 3319
14 14 103 3600
108 108 103 3600
0 120 2295 2682
0 120 1042 3061
71 78 436 3251
47 47 2118 2231
74 75 315 2732
73 76 738 3589
0 120 1113 2712
3 4 1070 2076
8 11 1070 2076
18 19 1070 2076
25 25 1070 2076
80 80 1070 2076
87 88 1070 2076
92 93 1070 2076
97 99 1070 2076
102 105 1070 2076
112 113 1070 2076
119 119 1070 2076
27 28 1008 1198
28 30 693 2126
35 36 94 1043
86 88 850 3241
67 68 2904 4079
0 1 2615 3976
94 95 2615 3976
0 120 1309 1311
0 120 2248 2462
58 59 486 2964
58 59 1685 3288
16 16 617 2666
110 110 617 2666
9 9 629 2491
103 103 629 2491
9 26 1821 4088
104 119 1821 4088
6 9 656 2594
100 103 656 2594
0 120 1174 4277
33 33 1004 1614
33 34 1771 2281
66 67 580 3538
0 2 301 4123
91 96 301 4123
58 58 160 700
77 85 846 3657
87 92 846 3657
38 40 400 1850
5 7 923 3877
99 101 923 3877
75 75 138 1850
71 71 1752 3170
40 41 420 2502
82 83 3102 3663
36 38 2904 2924
45 48 2904 2924
61 61 2904 2924
118 118 2904 2924
120 120 2904 2924
0 120 276 279
0 120 162 3375
0 120 1253 2476
55 58 155 2204
66 66 18 243
21 22 253 1049
115 116 253 1049
91 92 58 2271
38 39 65 998
0 120 646 3195
0 120 902 906
7 10 1203 4052
101 104 1203 4052
4 6 353 1630
98 101 353 1630
7 7 173 3914
97 97 1779 2118
5 6 456 1004
99 100 456 1004
72 72 817 983
64 65 1677 1841
9 10 11 2805
29 30 1088 1446
47 48 2726 3160
25 25 441 1635
32 32 441 1635
37 37 441 1635
39 46 441 1635
49 49 441 1635
56 60 441 1635
69 71 2029 3986
5 6 738 4073
99 100 738 4073
0 1 1433 2420
6 12 1433 2420
93 95 1433 2420
100 108 1433 2420
79 81 230 634
36 36 404 2507
76 79 371 2559
0 120 302 3920
68 69 314 3745
74 75 694 768
0 1 1206 2606
5 5 1206 2606
79 79 1206 2606
85 94 1206 2606
92 93 432 768
0 120 215 2985
21 23 2565 2653
115 117 2565 2653
75 76 428 4032
90 90 2133 2996
15 16 407 3155
109 110 407 3155
24 25 104 3154
118 119 104 3154
0 1 928 2103
4 5 928 2103
10 10 928 2103
12 12 928 2103
47 48 928 2103
53 53 928 2103
57 58 928 2103
61 63 928 2103
69 71 928 2103
79 82 928 2103
87 87 928 2103
89 89 928 2103
92 95 928 2103
98 99 928 2103
104 104 928 2103
0 120 1139 2323
0 120 1883 3006
0 120 1081 1564
0 120 2379 3587
0 120 2021 3879
46 47 990 3139
0 120 1031 3140
0 120 778 2694
0 120 269 1127
48 48 346 3037
54 55 716 1816
59 60 301 1574
3 4 793 2036
97 97 793 2036
42 43 810 1451
81 82 645 3104
83 84 404 763
0 120 247 2277
51 51 39 3294
62 63 395 2929
9 10 983 3099
74 77 1148 1446
0 120 858 1118
87 87 438 532
79 83 367 4264
0 120 2991 3003
39 40 2681 4275
10 12 415 548
104 106 415 548
77 77 2450 3588
0 120 514 527
78 78 311 1888
0 120 1572 3844
0 120 567 3571
72 73 1896 3187
58 59 284 1004
75 75 1132 2791
4 4 1977 2617
74 77 1144 1862
37 49 225 3807
83 83 55 1144
51 52 390 3874
20 20 537 2581
114 114 537 2581
80 80 103 3063
31 32 760 1872
17 18 1410 2920
111 112 1410 2920
21 21 302 1960
115 115 302 1960
70 74 1771 2899
0 120 10 4003
0 120 786 4224
9 10 1395 3551
103 105 1395 3551
69 69 558 1364
0 120 1428 2910
118 118 141 3705
0 120 619 2017
50 53 309 3289
0 120 431 2720
103 103 367 1015
37 38 229 3525
37 38 193 862
24 24 373 1961
21 22 53 2545
115 116 53 2545
0 120 2656 2659
69 69 1452 1991
8 10 206 3541
102 103 206 3541
16 18 238 1544
110 112 238 1544
36 36 408 1955
74 76 1232 3156
0 120 1078 2689
0 6 1025 1365
9 12 1025 1365
26 26 1025 1365
77 78 1025 1365
82 88 1025 1365
91 100 1025 1365
103 107 1025 1365
110 110 1025 1365
114 114 1025 1365
119 120 1025 1365
74 76 2291 2911
80 87 412 2828
77 77 400 1313
0 120 1181 1878
38 39 83 1606
0 120 110 3429
0 120 879 2479
58 59 1190 2341
0 120 1603 2510
71 71 421 1601
0 120 2669 3244
33 34 315 3834
77 79 277 3542
51 53 535 1888
81 81 418 549
89 91 631 1596
28 29 22 2269
0 120 1075 1078
25 26 32 513
118 120 32 513
87 89 1673 1936
0 120 1463 2880
52 55 346 2366
7 8 103 2608
100 102 103 2608
7 10 686 3188
102 103 686 3188
0 120 1147 3583
0 120 911 1586
31 33 424 3188
86 87 1993 2291
30 31 1203 2926
116 116 2828 3092
22 23 357 2905
116 117 357 2905
82 84 186 2269
0 120 1469 3984
3 4 13 4004
12 15 13 4004
17 17 13 4004
21 29 13 4004
84 85 13 4004
91 91 13 4004
105 108 13 4004
41 43 1128 3691
19 19 3112 3790
113 113 3112 3790
26 27 813 2367
120 120 813 2367
0 120 2002 2003
86 87 104 1678
80 80 983 2778
33 33 1776 2414
61 63 1418 2706
63 64 60 817
86 88 130 2310
0 120 259 1966
0 120 634 1843
47 48 1121 1207
0 120 1432 1823
92 93 303 3958
0 116 399 3666
118 120 399 3666
8 9 1161 3989
101 103 1161 3989
0 120 1997 2009
24 25 357 4194
118 119 357 4194
9 11 1019 2593
103 104 1019 2593
90 91 11 3557
0 120 551 1027
103 103 79 1217
37 38 2386 4221
49 51 32 3091
39 41 741 2090
43 46 741 2090
51 54 741 2090
56 68 741 2090
70 76 741 2090
78 80 741 2090
83 83 741 2090
86 86 741 2090
15 15 753 1161
109 109 753 1161
40 40 1950 3102
0 4 374 576
8 16 374 576
18 22 374 576
25 29 374 576
33 43 374 576
45 45 374 576
47 49 374 576
52 52 374 576
74 77 374 576
79 79 374 576
85 85 374 576
87 98 374 576
101 110 374 576
112 117 374 576
119 120 374 576
64 65 1203 2121
80 82 71 575
0 120 2679 2753
0 120 1951 2014
0 120 1278 3234
0 120 1092 4010
10 12 1025 2788
104 106 1025 2788
14 15 2133 3748
108 109 2133 3748
7 12 1004 1911
101 105 1004 1911
0 120 1484 3302
14 15 166 812
108 109 166 812
56 56 1326 1962
68 69 6 2809
73 74 780 2203
89 91 3538 4140
0 120 1736 3523
82 85 1433 3522
0 120 1078 1079
0 120 803 874
82 82 102 4210
64 65 1194 2193
61 64 387 407
0 120 254 817
0 120 1916 3117
19 20 128 2398
113 114 128 2398
29 29 367 694
83 84 264 3225
0 120 1841 2943
118 119 421 930
37 38 1245 2131
6 7 975 2270
100 101 975 2270
36 37 334 1685
0 120 874 875
45 48 1187 3092
73 73 1008 1629
0 120 1030 1388
30 31 173 4211
0 120 2804 3929
0 120 892 1454
29 30 1132 2604
28 29 19 1300
0 120 2018 2431
56 58 738 987
60 61 581 2501
71 72 297 2742
31 33 2291 3529
0 120 2936 3267
67 68 1195 1640
0 120 338 1053
52 54 53 3513
0 120 502 3339
20 22 421 2219
114 116 421 2219
0 120 443 1978
61 61 82 309
0 120 381 2820
74 76 429 3800
0 120 2583 2590
0 120 384 2337
0 120 403 2579
82 83 1461 1732
48 49 1753 3072
19 20 309 2163
113 114 309 2163
23 24 1070 1352
117 118 1070 1352
30 31 1171 1404
26 27 417 1696
120 120 417 1696
0 120 2487 3067
77 78 3104 4167
18 19 256 1778
112 113 256 1778
23 24 741 3513
116 117 741 3513
29 30 515 3170
31 32 28 1362
51 56 1161 3318
47 48 887 1995
0 120 1348 3144
0 120 806 875
14 15 235 1840
108 109 235 1840
62 64 1897 4140
65 66 932 1014
70 70 193 4058
15 15 12 1768
42 42 1201 1404
0 16 93 444
21 22 93 444
24 26 93 444
32 35 93 444
37 110 93 444
113 120 93 444
13 18 306 3935
21 69 306 3935
104 120 306 3935
54 54 1758 2261
27 29 1025 1178
42 43 3564 3751
90 91 721 3396
50 54 155 541
22 22 635 1932
75 76 1922 2103
0 120 1521 1759
57 57 2138 3421
43 44 1131 2513
82 83 482 2067
90 91 535 1701
51 57 915 1168
0 120 777 3678
4 4 536 2303
98 98 536 2303
42 42 104 2646
0 120 1346 1354
33 34 3102 3289
68 69 225 4104
8 9 120 146
102 103 120 146
0 120 1823 2447
0 120 1601 3566
22 22 30 1384
115 116 30 1384
76 76 95 1779
13 15 112 1194
107 109 112 1194
1 2 1017 1071
95 96 1017 1071
82 85 342 1656
45 46 755 1825
0 120 2090 2976
85 85 6 3427
20 21 61 3888
114 115 61 3888
85 87 12 963
0 120 1373 4089
63 64 1120 3643
71 72 277 2200
0 120 268 394
0 120 2000 3433
41 42 694 2488
4 4 1535 3104
34 35 79 3124
66 66 898 3981
29 29 1720 2103
82 83 278 2021
85 85 3072 3423
39 40 419 1502
92 94 100 968
37 38 683 3238
42 49 2147 3079
53 54 2147 3079
62 62 2147 3079
22 23 253 1964
25 27 253 1964
29 33 253 1964
37 37 253 1964
40 45 253 1964
48 54 253 1964
57 58 253 1964
61 62 253 1964
64 64 253 1964
116 117 253 1964
119 119 253 1964
0 120 1069 4213
10 12 1193 4279
104 106 1193 4279
73 74 1874 2920
6 7 2292 3433
99 101 2292 3433
89 91 1165 2231
0 120 1191 1200
0 120 1977 2109
40 41 14 635
74 75 69 342
81 82 17 152
11 11 232 2026
105 105 232 2026
3 6 407 2781
0 120 345 1903
0 120 832 1267
0 120 1534 1539
0 120 1599 1934
73 73 310 404
77 77 430 3704
28 30 122 353
0 120 1018 3874
0 120 3808 3814
18 19 1299 2581
112 113 1299 2581
89 90 64 348
0 120 435 2735
38 39 574 3079
45 45 1398 4280
6 6 386 3782
100 100 386 3782
82 84 625 2078
84 85 408 3541
66 67 692 856
0 120 2660 2674
0 120 3520 3532
0 120 3971 3993
36 36 292 3366
51 53 1042 2366
0 120 1572 3120
63 67 2029 2807
40 42 635 3705
16 16 425 3895
110 110 425 3895
27 30 1170 2551
55 56 17 2380
56 58 1094 1775
13 15 414 2016
107 109 414 2016
90 90 1682 1945
36 37 386 1688
0 120 267 276
0 120 124 1688
0 120 1796 2232
0 2 1013 1786
96 96 1013 1786
0 120 610 615
97 97 2098 2762
65 66 418 3074
84 85 303 872
0 120 124 2627
0 120 540 2505
26 28 17 286
120 120 17 286
30 32 1017 2844
50 51 1170 3840
58 60 411 3034
76 77 1161 1842
9 9 1271 2202
102 103 1271 2202
53 55 1214 1668
5 7 2967 3332
99 101 2967 3332
77 77 1064 1909
38 41 372 3079
85 85 9 3027
10 10 64 482
46 47 253 3387
0 120 636 4091
65 65 417 1509
110 110 1334 2901
39 41 577 1232
0 120 224 1868
0 120 499 3793
24 24 1352 3480
48 49 2909 3512
47 48 407 4204
50 56 135 3516
0 0 2139 2547
93 94 2139 2547
38 39 499 760
0 120 2273 3301
17 19 1397 1910
111 113 1397 1910
9 11 1961 3938
103 105 1961 3938
0 120 2035 3887
73 75 297 811
17 19 856 2495
111 113 856 2495
65 65 94 482
34 35 1797 2783
49 51 606 2320
36 38 2777 3743
0 120 883 2628
3 4 79 359
97 98 79 359
60 62 552 771
29 29 1128 4122
17 19 568 2967
111 112 568 2967
64 66 2922 4097
0 120 630 1401
33 34 12 2520
39 41 738 934
44 45 216 1761
76 76 51 3414
78 88 51 3414
65 66 968 1396
5 8 367 1930
99 101 367 1930
67 67 1618 2444
82 82 372 2274
0 120 864 2736
8 9 396 416
101 103 396 416
91 92 374 657
88 90 1170 3974
4 5 349 2290
98 99 349 2290
40 40 306 1654
0 120 4227 4258
13 15 846 3096
107 109 846 3096
0 120 999 4092
0 120 1274 1853
43 43 692 2629
57 57 2292 4051
85 88 606 1165
88 88 79 1648
70 71 160 1078
0 120 22 2834
0 0 225 1473
94 94 225 1473
78 80 1193 1864
0 120 609 1813
18 18 313 2983
112 112 313 2983
66 67 743 2567
14 16 1230 1931
108 110 1230 1931
66 67 409 1001
62 62 144 1484
70 71 1004 2342
0 120 252 263
0 120 3825 3847
20 21 1334 3974
114 115 1334 3974
4 4 771 828
97 99 771 828
0 120 4203 4207
0 120 595 602
14 14 460 2629
107 108 460 2629
90 91 407 1305
40 40 255 3917
60 61 1404 4154
0 120 1383 3277
79 80 3072 3236
85 86 419 1315
32 33 1045 4221
0 120 2521 3133
0 120 205 3049
0 120 2478 2497
83 85 1091 2876
80 83 72 453
0 120 228 3410
43 45 844 1464
67 68 104 1654
53 54 2117 2491
73 74 1019 2219
67 68 95 3820
0 120 403 1721
8 9 399 4231
26 28 929 1013
120 120 929 1013
0 120 662 669
24 26 2291 3021
118 119 2291 3021
0 120 2516 3139
35 36 0 3933
24 25 315 561
118 120 315 561
53 53 357 1726
31 32 102 2897
36 36 35 1675
75 76 1537 1808
37 37 102 453
31 31 2228 3611
48 49 1459 2117
55 55 149 1962
24 25 1862 2507
118 118 1862 2507
5 6 1451 1475
99 100 1451 1475
0 120 2371 2384
40 41 230 2301
22 25 1438 2179
116 119 1438 2179
0 120 1854 1865
67 69 606 2588
46 47 2168 2964
0 120 1017 1368
0 120 1361 1932
0 120 98 3313
42 43 850 2948
27 28 1168 1537
0 120 555 556
28 29 2105 2615
65 67 659 2599
84 86 738 3646
0 120 1113 2769
0 120 1087 1548
0 120 2255 2559
38 38 2787 4140
26 27 402 1445
120 120 402 1445
0 1 130 3009
3 3 130 3009
9 19 130 3009
22 42 130 3009
45 95 130 3009
104 113 130 3009
116 120 130 3009
54 55 968 4108
65 66 357 3954
9 9 2554 2626
103 103 2554 2626
51 51 2215 3160
52 54 1867 4140
0 120 217 1665
71 72 850 3298
0 120 1369 1419
0 120 162 2143
22 22 2120 3273
116 116 2120 3273
48 50 147 1111
0 120 3792 3817
3 3 1677 2703
97 97 1677 2703
28 28 3203 3422
82 87 216 2379
89 90 975 3185
83 84 2202 2524
33 34 256 465
0 120 1238 3006
46 49 766 3196
0 120 217 510
0 120 1636 3052
0 1 232 3262
93 94 232 3262
56 56 209 1558
65 68 1974 2293
21 23 1805 3238
115 116 1805 3238
35 36 2051 2513
62 62 2617 2924
0 2 120 3960
5 18 120 3960
21 61 120 3960
63 65 120 3960
84 96 120 3960
99 103 120 3960
105 112 120 3960
117 120 120 3960
9 20 58 2328
102 114 58 2328
21 23 414 1963
116 117 414 1963
46 47 312 1686
0 120 917 1271
49 50 1820 2765
36 37 71 1974
11 11 73 357
31 35 95 116
0 120 570 1163
57 58 1862 3930
20 20 1588 2607
114 114 1588 2607
0 120 2162 3633
53 53 997 2139
89 90 2420 3110
22 23 1398 3422
115 117 1398 3422
49 49 2131 3007
10 10 1222 3196
104 104 1222 3196
8 8 425 2098
102 102 425 2098
58 59 40 2287
4 4 2133 3053
98 98 2133 3053
32 32 247 1045
8 9 357 1405
102 103 357 1405
4 6 4 2041
98 100 4 2041
32 33 1198 2021
0 120 2182 2191
15 16 962 990
109 110 962 990
0 120 1366 1605
0 120 3520 3613
65 65 581 3550
39 39 2124 2186
49 51 2124 2186
81 82 2124 2186
0 120 3385 3388
41 42 429 3910
18 19 4 2980
112 113 4 2980
46 56 334 640
1 6 1600 2186
96 100 1600 2186
47 47 831 1446
31 31 1675 3299
7 8 3705 3743
101 102 3705 3743
24 26 1671 1837
118 119 1671 1837
80 81 1451 2093
5 7 14 2355
99 100 14 2355
29 30 368 409
46 47 160 2180
0 2 404 820
92 97 404 820
0 120 22 3936
53 53 133 2986
0 120 1279 1986
43 45 890 2965
0 120 2063 2068
32 36 2189 2207
0 120 2285 2669
92 92 313 1641
15 17 144 2586
109 111 144 2586
68 69 130 2688
78 79 543 2103
53 59 374 3048
51 53 28 2411
76 77 1676 2561
40 41 506 723
44 46 323 1016
6 8 457 1770
100 101 457 1770
19 20 1355 2920
113 114 1355 2920
0 120 1434 3213
30 31 152 1134
26 27 1812 2607
119 120 1812 2607
4 5 2292 3998
42 43 2366 3947
59 59 738 1231
66 67 34 132
46 50 1008 2812
16 17 75 887
110 110 75 887
16 16 206 1370
109 110 206 1370
0 120 228 1129
0 120 999 1006
20 22 2193 3238
114 116 2193 3238
18 20 2472 2653
112 114 2472 2653
0 120 2930 2942
0 0 1225 3978
93 94 1225 3978
0 120 2990 2993
44 44 55 2140
53 55 473 2653
11 13 75 1826
20 42 75 1826
104 105 75 1826
107 107 75 1826
111 111 75 1826
116 120 75 1826
0 120 2413 2423
0 120 515 3064
4 5 1602 3147
94 99 1602 3147
74 75 34 482
19 20 2909 3004
112 114 2909 3004
0 120 1354 1355
37 39 135 3008
31 35 1458 1678
0 120 1253 2212
44 44 1205 1232
53 57 155 1940
90 91 2922 3239
82 84 1492 2228
92 92 315 1663
10 10 232 3880
104 104 232 3880
14 16 846 1299
108 109 846 1299
19 19 914 3685
113 113 914 3685
88 88 883 2120
36 37 303 3531
49 50 349 1432
59 61 1570 2269
92 92 1153 2920
0 13 1946 2556
69 106 1946 2556
54 55 292 4281
14 14 347 3988
108 108 347 3988
61 62 1013 2351
8 9 32 2664
56 58 350 2007
78 81 66 2248
79 81 1433 2156
2 3 315 508
96 97 315 508
87 89 1670 3789
63 72 1771 2151
23 25 1845 2100
117 119 1845 2100
0 120 124 2603
33 33 850 1017
73 75 1352 2167
48 50 146 672
8 10 299 914
102 104 299 914
31 31 1673 1993
73 74 255 3059
34 35 301 960
61 63 79 2079
0 120 788 1078
13 16 1025 2711
107 109 1025 2711
91 92 1945 3620
0 120 2738 3256
0 120 15 1505
87 88 302 2501
77 78 372 1550
7 8 475 3183
101 102 475 3183
16 18 1194 2116
110 111 1194 2116
33 34 2292 2388
101 102 24 278
52 53 2615 3041
0 120 2353 3041
57 57 54 2372
60 62 128 2321
26 26 990 3814
3 5 1401 2594
97 99 1401 2594
0 120 224 339
0 120 726 735
0 120 1371 2193
47 50 39 3969
3 4 2623 3841
52 54 390 3260
40 41 629 1556
0 74 209 216
76 76 209 216
81 81 209 216
83 83 209 216
87 87 209 216
89 120 209 216
24 24 54 3311
118 118 54 3311
27 29 11 2675
50 51 9 1848
0 120 2488 3616
0 120 1282 2121
68 68 310 2742
43 45 2617 4026
6 7 65 2157
99 101 65 2157
49 49 15 350
57 58 1004 1618
66 67 2762 3626
0 120 895 2614
0 120 184 3542
0 120 3926 3929
6 7 996 2666
100 100 996 2666
22 22 2438 2748
115 116 2438 2748
66 67 79 1274
22 26 2138 3210
116 119 2138 3210
30 31 2618 3847
24 25 309 1736
118 119 309 1736
7 8 2303 2523
101 102 2303 2523
0 120 3295 3308
27 27 198 407
10 11 34 3194
103 105 34 3194
0 120 501 2845
0 5 28 935
10 10 28 935
53 57 28 935
65 86 28 935
88 89 28 935
92 98 28 935
45 46 253 3497
92 93 411 4083
0 120 1827 2944
7 7 75 2444
10 12 75 2444
14 15 75 2444
18 19 75 2444
21 47 75 2444
105 106 75 2444
108 109 75 2444
0 120 646 3199
62 64 219 880
0 15 344 3800
18 31 344 3800
35 37 344 3800
39 41 344 3800
43 49 344 3800
51 51 344 3800
53 74 344 3800
76 82 344 3800
85 100 344 3800
103 110 344 3800
112 120 344 3800
78 78 316 1752
87 89 932 3970
0 120 1078 2075
45 48 474 3092
68 69 1057 1198
0 120 2815 3206
14 16 1026 3605
108 110 1026 3605
27 27 1010 3072
11 13 293 2522
105 107 293 2522
119 119 2581 3564
61 64 296 2039
26 27 79 3502
120 120 79 3502
66 67 1225 2502
59 60 428 2158
62 64 1321 2964
37 39 987 1398
64 67 350 2275
0 120 1640 1963
62 64 2906 4263
30 32 3415 4140
52 53 1334 1856
18 20 1045 1753
112 113 1045 1753
2 3 2366 3760
5 7 2366 3760
14 14 2366 3760
16 19 2366 3760
25 44 2366 3760
56 56 2366 3760
68 68 2366 3760
72 93 2366 3760
96 96 2366 3760
99 101 2366 3760
108 108 2366 3760
110 113 2366 3760
0 19 103 1994
21 34 103 1994
41 41 103 1994
66 69 103 1994
73 73 103 1994
78 78 103 1994
81 88 103 1994
90 109 103 1994
111 120 103 1994
40 40 1340 3364
0 120 669 2405
50 50 1450 2970
74 75 3048 3565
102 103 1116 1404
120 120 701 1162
0 120 928 2107
11 12 2459 3170
105 106 2459 3170
42 42 131 1009
4 6 2665 3238
9 9 2665 3238
13 16 2665 3238
27 27 2665 3238
31 31 2665 3238
70 70 2665 3238
89 90 2665 3238
93 93 2665 3238
98 100 2665 3238
102 103 2665 3238
107 110 2665 3238
117 117 2665 3238
63 64 344 2056
57 58 796 1399
68 69 1682 3478
0 120 1405 2446
48 50 1771 2769
6 22 793 1101
25 28 793 1101
32 32 793 1101
88 90 793 1101
92 93 793 1101
100 101 793 1101
104 104 793 1101
106 115 793 1101
119 120 793 1101
46 47 535 2563
60 62 309 2220
27 28 311 603
74 74 386 4160
63 64 668 3092
90 92 353 4212
66 68 937 1230
79 80 419 3519
0 0 4 3277
93 94 4 3277
45 45 11 2004
48 50 11 2004
52 71 11 2004
75 76 11 2004
79 81 11 2004
84 84 11 2004
25 26 1079 3565
119 120 1079 3565
46 48 659 2225
22 32 1091 2636
116 120 1091 2636
0 1 153 367
92 94 153 367
38 39 292 711
41 41 292 711
59 60 292 711
63 66 292 711
69 73 292 711
53 54 1209 2103
16 16 216 4099
110 110 216 4099
87 89 1968 2909
66 68 606 2564
63 64 41 311
36 38 1352 1630
56 57 292 1650
0 120 1572 3848
67 67 717 3334
89 90 170 721
0 120 1680 2627
73 73 1038 3160
18 19 568 767
112 113 568 767
43 44 229 1301
47 49 430 3277
79 80 409 2400
36 41 1670 3602
7 9 421 1471
102 103 421 1471
14 20 1438 4033
108 115 1438 4033
44 49 168 1025
18 19 1203 2446
112 113 1203 2446
33 35 2142 3597
41 42 793 4268
0 120 3828 4039
18 18 693 3098
112 112 693 3098
63 64 1168 3391
46 47 741 1826
90 91 1190 3150
62 63 2112 3196
74 75 408 3114
58 60 2531 2591
0 0 354 3817
9 11 354 3817
15 88 354 3817
90 93 354 3817
111 117 354 3817
119 120 354 3817
70 78 1164 2868
44 45 806 3160
0 9 713 717
35 55 713 717
57 103 713 717
105 106 713 717
0 120 1573 1575
73 73 408 4053
8 9 19 2780
101 103 19 2780
67 68 1170 2124
0 120 1968 2104
89 90 34 1368
43 43 216 3294
8 9 350 4048
102 103 350 4048
0 120 183 902
33 35 1041 2653
0 120 1285 1293
0 120 626 2411
50 51 342 2652
11 12 421 3699
105 106 421 3699
0 120 1615 3679
1 1 75 3062
94 94 75 3062
77 78 314 3078
50 51 2922 3536
75 76 1019 2113
44 44 3188 3655
0 120 1638 2350
81 81 2118 2987
33 34 741 4054
33 35 316 2370
92 93 1962 4137
36 36 852 3104
75 77 1165 1349
65 66 950 1195
73 74 253 2021
53 54 1068 1416
16 16 2050 3203
1 2 300 3530
95 96 300 3530
15 15 331 2843
109 109 331 2843
61 62 3073 3301
12 12 1597 1945
106 106 1597 1945
31 32 1352 2114
0 120 620 3885
0 120 835 841
91 92 1019 3402
0 120 904 1200
58 58 2271 3552
0 120 531 1369
43 51 3079 3496
0 120 4209 4215
86 87 253 3310
12 12 294 867
106 106 294 867
54 55 421 2894
26 27 794 1190
120 120 794 1190
71 71 310 811
37 40 2013 2920
0 120 1469 3988
33 34 230 2545
78 79 1120 3834
32 33 1671 2402
54 56 293 2335
1 3 1454 2367
11 13 1454 2367
17 18 1454 2367
21 24 1454 2367
27 36 1454 2367
38 73 1454 2367
79 79 1454 2367
82 87 1454 2367
95 97 1454 2367
105 107 1454 2367
111 112 1454 2367
117 118 1454 2367
71 73 629 3947
0 120 2981 4250
59 60 1203 4219
42 43 1229 3188
69 69 11 2622
0 120 1241 2259
80 81 878 2207
0 120 1296 1966
0 120 561 2500
11 11 1758 1997
105 105 1758 1997
89 91 134 743
19 19 304 400
113 113 304 400
37 37 56 1052
27 28 954 2202
0 120 21 4249
35 35 2595 3625
3 4 1127 2130
97 98 1127 2130
12 13 1268 3301
106 108 1268 3301
65 67 187 754
51 52 629 1853
17 18 135 2284
110 112 135 2284
29 29 919 2366
59 61 1418 3999
15 15 256 3742
109 109 256 3742
32 32 316 3793
29 29 2172 2926
76 77 1728 1946
0 120 2395 2409
82 82 659 4132
0 120 222 1879
54 55 688 2618
85 86 435 2926
0 120 1078 1083
39 41 887 1515
78 78 1332 2131
87 87 386 3973
52 54 363 2269
17 19 1483 2300
111 112 1483 2300
6 7 2926 2984
100 101 2926 2984
71 71 16 2161
50 50 630 3552
24 25 1070 1572
118 119 1070 1572
37 38 1493 1675
24 24 932 3328
0 120 1620 3702
0 120 1073 1089
28 29 767 1571
0 120 233 3327
73 77 1190 1674
82 82 777 2259
13 13 2633 3112
107 107 2633 3112
35 36 255 1396
55 56 1088 1397
64 64 898 3717
36 36 76 899
91 92 12 1638
28 29 2752 3743
0 120 2805 2815
10 12 9 1340
104 105 9 1340
67 68 1012 1752
16 18 1091 2799
110 112 1091 2799
65 65 2333 3759
64 65 2506 3687
1 2 1415 2142
12 12 1415 2142
22 28 1415 2142
30 30 1415 2142
34 34 1415 2142
65 65 1415 2142
68 68 1415 2142
72 72 1415 2142
75 76 1415 2142
83 85 1415 2142
88 88 1415 2142
95 95 1415 2142
101 103 1415 2142
105 106 1415 2142
116 120 1415 2142
68 68 404 2808
0 120 1735 2497
0 120 403 2583
62 62 413 3271
0 120 3443 3452
56 58 358 1120
72 73 1275 2512
92 93 225 3974
39 40 524 4041
6 6 240 4282
12 12 240 4282
27 30 240 4282
33 35 240 4282
40 41 240 4282
44 45 240 4282
47 48 240 4282
52 52 240 4282
83 83 240 4282
88 90 240 4282
104 104 240 4282
106 106 240 4282
120 120 240 4282
7 9 407 1012
100 103 407 1012
83 85 147 1839
0 120 2973 3688
81 82 14 2249
73 73 2434 3410
78 79 2909 3703
0 120 2587 3652
0 120 918 935
0 120 295 1710
0 120 4226 4248
0 120 1895 2378
7 8 4 3224
101 102 4 3224
26 27 914 3445
120 120 914 3445
51 51 2827 3112
0 120 996 1003
46 48 1070 1706
12 13 316 1244
106 107 316 1244
46 46 297 1002
0 120 1078 1567
0 120 2766 2836
73 74 128 1947
0 120 2905 3180
63 65 1671 2081
80 81 314 2891
80 81 14 2599
16 19 939 1408
110 112 939 1408
81 83 538 1064
86 86 1001 3040
31 33 2618 3123
41 41 2783 3190
0 12 3550 3857
14 14 3550 3857
16 16 3550 3857
62 62 3550 3857
64 67 3550 3857
69 110 3550 3857
112 112 3550 3857
0 120 2189 2451
73 74 315 2712
0 120 1175 3570
59 61 330 1300
42 44 428 2589
50 50 1687 2964
0 120 723 3446
4 5 331 2656
98 99 331 2656
26 28 11 3240
120 120 11 3240
80 81 264 680
41 42 2118 3150
72 74 1170 4165
0 120 1753 2271
77 78 144 3769
36 39 1121 1240
0 120 443 2116
53 55 1016 3698
11 12 238 2650
105 106 238 2650
58 58 1399 3436
0 120 1948 3678
26 28 17 3405
120 120 17 3405
82 83 1576 1820
0 120 3577 3586
85 87 53 618
2 120 189 2199
89 91 1467 2816
72 73 524 4175
4 6 4 2419
98 99 4 2419
0 120 3920 3925
76 77 1193 2055
0 120 1951 2636
11 11 428 1434
0 120 1372 2929
62 63 629 3410
78 81 312 3703
65 66 1026 2292
74 76 200 264
0 120 74 1845
0 120 1184 1188
0 120 1373 4093
0 120 676 4165
0 120 2529 3781
30 32 292 3236
71 71 872 1825
86 87 655 844
33 34 1102 2287
71 71 185 2615
0 8 420 3421
87 101 420 3421
45 46 1461 3159
56 57 635 1131
69 70 1149 1352
29 37 395 3364
39 40 395 3364
48 55 395 3364
57 57 395 3364
60 61 395 3364
70 72 395 3364
0 120 3526 3597
25 25 76 578
119 119 76 578
33 33 535 3344
0 1 876 1193
94 95 876 1193
38 39 881 1537
36 37 249 506
15 16 371 2189
109 110 371 2189
74 75 1300 2652
20 21 104 1845
114 115 104 1845
42 43 357 4011
58 59 1298 1825
0 120 2227 2288
73 75 1026 1137
86 86 1826 1944
0 120 1547 2529
0 120 1490 1995
66 68 2238 4140
30 32 187 567
0 120 1183 2252
24 25 412 3129
118 119 412 3129
73 73 887 3422
9 12 1483 4207
103 106 1483 4207
4 5 1922 2591
98 99 1922 2591
66 66 63 2194
0 120 622 3878
27 28 374 3776
54 55 307 2554
0 120 288 2312
68 68 594 3550
55 57 0 1091
70 71 277 3843
8 9 1669 2118
101 103 1669 2118
0 120 89 2102
0 0 216 3375
79 79 1012 1724
0 120 615 1394
120 120 1797 2303
19 19 711 1102
112 113 711 1102
0 120 2660 2678
0 120 3520 3536
32 32 189 2683
41 44 1352 3350
82 82 1758 4038
62 63 27 3853
30 32 1195 2612
35 46 1195 2612
49 65 1195 2612
67 81 1195 2612
114 117 1195 2612
120 120 1195 2612
0 0 307 460
93 94 307 460
43 44 34 4243
22 24 411 1749
116 117 411 1749
6 6 34 1799
99 100 34 1799
21 21 450 1677
115 115 450 1677
0 43 166 1918
49 120 166 1918
32 34 495 696
38 40 30 2811
0 120 2409 3217
1 17 2920 3921
20 24 2920 3921
27 42 2920 3921
46 49 2920 3921
51 52 2920 3921
56 57 2920 3921
60 61 2920 3921
66 66 2920 3921
71 71 2920 3921
74 75 2920 3921
82 86 2920 3921
93 93 2920 3921
95 110 2920 3921
114 116 2920 3921
0 120 198 2395
32 33 2130 3802
88 89 79 229
51 52 1820 2822
0 120 1409 1790
84 85 721 3079
39 42 3131 3552
0 120 495 1046
0 120 4248 4251
31 31 1230 3895
32 34 134 1040
0 120 636 3156
79 80 1682 3238
64 64 131 1708
68 69 554 2565
28 29 581 2668
7 8 428 4146
101 102 428 4146
78 79 751 3079
0 120 1904 3058
0 120 1498 1616
85 85 95 1462
47 49 1750 2591
33 34 3203 3963
41 42 268 3110
39 39 1076 1334
65 66 300 1867
18 20 95 2401
112 114 95 2401
42 44 1313 2967
15 16 2920 3116
109 110 2920 3116
31 32 445 1467
86 87 166 2052
70 71 3743 4092
11 11 135 487
30 32 135 487
36 38 135 487
42 48 135 487
52 60 135 487
64 64 135 487
68 68 135 487
23 23 1466 3182
5 6 346 707
99 100 346 707
107 107 425 1000
22 23 63 584
115 117 63 584
43 44 56 3577
35 35 68 2648
79 82 1344 2438
0 120 2464 2469
47 47 1495 2607
0 120 502 2351
0 120 999 3157
0 120 2020 2428
68 69 760 4080
6 6 1190 2910
99 100 1190 2910
49 51 94 1775
29 30 111 1190
77 78 1198 1273
73 73 315 431
35 36 1945 3193
71 72 1064 1458
87 89 30 1201
49 51 1408 2988
21 21 1769 2967
115 115 1769 2967
0 120 251 2109
27 28 1398 3963
0 120 1544 3788
13 15 2965 2993
107 109 2965 2993
18 19 1364 2100
111 113 1364 2100
23 23 2584 3301
78 81 1446 3630
78 79 2595 2901
0 120 1836 2095
52 52 375 1771
36 36 349 550
0 120 113 2525
0 120 247 2525
0 120 345 3814
80 80 1121 3281
7 8 1000 2762
101 102 1000 2762
78 120 2670 2671
117 118 1197 3276
39 40 3554 3923
78 79 968 3978
1 1 314 3188
13 92 314 3188
107 120 314 3188
0 120 993 1002
78 79 1172 3219
0 120 2440 3148
0 120 1641 1977
27 29 27 2377
8 10 13 2479
101 104 13 2479
10 11 39 1448
1 1 1005 1012
5 6 1005 1012
15 16 1005 1012
21 23 1005 1012
25 25 1005 1012
37 37 1005 1012
77 78 1005 1012
80 81 1005 1012
83 87 1005 1012
94 95 1005 1012
99 100 1005 1012
115 117 1005 1012
48 49 1433 2213
0 120 2725 2728
0 0 743 1766
92 93 743 1766
74 76 187 3763
64 65 414 544
0 120 1348 1351
13 15 386 2660
107 109 386 2660
72 73 57 1438
30 30 2228 3615
61 61 225 1022
21 22 104 2947
115 116 104 2947
0 0 334 3409
93 94 334 3409
0 120 3020 3026
37 37 76 2619
0 120 62 2721
22 23 14 1741
116 117 14 1741
110 110 554 3183
80 81 1340 4092
87 89 130 1135
79 79 39 2737
0 120 286 3368
18 19 581 4225
112 113 581 4225
29 30 1168 1541
12 14 483 1438
106 108 483 1438
55 56 307 3656
39 42 1415 1418
0 1 1019 1418
5 10 1019 1418
12 17 1019 1418
54 56 1019 1418
58 58 1019 1418
60 60 1019 1418
64 65 1019 1418
68 73 1019 1418
78 96 1019 1418
99 111 1019 1418
114 118 1019 1418
0 120 2834 3960
71 72 1404 3703
0 120 875 3359
0 120 2255 2563
69 70 548 2964
79 79 1589 2702
10 10 166 2670
104 104 166 2670
20 21 293 2445
114 115 293 2445
23 24 1019 2357
72 73 420 3718
0 120 4272 4273
0 120 1782 3282
2 2 216 1444
109 110 1575 3743
117 117 419 1803
40 42 219 2681
22 22 2577 2964
115 116 2577 2964
37 40 1120 1850
60 61 1190 2589
33 33 856 1023
0 120 1069 2070
39 39 69 643
56 57 2142 3975
117 118 27 2861
21 23 558 3251
115 116 558 3251
72 74 1451 4057
40 40 250 2906
71 73 348 3441
50 51 160 4144
21 23 406 413
115 117 406 413
24 26 411 757
118 120 411 757
0 120 1087 3780
17 18 249 2681
110 112 249 2681
69 70 414 1028
79 80 488 977
13 13 530 2142
107 107 530 2142
14 15 1070 1332
108 109 1070 1332
24 88 1197 2605
90 95 1197 2605
102 105 1197 2605
110 120 1197 2605
14 17 629 3841
107 110 629 3841
79 80 608 2964
83 84 2681 3852
73 73 225 2445
11 12 1777 2133
105 106 1777 2133
37 38 1102 2718
40 41 138 3200
0 120 4135 4136
0 120 3835 3844
118 120 738 3195
79 79 2782 3345
71 72 846 1974
38 39 63 1336
54 55 302 3042
91 93 990 3416
17 18 71 2917
111 111 71 2917
67 68 1232 2949
0 120 52 423
16 16 1676 2431
109 110 1676 2431
76 76 977 1676
47 51 411 2985
32 34 767 2620
0 120 1988 2703
46 47 3170 3612
22 23 238 2276
116 117 238 2276
111 111 1315 1671
85 86 1045 1810
0 120 4190 4193
7 8 1399 3062
101 102 1399 3062
79 80 353 2980
2 2 2202 2662
96 96 2202 2662
3 3 2207 3006
97 97 2207 3006
43 44 1195 1754
0 0 1091 3848
93 94 1091 3848
1 2 635 2851
95 96 635 2851
83 84 743 2384
62 63 411 891
28 29 696 4258
4 5 629 3036
98 99 629 3036
15 16 598 717
109 110 598 717
0 120 799 2693
14 15 374 1763
108 109 374 1763
0 0 1540 2139
92 94 1540 2139
69 70 1232 1794
0 120 1612 2015
89 90 578 1004
0 120 2014 2961
23 24 312 4268
117 118 312 4268
0 120 885 1686
12 14 2626 4279
106 107 2626 4279
49 51 1165 3955
2 3 14 2359
96 97 14 2359
0 120 22 3940
85 86 180 1116
75 76 1107 3196
0 120 752 753
58 60 102 1425
8 11 1197 3089
89 90 75 2985
4 10 302 3176
16 17 302 3176
21 50 302 3176
52 86 302 3176
88 93 302 3176
97 100 302 3176
106 106 302 3176
110 111 302 3176
115 120 302 3176
0 120 89 439
0 120 121 886
3 3 694 2468
60 60 1468 1862
39 40 860 1225
34 36 373 2827
43 44 944 2616
59 64 1070 2755
41 42 230 829
21 22 2193 2303
115 116 2193 2303
63 65 297 2051
71 71 166 3288
52 52 652 1461
7 8 430 3334
101 103 430 3334
0 120 901 2165
10 11 853 1185
104 105 853 1185
72 72 278 2940
0 120 3346 3413
32 33 6 2252
34 35 887 3987
0 120 227 1662
0 120 2930 2946
0 0 588 887
91 94 588 887
25 25 72 4003
119 119 72 4003
48 50 745 2591
27 28 1988 3187
120 120 1988 3187
39 42 975 3807
82 83 377 1606
84 85 1165 3150
0 120 1571 1586
53 54 807 1190
72 73 554 2996
0 120 1008 3166
41 43 941 1190
23 24 1025 2581
117 118 1025 2581
78 79 130 948
0 120 1253 2216
58 59 310 3767
0 120 883 1185
1 2 303 2596
95 95 303 2596
43 45 621 1185
16 17 36 2252
0 120 2374 2849
43 45 144 1785
38 39 752 887
61 62 117 2591
71 72 225 2124
63 63 58 2950
0 120 1178 2981
4 5 438 3171
98 98 438 3171
20 22 1073 1467
114 116 1073 1467
0 120 202 2140
47 58 346 3582
81 82 348 1965
0 120 2402 2803
60 60 34 1775
69 70 1537 3264
0 120 720 790
0 120 1423 3916
12 12 1170 3470
0 120 1490 2694
74 76 414 2935
7 8 543 2591
101 102 543 2591
42 43 302 3660
39 41 696 3587
62 63 1602 2346
0 120 2188 2443
70 72 2131 3629
43 48 873 1944
43 44 2304 3557
61 63 3203 3589
60 61 607 2202
0 2 2513 3142
92 95 2513 3142
79 79 125 738
0 120 1386 1940
7 13 1007 1355
101 107 1007 1355
82 82 780 2130
10 11 659 4055
104 105 659 4055
5 9 253 3367
99 103 253 3367
35 37 1726 2762
39 51 411 3953
116 116 1433 3449
0 120 15 1509
68 68 125 4121
0 120 2391 2398
64 66 1004 2777
53 53 1007 2294
28 29 262 2140
12 13 12 1211
107 107 12 1211
0 120 449 1966
91 92 2118 2239
52 54 2909 3492
25 26 2521 2629
119 119 2521 2629
2 5 243 585
97 99 243 585
67 67 394 2444
25 27 934 3886
119 120 934 3886
49 51 53 2151
41 48 2434 4138
0 120 3571 3584
31 32 923 2007
11 12 352 2972
105 106 352 2972
41 42 629 1560
48 48 1847 2126
39 40 1198 3932
69 70 451 2197
31 33 535 1144
20 21 1204 2434
114 115 1204 2434
40 42 1185 2192
46 47 1255 1433
9 10 1232 3701
103 104 1232 3701
10 11 2118 3528
104 105 2118 3528
62 62 36 642
0 21 53 57
39 40 53 57
44 89 53 57
92 115 53 57
24 25 1414 3183
118 119 1414 3183
89 90 1450 2840
19 21 741 2151
113 115 741 2151
17 18 1539 2131
111 112 1539 2131
27 28 1243 3301
77 79 916 2906
0 120 928 1977
0 120 1240 2249
35 41 428 873
55 56 1398 3589
34 36 407 3968
0 0 235 478
94 94 235 478
60 64 374 1576
27 28 418 1094
37 39 1330 2142
9 9 10 3743
102 103 10 3743
15 16 51 1300
109 110 51 1300
0 6 32 1058
89 100 32 1058
27 30 1102 1726
61 61 54 1571
20 22 899 1397
114 116 899 1397
73 74 1418 1962
77 77 1514 1670
0 120 2044 2424
82 82 225 2392
111 112 309 3029
20 20 147 2701
114 114 147 2701
61 62 1203 3471
0 120 871 2732
70 71 128 2459
75 75 2435 3743
0 120 563 2387
6 6 1502 3538
100 100 1502 3538
58 60 2782 3292
40 41 216 3969
87 88 1300 2091
91 93 2864 3102
79 80 1016 2332
53 54 410 2522
57 58 635 920
30 30 344 4154
0 120 361 3569
64 66 1128 4236
71 72 1070 2568
37 37 3072 3216
49 51 419 1295
51 52 1334 1860
42 42 12 2634
46 46 12 2634
57 72 12 2634
5 5 1185 1737
12 12 1185 1737
19 19 1185 1737
24 29 1185 1737
35 36 1185 1737
39 40 1185 1737
45 47 1185 1737
52 52 1185 1737
66 66 1185 1737
68 68 1185 1737
113 113 1185 1737
117 120 1185 1737
10 11 299 3630
104 105 299 3630
16 18 760 807
110 112 760 807
13 14 1357 2783
107 108 1357 2783
40 40 1102 3954
70 71 2142 3467
87 87 399 4211
41 42 1433 2778
0 0 2293 3636
93 94 2293 3636
0 1 1185 2676
94 94 1185 2676
0 120 89 1541
13 14 1816 4236
107 108 1816 4236
0 120 2055 2532
0 120 2984 2995
90 92 499 3102
22 23 631 2275
116 117 631 2275
76 78 1166 3565
18 19 28 484
111 113 28 484
41 43 508 1121
0 120 921 1290
0 120 868 875
76 79 235 962
85 85 975 1526
41 42 357 2645
45 46 234 3743
115 115 146 1644
0 120 2245 3945
23 24 3002 3170
117 118 3002 3170
0 120 3071 3529
30 32 1632 2964
0 120 820 834
0 120 3851 3869
0 120 1261 3960
33 34 19 556
14 14 2025 2666
108 109 2025 2666
37 40 2460 2594
43 49 2460 2594
9 12 1087 2117
103 105 1087 2117
65 66 56 3821
66 68 2100 2251
70 71 271 777
1 1 1673 3904
95 95 1673 3904
83 84 887 2995
3 4 93 3888
97 98 93 3888
70 70 53 2769
0 120 1304 4037
15 15 209 3282
109 109 209 3282
63 64 438 890
118 118 591 1132
71 71 1446 1646
39 39 1771 1968
13 14 367 2178
107 108 367 2178
53 53 2344 3550
3 4 425 1594
97 98 425 1594
0 120 2378 2380
111 111 2082 3550
0 4 69 269
9 13 69 269
17 24 69 269
27 27 69 269
30 45 69 269
50 50 69 269
61 62 69 269
76 79 69 269
85 86 69 269
89 89 69 269
92 92 69 269
95 95 69 269
103 106 69 269
114 116 69 269
0 120 2042 2431
32 33 411 3416
36 45 411 3416
15 15 1094 3446
32 32 1094 3446
34 34 1094 3446
55 55 1094 3446
108 109 1094 3446
114 117 1094 3446
12 14 414 3687
106 108 414 3687
4 5 255 2876
98 99 255 2876
72 74 771 3170
0 120 2230 2667
44 44 568 1121
79 79 635 2343
4 4 1182 2512
98 98 1182 2512
6 7 896 2118
101 101 896 2118
0 120 29 89
17 19 48 331
111 113 48 331
64 66 990 1753
91 92 1121 2236
86 87 135 2959
0 120 902 3626
17 17 312 377
111 111 312 377
75 76 2048 2626
92 93 278 4176
86 86 2117 3894
0 120 183 906
28 33 372 3811
66 67 84 146
25 26 564 1537
119 120 564 1537
45 46 32 1676
0 120 1854 1979
0 120 3739 3762
105 106 301 2066
33 35 234 844
4 5 313 1137
98 99 313 1137
0 2 412 2836
4 15 412 2836
17 19 412 2836
26 31 412 2836
37 39 412 2836
47 52 412 2836
58 59 412 2836
62 70 412 2836
94 95 412 2836
98 109 412 2836
112 113 412 2836
120 120 412 2836
30 31 71 2543
58 61 169 3078
43 44 898 1009
0 120 203 218
0 120 366 1148
3 3 300 3534
97 97 300 3534
8 8 1019 2467
0 120 4154 4162
0 120 1595 3566
42 43 420 1384
78 80 342 3945
0 120 3637 3643
24 26 1467 2068
118 120 1467 2068
60 60 2291 3269
42 42 1589 3751
42 42 2019 2581
0 0 16 742
6 8 16 742
26 27 16 742
31 34 16 742
42 42 16 742
58 64 16 742
67 67 16 742
72 73 16 742
79 81 16 742
83 94 16 742
96 104 16 742
106 120 16 742
29 29 1017 2771
62 62 1726 1770
47 48 125 3129
0 120 3998 3999
92 93 240 635
0 120 4209 4219
13 14 66 3488
107 108 66 3488
35 35 441 2611
49 51 1501 2591
73 74 374 1389
5 6 53 4192
99 100 53 4192
32 35 509 1025
0 120 378 2262
12 14 32 871
105 107 32 871
68 71 312 3894
15 16 219 697
109 110 219 697
0 120 1881 2997
86 88 1463 3238
35 35 235 641
46 48 975 1205
0 120 1633 2114
0 120 974 980
8 8 559 738
69 70 58 2442
0 120 2095 3865
32 34 1190 1544
0 120 648 4193
9 10 3743 4015
103 104 3743 4015
88 88 235 1580
72 74 367 3951
0 120 1518 3295
67 69 11 2626
85 86 976 1026
32 33 554 3777
86 88 1774 1945
73 74 7 2103
0 120 3052 3316
70 75 3164 3557
85 85 1092 3079
60 61 32 3099
15 16 830 3079
109 110 830 3079
3 3 102 2340
96 97 102 2340
92 93 2120 3521
37 38 2512 2813
0 120 2689 3449
0 120 2283 2761
0 120 2226 2227
0 120 1321 4070
37 45 2324 2762
49 49 2324 2762
81 81 292 1683
0 120 2453 3172
87 88 428 3264
12 14 1232 3998
106 107 1232 3998
70 70 3565 4251
74 76 1352 2602
29 31 989 2550
32 33 177 420
78 78 887 3963
0 120 3038 3044
0 120 3898 3902
0 120 1078 1087
16 16 455 1862
0 120 1014 3546
59 60 312 4028
45 45 296 3495
0 120 843 3664
0 120 855 2735
69 71 760 1909
0 120 3267 3281
34 35 3363 3743
55 55 235 775
12 13 2203 2593
105 107 2203 2593
66 66 402 3921
3 3 9 3438
16 16 9 3438
24 25 9 3438
64 64 9 3438
79 83 9 3438
91 91 587 2920
0 1 1161 3192
94 95 1161 3192
88 90 1961 3999
0 120 3953 3959
57 57 1300 2038
52 54 441 4034
41 43 353 1935
86 87 120 1175
7 8 538 934
101 102 538 934
33 34 1128 4183
0 0 481 2120
94 94 481 2120
59 60 138 3444
88 90 262 3510
3 3 716 2926
14 16 716 2926
24 28 716 2926
34 35 716 2926
38 39 716 2926
42 84 716 2926
86 88 716 2926
97 97 716 2926
108 110 716 2926
118 120 716 2926
49 50 1034 2269
71 72 1128 1150
89 89 177 2648
9 15 1682 2490
102 110 1682 2490
113 113 1682 2490
0 120 929 940
49 49 3394 3564
66 68 409 3156
0 120 44 2469
0 120 403 2587
52 52 1466 2084
26 27 315 488
120 120 315 488
0 120 559 3100
0 120 91 780
0 120 655 2808
38 38 390 4045
28 29 1300 4266
82 84 436 1946
37 38 315 3871
0 120 2144 2147
36 37 2629 3882
31 32 215 257
7 9 2221 2367
101 102 2221 2367
0 1 302 2131
94 96 302 2131
17 21 2626 3584
111 115 2626 3584
0 120 2755 3240
44 46 771 889
80 81 253 3932
0 120 1003 2178
55 56 215 1196
73 74 51 1731
77 77 27 1145
79 79 27 1145
84 84 27 1145
87 88 27 1145
90 120 27 1145
4 5 558 1535
8 9 1017 1295
101 103 1017 1295
30 31 1602 4200
83 86 934 3512
0 120 1071 1531
0 120 3853 3862
0 120 1015 3851
26 26 1165 1166
42 42 1165 1166
44 48 1165 1166
52 52 1165 1166
62 62 1165 1166
81 81 1165 1166
86 86 1165 1166
2 3 683 3112
96 97 683 3112
20 21 72 2958
114 115 72 2958
28 29 209 3229
0 120 949 1541
13 14 374 3296
107 108 374 3296
63 64 410 2953
0 120 1432 2449
49 50 24 1197
38 39 1097 3102
0 42 1589 3564
44 47 1589 3564
57 57 1589 3564
64 65 1589 3564
67 68 1589 3564
70 120 1589 3564
0 120 832 1141
42 44 104 2654
57 57 257 2896
53 54 38 314
56 58 1418 3682
0 120 2302 2682
86 87 53 622
0 120 2849 2851
58 58 975 3112
37 39 1064 1649
73 75 367 2475
70 71 2762 3606
0 120 2500 3606
13 13 1944 3913
107 107 1944 3913
79 79 404 3296
0 120 639 4102
9 9 372 3758
18 52 372 3758
56 57 372 3758
59 59 372 3758
107 107 372 3758
112 112 372 3758
114 114 372 3758
116 120 372 3758
0 120 62 2778
46 47 14 1798
71 72 1091 1193
80 80 850 2070
31 32 581 3343
0 120 3764 3766
12 13 968 2291
106 107 968 2291
31 32 6 402
36 37 412 1844
82 86 350 966
11 12 2139 2287
105 106 2139 2287
4 7 1161 2871
16 16 1161 2871
20 21 1161 2871
23 27 1161 2871
30 31 1161 2871
34 35 1161 2871
38 40 1161 2871
73 74 1161 2871
76 76 1161 2871
81 83 1161 2871
85 93 1161 2871
95 107 1161 2871
109 111 1161 2871
113 114 1161 2871
116 120 1161 2871
0 120 4258 4274
17 18 232 4128
111 111 232 4128
65 69 193 3611
60 62 1232 2522
26 26 777 2881
120 120 777 2881
70 71 75 3363
0 120 534 3123
28 28 2086 3565
0 120 1069 4221
0 120 2442 2446
42 42 64 2450
0 120 1490 1999
15 17 36 402
108 111 36 402
42 42 51 3154
0 120 3831 3833
0 120 1183 2256
56 58 95 982
7 10 2896 3555
101 104 2896 3555
17 17 169 931
111 111 169 931
27 28 2751 4140
77 77 1526 2595
20 22 2186 2641
114 116 2186 2641
0 120 561 3606
0 120 798 1075
22 22 306 2333
88 88 1094 3877
91 91 53 4139
0 0 2319 3170
15 15 1678 2585
108 109 1678 2585
7 7 133 1624
100 101 133 1624
57 59 128 1280
50 52 771 3601
37 38 14 1932
72 73 394 1399
72 73 2303 3576
0 1 85 4027
94 95 85 4027
54 55 696 1737
0 120 162 3493
77 77 3398 3550
67 68 1128 3057
78 79 1254 3196
3 4 168 2749
97 98 168 2749
0 120 708 4191
17 18 264 2457
103 103 173 649
11 13 2965 3668
105 107 2965 3668
0 120 3080 3618
40 40 2648 3961
31 32 989 3652
59 61 225 2502
0 120 1947 2601
83 86 3110 3268
51 52 63 1393
36 37 2100 2816
16 16 1816 3057
88 89 300 3026
42 43 1198 4176
74 74 799 1461
10 12 253 2456
104 106 253 2456
89 90 165 357
17 18 230 752
111 112 230 752
29 30 30 4104
85 86 1747 2139
19 20 2581 4028
113 114 2581 4028
21 22 52 3863
115 116 52 3863
0 120 1411 2190
16 16 225 3791
109 110 225 3791
31 32 454 1399
50 51 524 3858
36 37 2783 4162
54 55 16 1173
35 35 85 778
39 41 1289 1446
24 25 2531 3160
118 119 2531 3160
0 120 1127 3370
76 76 1225 3905
16 17 700 1051
110 111 700 1051
0 120 2854 3813
41 42 685 1682
74 75 105 3093
75 76 418 1338
14 14 1194 1559
108 108 1194 1559
0 120 124 891
0 120 4129 4132
67 68 631 2385
38 38 421 3329
16 17 1214 2965
110 111 1214 2965
48 49 75 2692
3 4 128 1764
97 98 128 1764
0 120 864 866
34 34 420 3104
32 34 1483 2601
0 120 2770 2772
75 75 1225 1811
50 52 1404 4028
44 45 60 317
0 120 636 1416
88 89 173 194
4 5 1563 1806
98 99 1563 1806
56 56 133 3047
72 73 102 1482
0 120 2168 3643
1 2 1017 2047
95 96 1017 2047
19 19 721 3217
0 120 115 4161
44 46 1168 2216
55 55 810 2508
61 62 414 2508
71 72 3551 4276
44 45 968 3848
82 84 130 2749
7 9 278 2647
102 103 278 2647
38 39 811 3110
0 120 644 718
3 6 635 1164
98 100 635 1164
79 80 1223 1334
37 44 1008 1934
16 18 914 1518
110 112 914 1518
44 46 2581 4162
104 104 14 3705
112 112 14 3705
75 77 3183 4230
40 42 2782 3886
119 119 2666 3711
0 120 785 2047
78 81 193 2135
0 120 1226 1231
84 85 2203 2674
0 120 1313 3105
51 52 296 543
102 102 299 1780
0 120 4168 4194
10 11 51 1678
103 105 51 1678
0 120 3626 3645
3 4 2103 2443
96 98 2103 2443
0 120 1843 3270
0 120 740 2654
35 35 1017 1242
44 44 258 1190
29 30 3188 3419
0 120 663 2407
43 44 596 1185
3 4 1561 3557
97 98 1561 3557
88 89 135 4008
38 38 334 1185
88 88 76 395
21 22 303 3592
115 115 303 3592
28 29 105 1133
0 120 1469 3968
0 120 1510 1525
18 18 340 441
112 112 340 441
67 67 262 3002
0 120 2201 3136
0 120 2153 2156
38 39 348 2022
53 55 635 1298
64 70 12 2073
0 3 1132 2104
7 24 1132 2104
26 38 1132 2104
41 45 1132 2104
51 76 1132 2104
79 82 1132 2104
85 85 1132 2104
104 105 1132 2104
108 118 1132 2104
120 120 1132 2104
0 120 561 3069
51 52 84 1195
34 35 412 2946
65 66 379 554
72 74 1645 2100
21 22 399 3650
115 116 399 3650
12 14 738 3870
106 108 738 3870
27 28 342 672
51 51 206 4009
0 120 875 1135
12 13 1016 3060
106 107 1016 3060
39 39 1004 1545
0 120 1790 2454
45 45 2292 3604
49 62 2156 3743
60 61 1147 2762
0 120 1338 4050
0 120 1005 1366
37 40 1091 1140
87 88 232 3136
8 8 66 3598
101 102 66 3598
36 38 770 1499
0 120 369 1155
58 59 71 3942
0 120 2846 2850
0 120 1108 3938
7 7 1168 3989
100 101 1168 3989
27 32 354 1032
34 34 354 1032
36 36 354 1032
38 38 354 1032
47 50 354 1032
57 61 354 1032
66 67 354 1032
69 70 354 1032
73 73 354 1032
80 82 354 1032
85 86 354 1032
42 43 887 1495
25 26 1778 2228
119 120 1778 2228
92 92 1862 2865
0 0 1946 4256
89 94 1946 4256
20 20 1820 2639
114 114 1820 2639
77 78 932 3897
0 120 2255 2567
21 22 887 2434
116 116 887 2434
4 5 105 678
0 120 881 899
63 63 2194 2291
21 23 3183 3559
115 117 3183 3559
101 101 2837 2922
70 71 963 3183
0 0 1311 3112
4 8 1311 3112
14 15 1311 3112
18 18 1311 3112
26 30 1311 3112
33 33 1311 3112
40 40 1311 3112
46 46 1311 3112
49 50 1311 3112
53 54 1311 3112
57 58 1311 3112
60 60 1311 3112
62 62 1311 3112
69 69 1311 3112
120 120 1311 3112
25 25 2920 4088
118 120 2920 4088
1 3 721 3835
95 97 721 3835
82 83 79 396
85 87 1203 1889
47 47 2653 3744
0 120 1813 1818
48 49 297 1787
14 14 173 1751
108 108 173 1751
0 1 262 3486
93 95 262 3486
14 15 1408 1732
108 109 1408 1732
4 5 759 3538
98 98 759 3538
22 22 430 3070
115 116 430 3070
0 120 418 801
0 120 473 1454
0 120 70 283
41 41 1453 2414
0 120 1037 1038
15 16 133 4015
109 110 133 4015
82 83 1678 2532
47 47 1418 4113
21 22 243 1931
115 116 243 1931
0 120 368 2377
69 70 743 2254
0 120 891 2152
76 77 58 1397
24 25 956 3301
118 119 956 3301
53 54 1121 2614
0 120 1618 3420
0 120 403 2563
0 120 2359 2866
0 0 296 4194
3 3 296 4194
10 21 296 4194
24 24 296 4194
28 32 296 4194
38 38 296 4194
42 42 296 4194
45 46 296 4194
53 54 296 4194
56 60 296 4194
62 62 296 4194
65 67 296 4194
77 79 296 4194
81 83 296 4194
85 87 296 4194
90 94 296 4194
96 98 296 4194
101 101 296 4194
103 107 296 4194
109 115 296 4194
118 119 296 4194
63 63 253 3558
43 43 349 3266
88 88 657 1167
0 120 1476 2024
15 15 299 1459
108 108 299 1459
42 43 1001 1731
68 69 173 3040
0 120 383 406
22 22 2413 3102
0 120 3263 3272
59 59 66 699
0 3 1602 3826
93 97 1602 3826
49 50 131 2814
57 59 130 1623
36 37 2606 3682
0 120 2632 2651
58 58 3079 4094
83 84 2126 3045
6 7 3057 3554
100 101 3057 3554
36 38 187 3096
40 49 187 3096
102 102 531 2906
0 120 935 1269
3 3 386 1993
97 97 386 1993
56 57 348 1701
70 71 1232 2953
31 32 2139 3657
0 0 134 3435
93 94 134 3435
0 26 146 2506
28 30 146 2506
34 35 146 2506
43 44 146 2506
46 48 146 2506
50 50 146 2506
52 108 146 2506
110 120 146 2506
18 18 1013 2091
112 112 1013 2091
16 17 239 253
110 111 239 253
0 120 171 3502
0 120 2256 3653
0 3 2617 3632
5 48 2617 3632
50 61 2617 3632
63 72 2617 3632
74 75 2617 3632
77 82 2617 3632
85 116 2617 3632
118 120 2617 3632
47 48 889 2964
57 58 436 1706
37 42 1282 2666
88 88 131 1070
0 120 1805 2441
13 14 349 2461
107 108 349 2461
25 26 209 4144
119 120 209 4144
24 25 428 1064
68 68 300 4262
9 10 104 186
103 104 104 186
14 15 85 4108
108 109 85 4108
0 120 697 700
0 120 795 1989
36 37 277 4278
32 33 850 1696
85 87 1103 2142
25 27 1190 4016
119 120 1190 4016
28 28 1446 3447
48 50 348 3929
39 40 2103 2256
48 48 1141 3565
40 40 886 2292
73 75 232 3754
18 20 1352 3785
112 114 1352 3785
70 72 1675 2718
60 61 2184 2595
37 38 374 2117
0 120 2712 2714
0 120 752 757
20 20 2414 3057
114 114 2414 3057
10 10 76 208
103 104 76 208
0 120 802 874
54 55 2920 3417
6 10 354 1650
98 105 354 1650
50 50 185 2595
46 46 1132 1917
0 120 2424 2432
79 91 1398 2036
0 120 1921 4063
0 120 2313 3355
53 55 417 659
81 83 721 3514
40 42 513 1121
17 24 3183 4177
28 48 3183 4177
50 52 3183 4177
109 109 3183 4177
111 119 3183 4177
79 80 1028 1944
21 22 417 4042
12 14 307 2184
106 108 307 2184
56 56 2186 2267
0 120 1642 3335
0 1 155 4042
6 6 155 4042
9 9 155 4042
17 19 155 4042
27 27 155 4042
31 31 155 4042
36 37 155 4042
40 56 155 4042
58 63 155 4042
66 66 155 4042
68 76 155 4042
78 78 155 4042
94 95 155 4042
100 100 155 4042
111 113 155 4042
17 17 367 2235
111 111 367 2235
56 57 1685 3971
58 59 451 2872
67 71 1017 3283
83 84 344 2251
0 120 1173 3796
28 28 2386 4018
0 2 1006 1404
11 11 1006 1404
85 85 1006 1404
90 106 1006 1404
111 114 1006 1404
116 120 1006 1404
76 81 65 2836
90 90 2207 2555
76 76 923 3621
57 57 1946 3719
71 71 1770 2739
0 120 80 3309
35 36 315 4115
39 52 315 4115
56 56 315 4115
0 120 327 3186
0 120 4145 4157
30 31 2562 2904
84 86 94 2426
0 120 2492 3074
64 65 302 2375
23 23 1162 3987
116 117 1162 3987
0 120 398 2837
33 34 4 3472
0 120 1504 2970
15 16 2431 2606
109 110 2431 2606
0 120 5 4074
100 101 1676 1764
119 119 141 737
86 87 1001 2349
86 87 2615 2915
56 57 1300 2416
5 6 1779 1862
99 100 1779 1862
59 61 1483 3032
82 82 430 2533
53 54 920 1606
22 25 2594 2977
116 118 2594 2977
57 57 51 2914
0 120 2955 2956
55 56 350 2015
58 59 1222 1944
0 120 124 1672
0 120 4026 4034
0 120 1039 2991
44 46 760 3576
0 120 2288 2678
67 68 1068 1477
0 120 784 1718
0 120 2035 2232
58 58 1529 2626
71 71 257 2201
44 45 625 907
0 120 4255 4271
68 68 699 856
0 120 124 2611
83 84 850 3469
0 120 542 3124
74 74 506 1215
0 120 22 2334
48 48 395 3828
94 97 462 2606
14 16 293 3551
108 110 293 3551
51 54 2436 2926
15 16 63 2308
109 110 63 2308
68 69 1670 1703
48 50 4 2667
0 120 2426 3901
0 120 15 1513
0 120 1632 2350
58 58 2456 3551
0 1 1475 2366
94 95 1475 2366
89 90 1504 3104
9 11 1001 2483
103 104 1001 2483
0 120 4177 4179
0 120 2157 2171
0 120 3077 3080
71 72 11 1744
69 72 1148 1190
31 31 1000 2258
87 87 105 625
0 120 4088 4107
26 27 1366 2581
120 120 1366 2581
43 45 659 1965
38 39 344 641
75 76 1168 1842
58 60 187 2909
34 35 2585 3557
61 62 348 1514
17 17 2920 4035
111 111 2920 4035
17 18 452 3557
110 111 452 3557
48 49 2291 2521
68 69 823 1026
0 120 1745 3516
0 120 2177 3173
68 69 1451 3069
76 77 1451 3069
6 7 296 2263
100 101 296 2263
10 11 2118 3532
104 104 2118 3532
36 36 1619 2653
39 41 1619 2653
22 24 1851 3188
116 117 1851 3188
25 26 961 2653
119 120 961 2653
0 120 4004 4005
88 88 1017 2962
0 120 475 1447
0 120 1256 1258
76 76 349 2274
86 87 2203 2300
85 87 415 1581
0 120 1177 1904
0 120 22 2818
54 55 32 3506
32 33 734 1334
5 5 971 2967
98 99 971 2967
4 5 155 1627
98 99 155 1627
0 120 931 1848
88 89 581 3721
68 69 27 4101
0 120 1245 1257
84 86 216 590
23 25 16 2222
79 80 1678 3768
0 120 888 2151
0 120 1920 4055
25 26 1113 2269
118 120 1113 2269
0 120 1046 1047
0 120 1579 3762
40 41 1125 1340
54 55 311 827
52 54 144 2407
0 1 524 1874
44 47 524 1874
51 59 524 1874
61 77 524 1874
80 83 524 1874
86 95 524 1874
102 102 524 1874
0 120 670 4143
79 81 923 2145
44 47 699 2629
12 14 43 1012
106 107 43 1012
0 120 2460 2464
2 3 741 3794
95 97 741 3794
17 21 717 3208
110 114 717 3208
111 112 1197 3845
36 38 350 1694
9 10 202 2762
103 104 202 2762
35 37 1230 3204
0 1 1939 2203
10 11 1939 2203
27 28 1939 2203
92 95 1939 2203
104 104 1939 2203
62 63 1682 2547
12 13 312 2341
106 107 312 2341
25 28 1193 4076
119 120 1193 4076
0 120 960 2562
75 78 506 894
31 33 1352 1854
83 85 631 1340
90 91 1508 2367
37 38 1045 2111
23 25 771 3040
117 119 771 3040
86 87 12 2988
0 120 3116 3118
22 22 1758 3481
116 116 1758 3481
54 55 232 2762
60 61 1013 3327
21 21 187 1299
27 29 187 1299
33 38 187 1299
41 55 187 1299
57 58 187 1299
61 66 187 1299
115 115 187 1299
120 120 187 1299
65 65 354 3691
0 120 3387 3389
8 10 128 4102
102 104 128 4102
12 15 1606 3841
107 108 1606 3841
48 49 66 3224
80 82 1225 4149
29 30 1120 2635
51 52 277 1192
0 120 879 3512
60 60 411 1192
72 73 2627 3112
0 0 221 1068
93 94 221 1068
73 74 1602 3318
78 79 334 945
11 11 2414 3004
105 105 2414 3004
0 120 191 3111
0 120 1015 3558
74 78 2851 3759
87 89 299 1890
0 120 2322 3415
89 89 79 3055
78 80 53 1834
0 120 800 1125
71 73 1025 3687
20 20 120 1366
114 114 120 1366
88 89 1186 2100
0 120 3269 3868
0 120 196 1361
28 30 535 827
0 5 2577 2594
7 7 2577 2594
11 12 2577 2594
15 15 2577 2594
0 42 989 997
44 61 989 997
63 63 989 997
81 120 989 997
72 74 1675 3954
7 9 1264 2922
101 103 1264 2922
70 72 1045 1306
4 5 1196 1475
98 99 1196 1475
14 15 316 2594
108 109 316 2594
0 120 4249 4269
91 93 1668 3914
25 25 1418 3739
119 120 1418 3739
0 120 1492 3688
92 93 635 2347
0 120 1956 2102
61 61 123 3892
0 3 126 1157
7 8 126 1157
21 23 126 1157
29 30 126 1157
34 77 126 1157
79 96 126 1157
102 102 126 1157
115 117 126 1157
49 51 1017 3580
72 73 131 1501
0 0 631 1824
89 94 631 1824
29 30 225 1136
58 58 144 4180
85 86 321 844
18 20 27 397
111 113 27 397
40 42 2967 4068
0 120 702 1475
84 84 3555 4238
0 120 566 2368
82 82 1051 4103
38 38 13 3882
55 56 3112 3668
16 26 1821 2035
29 31 1821 2035
115 115 1821 2035
117 119 1821 2035
0 29 1537 2276
31 34 1537 2276
36 37 1537 2276
39 120 1537 2276
0 120 654 1434
0 120 1877 2344
5 7 344 454
99 101 344 454
110 110 803 968
0 120 569 572
0 120 706 3287
13 14 3034 3196
107 107 3034 3196
12 12 914 3990
106 106 914 3990
71 71 243 3785
31 33 1404 3817
45 46 2104 2508
29 29 1340 2112
56 57 1904 4140
33 40 428 2784
69 70 75 3420
0 120 159 4057
61 63 990 3985
37 38 219 1856
14 14 2366 3447
108 108 2366 3447
62 62 160 2969
56 56 216 1558
45 46 128 3431
25 26 1017 2775
119 120 1017 2775
22 23 48 2913
116 117 48 2913
87 88 307 2615
87 88 1463 2303
87 88 2347 3555
0 120 1584 3761
68 69 39 2046
34 36 104 3195
0 120 2850 2863
65 66 2117 4032
72 73 1678 2642
0 9 1366 1589
12 18 1366 1589
24 24 1366 1589
27 29 1366 1589
33 33 1366 1589
37 41 1366 1589
74 76 1366 1589
78 78 1366 1589
83 83 1366 1589
87 91 1366 1589
94 102 1366 1589
106 112 1366 1589
0 120 1182 3000
41 43 1170 1677
68 69 1225 1384
28 28 407 4135
3 4 1821 2169
97 98 1821 2169
28 28 305 2138
70 73 470 1451
39 40 180 4129
46 47 777 2133
59 59 2771 2920
0 120 2845 2869
0 120 457 465
83 84 1064 3129
16 17 2184 3160
21 27 2184 3160
29 31 2184 3160
34 35 2184 3160
39 40 2184 3160
43 43 2184 3160
48 54 2184 3160
59 62 2184 3160
66 67 2184 3160
71 81 2184 3160
84 84 2184 3160
109 120 2184 3160
0 120 1518 3299
42 43 635 737
56 57 131 2924
33 34 554 3781
0 1 306 3679
92 94 306 3679
52 55 297 4125
64 65 103 876
0 39 309 3196
43 52 309 3196
55 81 309 3196
83 90 309 3196
92 120 309 3196
27 27 1164 3710
120 120 1164 3710
0 120 839 3950
17 18 2618 2863
111 113 2618 2863
0 120 3031 3032
82 82 717 3021
90 91 3112 4152
14 16 429 1800
108 109 429 1800
42 43 2041 2293
0 1 1170 2966
94 94 1170 2966
109 110 260 301
69 70 134 4134
47 49 738 865
0 120 177 2518
56 58 187 3206
73 74 1185 1554
0 120 956 2256
82 82 1195 3962
73 73 209 521
75 85 209 521
0 2 310 3047
94 96 310 3047
2 3 659 3201
5 5 659 3201
7 7 659 3201
9 9 659 3201
13 16 659 3201
22 33 659 3201
36 45 659 3201
92 92 659 3201
94 101 659 3201
103 103 659 3201
106 120 659 3201
66 66 1758 2355
12 14 606 3540
105 109 606 3540
0 50 262 1286
52 54 262 1286
59 62 262 1286
65 72 262 1286
74 120 262 1286
78 80 1196 2093
44 45 1275 2386
3 4 36 943
96 98 36 943
13 15 1001 4069
107 108 1001 4069
17 20 1025 2211
111 113 1025 2211
28 30 39 2180
25 26 1334 2966
119 120 1334 2966
65 67 348 3689
75 77 1774 3238
84 84 3203 4024
15 16 302 2001
108 110 302 2001
0 1 651 2909
18 18 651 2909
26 26 651 2909
33 33 651 2909
36 40 651 2909
47 47 651 2909
7 8 429 4028
101 102 429 4028
36 38 1897 3079
10 17 1962 3474
104 110 1962 3474
63 65 6 3171
73 73 1203 3422
78 80 989 2904
85 85 201 1168
23 25 1935 2782
117 119 1935 2782
0 3 133 2165
5 6 133 2165
8 15 133 2165
17 24 133 2165
26 36 133 2165
40 40 133 2165
80 80 133 2165
82 96 133 2165
98 120 133 2165
14 15 255 3848
108 109 255 3848
0 120 761 3454
39 41 352 2468
45 46 765 1883
0 2 417 2863
94 96 417 2863
1 89 62 420
97 120 62 420
108 108 310 2242
0 120 1213 3736
0 120 223 2997
61 63 968 3905
0 120 4068 4071
0 120 785 4198
109 109 971 1170
117 117 971 1170
0 120 3431 3450
92 93 262 481
0 120 167 2873
0 112 277 3233
115 120 277 3233
85 86 989 1749
6 8 1467 1751
100 102 1467 1751
0 120 1169 2848
0 120 685 3967
49 49 2617 3876
83 83 229 1472
2 4 7 2591
96 98 7 2591
90 90 416 1298
34 35 990 1570
36 37 429 3223
44 46 419 2535
0 120 162 2879
0 120 1435 3906
0 120 3997 4019
0 120 2973 3696
0 120 1178 4250
0 120 643 708
0 120 2300 2664
0 120 10 795
19 19 1973 2269
112 113 1973 2269
0 3 629 3284
5 38 629 3284
42 42 629 3284
44 44 629 3284
49 50 629 3284
54 56 629 3284
67 69 629 3284
74 74 629 3284
76 81 629 3284
83 96 629 3284
99 119 629 3284
44 46 1446 2752
19 20 2965 3054
113 114 2965 3054
0 120 4226 4256
86 88 0 1770
79 80 103 205
2 3 1121 2403
95 96 1121 2403
0 120 1036 3793
0 120 1363 1936
66 67 2103 2500
80 81 243 2659
85 86 2847 3183
0 120 2050 2085
64 65 130 2001
0 120 3402 3405
35 35 1537 3028
0 120 1578 3029
16 16 193 3481
110 110 193 3481
66 72 52 2310
73 75 1289 2926
38 39 743 3921
71 72 349 1550
11 12 144 2838
105 106 144 2838
27 28 166 2597
115 115 335 2783
0 120 753 3296
7 9 659 2880
100 102 659 2880
48 50 853 1433
0 120 3368 3420
16 17 30 3840
109 111 30 3840
73 74 11 3598
15 16 2539 3538
109 110 2539 3538
14 16 225 1083
108 110 225 1083
1 2 256 396
95 96 256 396
19 19 1961 3332
113 113 1961 3332
0 120 868 3404
77 77 488 3937
76 77 479 2131
56 57 85 514
66 67 353 3712
3 4 795 2367
97 98 795 2367
106 106 1676 4102
69 70 144 1094
13 13 1343 1418
15 17 1343 1418
20 41 1343 1418
52 52 1343 1418
116 120 1343 1418
0 120 2604 2620
61 63 2298 3102
65 74 1017 3877
0 120 1289 2121
40 40 243 2793
52 54 2051 2444
28 31 67 93
0 120 41 2844
0 120 270 452
25 27 411 1623
119 120 411 1623
35 35 120 3891
0 120 89 2326
61 61 376 1602
11 14 2064 2117
105 109 2064 2117
85 86 27 694
24 25 2616 2630
118 119 2616 2630
0 120 1258 3939
64 66 193 3615
0 120 1965 2111
6 8 350 1320
101 102 350 1320
10 13 1446 4175
104 106 1446 4175
89 89 1671 2573
70 72 606 3003
63 65 346 3830
0 120 1490 2003
13 17 1932 3102
107 112 1932 3102
9 10 3183 3616
103 104 3183 3616
36 37 120 1797
88 88 30 3035
29 33 95 3430
35 35 389 1433
0 120 2954 2975
39 41 535 1258
0 120 3372 3488
0 3 34 2962
6 29 34 2962
31 36 34 2962
38 40 34 2962
47 48 34 2962
50 51 34 2962
53 55 34 2962
58 59 34 2962
61 61 34 2962
71 71 34 2962
79 79 34 2962
83 87 34 2962
92 96 34 2962
98 98 34 2962
100 120 34 2962
86 88 1170 3718
90 90 2176 2681
9 9 2616 3919
102 103 2616 3919
80 80 639 3301
86 86 3130 4140
37 37 351 2080
0 120 561 3610
60 62 2438 2866
73 73 210 2629
0 120 497 1905
0 120 280 3368
74 75 36 756
0 120 541 3143
22 22 1671 3862
116 116 1671 3862
3 4 1250 2142
96 98 1250 2142
28 29 417 1387
29 30 1000 3657
76 77 293 3795
78 79 1279 3072
86 87 544 1162
0 120 298 1695
0 120 545 1572
0 120 2852 2856
0 120 1883 2994
46 46 367 2963
6 7 374 1690
100 101 374 1690
34 36 95 2275
65 66 3187 3334
0 120 1325 1912
0 120 3995 4002
20 20 2606 2800
114 114 2606 2800
0 120 1952 2010
0 120 1093 4006
39 40 1399 1834
60 61 193 3749
4 6 81 1064
9 27 81 1064
35 35 81 1064
46 46 81 1064
87 87 81 1064
89 91 81 1064
99 100 81 1064
103 114 81 1064
116 120 81 1064
35 35 989 3656
78 78 2142 2292
25 27 2653 2996
119 120 2653 2996
89 91 1433 1603
47 48 287 351
91 91 3554 3663
11 11 2621 4212
105 105 2621 4212
34 34 436 3857
0 120 1088 1568
26 26 1162 2271
81 82 334 1860
96 96 2762 2939
0 120 1572 3832
38 38 1025 1219
24 25 1945 2128
118 119 1945 2128
0 120 1626 3314
14 15 2018 2606
108 109 2018 2606
71 72 1398 2898
0 120 739 4016
84 86 147 4104
72 73 71 3328
56 56 1671 3996
0 0 1022 3550
67 67 1022 3550
74 74 1022 3550
85 86 1022 3550
94 94 1022 3550
98 98 1022 3550
103 103 1022 3550
0 120 809 813
68 69 353 3980
40 40 736 1466
88 90 13 125
0 120 992 3149
90 90 1372 2616
44 45 1004 2220
0 120 1912 4058
0 2 367 3097
94 96 367 3097
7 9 694 1240
101 103 694 1240
13 14 983 1343
107 108 983 1343
0 120 2717 2765
1 7 301 757
95 101 301 757
32 32 934 2390
22 24 645 2287
116 118 645 2287
0 120 786 4212
101 112 27 3406
12 14 120 187
106 108 120 187
34 35 371 3970
76 77 1637 3072
80 80 54 1819
0 10 635 3262
12 13 635 3262
49 66 635 3262
68 76 635 3262
78 85 635 3262
92 104 635 3262
106 108 635 3262
0 120 1898 2847
18 20 575 767
111 114 575 767
0 120 490 2349
66 66 209 2107
42 43 1465 2965
73 74 1016 1641
91 92 240 1420
71 72 1821 2600
76 76 59 3102
82 83 63 3975
0 12 94 3288
14 20 94 3288
22 24 94 3288
27 28 94 3288
33 34 94 3288
38 38 94 3288
42 46 94 3288
48 50 94 3288
52 55 94 3288
66 79 94 3288
82 106 94 3288
108 114 94 3288
117 118 94 3288
34 35 13 1414
67 68 851 2513
23 24 346 1065
117 118 346 1065
58 63 3090 3104
16 17 2615 3777
110 111 2615 3777
0 120 565 3812
19 20 2029 3653
113 114 2029 3653
0 120 1413 3155
20 23 130 3103
114 116 130 3103
34 35 1682 2791
67 68 1560 1862
5 6 412 3755
99 100 412 3755
25 27 952 1225
119 120 952 1225
0 120 687 1708
86 86 17 193
0 120 1407 1805
4 5 390 963
97 99 390 963
40 41 438 1943
1 3 1654 1682
95 97 1654 1682
66 66 1167 4038
0 120 1925 2899
58 58 146 3986
78 80 1194 1697
33 33 1070 4105
29 30 350 3227
0 120 33 1076
88 89 957 1195
0 120 456 2899
0 120 3518 3527
21 23 1016 1775
115 117 1016 1775
0 120 3001 3008
0 93 1602 3562
96 120 1602 3562
4 5 30 2498
97 99 30 2498
0 120 1469 3972
10 11 1354 1770
104 105 1354 1770
61 61 39 2961
68 68 2252 2920
73 74 659 1888
0 120 2264 3654
0 120 265 271
21 21 1975 3551
115 115 1975 3551
0 120 4024 4045
0 120 2981 4234
0 120 2174 2448
0 120 469 3484
0 120 1212 3757
84 84 9 1779
26 27 1418 3633
34 35 998 2293
0 120 1679 1688
0 120 3358 3403
58 58 1190 2463
26 27 625 964
58 59 57 1446
36 37 141 2083
0 120 1416 3156
80 82 1922 2762
0 120 1571 1781
68 69 1398 3516
79 80 2508 2859
41 42 2251 3203
0 0 436 2381
93 94 436 2381
41 43 1165 2756
78 80 354 3480
20 21 1006 1945
114 115 1006 1945
61 62 760 2478
0 120 1704 3973
34 34 2449 2629
77 78 1095 2202
91 91 425 3131
30 31 425 687
0 120 730 734
31 31 904 2607
88 88 904 2607
93 94 904 2607
4 5 1017 1730
98 99 1017 1730
56 56 5 1232
37 37 130 2432
26 27 63 1210
120 120 63 1210
0 120 937 1966
34 34 1286 2120
37 39 1286 2120
45 45 1286 2120
48 48 2100 2633
52 53 1862 3219
60 60 1193 3649
73 74 1193 3649
90 91 374 2792
0 120 1542 1551
18 20 129 2207
112 114 129 2207
44 46 2653 3748
0 120 3773 3779
53 56 411 2859
22 24 1068 1668
116 118 1068 1668
0 120 1892 2869
52 53 777 3182
0 1 632 2269
93 95 632 2269
44 44 2991 3743
0 3 353 2854
40 40 353 2854
58 59 353 2854
62 62 353 2854
68 68 353 2854
72 75 353 2854
78 79 353 2854
94 97 353 2854
35 37 260 411
4 4 1340 3295
0 1 147 3917
94 95 147 3917
76 78 429 2849
8 9 374 698
102 103 374 698
26 27 2992 3564
120 120 2992 3564
42 43 631 1263
48 50 2209 2926
0 120 502 3327
0 120 1942 2582
0 120 443 1966
39 39 173 2105
25 28 300 4132
118 120 300 4132
88 88 1045 2034
89 89 226 985
0 120 403 2567
26 28 482 2860
120 120 482 2860
23 25 193 2757
117 119 193 2757
87 87 52 1586
0 120 2173 3646
30 31 506 1756
40 41 232 2685
68 68 32 3563
77 78 13 3321
14 15 407 996
108 109 407 996
53 54 54 1632
19 19 556 2782
0 120 3823 3842
16 17 256 1766
109 111 256 1766
35 37 39 3229
9 12 350 3845
103 105 350 3845
0 120 4226 4232
66 68 367 816
0 120 2507 3118
78 79 1232 2018
0 120 791 2275
31 31 767 1689
72 74 1125 1397
15 18 493 2618
109 111 493 2618
45 46 629 4199
0 0 937 2100
5 6 937 2100
9 11 937 2100
16 23 937 2100
30 30 937 2100
32 34 937 2100
37 37 937 2100
39 70 937 2100
73 74 937 2100
76 79 937 2100
81 81 937 2100
89 90 937 2100
93 94 937 2100
100 100 937 2100
103 104 937 2100
110 110 937 2100
112 117 937 2100
0 120 4178 4191
0 120 456 484
74 74 230 3147
18 19 2527 3743
112 113 2527 3743
53 54 1070 2629
0 120 2501 2522
66 68 1164 3954
3 4 123 2526
97 98 123 2526
86 88 420 4210
76 78 1170 3210
0 120 2290 3241
81 81 2560 3102
0 120 1502 1505
91 93 1228 2434
32 32 3301 4268
50 51 209 765
77 79 1004 1228
30 31 4 2053
21 23 30 1022
115 117 30 1022
29 29 1602 2086
30 32 1165 2085
0 120 537 2516
88 90 2139 4011
0 120 1567 3785
80 80 777 3666
91 92 1185 2737
28 28 209 4148
0 120 1582 2373
0 120 1332 1444
72 74 303 1531
91 91 2366 4175
0 68 1758 3538
71 76 1758 3538
79 86 1758 3538
91 120 1758 3538
19 20 306 2768
113 113 306 2768
42 44 2202 3020
62 63 524 4159
0 120 1897 2384
22 24 1606 3898
115 118 1606 3898
104 104 1878 2142
0 120 626 1403
85 87 1694 2964
13 14 524 1126
107 108 524 1126
40 41 964 1398
18 20 312 1243
112 114 312 1243
70 74 506 2240
41 41 821 1120
15 17 442 535
109 111 442 535
38 38 51 1845
0 120 1035 1049
0 120 1955 1958
31 33 1026 3215
1 4 1466 3487
95 98 1466 3487
90 91 1399 2265
52 54 93 3010
0 3 1398 2040
7 8 1398 2040
73 81 1398 2040
84 93 1398 2040
95 96 1398 2040
101 101 1398 2040
60 61 1962 4068
35 37 625 3810
33 34 755 3102
0 120 1027 1346
0 2 777 2861
94 96 777 2861
0 120 22 1265
0 120 3 1023
0 120 1586 3030
38 39 1190 2276
0 120 443 1295
15 16 75 899
108 109 75 899
40 40 989 1054
61 62 238 1829
66 67 968 4149
118 119 1128 1398
38 39 386 2481
3 5 771 2292
97 98 771 2292
74 75 1026 1121
0 120 1916 4073
71 71 1121 1358
0 120 2821 3950
14 15 1016 3816
108 109 1016 3816
8 8 11 325
101 102 11 325
11 15 1483 4191
17 17 1483 4191
21 26 1483 4191
28 29 1483 4191
31 60 1483 4191
62 66 1483 4191
68 77 1483 4191
82 82 1483 4191
94 94 1483 4191
104 109 1483 4191
111 111 1483 4191
113 120 1483 4191
0 120 1987 3724
7 8 60 1907
101 102 60 1907
0 120 385 3949
53 54 372 2933
34 35 105 2589
76 77 411 3827
63 65 1433 3323
31 31 1168 3806
33 34 1168 3806
37 38 1168 3806
46 47 1168 3806
50 56 1168 3806
69 72 1168 3806
84 85 1190 3565
11 12 2341 2909
105 106 2341 2909
2 4 660 1121
96 97 660 1121
53 54 438 2240
39 40 694 1671
4 5 632 793
98 99 632 793
72 73 2717 3196
0 1 296 844
94 95 296 844
3 4 1194 1994
97 98 1194 1994
0 120 5 4078
52 58 1025 2939
60 61 1025 2939
68 70 581 1013
106 106 2303 3556
24 25 1983 4140
118 119 1983 4140
77 77 51 1979
87 89 1668 2816
75 75 367 495
80 86 367 495
45 48 9 787
60 61 293 2266
65 65 19 3195
0 120 724 732
66 68 435 629
13 13 2186 3910
62 63 1016 2072
0 120 2955 2960
85 87 255 1193
78 79 2130 3786
3 4 838 1019
97 98 838 1019
87 89 1741 2513
6 6 972 1019
89 89 898 1070
0 120 699 3304
0 120 556 1306
44 45 1172 3524
0 120 3527 3536
13 13 103 1738
107 107 103 1738
0 120 1357 2523
76 76 975 2421
0 120 770 2955
0 120 3010 3017
18 19 2666 3207
112 113 2666 3207
50 51 123 3144
0 1 102 2267
93 95 102 2267
64 66 1198 1712
20 20 301 3416
0 120 1805 2124
43 44 296 3072
69 70 125 3190
75 76 844 2123
80 81 204 3483
37 37 2186 2755
92 93 1758 3217
31 33 297 2893
0 120 1058 2082
2 3 1185 3355
95 97 1185 3355
45 45 292 2549
0 120 3043 3315
56 57 347 2256
57 57 32 3376
63 63 390 1394
9 10 312 3955
103 104 312 3955
35 36 102 173
13 14 1162 4125
107 108 1162 4125
67 68 386 3904
0 3 482 3612
6 21 482 3612
51 51 482 3612
55 74 482 3612
76 98 482 3612
100 115 482 3612
36 39 346 2785
61 61 19 2390
35 38 411 928
0 120 158 3488
44 46 2202 3638
93 93 219 4141
0 120 59 2728
27 29 85 1697
113 116 635 3827
1 10 253 1281
13 14 253 1281
93 105 253 1281
107 108 253 1281
0 120 3076 3613
29 30 923 2015
0 120 403 3669
16 18 1602 3993
110 112 1602 3993
18 18 2366 2699
112 112 2366 2699
6 7 924 2617
100 101 924 2617
68 69 535 3596
78 79 1225 1791
18 19 2536 3110
112 113 2536 3110
80 81 311 1636
69 70 309 809
0 0 1673 3644
5 5 1673 3644
51 51 1673 3644
53 53 1673 3644
56 56 1673 3644
58 58 1673 3644
63 63 1673 3644
67 89 1673 3644
93 94 1673 3644
0 120 3376 3501
68 68 1483 3520
0 120 2328 3346
0 120 726 1097
71 72 793 3073
0 120 3475 3480
64 66 36 650
44 45 278 2627
62 63 1121 4070
65 67 696 3140
42 43 264 477
36 38 1083 1334
39 40 983 4136
8 9 396 404
103 103 396 404
3 3 535 1502
0 120 614 1795
0 120 2226 2288
1 1 54 640
95 95 54 640
0 16 2910 2920
20 21 2910 2920
40 41 2910 2920
46 111 2910 2920
114 116 2910 2920
49 49 52 3977
53 53 126 3926
87 90 934 2150
0 120 22 2822
31 31 128 3972
3 4 1019 3951
97 98 1019 3951
27 27 726 2386
120 120 726 2386
87 88 942 1452
13 14 219 4275
25 26 219 4275
28 36 219 4275
38 63 219 4275
65 74 219 4275
77 77 219 4275
106 108 219 4275
118 120 219 4275
32 33 30 2124
87 88 2777 2926
0 120 888 2155
60 61 788 985
89 90 581 692
0 120 1061 2083
0 120 1716 3475
9 10 3552 3676
103 104 3552 3676
7 7 2103 2423
101 101 2103 2423
38 38 959 1806
89 90 143 2186
5 7 19 430
99 101 19 430
54 56 2126 3346
103 104 39 3526
57 58 417 2920
37 40 372 1457
63 64 357 425
0 120 357 3808
31 31 255 1811
64 66 372 2396
0 120 224 246
81 82 1771 1842
75 77 1619 2202
0 120 2959 3697
13 14 316 2464
107 108 316 2464
55 57 240 3408
30 31 54 774
54 56 310 2649
0 120 74 3870
51 53 721 1237
10 11 36 1134
104 105 36 1134
32 32 342 652
86 87 770 3573
21 23 367 2402
115 117 367 2402
0 120 742 1525
50 50 898 2038
24 25 430 472
118 119 430 472
13 13 990 2566
107 107 990 2566
26 29 353 1191
120 120 353 1191
85 86 193 3188
79 80 924 1946
0 120 640 2187
89 91 256 1258
91 92 299 1894
32 32 2595 3019
53 55 310 1494
55 55 76 3542
0 120 2260 3672
18 19 2222 3188
112 113 2222 3188
55 55 300 2469
11 11 1673 3912
105 105 1673 3912
44 45 1537 3085
78 79 1203 3963
64 65 2228 2444
75 79 1068 1294
81 81 1068 1294
33 34 949 1602
0 120 1757 2270
54 56 415 3358
58 59 415 3358
65 72 415 3358
79 79 415 3358
84 84 415 3358
21 21 898 4266
115 116 898 4266
12 12 368 1068
25 25 0 672
118 119 0 672
0 16 2904 4124
27 27 2904 4124
49 49 2904 4124
53 53 2904 4124
56 56 2904 4124
58 104 2904 4124
106 110 2904 4124
0 120 261 447
87 88 983 3815
60 61 721 3815
84 85 543 2762
0 120 290 2316
74 75 1196 1829
0 120 50 385
18 20 535 2120
112 114 535 2120
20 20 2211 3564
114 114 2211 3564
0 120 791 1551
0 120 642 1428
0 120 1667 2353
1 5 306 3199
7 79 306 3199
85 87 306 3199
95 95 306 3199
97 99 306 3199
101 120 306 3199
65 66 216 273
0 120 470 1321
0 120 900 905
81 83 2906 3015
83 84 1677 3980
59 61 1670 2809
0 120 268 813
26 27 390 2496
119 120 390 2496
92 93 230 329
41 41 1673 3457
0 120 202 2445
24 26 56 930
118 120 56 930
0 120 1043 3061
0 120 162 1326
42 44 1767 3092
63 64 933 1203
0 120 1853 2112
0 120 224 514
67 68 3183 3673
0 120 459 1320
0 19 438 443
21 32 438 443
37 115 438 443
117 120 438 443
0 120 701 3297
28 29 1190 2707
0 120 269 2327
50 50 1026 1552
76 78 2287 3508
20 22 1165 2650
115 116 1165 2650
61 62 1461 1480
91 91 225 3718
0 120 1715 2528
19 21 354 3374
113 115 354 3374
83 84 292 2496
75 77 741 2322
21 22 56 2219
115 116 56 2219
0 120 2664 2677
26 28 3196 3504
120 120 3196 3504
36 38 701 1203
0 120 539 3127
0 120 3710 3725
0 120 945 1563
23 24 28 171
117 118 28 171
53 53 300 859
81 81 432 4196
0 120 1366 1593
0 120 896 2610
86 88 144 1285
8 10 990 2245
102 103 990 2245
78 79 28 1110
85 87 2438 3273
16 17 75 2619
110 111 75 2619
26 28 128 1691
120 120 128 1691
89 91 240 1932
48 49 625 2497
63 63 606 2255
55 56 1060 1671
0 120 4222 4223
62 63 1230 2082
0 120 566 2856
0 120 800 808
0 120 182 1927
59 60 316 1927
3 4 6 947
96 98 6 947
76 78 1408 4074
30 30 2423 2591
2 2 229 3436
96 96 229 3436
63 65 310 2112
1 1 0 3384
95 95 0 3384
34 34 874 4140
22 24 454 3554
116 118 454 3554
64 64 1944 2364
75 76 1185 1558
0 120 1326 3483
43 43 1821 3462
98 98 300 3087
38 40 1193 3893
74 74 898 1501
50 51 1340 2600
51 52 232 1640
83 83 681 2964
13 14 1099 1225
107 108 1099 1225
87 88 402 2051
45 45 314 3924
50 52 314 3924
63 64 314 3924
37 39 30 4165
76 77 1774 2303
0 120 1624 3298
0 5 32 3457
93 99 32 3457
0 120 3373 3500
0 120 503 3042
0 120 3658 3669
19 20 728 3160
114 114 728 3160
0 120 683 1697
69 70 173 2349
73 74 284 1399
67 67 134 2394
2 4 65 3755
95 97 65 3755
93 98 2642 2648
32 34 51 1605
0 120 1171 1636
73 74 517 3098
0 120 4085 4086
32 32 2581 2934
84 85 1895 2606
1 2 438 3155
95 96 438 3155
61 63 856 2914
77 78 3098 3803
82 82 517 1004
88 88 558 1759
32 33 1164 1754
80 81 85 2478
89 91 1174 3196
40 40 30 327
8 9 2478 2782
102 103 2478 2782
0 120 205 3334
35 35 152 1256
38 39 315 2940
78 79 430 3452
61 62 404 2231
67 69 1190 2386
0 4 968 4259
6 10 968 4259
41 42 968 4259
46 48 968 4259
50 51 968 4259
53 83 968 4259
15 15 1667 1816
0 120 455 476
85 86 1931 3552
118 118 1931 3552
89 92 1606 3792
43 45 420 1421
15 15 52 1025
109 109 52 1025
15 15 253 3001
109 109 253 3001
10 11 1669 1862
104 104 1669 1862
55 55 2228 3546
0 120 1178 4254
7 8 2202 2325
100 102 2202 2325
50 51 147 1262
0 120 212 1657
22 23 334 3340
116 117 334 3340
81 82 401 2118
55 57 138 2647
0 120 18 101
42 43 1045 3351
30 32 296 3987
54 55 1996 2607
69 69 1685 1991
77 77 19 2955
0 120 15 1493
31 32 1197 2402
59 61 1973 2623
0 120 290 3418
33 34 166 1662
57 58 2186 3670
0 120 3402 3409
81 81 451 1831
0 120 783 1072
35 35 62 558
0 120 2825 2839
62 63 146 1949
0 120 710 3977
38 39 452 3187
72 74 63 4166
58 59 264 3136
16 17 842 898
111 111 842 898
0 120 1186 1462
52 54 625 3115
59 60 1862 3731
45 45 721 2823
37 37 1129 2648
59 63 1646 2386
0 120 149 153
0 120 80 2268
25 37 2444 4086
117 120 2444 4086
10 11 184 2591
104 105 184 2591
0 120 2080 2089
34 35 342 3177
61 63 767 2417
41 42 1185 2176
78 78 1961 2397
4 5 3170 3409
98 98 3170 3409
0 120 226 3002
53 55 1408 1659
92 92 146 3238
70 70 16 913
12 12 133 1498
89 90 147 1396
35 35 2132 2629
53 58 1225 3645
36 36 11 3952
0 120 1076 1078
80 82 1198 2761
73 74 2438 3086
51 51 313 3536
0 120 344 2849
90 91 2130 2741
20 21 63 3361
24 26 63 3361
28 32 63 3361
37 37 63 3361
40 41 63 3361
44 58 63 3361
61 69 63 3361
71 71 63 3361
75 75 63 3361
78 80 63 3361
82 85 63 3361
119 120 63 3361
63 64 3743 3836
0 120 1535 2531
0 26 334 1380
28 35 334 1380
38 41 334 1380
46 48 334 1380
59 120 334 1380
13 13 74 2207
27 35 74 2207
40 41 74 2207
46 47 74 2207
107 108 74 2207
115 120 74 2207
86 87 310 986
37 38 640 2618
36 37 3344 3538
84 85 1436 1771
0 120 875 3424
46 46 135 3614
49 58 135 3614
97 97 625 3249
87 89 2139 2645
0 120 3302 3312
46 47 1012 1443
30 31 2142 2162
0 120 689 4173
29 30 176 390
89 90 16 3141
45 45 2707 3102
0 120 3128 3132
0 19 2039 2414
21 39 2039 2414
70 92 2039 2414
94 113 2039 2414
115 120 2039 2414
0 120 3988 3990
33 35 2653 3805
14 15 134 918
108 109 134 918
72 74 760 3824
73 74 2269 2876
2 3 767 2551
96 96 767 2551
0 13 54 400
15 26 54 400
28 33 54 400
35 37 54 400
44 48 54 400
50 50 54 400
54 60 54 400
62 107 54 400
109 119 54 400
4 5 133 693
97 98 133 693
10 13 17 2962
103 107 17 2962
36 37 351 2084
0 120 561 3614
1 1 199 2444
3 16 199 2444
46 50 199 2444
53 63 199 2444
65 66 199 2444
68 82 199 2444
85 92 199 2444
96 110 199 2444
112 113 199 2444
115 115 199 2444
78 78 3351 3554
15 16 1945 2937
109 110 1945 2937
25 27 128 3732
119 120 128 3732
3 3 95 1340
96 97 95 1340
74 76 138 1976
96 96 535 1612
38 39 1230 4123
32 33 1106 2367
27 28 1161 2074
66 67 209 1627
74 76 386 3209
0 120 3195 3199
0 120 1493 1500
0 0 3557 3780
94 94 3557 3780
63 64 54 1689
0 120 3042 3334
0 120 2636 2646
0 120 153 3388
47 49 402 4092
0 120 18 719
71 71 1172 2024
21 21 554 699
115 115 554 699
2 3 397 2967
96 97 397 2967
0 120 3177 3909
62 63 435 1007
0 120 1241 2568
0 120 991 4083
5 6 79 591
99 100 79 591
67 68 41 299
0 120 454 468
0 120 1572 3836
0 120 2234 2235
0 120 1570 3009
0 120 2024 2425
0 120 1876 4247
0 120 563 2855
16 17 694 3338
110 111 694 3338
42 43 1203 1495
88 88 125 2629
0 120 1326 1336
55 56 233 1408
68 69 1589 4190
0 120 797 3436
49 50 1193 4190
0 120 2347 3051
21 23 1203 2434
115 117 1203 2434
72 73 39 1542
0 120 1281 3256
0 2 2967 3698
5 7 2967 3698
9 12 2967 3698
15 15 2967 3698
20 27 2967 3698
31 37 2967 3698
40 41 2967 3698
43 88 2967 3698
90 92 2967 3698
94 96 2967 3698
99 101 2967 3698
104 106 2967 3698
109 110 2967 3698
114 119 2967 3698
0 120 1912 4062
67 68 307 3050
74 75 408 3102
89 89 721 1347
65 67 1483 1670
0 120 10 3995
0 120 786 4216
62 63 1064 1686
24 26 3552 3570
118 120 3552 3570
47 49 102 551
72 72 594 1013
0 120 1428 2902
52 53 65 669
0 32 560 3092
37 41 560 3092
60 60 560 3092
65 71 560 3092
73 81 560 3092
83 113 560 3092
115 120 560 3092
47 47 2967 4048
12 14 1195 3108
106 107 1195 3108
76 77 2561 2606
3 3 3187 3822
97 97 3187 3822
74 74 365 372
83 84 126 2076
9 10 1128 3549
103 104 1128 3549
82 82 275 1418
37 39 932 3637
0 120 1651 3324
0 120 1009 3857
36 37 255 4149
103 103 2029 2718
14 15 2256 2909
108 109 2256 2909
44 46 575 1121
0 120 692 1706
6 8 131 3359
100 102 131 3359
5 7 313 1121
99 100 313 1121
18 19 1189 2512
112 112 1189 2512
62 63 2782 2955
72 74 187 2702
17 18 2615 3781
111 112 2615 3781
73 75 2291 2903
37 37 11 2476
64 65 2103 3606
0 120 475 890
0 120 555 4037
52 54 409 2522
5 7 416 1249
98 102 416 1249
83 84 1128 1455
88 88 75 956
24 26 771 2349
118 119 771 2349
14 15 415 1024
108 108 415 1024
12 14 2591 3545
106 108 2591 3545
43 45 951 1004
75 76 1008 2292
12 13 144 3944
106 107 144 3944
85 85 1121 1415
0 120 775 778
85 87 1962 2031
2 4 1377 3098
96 98 1377 3098
35 36 11 382
27 29 310 2893
64 65 738 1650
24 25 256 3596
118 119 256 3596
46 48 316 3647
46 46 1549 3555
65 66 554 2472
0 120 652 2815
28 29 2591 3895
0 120 378 2246
0 120 1856 1985
0 120 698 1470
0 120 188 1368
21 22 983 1831
72 72 2648 3648
0 120 3861 3870
78 80 1165 3565
0 62 313 316
65 67 313 316
85 120 313 316
15 16 972 3170
109 110 972 3170
99 100 2118 2170
0 120 1469 3976
42 43 989 3339
0 120 2484 2493
64 66 421 3821
34 36 1 229
7 10 635 3750
101 104 635 3750
0 120 2264 3658
0 120 2407 3212
40 42 471 2595
52 53 1987 2626
0 120 2174 2452
0 120 35 752
0 120 1440 3396
51 53 438 3586
9 10 1128 1589
103 103 1128 1589
27 28 348 2380
42 42 348 2380
51 54 348 2380
64 64 348 2380
80 81 348 2380
120 120 348 2380
26 27 3092 3665
120 120 3092 3665
91 92 232 2205
2 2 1606 3284
8 8 1606 3284
13 29 1606 3284
96 96 1606 3284
102 102 1606 3284
105 105 1606 3284
107 120 1606 3284
37 38 253 2493
0 120 2283 2745
88 90 767 2714
0 120 2816 3208
20 22 209 3884
114 116 209 3884
52 53 415 1508
0 120 222 1867
0 120 3406 3424
71 72 125 4186
84 86 1128 2878
22 24 1668 2068
116 118 1668 2068
33 34 11 866
6 7 1399 1651
100 101 1399 1651
0 120 3809 3814
74 75 1562 2581
79 79 3102 3952
63 63 1235 2186
14 15 39 3099
108 109 39 3099
0 120 780 2545
0 120 2696 3449
0 120 78 3966
31 31 1468 1606
80 82 635 851
59 63 12 1626
11 13 1132 1657
105 107 1132 1657
16 21 19 353
37 37 76 887
90 91 1738 3187
41 41 595 1452
25 27 1128 4167
119 120 1128 4167
65 66 39 3449
3 4 390 2740
8 17 390 2740
19 22 390 2740
24 29 390 2740
31 78 390 2740
97 98 390 2740
101 111 390 2740
113 116 390 2740
118 120 390 2740
89 90 346 4131
12 12 76 4270
106 106 76 4270
11 13 1230 3131
105 107 1230 3131
0 120 1665 3059
0 120 483 2150
36 37 990 1200
35 36 253 2627
0 0 1168 3192
93 94 1168 3192
43 44 1058 1334
0 120 2267 2346
0 31 51 426
33 60 51 426
62 76 51 426
93 120 51 426
0 120 443 1970
0 120 2000 2002
65 65 400 1334
5 8 1028 2623
99 101 1028 2623
0 120 403 2571
0 120 3329 3338
0 120 2794 2802
53 54 371 3787
63 64 968 1791
9 10 696 1103
103 104 696 1103
0 120 1786 2423
0 120 1808 2182
52 54 1175 2269
28 28 1593 2782
0 120 295 1698
18 18 1172 1971
112 112 1172 1971
32 32 1633 2366
0 55 2130 3172
60 65 2130 3172
68 70 2130 3172
72 120 2130 3172
8 9 6 252
102 103 6 252
78 79 2752 2926
82 83 1004 3326
98 98 606 2499
34 40 1019 1914
52 54 482 4153
57 58 2595 2942
0 120 3537 3610
43 45 2964 3748
57 58 421 467
62 65 753 2926
53 53 285 606
68 69 2138 2474
0 0 9 1462
93 94 9 1462
63 64 1217 1340
0 120 136 483
4 6 1017 2218
98 100 1017 2218
82 83 2906 3743
0 120 1108 2336
83 84 3554 3964
37 38 104 1699
77 78 374 3280
88 89 2265 2434
24 28 386 2351
118 120 386 2351
23 24 299 3106
117 118 299 3106
31 31 1820 3481
36 38 1051 2741
42 44 108 128
0 120 1567 3789
22 22 51 560
116 116 51 560
0 120 443 2104
0 120 2874 2892
40 41 1198 1448
44 45 1198 1448
49 52 1198 1448
59 60 1198 1448
62 62 1198 1448
74 74 1198 1448
0 120 4059 4072
29 29 3104 3354
16 17 2689 3112
110 111 2689 3112
70 71 380 1001
30 31 774 1120
82 83 1956 2029
24 37 397 1170
16 17 311 3116
85 87 51 3943
62 63 331 550
26 27 1351 2629
120 120 1351 2629
34 34 583 771
49 50 404 3280
0 81 505 3332
0 120 89 1956
0 120 37 1766
12 13 180 3572
105 107 180 3572
0 120 124 3640
54 54 253 4050
80 81 850 2054
88 89 1340 4133
83 86 39 2778
0 120 326 2808
22 23 914 2978
116 117 914 2978
14 16 2513 4175
108 109 2513 4175
49 50 2563 3538
58 60 741 3989
46 48 2965 3518
40 41 147 3250
56 58 1451 1870
34 35 1652 3092
50 53 297 1474
0 120 3 1027
0 120 2310 2311
22 23 104 1833
115 117 104 1833
22 23 682 3759
116 116 682 3759
0 120 2593 2599
18 22 413 2588
112 115 413 2588
66 67 1268 3102
4 4 225 3291
98 98 225 3291
5 6 2126 3887
10 11 2126 3887
13 13 2126 3887
15 23 2126 3887
27 27 2126 3887
30 34 2126 3887
37 38 2126 3887
99 100 2126 3887
104 105 2126 3887
114 117 2126 3887
0 3 3110 4057
16 16 3110 4057
22 22 3110 4057
27 28 3110 4057
31 31 3110 4057
49 49 3110 4057
55 58 3110 4057
64 64 3110 4057
87 88 3110 4057
93 97 3110 4057
106 106 3110 4057
115 116 3110 4057
63 63 3072 3765
0 1 123 3014
10 11 123 3014
15 16 123 3014
20 21 123 3014
24 24 123 3014
52 56 123 3014
73 74 123 3014
79 84 123 3014
95 95 123 3014
103 105 123 3014
109 110 123 3014
114 115 123 3014
117 118 123 3014
103 103 133 3702
11 12 2029 3954
105 106 2029 3954
2 3 1692 2117
96 97 1692 2117
27 28 417 1017
0 120 1234 1239
98 98 1170 3698
0 19 1168 2871
22 26 1168 2871
28 43 1168 2871
62 62 1168 2871
64 64 1168 2871
67 75 1168 2871
79 112 1168 2871
116 119 1168 2871
0 120 4265 4274
0 120 1703 3969
0 120 1018 3866
31 31 493 1012
4 5 415 1321
98 99 415 1321
55 55 1017 3641
15 17 1820 3965
109 111 1820 3965
75 76 2367 4134
0 120 729 730
24 25 407 679
118 119 407 679
27 28 412 1023
0 120 630 2414
80 81 2648 3595
16 17 103 2897
110 110 103 2897
0 120 1698 3975
63 64 24 160
30 30 1334 3698
0 120 604 2132
0 120 708 4175
65 65 1026 2764
0 120 124 1680
0 120 3575 3581
0 120 2387 2857
13 13 104 1967
16 16 104 1967
31 31 104 1967
39 41 104 1967
45 62 104 1967
66 68 104 1967
70 72 104 1967
107 107 104 1967
110 110 104 1967
75 76 257 2209
47 48 1017 1897
61 61 76 4083
19 19 1230 2944
112 113 1230 2944
19 21 36 520
30 31 1025 4232
34 35 2126 4021
0 120 2501 3144
61 61 2344 3160
24 26 2082 3160
119 120 2082 3160
50 55 1161 4278
62 64 409 2953
0 120 98 1748
0 120 2135 3171
21 22 1340 3462
115 116 1340 3462
2 8 2269 3925
96 102 2269 3925
91 92 51 1178
12 12 694 4253
106 106 694 4253
10 11 580 741
104 105 580 741
6 7 1846 2287
100 101 1846 2287
92 93 721 1912
0 120 1077 1547
6 8 342 1327
100 102 342 1327
40 41 2818 4140
10 13 278 3786
104 106 278 3786
0 120 1489 3935
18 23 1962 3401
112 116 1962 3401
49 50 1862 2231
0 120 269 290
0 120 1239 3006
81 81 307 582
65 67 1433 3811
0 120 1445 2882
92 92 1001 1902
13 15 385 1404
107 109 385 1404
0 120 672 680
56 58 366 408
1 2 1671 1882
95 96 1671 1882
0 120 2578 2586
0 120 403 3673
56 56 425 988
4 10 1352 3822
28 28 1352 3822
53 58 1352 3822
61 62 1352 3822
64 64 1352 3822
71 73 1352 3822
77 77 1352 3822
81 89 1352 3822
92 92 1352 3822
97 104 1352 3822
1 78 304 2913
81 87 304 2913
92 93 304 2913
95 120 304 2913
9 9 2606 3853
102 103 2606 3853
56 57 268 1004
22 23 3112 4213
116 117 3112 4213
15 15 1334 4182
63 63 28 1517
28 29 193 830
66 73 296 2271
44 44 361 414
0 9 58 413
18 18 58 413
25 103 58 413
118 120 58 413
81 81 1004 1045
4 83 1676 2606
87 93 1676 2606
99 120 1676 2606
28 29 84 1045
21 25 2512 2878
114 119 2512 2878
0 120 571 1163
27 27 1352 1728
0 120 3394 3495
29 30 777 3483
0 120 999 4084
26 28 1019 3016
23 23 1433 2067
117 117 1433 2067
67 68 478 2103
9 9 896 1862
65 65 1371 2909
78 79 934 2154
0 120 814 1271
0 120 3271 3280
0 120 566 1169
63 64 1225 4023
83 83 2629 3813
93 93 34 3560
39 40 1682 3710
26 27 2038 2591
119 120 2038 2591
14 15 1730 2438
108 109 1730 2438
21 22 985 2092
115 116 985 2092
8 8 28 3745
81 82 489 4140
0 120 1160 2847
3 6 850 1867
97 100 850 1867
60 61 134 2451
61 62 2145 2653
2 4 264 2709
96 97 264 2709
72 73 1759 2617
0 120 943 1277
83 85 599 1467
76 76 2617 2648
65 68 1228 1446
59 60 159 414
1 3 238 707
95 97 238 707
63 64 629 1117
27 27 152 3407
34 34 1673 3782
2 2 425 533
96 96 425 533
90 90 2920 3588
0 120 2465 3947
35 37 168 907
53 54 2616 3362
87 89 923 2503
0 120 2232 2433
34 36 704 887
0 120 497 3792
0 120 1738 3618
39 39 989 4254
0 120 4024 4025
118 119 71 2637
5 7 1203 1739
0 120 2533 2546
29 30 1399 3371
87 88 315 2997
0 120 1843 2099
48 48 17 3340
37 38 1682 2905
48 49 51 3890
0 33 352 3818
37 38 352 3818
57 58 352 3818
62 69 352 3818
71 120 352 3818
0 120 233 1652
69 69 985 1287
84 84 1007 1046
0 0 300 1184
92 94 300 1184
0 1 2287 3244
20 20 2287 3244
62 63 2287 3244
70 70 2287 3244
76 76 2287 3244
81 81 2287 3244
87 95 2287 3244
97 100 2287 3244
114 114 2287 3244
120 120 2287 3244
26 27 441 2355
119 120 441 2355
58 59 52 1082
87 88 262 892
0 120 2759 3239
0 120 2702 2705
74 74 887 1129
88 90 2967 3942
0 120 1043 1642
0 2 2626 3649
7 8 2626 3649
11 12 2626 3649
15 29 2626 3649
31 44 2626 3649
51 51 2626 3649
88 97 2626 3649
100 102 2626 3649
105 106 2626 3649
109 120 2626 3649
63 68 296 661
70 71 318 420
27 29 297 3515
0 120 1343 1345
12 13 407 3875
106 107 407 3875
22 23 395 2360
117 117 395 2360
0 120 639 1000
55 56 56 2894
0 120 3514 3522
20 22 3552 3814
114 116 3552 3814
32 32 2681 2767
83 85 878 1016
75 76 743 3043
81 83 342 1945
7 7 1732 3557
100 100 1732 3557
43 43 1190 1288
72 75 1771 3485
65 68 1691 2967
37 38 2467 3188
0 120 1087 1540
0 120 875 3347
61 62 94 3536
0 120 689 713
87 88 135 1093
49 51 2118 3219
57 58 1671 3439
33 33 169 862
0 120 1368 1940
87 90 2653 3728
0 1 767 2474
93 94 767 2474
46 48 696 3762
27 27 1446 2008
73 76 52 3660
4 6 124 2782
98 100 124 2782
9 11 413 441
102 106 413 441
0 120 3293 3307
0 120 4153 4165
29 29 306 2264
18 19 146 4234
112 113 146 4234
45 47 834 1602
91 93 130 1257
38 40 2967 3487
88 89 2241 2629
65 66 842 3183
10 10 436 2495
103 104 436 2495
92 93 2303 3507
39 41 2765 3538
29 30 155 2253
18 21 260 2269
112 115 260 2269
0 120 499 565
60 60 2228 4087
0 120 1899 2865
0 120 786 1561
28 28 1051 1078
55 55 63 3418
89 89 1197 2593
9 11 899 1438
103 105 899 1438
69 70 420 2901
0 120 907 3019
0 120 1586 1587
49 50 989 3583
81 82 402 4015
90 90 2618 2737
9 9 6 817
0 120 763 796
0 120 202 2449
50 58 262 3254
61 61 262 3254
0 120 2115 2116
36 37 420 3840
0 120 955 966
80 80 432 2911
35 36 39 4148
44 46 3296 3554
78 79 441 4128
16 16 147 3681
110 110 147 3681
86 86 429 2613
2 4 372 2079
96 97 372 2079
39 39 55 4092
4 5 1070 2609
77 78 53 3265
0 120 1837 3276
9 10 789 2367
103 104 789 2367
57 58 1085 1197
88 88 438 1386
0 120 854 1264
57 58 694 3261
0 120 269 2331
87 88 1678 1711
91 93 1045 1798
39 41 408 2675
86 88 2269 3872
0 120 1109 2722
4 4 4 2033
97 98 4 2033
0 120 811 813
0 120 1366 1597
11 13 409 3250
105 107 409 3250
12 12 2310 3092
52 52 189 2752
0 120 2465 2471
0 120 942 1269
22 23 300 1802
115 117 300 1802
70 72 255 339
92 92 1120 3261
3 8 301 1623
97 102 301 1623
0 120 2011 2651
0 120 2164 3647
1 1 256 1880
54 61 2926 3216
0 120 2231 2425
0 120 18 776
36 38 441 879
35 35 301 2562
39 40 1820 2302
24 25 216 4144
118 119 216 4144
0 120 1326 3487
41 42 985 3194
51 52 169 3574
0 120 2032 3878
30 31 415 597
45 49 323 1008
69 71 27 2178
6 7 135 1711
99 101 135 1711
5 6 103 2173
98 99 103 2173
0 120 1586 3010
0 1 36 951
81 82 1319 2666
34 36 1057 2666
43 44 16 1238
0 65 313 2922
68 74 313 2922
79 80 313 2922
82 120 313 2922
7 11 292 2045
101 104 292 2045
0 120 772 3436
29 29 371 648
40 42 255 2917
0 120 64 3349
24 25 346 2281
118 119 346 2281
29 30 2438 3411
53 54 146 3913
4 6 27 3467
97 100 27 3467
54 55 741 2810
18 19 3079 3407
112 113 3079 3407
16 16 1019 4252
109 110 1019 4252
8 8 1358 1466
101 102 1358 1466
8 9 1959 2595
102 103 1959 2595
0 120 1286 1563
90 91 216 895
57 57 1433 4242
57 58 979 1820
71 71 84 187
0 120 2997 3001
79 80 1438 2334
89 89 297 1234
0 120 1109 1112
0 120 598 2128
119 119 166 2471
75 75 2595 3186
0 120 3491 3509
76 78 299 3000
0 1 2618 3355
94 95 2618 3355
108 108 2327 2617
0 120 1169 2856
0 120 57 434
36 37 432 3529
0 120 2992 3007
0 120 1373 2097
23 25 260 793
117 119 260 793
32 34 2307 2904
38 38 2629 2955
42 42 301 3046
0 120 488 2872
80 80 2345 3196
0 120 3635 3638
67 68 290 2133
0 14 386 2595
18 23 386 2595
27 108 386 2595
112 117 386 2595
120 120 386 2595
77 78 346 1476
53 60 14 737
63 63 14 737
33 35 131 1322
0 120 1063 2056
62 63 1068 2400
33 35 400 1712
0 120 599 609
61 63 1524 1862
40 40 409 485
0 120 3690 3695
0 0 71 3873
3 15 71 3873
90 93 71 3873
96 110 71 3873
112 118 71 3873
0 120 157 2893
53 56 1153 1168
0 120 1471 1477
0 120 15 1497
31 32 1995 2386
59 59 173 2837
86 87 69 1733
65 66 929 2591
85 87 160 1851
0 120 1505 3690
89 90 238 4171
66 68 2029 2909
77 77 83 850
0 120 2600 3664
47 47 664 2293
71 73 141 4238
0 120 2804 2905
31 33 629 3992
11 12 216 1379
105 106 216 1379
0 120 149 157
87 89 6 1569
65 66 16 3011
0 24 1580 1770
26 26 1580 1770
69 120 1580 1770
14 15 155 3355
108 109 155 3355
0 120 549 1030
0 120 4100 4101
84 86 932 4178
7 9 1004 4054
101 103 1004 4054
87 87 61 1441
18 19 238 2077
112 113 238 2077
51 52 1773 3104
50 52 635 1713
80 81 69 3022
78 83 0 973
36 36 17 388
3 5 1001 3756
97 99 1001 3756
0 120 3812 3819
49 50 968 1364
0 120 868 3412
0 120 1611 3685
0 120 1661 3048
72 73 1091 3649
80 80 399 1621
0 120 4246 4276
84 85 421 2134
74 75 209 3941
48 49 1274 1821
76 77 2117 3264
96 96 235 466
0 120 2705 3434
0 120 136 2150
72 74 1017 3885
0 120 994 2935
60 61 1825 2109
25 25 741 2489
118 118 741 2489
11 12 297 563
105 106 297 563
81 82 3024 3187
73 75 350 389
0 0 541 923
92 94 541 923
0 27 9 96
29 37 9 96
41 120 9 96
30 31 983 2022
0 120 1702 1709
2 3 303 2263
96 97 303 2263
44 45 351 3243
15 16 14 2160
108 110 14 2160
64 76 1196 3069
44 45 509 2139
0 120 677 4167
0 120 1460 2361
67 68 238 333
91 91 849 2207
89 89 1408 3891
0 120 909 3012
0 120 900 1206
86 86 19 3443
58 58 2617 3213
72 73 75 2786
66 67 2698 3552
72 73 413 2027
0 120 1794 1833
77 78 175 923
0 120 1224 2242
48 50 625 3603
0 120 938 1848
0 120 2247 2340
25 26 230 4013
119 120 230 4013
17 20 968 3942
111 113 968 3942
57 58 1699 1946
31 33 54 3787
17 18 367 2032
111 112 367 2032
45 47 102 2515
56 60 1160 1668
48 50 193 1879
0 120 4169 4190
87 88 2629 3573
0 120 263 928
60 61 373 534
0 120 104 117
13 14 890 1026
107 108 890 1026
49 50 348 2921
0 120 2261 2588
0 0 413 872
2 27 413 872
29 31 413 872
34 39 413 872
93 120 413 872
81 82 373 3917
0 120 4055 4061
56 58 1008 2967
0 120 1159 2382
3 3 104 3500
97 97 104 3500
0 120 3213 3220
59 59 147 1884
77 80 128 1642
0 120 1747 3306
0 120 1737 3527
25 26 794 914
119 120 794 914
31 32 1025 3321
63 63 610 3079
88 89 348 827
63 64 2438 3574
29 30 3247 3743
0 120 2873 3502
77 79 299 1874
64 65 238 3850
51 61 262 2746
0 120 38 3038
4 4 408 1817
98 98 408 1817
32 34 2964 3805
0 120 1572 3840
69 69 400 3619
32 34 610 985
28 29 123 2587
0 120 2024 2429
27 28 441 1176
120 120 441 1176
47 47 964 3203
63 64 293 2998
76 76 2617 3697
0 13 416 1119
15 24 416 1119
27 27 416 1119
29 32 416 1119
36 37 416 1119
42 47 416 1119
52 56 416 1119
58 58 416 1119
62 62 416 1119
64 82 416 1119
85 88 416 1119
95 99 416 1119
103 106 416 1119
109 112 416 1119
115 118 416 1119
120 120 416 1119
0 120 2955 3692
39 56 166 190
58 60 166 190
15 16 3015 3743
50 52 2287 3004
29 30 0 652
0 120 2042 2419
12 13 2615 4001
106 107 2615 4001
112 113 2097 2126
0 120 329 2813
79 80 7 2762
75 76 1163 2450
61 62 58 1007
77 79 2207 3425
80 82 639 760
0 120 1396 4149
0 120 167 3394
0 120 1513 1516
84 85 1193 2100
55 57 504 535
28 28 488 3974
70 71 125 3922
72 72 354 776
0 120 560 3096
17 18 407 602
111 111 407 602
26 29 1293 2681
118 120 1293 2681
56 56 1689 2681
85 86 66 4281
63 66 262 1941
37 38 2791 3072
0 120 1287 2112
0 120 1629 1849
29 30 294 1664
26 27 581 940
120 120 581 940
0 120 1315 3379
0 120 1055 4206
82 84 2904 3888
0 120 2122 2132
72 73 11 2480
52 52 131 330
0 120 2137 2440
0 120 3074 3518
3 5 968 4210
97 99 968 4210
93 93 844 1700
0 120 656 2403
0 3 2134 2142
6 12 2134 2142
84 84 2134 2142
88 89 2134 2142
94 97 2134 2142
106 106 2134 2142
21 24 749 2594
115 117 749 2594
40 41 914 941
0 120 444 1958
18 19 482 2250
112 113 482 2250
53 58 3238 3360
13 15 934 1593
107 108 934 1593
0 120 1861 1983
40 41 983 3929
62 62 1220 1398
0 120 31 3482
0 120 258 263
76 77 2291 4196
13 14 6 2671
107 108 6 2671
57 57 1026 1532
36 36 506 1496
22 23 1820 4022
116 117 1820 4022
51 53 1352 2456
4 6 309 1891
98 100 309 1891
9 10 1016 4227
103 103 1016 4227
40 41 2626 3893
64 65 34 905
20 20 297 3759
114 115 297 3759
58 58 2126 2789
49 52 3079 3838
73 76 128 2260
86 87 914 3169
0 120 1485 3924
0 120 1507 3683
1 4 760 2702
96 97 760 2702
71 72 252 983
46 47 353 1789
83 85 1132 1527
0 120 561 2492
71 71 134 3179
0 120 3358 3411
22 22 407 2025
115 116 407 2025
44 45 2826 3550
65 72 240 2851
0 120 4042 4043
40 42 14 3262
29 30 432 3021
0 46 413 2779
48 49 413 2779
54 60 413 2779
64 69 413 2779
71 72 413 2779
74 85 413 2779
89 90 413 2779
92 103 413 2779
106 112 413 2779
116 118 413 2779
120 120 413 2779
56 57 2581 3719
0 120 3527 3597
19 19 225 3482
75 77 2100 2857
78 79 152 4135
0 120 1321 4058
30 41 144 3493
51 56 255 2543
52 52 102 3267
11 11 331 875
105 105 331 875
29 31 105 2784
0 120 375 393
85 88 554 2610
8 9 2477 2965
102 103 2477 2965
0 120 529 4243
0 120 3466 3479
0 120 2738 2740
0 120 3267 3269
34 35 777 1312
6 7 1670 2118
100 101 1670 2118
58 59 175 2964
8 9 357 2446
102 103 357 2446
85 85 3003 3196
40 120 1260 3940
12 28 138 3082
104 120 138 3082
0 120 2154 3628
99 99 1844 2648
35 36 2606 2971
0 120 1018 1374
14 14 63 3662
107 108 63 3662
63 65 32 1343
65 65 414 2199
61 64 6 4094
0 120 305 3195
27 28 351 1096
52 55 934 3366
78 78 134 3313
0 120 1765 3294
10 11 2926 3326
104 105 2926 3326
82 84 703 989
0 120 2098 2945
88 89 635 4238
11 12 974 1452
86 88 296 2328
7 7 380 2965
101 101 380 2965
63 63 1161 3530
57 59 2293 2632
14 16 1670 3407
108 110 1670 3407
46 47 58 470
51 52 256 2929
29 29 1398 2719
53 54 2131 2304
74 75 111 296
98 98 1162 2442
61 62 441 1928
77 77 2292 3161
0 120 2347 2868
92 93 102 2462
44 48 299 2976
46 46 36 4094
9 11 887 3146
102 104 887 3146
0 120 443 1974
73 75 1446 2386
80 81 374 4089
64 65 334 2970
0 120 403 2575
0 120 3011 3033
69 70 1960 2607
74 74 2292 4100
0 120 2343 2345
37 43 299 3915
33 34 581 2847
38 40 581 2847
43 54 581 2847
56 58 581 2847
62 62 581 2847
79 79 1161 1436
13 15 335 1128
107 108 335 1128
6 9 1962 2653
100 103 1962 2653
42 44 2120 3993
23 25 310 3515
117 119 310 3515
80 82 243 2293
45 45 2562 2648
56 56 404 3150
27 27 1197 2032
4 5 1283 1806
98 99 1283 1806
23 25 1670 2252
117 119 1670 2252
38 120 1310 1909
68 69 802 3196
59 59 2450 2592
0 120 1648 1904
0 8 1128 3366
14 15 1128 3366
17 17 1128 3366
19 20 1128 3366
22 22 1128 3366
24 26 1128 3366
28 30 1128 3366
33 33 1128 3366
36 40 1128 3366
43 44 1128 3366
73 73 1128 3366
80 81 1128 3366
83 102 1128 3366
108 109 1128 3366
111 111 1128 3366
113 113 1128 3366
119 120 1128 3366
0 120 4027 4030
74 75 2444 2777
84 85 938 990
0 61 506 3053
63 120 506 3053
39 40 12 1764
35 36 1537 3012
47 47 1193 3202
0 120 3173 4091
0 120 1358 2515
31 32 342 2807
66 67 311 1242
0 120 3150 4107
25 26 2386 2957
119 120 2386 2957
90 90 1167 2920
5 6 695 3110
99 100 695 3110
11 11 294 2766
105 105 294 2766
90 91 1820 3485
34 35 309 1354
51 51 264 4055
0 120 1692 1987
0 120 976 2571
0 120 1346 1350
1 1 315 3054
95 95 315 3054
0 120 2302 2670
25 26 1120 1761
119 120 1120 1761
0 120 829 831
49 50 357 4219
0 120 3368 3404
0 120 3860 3866
86 86 140 3238
86 87 91 313
4 6 1503 2438
98 99 1503 2438
0 120 89 1960
4 6 1668 1751
98 100 1668 1751
63 64 166 1426
0 120 1021 1940
0 120 1744 1746
0 120 3363 3410
0 120 1265 3963
0 120 3915 3923
91 92 102 852
40 41 777 1930
0 120 183 1191
5 5 436 3357
8 9 436 3357
11 11 436 3357
15 17 436 3357
20 23 436 3357
26 27 436 3357
30 33 436 3357
99 99 436 3357
116 116 436 3357
49 50 307 1257
37 37 1165 1288
62 62 344 3768
62 63 631 3044
34 36 1070 2182
0 120 1522 1525
0 120 422 426
57 58 2922 3825
5 6 1614 3743
99 100 1614 3743
32 32 0 3177
29 30 1230 2814
0 120 2001 2691
0 120 736 3999
11 14 63 1247
105 108 63 1247
0 120 2611 2620
58 58 302 509
35 35 147 3604
0 120 2721 2788
61 61 102 2141
8 9 738 4045
102 103 738 4045
32 34 1791 2100
69 70 411 2896
0 120 423 2721
72 75 722 1068
0 120 1281 2752
75 76 1016 3235
83 84 1049 3183
85 85 16 4060
55 57 429 3475
31 32 102 3080
0 0 850 1253
11 12 850 1253
17 22 850 1253
24 31 850 1253
34 41 850 1253
47 51 850 1253
55 65 850 1253
67 67 850 1253
70 73 850 1253
78 79 850 1253
85 85 850 1253
92 93 850 1253
105 106 850 1253
111 116 850 1253
118 120 850 1253
0 120 1034 3814
1 1 53 4127
95 95 53 4127
73 73 423 3660
85 87 741 2249
62 63 1300 3933
0 1 140 2783
94 95 140 2783
6 6 425 2952
100 100 425 2952
19 19 1667 2414
113 113 1667 2414
0 120 2551 3666
5 7 1467 3292
99 101 1467 3292
40 41 1004 2070
70 71 402 3722
87 87 407 4066
0 120 3803 3816
1 4 1862 2101
95 98 1862 2101
39 40 307 452
40 42 2318 2906
46 47 809 1602
0 120 604 2136
41 41 943 1602
11 12 698 1771
104 106 698 1771
8 9 2749 3092
102 103 2749 3092
35 37 32 1156
46 47 1671 1752
51 52 2626 4190
0 120 1528 3918
18 19 1451 2008
112 113 1451 2008
0 120 1127 1130
0 120 287 3368
33 33 309 3127
90 92 293 2624
38 39 846 2019
0 120 2799 2805
72 73 2367 2394
30 30 2506 3492
33 41 2506 3492
37 39 1537 3630
11 11 95 3548
104 106 95 3548
43 44 138 4184
12 14 40 1397
105 108 40 1397
0 120 3353 3364
25 25 130 3542
119 119 130 3542
58 59 400 1151
0 120 1081 3764
69 70 1838 3743
0 120 241 340
78 79 204 458
40 41 524 3846
86 88 95 1454
0 120 191 1916
0 120 1403 4165
50 52 141 2738
69 70 418 1326
0 120 1249 1254
22 24 29 53
116 117 29 53
0 120 2109 2112
42 43 621 1685
74 75 354 3785
0 120 3387 3483
35 36 63 3609
84 86 71 1218
0 120 403 3677
86 86 310 1234
25 27 311 4088
119 120 311 4088
78 79 2202 3996
43 44 1203 3703
65 66 155 2794
73 74 1005 2964
0 120 856 2841
44 45 1190 1963
65 67 125 2393
91 91 413 2271
78 79 989 4124
0 120 939 1563
90 91 402 2112
0 120 702 3313
67 68 733 2626
30 32 65 1938
38 38 1994 2138
28 28 760 1039
75 75 2009 3170
44 44 386 2518
89 91 1091 4027
0 120 3331 3335
83 84 134 1516
0 120 251 2101
8 8 1051 2908
101 101 1051 2908
40 41 53 3806
56 60 230 1224
75 75 166 3683
0 120 739 1101
0 120 512 1876
17 17 887 999
110 111 887 999
25 26 1446 2683
119 120 1446 2683
0 120 926 927
78 79 451 3852
0 78 3957 3962
17 18 316 1183
111 112 316 1183
36 37 6 203
0 120 670 4155
40 40 72 1954
0 120 464 3498
37 39 1235 2621
0 120 3969 3972
116 116 777 1743
40 41 1136 2615
0 1 258 2117
3 8 258 2117
13 94 258 2117
97 99 258 2117
108 114 258 2117
116 119 258 2117
54 56 299 2118
44 44 180 706
0 120 1572 3145
0 120 202 2185
0 120 3681 3690
5 6 2203 3951
99 100 2203 3951
33 34 625 3042
81 83 2581 3345
0 0 2450 3828
92 94 2450 3828
35 37 367 1471
13 13 2103 3720
107 107 2103 3720
0 120 1805 1811
13 14 1944 2909
107 108 1944 2909
34 34 187 3755
8 8 421 1707
101 102 421 1707
0 120 875 1123
0 120 641 3925
0 120 1002 3150
19 19 168 1261
113 113 168 1261
61 61 443 1466
12 13 1451 2976
106 107 1451 2976
0 120 1530 4208
59 59 420 2421
7 8 310 563
101 102 310 563
87 89 232 3124
56 56 311 3417
11 12 968 2226
0 120 247 1712
5 5 260 2139
99 99 260 2139
0 120 762 3289
6 7 289 625
99 101 289 625
0 120 2754 3249
0 0 173 2894
3 8 173 2894
11 13 173 2894
15 16 173 2894
19 19 173 2894
21 21 173 2894
43 43 173 2894
51 52 173 2894
54 67 173 2894
70 94 173 2894
97 102 173 2894
104 106 173 2894
114 115 173 2894
29 30 1300 1652
66 67 1007 2339
6 6 680 1944
100 100 680 1944
41 42 346 378
73 74 299 2252
82 88 173 3833
9 9 407 1785
103 103 407 1785
56 57 1537 2504
51 52 1606 2109
0 120 969 2986
0 15 635 1420
37 38 635 1420
41 76 635 1420
78 86 635 1420
90 109 635 1420
0 120 3912 3922
0 120 3972 3973
37 37 940 1467
80 80 2275 2618
58 58 138 3997
0 120 3130 3132
9 10 2287 2443
103 104 2287 2443
63 64 804 1606
0 120 1311 3100
13 14 1946 2150
107 108 1946 2150
30 31 244 451
33 33 152 862
72 75 1451 3110
91 91 309 4229
0 120 1424 3916
55 57 373 3490
87 88 1025 1955
21 22 627 1128
114 116 627 1128
0 120 1212 1781
0 120 1188 1195
50 51 413 3828
36 36 1452 2931
2 3 1120 2192
96 97 1120 2192
81 83 65 2556
0 37 404 2776
40 48 404 2776
51 59 404 2776
61 100 404 2776
102 120 404 2776
0 120 15 749
90 91 985 1775
0 120 1200 3649
0 120 403 2551
0 0 606 1190
91 94 606 1190
17 18 1835 1945
111 112 1835 1945
26 27 289 3203
120 120 289 3203
61 61 1020 1961
93 93 1221 3183
78 78 1567 2130
40 40 887 1617
56 56 312 4126
62 84 312 4126
87 88 312 4126
82 83 206 2387
0 2 1025 3244
93 96 1025 3244
69 69 139 1165
74 76 696 2022
23 23 2920 3271
23 24 342 2433
117 118 342 2433
0 120 614 677
23 24 738 3187
0 0 130 2550
0 1 6 4204
93 94 6 4204
0 120 2458 2459
80 82 1946 2284
56 57 1638 2131
0 120 15 2977
5 7 180 1324
45 45 180 1324
54 55 180 1324
76 79 180 1324
89 89 180 1324
0 120 2687 2696
74 75 3413 3554
0 120 148 3506
89 90 647 975
0 120 3373 3374
13 14 314 765
106 107 314 765
31 32 1165 2069
62 64 415 817
23 23 315 3619
117 117 315 3619
44 45 354 2793
70 71 55 2002
26 27 44 123
120 120 44 123
0 120 207 1053
6 7 2203 2475
100 101 2203 2475
37 39 28 3562
94 120 145 175
81 82 2366 4159
0 120 1301 3835
10 11 1997 3538
104 105 1997 3538
53 64 374 1166
88 89 28 529
0 120 2051 2054
0 120 1209 1213
18 18 311 4035
31 32 1064 2552
50 50 216 765
18 19 2606 3215
112 113 2606 3215
32 34 947 2906
51 52 1322 2029
64 65 307 4266
43 43 331 2408
0 120 2638 3692
35 36 348 1823
81 82 193 4164
0 120 3510 3621
0 120 879 1459
47 49 953 1408
50 50 473 771
4 6 390 2988
98 99 390 2988
51 52 152 3574
37 38 2029 3584
23 23 2120 2948
117 117 2120 2948
9 10 2293 2876
103 104 2293 2876
0 120 1586 3014
0 120 2401 2409
0 120 228 1125
0 120 1028 1932
21 23 1019 2378
115 117 1019 2378
46 47 11 3342
61 61 312 2516
81 83 30 3584
0 120 3031 3744
18 19 304 1120
112 112 304 1120
23 24 262 4092
116 117 262 4092
0 120 2017 2419
0 120 4133 4135
0 120 630 2044
10 12 1352 2968
104 105 1352 2968
61 61 2207 3482
0 120 498 3056
77 77 9 2865
16 17 310 3759
110 111 310 3759
0 120 2985 2995
29 29 1944 4011
31 31 409 3738
44 45 2293 4165
28 29 1875 1962
5 5 596 1120
0 120 4188 4192
75 77 554 3338
61 64 232 843
14 14 1102 2389
107 109 1102 2389
18 19 32 1721
104 104 54 2234
10 10 429 1357
104 104 429 1357
24 25 133 2527
117 118 133 2527
0 120 2927 3929
0 120 4200 4202
61 62 1483 3020
30 33 1670 2846
33 33 2869 3170
0 120 3383 3391
67 68 134 658
42 44 297 1588
83 85 767 2291
0 120 455 484
0 120 1948 2975
20 21 28 2891
113 114 28 2891
90 91 303 844
49 51 134 4041
26 27 141 2014
120 120 141 2014
19 21 1397 3626
113 115 1397 3626
0 120 877 1116
0 120 786 3472
71 71 2207 2677
22 23 371 3230
116 117 371 3230
0 120 1828 2092
0 120 1186 2625
63 64 1623 2626
8 9 126 393
102 103 126 393
77 77 71 494
92 92 334 3348
0 120 151 2143
88 90 1439 1758
0 120 157 2897
50 51 69 798
0 120 2861 3817
62 62 1452 3683
0 120 2911 3180
6 7 741 2359
100 101 741 2359
0 120 15 1501
27 28 1128 2805
38 43 168 2497
43 46 166 1670
29 30 771 3699
32 32 771 3699
37 37 771 3699
39 39 771 3699
49 49 771 3699
64 65 771 3699
21 22 1466 2800
115 116 1466 2800
0 120 2674 2678
55 55 2299 3555
60 61 721 1892
62 63 189 2785
0 120 2157 2159
85 85 765 1440
38 39 133 2661
0 120 1158 3586
2 7 399 2780
98 101 399 2780
7 9 3551 3890
100 102 3551 3890
25 26 934 3878
119 120 934 3878
86 87 1195 3653
45 46 367 3996
29 31 238 1142
43 44 1862 3150
52 54 2438 4249
0 5 927 2118
16 16 927 2118
22 22 927 2118
25 26 927 2118
29 38 927 2118
44 44 927 2118
48 48 927 2118
50 50 927 2118
52 55 927 2118
57 61 927 2118
66 80 927 2118
84 84 927 2118
86 99 927 2118
109 110 927 2118
116 120 927 2118
48 49 1197 3699
48 48 231 1102
0 120 1006 4104
53 53 204 2662
103 103 352 3314
0 120 228 804
0 120 1907 2519
0 120 1850 1985
9 10 419 2092
103 104 419 2092
20 20 219 2970
114 114 219 2970
0 120 501 1902
3 5 191 1676
97 99 191 1676
5 7 58 3776
99 100 58 3776
58 59 342 1091
1 2 130 3652
94 96 130 3652
70 71 63 2430
61 62 696 4063
44 44 429 3719
0 120 465 3376
0 120 114 2395
50 52 1165 2821
48 49 301 501
14 15 2142 4264
108 109 2142 4264
9 10 17 742
52 53 554 2667
80 80 334 449
0 120 994 2939
26 28 146 1152
120 120 146 1152
15 17 524 3956
109 111 524 3956
35 37 54 1563
16 18 1170 1852
111 112 1170 1852
68 69 17 1681
28 28 416 2144
81 82 180 3365
67 69 6 3212
84 84 419 3381
38 40 56 3329
14 14 45 696
108 108 45 696
0 120 821 917
56 58 888 2139
66 66 399 2914
0 120 2639 2976
0 120 213 280
0 120 1061 2067
0 120 2090 3700
61 61 1007 2770
0 120 511 3320
52 57 934 3423
0 120 368 568
0 62 60 415
66 66 60 415
70 72 60 415
76 120 60 415
0 120 1333 1442
0 120 4006 4015
0 120 988 3659
17 18 66 1923
111 112 66 1923
18 18 9 1389
112 112 9 1389
79 81 1418 3243
53 54 2581 3910
63 65 1483 3638
11 12 707 1165
104 107 707 1165
24 25 1531 2366
118 119 1531 2366
28 30 2228 2294
32 35 2228 2294
43 45 2228 2294
49 54 2228 2294
56 56 2228 2294
61 61 2228 2294
66 67 2228 2294
118 119 2228 2294
67 68 1521 1678
73 74 2386 2880
0 2 144 2745
94 96 144 2745
77 79 1128 1195
49 51 1298 1606
66 67 1907 2653
7 8 408 2037
101 102 408 2037
2 80 1946 2581
84 87 1946 2581
96 120 1946 2581
29 30 347 4013
59 59 349 2396
41 41 2245 2648
0 120 3501 3506
81 81 729 2617
82 84 3110 3850
54 55 331 3510
0 120 74 3854
0 120 2261 2592
0 120 3923 4138
24 25 843 2904
118 119 843 2904
0 120 3544 3553
26 28 430 3489
120 120 430 3489
57 58 225 4023
34 35 1537 1780
50 52 71 1112
91 92 1017 3434
0 120 671 2797
11 12 1328 1606
104 106 1328 1606
27 28 253 594
82 84 13 353
48 49 130 1692
63 64 2022 2202
23 24 354 4029
117 118 354 4029
44 44 1517 2444
93 93 1128 3423
10 11 141 3921
104 105 141 3921
34 35 296 1580
63 64 850 2920
0 120 1531 1561
12 14 934 3557
106 108 934 3557
0 120 800 1113
50 51 1190 1268
0 120 2498 3070
28 29 309 3505
82 83 53 1822
73 74 1534 3552
18 18 2414 3342
111 112 2414 3342
26 26 1397 2500
120 120 1397 2500
9 10 36 3346
103 103 36 3346
82 84 34 2519
62 62 438 882
11 12 312 2463
105 106 312 2463
92 93 482 2120
0 120 2347 3059
115 116 19 898
52 53 54 3336
92 93 1945 2490
0 120 701 703
0 120 1613 1751
75 76 30 498
0 120 637 3162
0 120 1024 1356
31 32 277 375
11 13 1096 1232
105 107 1096 1232
0 16 1170 1181
19 19 1170 1181
45 50 1170 1181
53 56 1170 1181
60 66 1170 1181
68 69 1170 1181
71 76 1170 1181
79 79 1170 1181
81 106 1170 1181
109 109 1170 1181
11 11 1185 2213
104 104 1185 2213
71 72 743 1868
52 54 844 1920
74 76 2506 4220
0 120 512 1181
8 8 350 3105
0 120 1554 3773
28 29 69 611
51 54 1404 2516
32 34 1433 3254
11 13 404 3341
105 106 404 3341
0 120 68 1140
7 9 1310 2100
101 103 1310 2100
70 71 1048 2100
24 25 217 482
118 119 217 482
50 50 659 827
84 85 3555 4226
7 8 1612 2438
100 102 1612 2438
64 65 1438 2285
84 92 141 4055
0 120 2122 2136
93 93 349 1725
12 12 3112 4006
0 120 1510 1757
59 60 123 2136
46 47 147 278
0 120 919 1289
2 4 348 2254
96 98 348 2254
0 120 3794 3811
63 63 131 3717
0 120 3854 3862
74 78 313 1479
87 88 1982 2506
27 27 373 3250
78 80 1720 2506
35 37 2103 3964
38 39 262 4173
0 120 871 1248
0 120 112 442
0 120 1831 3276
62 63 131 684
35 35 1094 2983
0 120 1307 4030
28 29 156 2434
3 3 975 3291
96 96 975 3291
79 80 1821 4251
70 72 93 1331
0 120 485 2875
70 71 2111 2512
76 76 230 1602
0 120 1190 3630
0 120 944 945
80 81 1025 2065
52 53 1945 2974
30 31 243 2029
0 120 1005 1598
0 120 3921 3929
86 88 72 1393
22 23 32 4246
116 116 32 4246
29 30 187 1905
47 49 120 683
0 120 4144 4166
25 27 1016 1198
119 120 1016 1198
29 30 419 3194
70 72 696 1782
0 120 422 2711
80 86 985 1885
89 90 985 1885
53 53 72 2332
76 77 58 2434
65 66 1930 2292
74 75 2016 3564
18 19 488 2018
112 113 488 2018
5 6 1466 3097
99 100 1466 3097
6 7 1172 2650
100 100 1172 2650
0 120 561 2496
51 52 996 1670
73 74 1438 2769
77 78 1671 2748
26 27 1060 2594
0 120 196 1028
38 39 793 3004
87 88 34 2198
67 67 846 2076
0 0 932 1096
91 94 932 1096
0 3 3301 4012
91 96 3301 4012
25 28 278 2558
119 120 278 2558
24 25 706 3759
118 119 706 3759
76 77 347 3826
65 67 1070 2723
6 8 1068 1896
100 102 1068 1896
71 72 299 402
0 120 1321 4062
0 120 2915 3195
0 22 1425 2133
24 26 1425 2133
36 37 1425 2133
45 49 1425 2133
51 116 1425 2133
118 120 1425 2133
0 120 267 1618
66 67 2287 3626
51 52 415 1516
92 92 2292 3970
54 54 2763 3555
2 4 12 345
96 97 12 345
0 120 2096 3277
11 12 342 1388
105 106 342 1388
35 35 75 1798
0 120 4127 4131
12 13 2508 3221
105 107 2508 3221
106 106 524 870
38 39 441 3087
83 84 694 1281
0 120 1018 1378
28 28 3098 3437
0 58 133 2153
60 67 133 2153
69 120 133 2153
21 23 1408 3253
115 117 1408 3253
0 120 2256 2596
0 120 1884 2990
23 28 93 2754
117 120 93 2754
78 78 14 2461
93 93 160 2286
6 7 335 2287
101 101 335 2287
47 51 1517 3196
58 60 147 2990
63 65 1161 3534
59 60 2785 3098
46 46 63 1572
60 61 235 2056
106 111 413 2328
38 39 1165 1963
86 86 168 4217
0 120 1212 1220
0 120 205 3318
0 120 630 1804
29 29 771 2975
59 61 1168 2611
27 28 72 722
0 0 2518 3104
2 31 2518 3104
33 47 2518 3104
49 50 2518 3104
53 54 2518 3104
67 68 2518 3104
74 77 2518 3104
80 82 2518 3104
84 89 2518 3104
92 92 2518 3104
94 120 2518 3104
59 60 3079 3171
29 29 1477 1676
43 44 2438 2586
0 120 924 938
0 120 201 2795
16 18 17 4206
109 112 17 4206
91 91 72 4105
0 2 1001 1158
94 96 1001 1158
30 31 130 4083
0 49 407 419
58 58 407 419
63 120 407 419
15 16 25 125
109 110 25 125
30 30 245 1589
45 45 1038 1225
48 52 1038 1225
0 120 2638 2647
0 2 1946 3817
94 96 1946 3817
40 40 425 2688
10 12 3102 3505
104 107 3102 3505
58 58 160 1481
64 64 767 4145
0 120 944 1563
0 120 832 2288
20 22 9 531
114 115 9 531
26 28 232 3986
120 120 232 3986
48 48 428 1646
0 120 1336 3484
0 120 161 1302
86 87 63 767
27 28 923 1625
120 120 923 1625
0 120 3853 3854
42 44 1193 3206
34 35 1215 2965
44 44 160 1831
52 53 848 1451
37 43 1397 2447
0 120 2317 3356
72 72 32 1831
64 65 1221 1467
24 26 314 3237
118 120 314 3237
84 85 1012 1293
0 120 165 3114
0 120 1677 1683
23 25 1945 2437
117 118 1945 2437
43 44 3759 3788
0 120 165 4053
32 34 743 1815
37 38 347 1061
37 38 414 3037
39 39 1269 3551
51 52 125 2934
0 120 930 1641
87 88 71 3637
58 61 385 3238
89 90 293 1205
1 1 1208 1770
8 12 1208 1770
14 32 1208 1770
37 42 1208 1770
44 44 1208 1770
47 51 1208 1770
54 54 1208 1770
57 73 1208 1770
76 81 1208 1770
83 85 1208 1770
89 89 1208 1770
94 95 1208 1770
101 106 1208 1770
108 120 1208 1770
0 120 3181 3932
77 77 1070 4280
0 120 1643 1698
89 90 412 4280
12 12 9 3109
106 106 9 3109
26 27 374 1544
120 120 374 1544
31 36 2178 2207
37 38 1281 1467
55 56 141 3413
34 36 898 3392
53 54 850 2412
20 21 865 1000
114 115 865 1000
28 28 230 2704
65 67 2157 2269
0 120 875 3408
0 1 173 3890
94 95 173 3890
0 120 3910 3933
0 16 3098 4055
70 77 3098 4055
79 102 3098 4055
104 104 3098 4055
106 108 3098 4055
110 110 3098 4055
77 78 402 1498
49 50 367 723
53 58 1045 3819
74 74 606 2991
52 53 243 687
0 120 516 4229
0 120 91 2545
56 57 125 2129
55 56 1195 3763
59 60 1102 3572
82 84 350 2247
72 73 2287 2500
0 120 2822 2844
0 120 2827 3942
0 120 1731 2053
69 70 55 4019
37 38 760 3808
36 37 206 4188
40 40 421 1898
84 85 135 1504
0 120 403 2258
18 20 12 2602
112 113 12 2602
0 120 561 3598
3 3 146 3356
96 97 146 3356
0 120 96 795
0 120 497 1893
0 120 1018 3285
67 67 1064 1186
0 120 1255 2474
33 35 1408 2716
0 120 630 2422
2 3 69 4075
96 97 69 4075
33 34 1433 2746
75 77 2023 3743
0 120 1059 4225
84 85 2508 3034
0 120 44 46
78 79 372 3295
0 120 3803 3820
81 84 436 2556
21 21 1012 3655
8 9 535 2535
102 103 535 2535
35 36 1402 2120
63 64 1820 1879
77 77 2339 2444
21 21 1938 2100
115 115 1938 2100
87 88 255 3649
28 30 1483 2459
0 120 1693 3989
13 13 1352 3696
106 107 1352 3696
3 4 409 1083
58 60 1013 4230
72 74 128 2561
27 28 2906 3430
0 120 4236 4237
26 27 1168 2074
120 120 1168 2074
37 37 810 2366
0 120 3419 3426
0 120 4238 4283
0 120 630 678
0 120 1504 3686
21 23 761 1161
115 116 761 1161
85 87 2366 2927
22 23 1357 1946
116 117 1357 1946
22 24 128 2911
116 118 128 2911
45 45 66 2033
0 120 1100 4010
48 50 1334 1962
35 35 217 2202
0 120 1621 2958
7 8 1225 2958
101 102 1225 2958
22 32 3126 3554
115 120 3126 3554
0 120 1980 2110
3 4 373 3681
97 97 373 3681
20 22 1756 2594
114 116 1756 2594
0 120 2348 4226
23 26 1962 2470
117 120 1962 2470
20 21 1277 2367
114 115 1277 2367
25 29 293 3917
119 120 293 3917
34 34 1012 2850
54 56 1289 1438
32 32 1452 3122
0 120 4268 4283
25 26 386 3327
119 119 386 3327
89 90 372 3429
0 120 3209 3215
0 120 4069 4073
0 120 3387 3487
60 61 364 535
19 19 147 1998
113 113 147 1998
77 77 257 3856
0 120 2360 2866
57 57 502 1408
41 47 500 581
70 71 1016 1629
83 83 799 3092
39 40 1746 2414
0 120 3382 3493
9 9 297 1161
0 120 908 3035
10 12 240 2347
19 20 240 2347
26 26 240 2347
28 29 240 2347
105 106 240 2347
113 113 240 2347
72 73 2965 4144
13 13 1862 3528
107 107 1862 3528
43 44 907 3564
16 16 506 3220
109 110 506 3220
43 46 346 1053
19 20 1164 4129
113 114 1164 4129
0 120 1388 1393
21 23 1055 2681
115 117 1055 2681
77 78 2142 2764
5 7 1194 3779
99 101 1194 3779
42 42 53 2871
40 41 2782 3878
6 7 72 669
100 101 72 669
15 15 63 1869
109 109 63 1869
74 75 940 2142
48 54 230 1228
42 42 741 1932
22 24 130 4030
116 118 130 4030
49 49 312 3512
0 120 1903 2374
0 120 788 3441
0 1 320 1121
95 95 320 1121
53 55 315 777
11 12 256 3580
105 106 256 3580
28 29 2909 3057
0 120 2983 3006
54 55 1675 1958
19 21 1085 2681
113 114 1085 2681
0 120 1799 2024
5 6 405 2922
99 100 405 2922
29 30 1203 2902
0 120 23 376
73 74 167 1064
71 72 3160 3807
77 80 767 1059
0 1 1467 3914
93 95 1467 3914
41 41 524 1301
92 92 629 3569
0 120 345 3810
29 30 2203 3016
0 120 663 2399
85 86 131 2538
0 120 497 2861
60 60 1128 3667
83 85 1008 1121
10 10 1092 1758
103 104 1092 1758
12 12 309 366
106 106 309 366
4 5 1226 2512
98 99 1226 2512
34 38 123 1896
0 120 202 2189
92 92 56 674
94 94 345 777
15 17 351 3975
109 111 351 3975
8 9 2782 3073
102 104 2782 3073
34 35 230 3456
0 2 1195 3576
93 95 1195 3576
0 120 2174 2436
20 20 238 1065
114 114 238 1065
0 120 1212 3745
0 120 486 2887
35 36 412 2938
70 71 1955 3072
23 24 1232 2677
0 120 2488 3535
36 37 420 547
27 30 1418 3621
74 75 294 2128
32 34 1120 1712
31 32 27 1784
27 28 3170 3340
0 120 2977 3699
12 14 372 2758
106 108 372 2758
86 87 1167 3221
20 20 850 3514
113 114 850 3514
0 1 1306 3565
90 95 1306 3565
25 26 346 1537
119 120 346 1537
45 45 1256 1758
0 120 1631 1635
83 84 2207 2734
0 120 439 947
75 77 12 3354
43 44 1230 3920
45 45 16 4227
60 63 1403 1404
90 92 66 3590
11 12 2762 3895
105 106 2762 3895
29 29 1461 1574
0 120 826 834
69 70 146 1075
70 71 1813 2965
86 86 1197 2467
13 14 376 1537
107 108 376 1537
87 88 1594 2103
6 7 238 3293
100 101 238 3293
21 21 1286 1758
115 115 1286 1758
108 108 3743 3767
11 12 39 3083
14 14 627 2287
108 108 627 2287
64 66 1190 1646
0 120 1099 4002
10 10 240 2026
104 104 240 2026
0 0 561 2606
81 82 3170 3474
0 120 2564 3664
13 14 54 331
107 108 54 331
56 57 16 39
0 120 1437 3216
0 120 2249 2340
0 120 936 948
0 120 148 3376
5 5 1922 1945
98 99 1922 1945
10 11 1132 2580
104 106 1132 2580
0 120 645 4182
19 19 2727 2904
113 113 2727 2904
27 28 2782 3557
17 18 934 1841
110 112 934 1841
36 38 581 2477
52 52 206 1102
0 120 2224 2283
0 120 2289 2678
84 85 296 3247
25 26 2689 3551
119 120 2689 3551
0 120 1266 1267
75 77 371 388
0 120 403 2555
20 22 694 1041
114 116 694 1041
49 50 2626 3202
74 77 353 748
77 77 778 1678
85 86 1426 2653
38 39 2207 3218
65 67 139 230
0 120 83 106
61 62 375 1446
0 120 275 276
28 28 189 2976
79 81 3203 4122
62 62 130 1615
0 54 1164 3592
57 58 1164 3592
61 61 1164 3592
65 65 1164 3592
67 67 1164 3592
94 101 1164 3592
105 107 1164 3592
109 110 1164 3592
113 115 1164 3592
118 120 1164 3592
1 2 1064 2422
95 96 1064 2422
41 41 147 2750
75 76 730 856
83 83 11 1923
56 56 2450 2572
0 10 1675 3515
16 16 1675 3515
19 19 1675 3515
81 103 1675 3515
112 114 1675 3515
25 25 720 3551
118 119 720 3551
55 56 482 4137
107 108 30 3104
0 120 2218 2222
0 120 432 2330
8 10 105 4187
103 104 105 4187
51 52 1251 3187
74 76 771 1796
0 120 456 472
0 6 884 1673
8 8 884 1673
11 12 884 1673
14 25 884 1673
27 60 884 1673
62 63 884 1673
66 67 884 1673
90 100 884 1673
102 102 884 1673
104 106 884 1673
108 120 884 1673
14 16 132 348
108 110 132 348
62 63 1450 2084
78 82 3550 3829
33 33 30 71
89 90 262 3612
42 43 93 3803
0 120 1373 1837
65 67 17 3027
0 120 1187 2613
10 11 1120 1391
104 105 1120 1391
80 82 1170 3198
0 120 1608 2643
0 120 1343 3126
90 92 968 4003
35 36 107 2920
78 79 27 2402
88 89 323 1232
84 85 104 2622
0 120 1355 3136
38 40 923 3479
81 81 11 179
48 49 1750 1945
13 14 12 3033
106 108 12 3033
20 22 482 2982
114 115 482 2982
44 44 642 985
90 90 373 3978
25 25 108 1051
119 119 108 1051
56 56 51 3927
0 120 1174 4229
0 120 405 2735
17 19 104 3561
111 113 104 3561
37 38 6 20
13 13 1334 3198
0 18 95 1755
23 30 95 1755
33 112 95 1755
117 120 95 1755
37 40 293 4214
0 120 1991 2007
46 47 3104 4277
0 120 626 1391
28 29 1185 3075
51 51 3203 4256
0 120 1209 1217
0 120 1350 3142
87 88 63 2971
54 56 130 1749
43 44 2186 3414
0 120 124 3624
0 120 1669 2895
18 20 91 1232
112 114 91 1232
68 68 1120 3619
22 22 309 2623
116 116 309 2623
44 45 944 1673
51 53 421 3618
39 39 51 1833
47 48 264 2880
0 120 783 4199
28 29 0 2807
82 82 1077 2202
18 20 17 2222
112 114 17 2222
107 107 256 2238
17 17 352 2700
111 111 352 2700
61 61 1537 3126
44 45 1165 1268
2 3 898 924
96 97 898 924
47 47 1170 3332
55 55 1170 3332
63 63 1170 3332
73 73 1170 3332
82 86 1170 3332
93 100 1170 3332
104 106 1170 3332
108 109 1170 3332
0 120 1586 3018
47 47 121 1232
0 120 322 3208
0 0 255 1986
6 9 255 1986
11 12 255 1986
17 21 255 1986
35 35 255 1986
79 79 255 1986
90 94 255 1986
100 103 255 1986
105 106 255 1986
111 115 255 1986
40 41 735 2623
0 120 182 195
0 120 641 709
54 54 357 950
0 120 121 2171
66 66 1198 1566
84 86 21 1001
88 89 914 1807
91 93 353 3460
13 15 582 1068
107 109 582 1068
45 46 1230 3733
0 120 3391 3502
76 78 2367 3179
0 120 1018 3850
18 19 1295 2438
112 113 1295 2438
76 77 677 3557
61 63 2142 4000
0 120 265 2300
20 22 1068 2624
114 115 1068 2624
55 56 65 3178
26 28 428 1540
120 120 428 1540
66 68 1446 2984
0 0 1389 2450
93 93 1389 2450
63 65 2967 4113
90 91 451 4153
85 86 482 3466
10 11 2438 3769
104 104 2438 3769
68 69 79 2295
14 15 1102 2393
108 109 1102 2393
0 120 1969 1978
49 50 1781 2681
0 120 963 2988
26 27 42 134
120 120 42 134
0 120 601 1818
23 24 1179 1300
45 47 1232 2624
90 91 783 1300
99 99 535 3450
16 18 399 3589
110 112 399 3589
78 81 1668 3154
18 19 2203 4252
112 112 2203 4252
0 120 699 3292
91 92 1451 2927
0 120 4255 4263
82 84 3188 4058
0 120 1020 3872
120 120 696 2994
0 120 1052 1875
53 55 128 3476
89 89 2512 2728
65 67 2369 4140
47 55 743 2059
84 84 2367 3313
0 120 120 2834
55 55 2083 3554
12 13 923 3158
105 107 923 3158
26 36 414 837
39 40 414 837
120 120 414 837
0 120 190 1321
56 56 128 443
20 21 312 3004
113 115 312 3004
92 92 1816 3964
55 57 1095 1198
45 46 2378 2913
45 46 2462 3550
87 88 134 1951
0 120 1345 1346
23 24 1042 1537
117 118 1042 1537
0 120 1713 3462
39 40 102 161
37 39 346 2773
76 77 351 3117
78 79 1196 2943
52 53 36 1793
0 7 449 1962
11 101 449 1962
105 120 449 1962
0 120 2090 2631
74 74 770 4232
60 61 3079 3899
74 74 2130 2969
0 120 403 3657
28 30 238 1146
0 120 3016 3735
49 50 1443 3170
0 120 2152 2169
0 120 3800 3817
33 34 770 2138
0 120 2177 3165
43 44 694 3082
39 41 1091 2718
80 80 614 844
8 8 256 2856
102 102 256 2856
54 55 204 2666
0 120 1713 1718
0 120 2483 3622
82 83 36 4021
22 23 72 3678
116 116 72 3678
120 120 292 1732
38 38 409 3071
74 75 39 1286
0 0 240 3262
92 94 240 3262
0 120 37 1213
23 24 2100 3857
116 118 2100 3857
19 20 374 4016
113 114 374 4016
32 33 123 233
28 30 346 1968
113 114 1304 1671
29 30 2513 2683
31 32 187 1157
81 82 847 1203
81 82 413 4129
55 56 2622 2626
61 62 2622 2626
64 64 2622 2626
68 70 2622 2626
72 83 2622 2626
91 92 2622 2626
95 95 2622 2626
39 40 3102 4017
114 114 2293 3848
7 10 760 1958
101 104 760 1958
36 36 27 121
73 73 923 1198
45 46 81 357
0 120 578 1163
11 11 1190 4171
105 105 1190 4171
17 18 421 3431
111 112 421 3431
0 120 746 747
19 21 3743 4198
113 114 3743 4198
43 44 503 989
56 57 1671 2000
0 120 2917 2924
0 120 673 1400
0 120 7 1347
72 77 989 3888
0 120 657 2395
0 120 266 2739
72 72 180 1275
25 25 2138 2405
117 120 2138 2405
81 83 1398 1841
8 9 1532 2595
102 103 1532 2595
76 77 169 2806
0 120 821 1271
54 55 93 3750
0 120 3489 3500
67 67 834 3196
34 35 1190 2077
53 54 1300 2437
26 27 975 2677
120 120 975 2677
69 69 1677 2195
76 78 1016 2678
0 120 2232 2417
26 28 413 2385
120 120 413 2385
0 120 50 2333
0 120 363 578
0 120 1280 1970
42 42 645 1230
0 120 4175 4178
0 120 1723 3479
0 120 1967 2119
115 115 1461 4233
0 120 248 1759
18 26 635 2205
28 28 635 2205
112 113 635 2205
116 118 635 2205
31 31 0 3909
14 18 380 932
108 111 380 932
59 61 839 1446
56 57 130 757
0 120 837 2339
57 57 331 481
0 120 907 1580
29 30 960 2904
34 35 1538 2386
4 4 1001 1215
0 120 77 2062
24 26 846 3556
118 119 846 3556
0 120 1968 1970
43 44 1075 1164
0 120 2148 3069
55 56 2965 3099
82 83 558 645
0 120 690 3982
17 18 12 886
111 112 12 886
83 84 146 1640
48 50 254 419
0 120 1317 4080
9 10 85 1364
43 44 61 778
59 61 508 1467
0 120 1490 4008
0 0 721 2514
93 94 721 2514
75 77 659 1636
76 77 53 1826
11 12 1008 4264
105 106 1008 4264
46 47 1190 1272
44 46 968 3145
60 61 1121 3387
92 93 1102 3145
87 88 386 1477
0 120 1506 1508
0 120 1184 1457
76 76 1306 2386
29 30 1397 2504
86 88 65 4280
8 10 844 4018
102 104 844 4018
70 70 1214 3551
14 15 209 3278
108 109 209 3278
44 47 1016 2812
0 120 797 3448
0 120 1280 2104
91 92 58 76
59 60 373 3120
43 44 276 1467
46 47 515 1483
0 120 1640 1858
49 51 745 1945
41 43 65 2186
57 57 180 2698
1 2 1232 3726
95 96 1232 3726
12 13 0 1010
106 106 0 1010
27 28 1693 2623
90 93 301 4156
20 20 373 3470
114 114 373 3470
83 84 1051 3156
0 120 1020 1591
52 54 247 887
33 34 316 492
9 9 240 3880
103 103 240 3880
21 22 407 610
116 116 407 610
35 36 873 2103
49 50 1167 4270
63 63 568 1467
65 67 14 1847
0 120 2457 3958
13 13 1287 2120
17 18 1287 2120
107 108 1287 2120
111 111 1287 2120
115 115 1287 2120
119 120 1287 2120
26 27 2133 3834
120 120 2133 3834
80 81 2202 3439
84 85 2071 2202
23 23 161 554
27 27 161 554
117 117 161 554
0 3 278 1139
5 24 278 1139
27 118 278 1139
52 53 985 1755
90 90 230 2411
48 48 811 1602
0 120 575 3577
35 36 1012 3578
62 63 117 1945
82 83 351 3869
17 17 1079 3110
110 111 1079 3110
26 28 1170 2474
82 83 2434 3947
70 70 1225 1592
30 31 1404 3809
66 67 1629 2207
0 120 4160 4165
55 56 2103 3029
74 74 76 4014
34 34 14 3136
0 120 1817 2443
67 69 0 3238
37 39 2746 2906
12 13 2004 2269
107 107 2004 2269
8 8 543 1945
102 102 543 1945
77 77 1121 3871
80 80 648 1961
12 13 3430 3538
106 107 3430 3538
66 66 2248 2629
11 12 386 1961
105 105 386 1961
39 40 138 4111
0 120 2399 2798
78 78 2512 2675
64 64 1008 1715
90 91 349 2079
77 79 428 3126
15 16 1164 1474
109 110 1164 1474
25 25 1682 3157
119 119 1682 3157
0 1 417 493
92 94 417 493
51 52 2117 3085
33 34 264 1217
0 120 269 2315
61 62 138 1078
56 56 28 3192
0 120 20 4240
15 15 1051 3290
109 109 1051 3290
31 32 407 3188
35 36 1064 1243
0 1 352 1037
4 11 352 1037
13 14 352 1037
16 74 352 1037
76 85 352 1037
87 87 352 1037
90 95 352 1037
98 105 352 1037
107 108 352 1037
110 120 352 1037
0 120 121 2602
23 23 694 4184
26 26 694 4184
30 30 694 4184
33 33 694 4184
117 117 694 4184
120 120 694 4184
0 120 783 3475
8 9 315 1155
102 103 315 1155
4 7 1197 1772
98 101 1197 1772
0 120 1715 3455
26 27 1806 2819
120 120 1806 2819
0 120 1415 3163
44 45 488 1083
90 90 765 3835
88 90 441 2957
88 88 2621 2968
92 93 131 1977
47 48 535 2592
0 120 566 1905
29 31 727 2762
21 21 0 2433
114 115 0 2433
57 59 430 2017
0 120 1228 1243
15 15 146 2258
108 109 146 2258
0 120 906 1192
0 120 271 452
31 31 374 2085
24 25 2139 2820
118 119 2139 2820
85 86 621 1962
29 29 72 2686
42 43 1161 3404
0 120 397 3008
57 58 1120 1151
55 57 696 3075
25 26 826 2367
119 120 826 2367
4 5 131 822
98 99 131 822
55 55 1676 2537
46 47 2269 3051
0 120 3886 3888
64 65 1527 2414
0 1 395 868
6 6 395 868
10 10 395 868
20 21 395 868
23 45 395 868
47 61 395 868
66 67 395 868
69 73 395 868
75 76 395 868
79 82 395 868
84 87 395 868
89 91 395 868
95 95 395 868
106 107 395 868
114 115 395 868
118 120 395 868
61 62 2425 3564
44 44 169 525
0 120 1098 3994
37 38 126 3861
6 6 14 1176
0 120 1646 3045
0 120 2174 3164
103 103 696 3425
90 91 147 4149
0 120 467 3373
75 79 102 2686
41 43 1091 3954
41 43 2607 3985
0 120 2935 3262
11 13 58 1633
104 106 58 1633
20 22 445 581
114 115 445 581
48 49 1274 2126
75 76 1004 2265
51 52 324 2506
66 67 1466 2296
0 120 3517 3617
0 120 2154 3636
53 56 581 3071
59 60 204 869
0 120 1018 1382
26 27 235 4154
120 120 235 4154
28 29 94 2983
0 120 546 1572
0 2 1045 3205
94 96 1045 3205
90 92 738 2496
0 120 2333 2820
86 88 968 2958
20 21 2303 4109
114 115 2303 4109
0 120 3287 3313
12 14 1451 1614
106 108 1451 1614
72 73 1334 4247
0 120 1748 3298
0 1 611 1408
82 96 611 1408
0 120 208 237
13 15 1008 1044
107 109 1008 1044
73 74 3318 3565
7 8 2729 3170
100 102 2729 3170
49 58 79 766
52 53 347 3964
0 120 1272 1275
7 8 112 125
101 102 112 125
35 36 2607 3180
57 59 414 463
0 120 1293 1563
86 86 1704 2595
88 88 216 2168
0 120 2457 2832
24 25 1397 3606
118 119 1397 3606
20 21 1051 2969
114 115 1051 2969
65 66 257 3108
77 79 1194 4186
77 79 411 542
5 6 793 1398
98 100 793 1398
0 120 1720 3478
0 120 810 813
43 44 409 469
76 76 125 710
76 77 765 3514
30 30 400 2635
31 32 770 1414
0 120 756 1516
0 1 1678 3252
94 95 1678 3252
60 61 412 1706
0 120 993 3149
0 120 1822 2442
40 42 844 3026
8 8 180 3800
0 120 1482 3313
56 57 105 3626
91 92 413 1527
78 86 559 1352
20 20 1711 3550
114 114 1711 3550
59 60 264 3124
0 120 687 3981
33 33 0 3051
70 71 79 3344
73 74 1452 1569
0 120 3265 3284
2 3 309 3806
96 97 309 3806
0 120 345 1773
0 120 2745 3248
76 76 3759 3792
55 58 1670 3899
41 42 438 1183
80 81 94 1373
33 34 147 445
26 26 331 3006
120 120 331 3006
0 120 1859 2108
0 120 4269 4271
0 120 427 2714
0 120 2655 3705
0 53 625 1009
60 120 625 1009
87 88 415 1199
36 37 1450 2812
75 76 1962 2206
38 40 68 1091
0 120 1038 3807
13 14 1695 2616
107 108 1695 2616
42 42 399 1605
63 65 696 4043
85 86 2967 3418
50 50 1403 1461
0 120 1623 3679
8 11 441 2770
102 104 441 2770
46 48 2762 3952
59 61 1167 1184
13 14 2142 4244
107 108 2142 4244
0 120 308 3180
7 9 2130 2729
101 103 2130 2729
37 39 683 2303
3 5 1397 1646
97 99 1397 1646
70 70 1070 1251
59 60 1197 2524
73 75 760 2523
17 17 173 2955
111 111 173 2955
0 120 1372 3279
0 120 1649 1867
0 120 183 1199
66 67 1016 1954
23 24 1194 2226
116 118 1194 2226
21 22 1359 2293
115 116 1359 2293
0 120 211 214
61 62 390 2431
20 25 765 1554
114 119 765 1554
23 24 1 404
117 118 1 404
72 73 1441 2103
114 116 1198 3099
8 8 945 2653
102 102 945 2653
16 18 102 1210
110 112 102 1210
0 120 1767 3027
0 120 960 1241
10 11 1466 3853
104 105 1466 3853
76 77 1091 2478
66 67 206 3253
0 1 2506 3366
94 94 2506 3366
0 120 560 1307
0 120 2485 2489
37 38 152 3956
51 53 1537 3504
33 34 344 4126
0 45 1070 2540
49 49 1070 2540
55 59 1070 2540
65 65 1070 2540
68 120 1070 2540
17 17 411 2904
111 111 411 2904
40 42 760 3812
56 56 189 805
59 60 58 3540
68 68 1668 3398
69 71 128 2781
24 25 418 3294
118 119 418 3294
0 120 740 1093
62 63 413 2950
0 120 561 3602
75 76 850 3705
0 1 146 3360
94 95 146 3360
56 58 2506 3716
72 74 1025 2016
50 51 1501 1945
87 89 357 1328
37 38 844 2355
0 120 2396 2797
78 79 386 3197
92 93 1064 2129
17 19 2268 3551
111 112 2268 3551
83 84 1232 4157
58 60 1397 4224
12 13 535 2539
106 107 535 2539
12 12 1758 3449
106 106 1758 3449
78 80 420 2966
66 67 235 934
62 62 1945 4214
72 74 990 2530
6 7 1408 4009
100 101 1408 4009
0 120 4050 4051
47 49 63 3833
20 22 27 1170
113 116 27 1170
0 120 2673 2674
78 80 367 4244
12 13 897 1026
105 107 897 1026
24 25 761 1165
118 120 761 1165
52 53 131 3213
18 18 1179 1678
84 85 783 1678
15 16 2138 2515
108 110 2138 2515
0 120 1572 3824
81 82 956 1606
90 90 259 1678
58 61 1483 3752
18 18 1469 1602
112 112 1469 1602
77 79 1149 2186
80 81 180 2324
1 3 30 3511
95 96 30 3511
0 120 2251 2577
25 26 133 4198
119 120 133 4198
4 6 193 1997
98 100 193 1997
0 120 1330 1443
0 120 4057 4067
0 120 4117 4118
36 36 130 3900
0 120 3540 3548
0 120 1377 2952
0 120 1346 1387
0 37 315 647
39 40 315 647
55 120 315 647
62 64 418 1334
0 120 786 4204
0 120 637 4081
1 2 1769 3183
95 96 1769 3183
0 120 4112 4124
17 18 103 3393
110 111 103 3393
0 120 151 2875
75 76 104 585
47 48 367 3439
38 39 95 2751
82 83 1167 1802
44 44 413 1340
0 15 349 3799
20 120 349 3799
68 68 1051 4071
11 12 2202 3415
105 105 2202 3415
57 58 72 2767
105 105 297 1165
30 31 1327 2434
12 12 1862 3532
106 106 1862 3532
59 61 1121 3497
0 120 2253 2599
16 17 1885 2203
110 111 1885 2203
66 66 3564 3918
17 18 983 3563
111 112 983 3563
85 86 1200 2100
72 72 1165 1325
74 75 1366 3301
82 84 65 1946
0 120 727 1099
0 62 1245 2782
64 72 1245 2782
90 120 1245 2782
0 1 438 996
94 95 438 996
3 6 59 411
13 14 59 411
20 20 59 411
23 23 59 411
64 64 59 411
78 78 59 411
82 82 59 411
86 86 59 411
88 89 59 411
96 99 59 411
107 108 59 411
115 115 59 411
117 118 59 411
2 2 3029 3759
6 6 3029 3759
10 11 3029 3759
13 16 3029 3759
18 19 3029 3759
26 27 3029 3759
37 39 3029 3759
48 50 3029 3759
53 53 3029 3759
55 64 3029 3759
68 70 3029 3759
77 82 3029 3759
88 105 3029 3759
107 115 3029 3759
118 120 3029 3759
18 19 2112 2367
112 113 2112 2367
71 71 131 3697
0 120 403 1941
0 120 2918 3928
77 77 2512 3240
23 24 160 493
117 118 160 493
75 77 1013 2624
12 13 436 1300
106 107 436 1300
45 47 93 1900
0 120 163 3393
55 56 51 4118
66 66 2138 3938
0 120 1269 1274
0 120 2315 2322
18 18 1095 1121
39 40 102 3117
15 17 386 432
109 112 386 432
0 120 3518 3519
55 55 120 3696
97 97 2965 3343
118 118 9 3865
0 120 1139 2332
0 120 2758 3242
78 78 413 1474
87 89 850 2229
0 120 202 2193
0 120 2530 3765
21 21 374 2650
115 115 374 2650
31 33 1203 4195
34 36 367 1479
38 38 347 3456
59 59 717 2989
0 0 3112 4120
93 94 3112 4120
0 120 837 839
15 15 173 1613
108 109 173 1613
9 9 1019 2573
102 103 1019 2573
0 120 1050 1886
86 87 128 150
26 27 346 1541
120 120 346 1541
28 30 934 4155
47 48 430 2932
86 87 297 2588
11 11 983 4047
1 3 293 3600
95 97 293 3600
80 82 131 798
35 37 738 4216
16 16 342 1018
110 110 342 1018
0 120 1487 2799
71 72 2287 3606
70 72 554 2594
3 6 2202 2744
97 99 2202 2744
0 120 3845 4048
48 49 846 3934
0 120 2754 3257
0 120 1656 2985
3 4 770 906
96 97 770 906
29 29 54 1490
68 70 2192 2965
87 87 351 3174
81 82 301 1367
0 120 1374 3272
61 62 1665 1758
47 47 235 747
57 57 975 1311
0 120 670 675
26 27 520 1670
120 120 520 1670
46 47 499 793
84 86 2653 2801
13 14 717 2184
107 108 717 2184
11 12 1677 4212
105 106 1677 4212
66 66 2322 3196
35 35 130 2424
0 120 269 1270
66 67 2681 4068
77 78 635 839
1 2 425 1029
95 96 425 1029
0 120 1743 3519
1 1 1752 2292
95 96 1752 2292
0 120 2956 2960
0 120 2691 3443
44 46 652 1193
49 49 771 2605
79 80 387 1676
70 71 36 695
16 17 473 1450
109 112 473 1450
64 65 182 2964
0 120 1579 1583
50 53 1816 3216
23 23 264 522
117 117 264 522
15 16 312 2256
109 110 312 2256
0 120 1105 1138
0 120 248 2271
10 10 535 1547
22 22 1805 2303
116 116 1805 2303
65 66 1008 1959
70 71 301 3595
18 20 39 1343
112 113 39 1343
0 120 15 757
52 53 32 172
40 41 2100 3914
36 37 2616 4208
0 120 4111 4116
0 120 403 2559
45 46 2626 3206
0 120 857 2729
2 3 19 1630
96 97 19 1630
0 120 879 2488
8 10 0 1388
102 103 0 1388
0 120 2916 3911
12 13 146 3657
106 107 146 3657
59 60 3238 3962
86 87 898 2538
18 19 2303 2930
112 113 2303 2930
74 75 54 4068
12 12 3196 3736
106 106 3196 3736
42 43 369 696
0 120 859 2775
83 83 513 2138
83 84 303 2328
0 120 580 916
0 120 3023 3027
0 120 1180 2601
69 69 1961 3166
0 120 10 763
1 3 2374 2581
95 97 2374 2581
15 17 581 3770
109 111 581 3770
87 88 1477 2595
0 120 618 619
5 6 2335 2626
99 99 2335 2626
0 120 604 2441
49 49 215 1168
58 58 294 1461
0 120 142 4073
25 26 724 1045
118 119 724 1045
36 38 3196 4086
62 64 1446 3659
36 36 293 1990
0 120 570 578
5 6 1165 4171
99 100 1165 4171
40 43 310 1405
92 92 934 3484
77 78 1168 1436
0 120 2907 3202
18 18 54 2913
112 112 54 2913
47 48 2130 3510
0 120 1793 2427
0 120 1373 1841
54 55 191 932
72 73 1046 1446
48 48 2307 2648
18 20 1068 1205
112 114 1068 1205
21 21 884 2616
30 30 884 2616
40 41 884 2616
110 110 884 2616
112 115 884 2616
71 72 1004 3664
69 70 413 2442
34 35 351 1564
69 69 809 3196
61 62 943 3196
46 48 1340 2832
0 120 1135 3366
0 120 1567 3777
10 10 230 1045
17 18 230 1045
31 31 230 1045
36 37 230 1045
45 45 230 1045
48 59 230 1045
62 65 230 1045
68 68 230 1045
73 77 230 1045
87 91 230 1045
100 100 230 1045
104 104 230 1045
108 111 230 1045
34 35 1087 2386
69 70 428 3504
80 80 2133 2468
56 60 3564 4081
62 63 260 887
0 4 1999 2653
2 3 177 3104
5 7 177 3104
14 17 177 3104
20 20 177 3104
24 25 177 3104
35 35 177 3104
37 37 177 3104
39 40 177 3104
43 45 177 3104
80 80 177 3104
86 86 177 3104
96 97 177 3104
99 100 177 3104
108 111 177 3104
114 114 177 3104
117 119 177 3104
62 62 72 836
0 120 980 984
0 120 4228 4246
52 52 1121 2155
0 120 3771 3778
0 3 481 482
6 12 481 482
14 18 481 482
50 52 481 482
54 54 481 482
56 59 481 482
61 64 481 482
66 74 481 482
77 78 481 482
80 84 481 482
87 92 481 482
95 95 481 482
100 101 481 482
103 110 481 482
41 42 350 3971
15 16 255 3145
109 110 255 3145
0 120 1060 1098
0 120 1492 1509
71 71 771 995
12 12 79 2165
0 120 3843 4031
92 92 844 3725
85 87 238 3915
0 120 1545 3772
17 18 2506 2992
111 112 2506 2992
90 90 2621 3696
84 84 1484 1806
40 41 1165 1272
5 6 57 312
99 100 57 312
56 57 1197 3439
0 120 22 1257
60 62 27 1601
72 73 402 1478
86 87 1004 3798
2 2 264 790
75 82 470 3110
14 15 1232 3433
108 109 1232 3433
112 112 351 1698
19 20 3565 3686
113 114 3565 3686
59 60 513 1467
90 91 418 3859
0 120 1452 2618
0 120 585 589
0 120 1987 3716
53 55 2782 4179
56 57 423 2705
81 83 738 1585
0 120 443 1637
49 49 1398 3321
0 120 2456 2474
0 120 80 3305
0 2 3565 4036
92 96 3565 4036
41 42 277 3819
59 62 511 1771
0 120 366 2356
0 120 3977 3980
23 24 1045 2644
117 118 1045 2644
0 120 329 3228
28 29 88 133
16 16 1149 2967
110 110 1149 2967
91 92 2455 3188
32 33 423 611
90 91 311 3588
43 45 441 2880
0 120 3989 3990
0 120 1969 1982
38 41 1012 3635
79 120 381 385
0 120 3348 3405
64 64 19 3187
34 34 1820 1859
71 72 1899 2906
33 34 467 1068
25 26 2606 3707
119 120 2606 3707
54 55 1837 2967
20 20 173 4004
33 34 133 441
0 120 649 1489
81 83 1025 4220
38 39 844 1176
85 86 312 2069
50 51 429 2654
14 16 293 3547
108 110 293 3547
0 7 535 1360
9 10 535 1360
32 32 535 1360
34 38 535 1360
42 45 535 1360
48 50 535 1360
52 54 535 1360
56 59 535 1360
61 88 535 1360
92 98 535 1360
100 100 535 1360
103 104 535 1360
106 106 535 1360
117 117 535 1360
0 120 1550 3287
9 9 530 1016
102 102 530 1016
92 92 1433 2510
72 72 235 2788
97 98 687 2131
17 18 1196 2008
111 112 1196 2008
0 120 2873 2896
28 30 297 2885
0 120 2014 2640
0 2 357 1438
94 95 357 1438
55 56 71 852
62 67 169 1387
0 1 103 3019
94 95 103 3019
9 10 206 2208
103 104 206 2208
91 93 2967 3662
91 92 1167 1428
34 35 181 1397
91 93 767 3938
0 120 403 3661
0 120 477 3610
0 120 1141 1146
0 120 2001 2004
59 59 1008 4000
39 41 1068 4051
79 79 419 3605
1 2 147 2917
95 96 147 2917
3 5 1668 3292
97 99 1668 3292
43 44 859 1433
62 63 2139 2877
0 120 4083 4109
0 120 1695 1705
65 66 93 3620
66 67 301 2603
38 38 1225 2722
74 75 793 3065
46 47 2386 2754
0 120 562 2378
84 85 596 1962
0 120 1690 3990
0 120 336 345
0 120 893 3646
0 120 124 2152
31 31 346 1033
0 120 1366 3866
54 55 105 1910
16 16 1825 3626
110 110 1825 3626
76 77 485 2131
77 77 1602 1891
0 120 1214 4226
0 120 1604 1937
2 2 269 2506
95 96 269 2506
46 48 229 1387
0 9 17 3194
85 104 17 3194
114 114 17 3194
6 7 278 2969
100 101 278 2969
10 11 2506 3960
104 105 2506 3960
25 26 206 1403
119 120 206 1403
60 61 75 920
93 93 1806 2071
29 29 2683 3098
0 120 1160 1896
91 92 914 2429
87 89 301 3892
53 54 312 3492
52 53 1064 2373
0 120 1845 2938
0 120 3765 3776
0 120 2700 3452
60 62 350 3784
7 7 105 3199
100 101 105 3199
84 86 262 1685
0 120 1526 4124
69 70 32 3852
29 30 3196 4033
0 120 1546 1558
12 13 654 1162
106 107 654 1162
0 120 1149 3585
92 93 2674 3170
22 23 232 3913
116 117 232 3913
0 120 1828 3873
3 5 780 2964
96 99 780 2964
1 2 1019 1260
95 96 1019 1260
38 39 436 3154
60 60 307 1054
87 88 253 1757
88 89 717 2615
0 120 1572 3129
57 58 65 1706
75 76 1128 1203
90 90 409 2270
0 120 2351 2867
52 53 2826 3160
43 45 1340 2779
0 120 830 2677
0 120 1107 1265
41 43 2029 3755
0 120 2533 2534
58 58 19 4155
0 120 74 3862
25 26 1132 3015
119 120 1132 3015
0 120 1658 2307
0 120 211 1881
3 4 517 1399
96 98 517 1399
0 120 1014 2205
72 74 417 4201
85 87 30 3755
63 63 1000 4027
0 120 907 1584
85 86 297 2564
61 61 409 3559
34 35 173 2528
0 120 1406 2436
5 6 351 2800
99 100 351 2800
50 50 1013 3673
32 34 297 3503
31 32 1068 3380
56 58 371 4206
25 27 6 2765
119 120 6 2765
4 5 155 2107
98 99 155 2107
0 0 253 952
3 4 253 952
91 99 253 952
17 18 1610 2616
111 111 1610 2616
82 82 75 2343
83 84 2085 2909
0 120 119 3581
29 30 255 998
79 80 69 1774
23 23 230 2631
117 117 230 2631
0 120 175 480
50 52 777 2800
25 26 524 2354
119 120 524 2354
51 53 253 1302
97 97 0 3108
79 79 1094 1918
21 21 1398 2329
115 115 1398 2329
49 51 372 1933
85 86 105 1589
0 120 1366 3545
41 41 93 4238
66 66 2512 2545
18 19 693 2513
112 113 693 2513
60 61 414 3098
9 11 760 1291
103 105 760 1291
36 43 1016 3166
0 120 1093 2632
10 11 312 2821
104 105 312 2821
46 46 2967 3125
0 120 377 964
42 43 2111 2386
0 120 655 2406
82 83 32 3181
89 91 2473 2967
0 120 680 4156
47 48 434 717
15 16 1000 1128
109 110 1000 1128
50 50 19 2195
58 59 58 1369
26 27 1274 1862
34 34 1274 1862
109 109 1274 1862
119 120 1274 1862
16 17 314 1554
110 111 314 1554
30 32 2762 4009
66 68 105 2878
24 25 611 3238
118 119 611 3238
73 74 1024 2653
0 120 22 2843
93 94 347 2411
54 56 1019 3972
36 37 1466 2971
0 120 697 1477
68 70 0 2303
71 74 1196 3110
59 60 313 548
82 83 19 101
85 86 631 3109
0 120 2885 3069
0 120 366 3592
78 79 225 2421
0 120 268 805
32 35 1446 4224
65 66 933 1195
60 60 1452 1760
78 79 325 558
46 47 1111 1467
24 24 120 1846
117 118 120 1846
74 74 421 1020
1 2 2506 3423
95 95 2506 3423
0 120 18 4013
62 63 881 1944
75 76 342 3356
74 75 27 2032
53 53 257 2494
18 19 30 4023
112 112 30 4023
0 120 269 2319
0 120 3357 3414
0 120 1869 2987
22 23 273 2438
116 117 273 2438
61 62 6 2094
38 40 701 1195
6 7 436 1678
100 101 436 1678
16 16 2762 3204
110 110 2762 3204
36 37 138 2021
49 51 535 1657
78 80 1170 4117
12 12 120 3135
106 106 120 3135
0 120 4053 4056
46 47 183 451
19 21 300 1790
113 115 300 1790
2 3 163 738
96 97 163 738
68 68 199 395
0 120 259 446
0 120 4247 4272
23 24 390 1683
117 118 390 1683
45 46 36 2094
34 35 318 1026
14 14 454 2607
107 107 454 2607
59 59 1168 1196
66 66 230 2899
51 53 629 918
0 120 4259 4282
2 3 412 2381
96 97 412 2381
39 43 54 2673
48 50 138 3310
52 53 350 1503
0 120 843 847
69 70 1185 3994
38 40 32 1571
88 89 488 2376
0 120 2408 3214
0 120 3378 3486
52 53 312 2150
84 85 697 1961
32 34 2287 2695
26 34 3183 3210
120 120 3183 3210
83 83 14 241
63 64 1352 1663
17 18 2279 3743
111 112 2279 3743
7 9 1467 1613
101 103 1467 1613
0 120 3013 3738
84 86 17 3141
50 51 130 3018
60 60 130 3018
70 70 130 3018
42 44 209 3311
0 120 2174 3168
85 87 436 4256
0 120 339 1879
0 120 1531 3476
5 6 414 3716
99 100 414 3716
12 12 56 1756
106 106 56 1756
0 120 2494 3523
34 34 400 1566
75 76 3352 3554
1 2 1463 2783
95 95 1463 2783
83 85 126 4215
17 19 721 1392
111 113 721 1392
0 120 3517 3621
104 105 96 1340
0 120 4110 4135
39 42 187 1458
70 71 2126 2346
46 48 6 134
60 62 2738 3102
80 80 2476 3102
28 29 1162 1515
68 69 2438 3749
75 77 413 1397
0 120 1335 1443
84 85 58 2926
15 16 297 1222
109 109 297 1222
0 120 154 3388
0 120 651 4194
0 120 2848 2866
16 17 1365 2783
109 111 1365 2783
34 36 360 1012
2 3 2118 3020
96 96 2118 3020
0 120 1950 2655
0 120 205 3326
21 28 95 714
115 120 95 714
83 84 310 2588
0 120 707 1470
70 71 134 642
0 120 1887 2306
0 120 801 1105
30 31 1064 3959
0 120 305 3907
86 88 2122 3112
0 1 255 2100
4 6 255 2100
8 11 255 2100
15 22 255 2100
89 89 255 2100
93 95 255 2100
98 100 255 2100
102 105 255 2100
109 115 255 2100
32 33 105 2341
0 120 1476 3903
0 120 514 1048
22 120 1431 2440
10 11 309 1582
104 105 309 1582
10 12 846 3507
104 106 846 3507
0 120 44 2819
67 71 1668 4073
0 120 1255 2214
30 30 606 4020
36 37 331 3815
21 22 418 3969
115 116 418 3969
0 120 3525 3616
0 120 1698 3723
50 50 2164 2964
0 120 3390 3391
33 35 1902 2964
0 120 2533 3770
0 120 544 1829
0 120 2013 2014
1 2 554 2517
94 96 554 2517
0 120 1822 2446
20 22 53 4221
114 116 53 4221
75 75 2629 4232
0 120 1336 3492
78 78 302 2481
59 60 814 2629
0 120 540 1306
64 66 316 1598
87 88 887 2353
72 73 141 4226
0 120 87 1711
49 49 235 1609
89 91 2506 3236
0 6 1066 1537
10 13 1066 1537
17 22 1066 1537
43 43 1066 1537
62 66 1066 1537
68 68 1066 1537
75 109 1066 1537
111 120 1066 1537
0 120 1809 1810
8 9 804 1537
0 120 2433 3889
65 65 2306 2616
71 71 28 2070
73 74 1184 1758
65 67 1008 1532
60 61 438 3631
11 12 1399 2851
104 106 1399 2851
6 6 243 911
100 100 243 911
78 78 2056 2626
28 28 189 1614
0 120 1907 2503
0 120 1690 3966
0 120 1005 3863
57 59 2142 3309
0 120 966 1656
93 93 3555 3592
16 17 767 3698
20 27 767 3698
29 30 767 3698
37 37 767 3698
41 41 767 3698
51 52 767 3698
110 111 767 3698
115 119 767 3698
44 45 393 1013
62 63 11 911
0 0 415 2492
93 94 415 2492
0 120 2340 3674
76 76 296 1080
65 66 256 4125
41 42 2202 3740
0 120 211 218
0 120 1914 2519
55 57 441 3124
45 47 367 731
76 77 441 680
0 120 1373 3858
106 106 611 1091
67 67 1825 2447
73 73 1825 2447
77 79 1825 2447
87 87 1825 2447
89 90 1825 2447
50 50 344 747
5 6 388 1019
99 100 388 1019
0 120 405 434
1 2 0 156
0 1 354 2374
3 71 354 2374
73 94 354 2374
99 120 354 2374
13 14 1008 1666
107 108 1008 1666
1 1 734 2595
95 95 734 2595
27 27 1488 2303
0 2 1012 1785
4 7 1012 1785
9 11 1012 1785
15 26 1012 1785
28 30 1012 1785
32 65 1012 1785
68 90 1012 1785
92 96 1012 1785
98 101 1012 1785
103 104 1012 1785
108 110 1012 1785
112 119 1012 1785
0 120 1213 3761
35 37 1168 2298
13 14 2326 2621
107 108 2326 2621
57 59 103 1974
5 5 120 2143
98 98 120 2143
0 120 2840 2842
0 120 2308 2981
66 66 577 3550
8 10 869 3170
102 103 869 3170
0 120 1103 1122
80 81 2139 3926
61 63 361 1451
26 29 278 3668
120 120 278 3668
76 77 491 743
74 74 565 1446
1 2 262 1445
94 96 262 1445
27 29 1960 2648
0 120 550 1323
0 2 104 3488
94 96 104 3488
0 120 2817 3208
88 88 721 2144
82 83 2513 3736
24 26 985 2190
119 120 985 2190
34 34 782 3551
53 54 436 2914
0 120 4226 4281
0 120 250 280
43 44 989 3063
69 70 404 4130
74 74 1013 1205
0 0 292 691
24 27 292 691
30 31 292 691
33 46 292 691
48 53 292 691
56 77 292 691
80 88 292 691
90 92 292 691
94 94 292 691
119 119 292 691
77 77 390 1980
81 91 390 1980
25 26 173 3443
119 120 173 3443
6 6 54 2031
19 19 2086 3110
113 114 2086 3110
6 7 138 224
100 101 138 224
0 120 1831 1837
78 78 301 1908
82 83 334 1856
29 29 1194 2714
87 88 581 4177
11 11 1008 4244
104 105 1008 4244
88 89 292 4074
1 3 1441 2591
95 96 1441 2591
0 120 1572 3828
0 120 1811 2124
0 120 2174 2176
10 11 1398 1955
104 105 1398 1955
26 27 560 856
120 120 560 856
46 46 66 2041
8 9 243 3623
102 103 243 3623
62 62 2142 2638
74 75 17 3088
0 120 2703 2705
0 120 4256 4281
29 30 39 595
87 87 104 1744
74 75 2131 2479
90 92 1372 1673
49 50 1004 1277
0 120 851 3664
69 69 123 2925
0 120 2019 2423
58 60 133 1169
82 83 69 3628
30 31 303 1580
63 64 55 1478
4 4 53 651
98 98 53 651
29 29 232 2868
73 75 2594 4051
17 19 1398 3244
111 113 1398 3244
89 89 414 630
0 120 3769 3789
85 86 887 4260
3 5 350 3089
97 99 350 3089
64 65 11 3623
65 66 71 3674
66 67 85 3572
23 25 30 1421
116 119 30 1421
78 80 1296 2967
0 120 2015 2654
21 23 296 3792
115 117 296 3792
18 19 2851 2926
111 113 2851 2926
0 120 1058 1863
19 20 1197 2207
114 114 1197 2207
0 45 777 1621
48 50 777 1621
56 61 777 1621
67 115 777 1621
117 120 777 1621
28 28 2186 3475
0 120 324 2807
44 45 2373 3301
18 18 771 1052
112 112 771 1052
7 9 2202 3419
101 103 2202 3419
0 120 376 2216
0 2 1367 3557
5 13 1367 3557
16 21 1367 3557
24 30 1367 3557
34 34 1367 3557
36 91 1367 3557
93 96 1367 3557
99 108 1367 3557
110 115 1367 3557
118 120 1367 3557
33 34 135 841
97 97 983 2628
0 120 1750 3295
93 93 103 3747
18 20 209 2453
112 113 209 2453
12 14 278 2058
106 108 278 2058
36 37 741 4034
17 19 696 2571
111 113 696 2571
57 58 3301 3512
63 63 2965 3563
14 16 350 1934
108 110 350 1934
39 39 470 2228
0 120 475 882
0 120 3377 3507
0 120 507 3049
59 60 371 2222
64 64 302 3583
89 90 606 3028
39 40 432 2875
3 4 7 1945
97 97 7 1945
20 24 397 410
114 118 397 410
23 24 1135 3557
116 118 1135 3557
57 59 51 3183
87 88 2666 3122
0 120 1062 4210
44 46 219 2767
25 27 310 2885
118 120 310 2885
0 120 3374 3394
81 81 762 2228
57 58 75 1298
0 120 1269 1278
18 18 1167 3445
112 113 1167 3445
0 120 742 1761
72 74 420 1710
84 86 253 3290
52 53 91 488
0 120 1612 1617
90 91 60 2895
69 69 1909 3301
28 28 983 1823
0 0 76 2839
93 93 76 2839
54 54 898 3213
32 32 1051 4209
55 55 765 3815
0 120 248 3296
12 13 544 2126
106 107 544 2126
60 61 1877 2450
19 20 342 2177
113 114 342 2177
0 120 648 4169
73 74 1682 1982
0 120 1276 1294
91 91 3743 3991
0 120 269 1140
41 43 312 1776
71 73 1194 2393
72 72 425 899
0 120 561 2480
53 55 39 3307
7 8 254 1017
101 102 254 1017
89 90 292 1309
64 65 2291 2440
10 14 410 3250
104 108 410 3250
0 120 380 2819
0 120 2402 3210
59 61 1094 2162
33 37 160 3075
0 120 748 1525
26 28 350 2418
119 120 350 2418
78 79 4 1781
0 120 2399 2912
2 4 838 1418
96 98 838 1418
82 82 1012 2537
51 53 296 3121
0 120 2517 3133
4 6 972 1418
98 100 972 1418
0 120 567 3584
22 22 985 4097
0 1 1365 3564
3 8 1365 3564
12 12 1365 3564
14 17 1365 3564
21 21 1365 3564
26 29 1365 3564
32 42 1365 3564
44 48 1365 3564
54 59 1365 3564
63 76 1365 3564
83 92 1365 3564
94 95 1365 3564
97 102 1365 3564
105 111 1365 3564
115 115 1365 3564
120 120 1365 3564
73 73 168 1623
75 75 2203 2219
29 30 411 4010
44 44 232 2547
0 120 1023 1356
16 17 240 4128
110 111 240 4128
73 74 395 1787
68 70 16 1202
73 74 1408 2887
0 120 1807 3158
84 86 1528 3743
26 27 1132 3743
120 120 1132 3743
35 35 856 1593
67 69 70 1438
84 84 118 166
58 59 985 2003
53 55 319 2142
0 120 2342 3667
0 120 2717 2790
38 38 1452 4098
58 58 313 3825
54 54 2126 2322
0 23 305 3183
41 66 305 3183
68 102 305 3183
104 117 305 3183
0 120 2402 2405
9 9 2429 2508
0 120 605 2132
100 101 1102 2938
0 120 80 1752
0 120 2098 2933
68 76 2139 2934
89 90 635 4226
83 84 58 2902
0 120 2656 2672
17 18 767 1901
111 112 767 1901
3 4 144 2676
97 98 144 2676
46 48 2100 2979
0 120 1377 1830
0 120 4159 4161
47 48 415 695
0 120 1738 3529
45 45 2104 3098
0 120 991 1794
43 43 32 2620
32 34 3127 3196
71 71 400 1326
76 77 832 983
0 120 1423 1424
27 28 731 2594
120 120 731 2594
0 120 1278 2763
44 45 1352 2712
0 120 531 1028
67 69 696 3539
61 61 723 1198
66 68 1408 3021
29 31 310 3503
5 8 409 3482
99 101 409 3482
6 7 743 2604
99 101 743 2604
33 35 65 3857
0 120 1787 2236
26 27 1099 2616
120 120 1099 2616
47 48 32 1465
85 86 11 1342
4 8 71 1393
97 101 71 1393
1 1 60 480
95 95 60 480
71 71 837 3555
0 0 629 1162
93 95 629 1162
0 120 2633 2637
83 85 372 1506
1 2 9 1454
95 96 9 1454
97 98 243 3570
46 47 105 1162
81 82 309 403
72 72 887 2329
0 120 899 2154
37 38 173 1296
31 31 570 932
0 1 2916 3110
93 95 2916 3110
74 75 581 2030
0 120 3716 3725
90 90 72 3873
38 38 429 2390
11 13 353 3334
17 25 353 3334
105 119 353 3334
0 13 1450 3381
29 31 1450 3381
33 76 1450 3381
79 89 1450 3381
91 101 1450 3381
104 106 1450 3381
0 120 1097 4017
0 120 1420 2950
18 18 342 4084
112 112 342 4084
70 70 1452 3427
46 46 1770 2016
93 93 257 3222
0 120 481 486
41 42 1026 2272
120 120 1167 4197
0 120 124 3632
0 120 1552 1564
0 120 153 2872
0 120 824 825
65 69 989 3144
0 120 1343 1390
71 73 2126 2590
78 78 219 3869
0 120 351 3796
22 25 414 1866
116 119 414 1866
79 80 524 1472
41 41 302 2591
0 120 536 543
6 6 1016 1934
9 64 1016 1934
68 75 1016 1934
77 85 1016 1934
89 91 1016 1934
93 94 1016 1934
100 100 1016 1934
103 120 1016 1934
0 64 436 3345
66 69 436 3345
80 80 436 3345
84 120 436 3345
49 50 1203 4012
0 2 348 1246
94 96 348 1246
24 25 1664 2909
118 119 1664 2909
28 28 772 2513
0 8 1090 1102
11 13 1090 1102
15 16 1090 1102
26 26 1090 1102
31 65 1090 1102
68 69 1090 1102
73 80 1090 1102
82 120 1090 1102
24 25 238 4269
63 64 238 4269
118 119 238 4269
76 77 419 897
0 120 1069 4197
22 32 131 3648
116 120 131 3648
57 57 1194 3145
1 4 399 430
95 98 399 430
13 15 1438 3505
107 109 1438 3505
0 1 390 3350
88 92 390 3350
94 96 390 3350
86 88 629 1646
5 6 2103 3895
99 100 2103 3895
0 120 2053 2088
54 55 728 2591
88 88 750 3104
0 120 10 96
74 76 760 1348
0 120 1281 2740
117 117 1677 2740
0 120 634 2929
42 43 2117 3012
82 83 1451 3151
73 74 3008 3183
0 1 606 881
92 95 606 881
11 11 1676 3269
105 105 1676 3269
10 12 3233 3301
104 106 3233 3301
38 39 2438 2838
0 0 299 3582
93 94 299 3582
26 30 2512 3541
120 120 2512 3541
85 86 523 846
75 77 1025 1996
81 82 2303 2613
85 85 56 2134
0 1 849 1016
94 95 849 1016
19 19 2227 3557
112 113 2227 3557
84 85 625 2062
39 39 1141 3110
56 57 743 2283
114 114 146 4279
31 32 934 2817
0 57 71 4105
60 69 71 4105
71 120 71 4105
19 20 1645 3552
112 114 1645 3552
52 52 95 2247
0 0 2438 3188
92 94 2438 3188
0 120 3689 3702
77 79 296 4223
0 120 604 2124
0 120 3348 3409
5 5 1120 3172
99 99 1120 3172
17 17 344 2951
111 111 344 2951
0 120 1572 2515
0 120 724 728
71 72 983 2120
77 77 386 4116
14 16 2066 2269
108 110 2066 2269
0 120 1599 3557
64 65 1253 2920
69 71 909 3110
7 9 2350 2967
101 103 2350 2967
4 5 495 1026
98 99 495 1026
0 120 2710 2721
0 120 1122 1124
0 120 3570 3579
0 0 65 2381
92 94 65 2381
47 49 1190 2756
93 93 438 3875
51 52 717 846
63 64 684 898
15 15 2769 3301
64 66 104 2309
85 87 240 3136
85 85 1007 3803
0 120 2662 2680
73 73 346 1842
72 73 3522 3538
73 73 2366 3850
25 25 79 1498
106 106 79 1498
116 116 79 1498
119 119 79 1498
77 79 232 2494
0 120 1436 3162
0 120 345 2371
24 25 1195 1787
118 119 1195 1787
1 2 95 1442
95 96 95 1442
39 40 231 2269
55 55 649 2782
68 69 430 4172
5 7 220 390
99 100 220 390
0 120 426 2710
54 62 30 1986
48 49 131 2038
82 83 850 1725
47 48 1404 3065
84 84 349 3429
56 56 3098 3368
88 89 104 3598
52 52 307 3957
0 120 403 3665
0 120 576 3593
14 14 39 3388
4 6 16 2438
98 99 16 2438
7 8 2906 3548
0 120 1032 3809
10 10 1300 2311
52 52 173 1109
0 120 571 1155
34 35 2138 2629
0 120 1584 3009
0 120 773 2013
89 91 2189 2594
20 21 918 2367
114 115 918 2367
21 22 144 529
115 116 144 529
0 120 2265 2589
25 27 1121 1972
119 120 1121 1972
28 29 147 4210
0 120 1160 1900
55 57 296 3552
20 21 535 1848
113 115 535 1848
0 120 3182 3200
0 120 794 796
26 28 1553 1602
120 120 1553 1602
0 120 118 247
44 45 2117 3630
0 120 3765 3780
73 73 425 2619
87 88 721 1449
41 41 3102 3436
0 120 163 3373
0 120 2123 2132
0 120 1321 1444
0 120 2281 3472
61 63 230 2151
9 10 180 344
103 104 180 344
26 27 59 2269
120 120 59 2269
69 69 1198 2542
0 120 2466 2471
0 120 926 1854
0 120 943 1269
32 33 827 3538
35 36 698 1438
90 90 297 340
40 41 1343 2142
0 120 345 3794
0 120 2960 2979
68 70 95 2865
0 120 590 592
0 120 1572 3133
83 85 765 1347
1 3 2444 3062
95 96 2444 3062
0 120 646 3907
0 120 3832 3847
67 69 3188 3745
0 120 447 1977
0 120 1020 3559
85 85 1001 3317
111 111 631 3784
12 13 316 2460
106 107 316 2460
0 120 4175 4186
13 13 54 3214
107 107 54 3214
0 120 1580 1681
49 51 721 3677
38 38 2653 3586
0 120 3929 4130
78 79 844 1798
0 120 2876 2877
23 24 2616 3704
117 118 2616 3704
16 18 2559 3170
110 112 2559 3170
34 35 2131 2723
13 15 372 2742
107 108 372 2742
48 48 319 1418
51 51 1232 3600
89 90 155 4205
0 120 179 3101
37 39 36 541
90 90 79 1177
2 2 53 3928
96 96 53 3928
57 59 1051 3030
2 2 1001 1223
96 96 1001 1223
73 75 240 3754
0 120 3502 3504
51 52 1016 3975
0 13 54 1120
15 25 54 1120
28 32 54 1120
34 36 54 1120
40 120 54 1120
49 50 138 1757
46 47 430 3851
64 64 494 3112
54 55 72 1137
8 8 755 1167
102 102 755 1167
0 120 4031 4033
0 120 1283 1286
0 120 1494 1506
26 28 2139 2210
120 120 2139 2210
0 120 1490 4016
0 120 579 3570
1 1 75 2347
95 95 75 2347
7 8 1293 2913
101 102 1293 2913
21 22 923 4134
115 116 923 4134
57 59 990 2912
84 85 1451 1809
31 31 1612 2666
89 90 1424 2615
22 23 316 1655
116 117 316 1655
54 55 1945 4007
53 54 739 2512
0 120 1183 1240
0 120 2017 3883
39 41 2444 3196
8 9 1000 2287
102 103 1000 2287
57 62 2120 2318
69 70 1230 2749
70 71 2001 2626
0 120 1892 1902
67 69 1675 3365
38 38 416 546
39 41 94 495
54 54 2537 2606
0 120 2210 2211
72 73 2681 4048
0 120 2829 3946
63 64 420 665
101 101 425 1009
47 48 1676 2277
0 120 1082 3790
7 7 2121 2139
101 101 2121 2139
4 6 2228 2790
97 101 2228 2790
52 52 344 1609
67 69 309 834
19 21 402 1779
113 115 402 1779
25 26 104 2122
119 120 104 2122
0 2 2581 3817
94 96 2581 3817
107 107 353 2826
32 32 351 1999
50 51 93 1209
59 61 1164 2287
3 4 133 3991
97 97 133 3991
0 120 1212 1769
71 72 1012 2647
26 26 611 2303
119 119 611 2303
35 36 1361 3555
39 39 1361 3555
44 44 1361 3555
56 58 1361 3555
66 67 1361 3555
70 70 1361 3555
78 78 1361 3555
21 22 373 445
115 116 373 445
58 59 1461 1692
33 33 418 1127
37 44 418 1127
69 69 69 973
0 120 2957 3700
38 39 2202 2858
91 92 2183 2616
80 82 694 1964
38 39 14 2205
3 8 432 1964
97 102 432 1964
42 42 1806 3043
50 50 1068 3868
62 62 1467 3577
0 120 268 809
0 120 956 1183
2 2 180 962
96 96 180 962
76 77 13 4232
0 120 2681 3243
84 85 229 3298
13 16 1433 3966
107 110 1433 3966
31 31 19 3488
5 5 1340 1523
98 99 1340 1523
18 20 738 3175
113 114 738 3175
84 85 1820 2160
52 53 1670 3155
0 120 651 3930
0 120 976 1246
15 15 1019 1882
109 109 1019 1882
1 1 341 506
12 14 341 506
24 25 341 506
35 35 341 506
87 96 341 506
105 107 341 506
115 115 341 506
118 119 341 506
24 25 160 2380
118 119 160 2380
36 37 13 2138
33 33 402 1913
31 31 59 793
0 120 269 2323
1 1 174 743
95 95 174 743
0 120 1428 1528
4 4 1944 2576
16 17 1944 2576
20 20 1944 2576
25 25 1944 2576
32 33 1944 2576
72 78 1944 2576
83 83 1944 2576
89 90 1944 2576
110 111 1944 2576
114 114 1944 2576
119 119 1944 2576
0 120 1054 3007
0 120 1066 2078
0 120 1353 1354
63 64 2117 2504
5 5 85 3145
99 99 85 3145
82 83 2139 3983
51 52 659 3417
84 85 2386 3860
105 105 120 3139
8 9 1862 2170
102 103 1862 2170
78 78 410 1400
115 115 294 3669
0 120 3236 3249
15 16 232 2791
109 110 232 2791
0 120 2914 3198
83 84 309 2257
0 120 2224 2751
12 13 815 2617
105 107 815 2617
0 120 3084 3609
51 53 2444 2525
48 57 219 1051
79 80 425 3371
80 81 1132 3987
56 57 354 687
0 120 1615 2643
6 9 1025 3366
100 103 1025 3366
3 19 985 2247
21 21 985 2247
23 50 985 2247
62 63 985 2247
65 66 985 2247
102 112 985 2247
115 120 985 2247
31 33 2506 2622
12 12 845 1678
106 106 845 1678
0 120 1738 2484
0 120 843 851
3 5 1001 2191
34 41 1001 2191
43 44 1001 2191
47 49 1001 2191
52 52 1001 2191
54 55 1001 2191
57 60 1001 2191
64 64 1001 2191
68 68 1001 2191
76 76 1001 2191
87 93 1001 2191
95 95 1001 2191
97 100 1001 2191
103 103 1001 2191
105 105 1001 2191
109 109 1001 2191
7 8 1348 3238
101 102 1348 3238
8 8 1422 3187
102 102 1422 3187
0 120 1824 3167
59 60 771 1914
12 14 430 2375
105 108 430 2375
0 120 879 1447
0 120 42 3956
0 120 517 4249
22 23 1945 2181
116 117 1945 2181
36 36 193 1119
0 10 898 908
12 12 898 908
28 29 898 908
45 54 898 908
56 63 898 908
65 77 898 908
79 85 898 908
87 113 898 908
120 120 898 908
89 90 2782 3809
0 120 3069 3085
0 120 2327 3414
0 62 255 1970
66 120 255 1970
68 68 747 1678
11 12 962 3552
105 106 962 3552
35 36 679 985
58 61 1945 2531
75 77 923 3597
55 55 1764 1961
0 120 3124 3142
41 42 407 3680
0 120 1069 2079
0 120 462 3387
0 120 2397 2813
5 6 1651 2434
99 100 1651 2434
63 64 144 1765
81 82 70 1816
0 120 3268 3271
4 5 990 2725
98 99 990 2725
0 0 451 4137
93 94 451 4137
12 12 2621 3460
106 106 2621 3460
7 8 771 1109
100 102 771 1109
40 40 24 128
17 18 1063 3203
111 112 1063 3203
86 88 2202 3476
0 120 2637 2650
61 61 11 1586
34 35 1396 2100
0 50 303 2926
52 52 303 2926
72 75 303 2926
77 120 303 2926
85 86 193 314
81 82 103 3804
62 62 1163 1340
70 74 139 1771
17 18 1307 2782
111 112 1307 2782
75 80 216 1237
0 0 395 3454
93 94 395 3454
12 12 1778 2367
17 17 1778 2367
24 24 1778 2367
28 36 1778 2367
38 56 1778 2367
58 63 1778 2367
65 66 1778 2367
106 106 1778 2367
111 111 1778 2367
118 118 1778 2367
76 80 1919 3538
43 45 482 1356
0 120 1741 2485
10 11 2386 3189
104 105 2386 3189
70 71 39 786
53 54 240 2762
0 120 1315 1330
3 4 126 3414
97 98 126 3414
0 120 786 3460
0 1 2202 2321
94 95 2202 2321
63 64 1458 3301
73 74 2303 2373
38 40 367 1756
0 120 1317 3096
21 22 1203 2028
114 116 1203 2028
0 120 2987 3005
64 66 760 1458
26 27 507 1012
120 120 507 1012
27 28 238 2285
17 20 420 1767
111 113 420 1767
6 8 277 3933
100 102 277 3933
0 9 554 2521
89 103 554 2521
15 16 411 3933
109 110 411 3933
75 77 1404 2691
45 47 932 2881
0 120 1171 1177
0 120 3884 3903
0 120 947 2223
0 0 262 2120
2 5 262 2120
14 20 262 2120
25 28 262 2120
97 97 262 2120
99 99 262 2120
108 109 262 2120
27 29 694 1777
0 116 2648 3697
118 120 2648 3697
1 3 1456 2100
95 97 1456 2100
90 91 1196 2927
87 89 850 2290
0 120 638 4097
63 63 189 2773
41 42 1450 3975
71 72 488 1120
0 1 3308 3743
94 95 3308 3743
53 54 1195 2702
17 22 1962 3369
112 115 1962 3369
65 65 155 2408
0 120 4028 4032
0 120 4239 4252
0 120 1444 3379
39 39 635 766
0 120 709 715
4 6 119 1438
98 100 119 1438
69 69 2519 2913
0 120 2020 2034
11 12 521 1418
105 106 521 1418
74 75 743 4271
0 120 2200 3133
0 120 3800 3801
68 69 717 3050
5 5 1300 2876
14 14 1300 2876
22 22 1300 2876
58 58 1300 2876
60 60 1300 2876
66 75 1300 2876
82 86 1300 2876
89 89 1300 2876
91 92 1300 2876
94 94 1300 2876
99 100 1300 2876
103 105 1300 2876
107 109 1300 2876
113 113 1300 2876
115 120 1300 2876
0 7 2595 3662
9 51 2595 3662
53 55 2595 3662
60 66 2595 3662
69 73 2595 3662
76 76 2595 3662
80 101 2595 3662
103 120 2595 3662
44 46 551 1068
0 120 3351 3416
37 37 591 844
48 49 1193 3918
62 62 345 2131
0 120 1776 3744
70 70 488 3348
0 120 2358 2379
20 22 856 1300
114 116 856 1300
0 120 2418 2430
65 67 1016 3467
0 120 1934 3549
24 26 146 3584
118 120 146 3584
77 78 968 1706
34 35 436 1845
0 120 840 2460
0 120 862 3939
70 71 17 1669
0 120 2791 2796
0 120 1172 1886
0 120 616 1439
19 20 103 4072
113 114 103 4072
0 120 213 268
0 120 3182 4115
0 120 1763 3293
59 60 128 1850
50 50 1007 2758
0 120 7 1331
81 83 2126 3318
87 87 765 1912
6 7 2783 3093
100 100 2783 3093
48 48 367 1085
90 91 635 4283
17 18 152 931
111 112 152 931
85 86 29 2029
56 57 338 3538
91 91 85 3092
0 2 934 1317
94 95 934 1317
37 39 1051 2656
7 8 65 2625
100 102 65 2625
2 3 209 4067
96 97 209 4067
36 38 419 1625
81 82 1461 4217
0 120 3068 3612
0 120 2261 2580
55 56 2118 3992
0 120 247 3770
69 70 6 2395
64 65 1164 2718
63 65 3079 3212
0 120 1487 2405
0 120 1578 1769
0 120 1779 3745
46 46 738 2317
56 57 299 927
19 21 27 239
114 114 27 239
0 120 1737 3519
87 88 767 803
15 16 1165 3293
109 111 1165 3293
80 81 1437 1537
0 120 370 578
0 120 1302 1312
77 77 18 126
76 77 348 4202
0 13 594 1225
15 15 594 1225
17 32 594 1225
35 47 594 1225
51 55 594 1225
59 60 594 1225
62 107 594 1225
109 120 594 1225
44 45 1473 2133
5 7 2513 4090
99 100 2513 4090
0 120 1314 1322
0 120 617 1394
0 120 2315 3351
0 120 2174 2180
0 120 749 1513
58 60 2082 2591
25 26 294 1872
119 120 294 1872
0 120 2670 2761
46 46 2293 2811
21 22 347 752
115 115 347 752
77 78 777 2780
0 6 94 1060
96 100 94 1060
71 72 923 2605
0 5 1196 1451
13 16 1196 1451
20 20 1196 1451
22 71 1196 1451
73 120 1196 1451
6 6 141 1815
101 101 497 1450
10 10 765 2396
8 9 56 1707
102 102 56 1707
0 120 852 860
0 120 2055 2057
21 22 2666 3931
115 116 2666 3931
0 120 221 239
42 43 1771 2298
0 120 97 2647
40 41 300 1286
88 88 1602 2489
13 13 0 994
107 108 0 994
23 24 2438 2761
117 118 2438 2761
0 120 2524 2535
32 33 777 4069
18 20 741 2160
112 114 741 2160
28 29 27 373
108 108 216 3278
17 17 202 1128
111 111 202 1128
77 78 104 593
78 79 1466 2601
0 120 2145 2889
0 120 1391 2427
13 15 120 537
107 108 120 537
0 120 677 1394
83 83 372 758
0 120 1089 3782
57 58 1017 1462
0 11 55 2771
14 26 55 2771
29 36 55 2771
40 46 55 2771
49 70 55 2771
72 78 55 2771
80 120 55 2771
42 43 60 671
36 37 2513 4224
31 32 2926 3639
117 117 1004 2920
10 11 2594 2900
104 105 2594 2900
70 72 2119 2607
3 5 95 3109
97 98 95 3109
12 12 242 1816
106 106 242 1816
52 53 1123 3551
0 120 2482 3598
8 8 990 3961
102 102 990 3961
53 54 1233 1467
79 80 1045 3860
0 120 2074 2083
0 120 2934 2941
59 60 1893 3203
63 63 243 728
71 73 1703 3079
29 29 2623 3988
8 10 3072 3814
102 104 3072 3814
10 12 417 3510
104 106 417 3510
65 66 307 1652
91 92 398 1016
87 92 2394 2438
20 22 535 1287
114 115 535 1287
82 82 770 3813
0 120 23 2832
0 120 704 1473
0 120 2989 2998
27 28 408 2643
54 54 1946 3187
38 40 2142 4065
6 7 1070 3516
100 101 1070 3516
0 120 2976 3702
68 68 2618 3994
90 91 414 4151
16 17 2057 3203
110 111 2057 3203
20 24 257 3413
114 118 257 3413
84 84 207 1606
40 41 1433 2787
34 34 301 1241
93 93 79 2360
33 35 2434 3126
25 25 1025 2992
85 86 402 3767
18 19 2762 4123
112 113 2762 4123
0 120 3044 3055
0 120 1456 1458
47 47 11 1667
0 120 248 3300
76 76 409 4157
26 28 1070 1422
120 120 1070 1422
0 120 1125 1129
0 120 2021 3896
38 41 144 2196
57 58 1467 4276
69 69 1589 1987
0 6 2965 3701
9 17 2965 3701
20 28 2965 3701
44 45 2965 3701
48 50 2965 3701
54 54 2965 3701
57 65 2965 3701
68 100 2965 3701
103 104 2965 3701
106 108 2965 3701
110 111 2965 3701
114 120 2965 3701
0 120 477 3537
3 3 418 2176
97 97 418 2176
0 120 1316 4080
0 1 1128 4029
93 95 1128 4029
50 51 39 3311
47 49 138 3290
77 78 1606 2341
74 75 188 2653
0 120 995 2187
8 9 756 3110
102 103 756 3110
0 120 2251 2264
8 8 131 806
25 25 141 1494
0 0 760 3983
92 95 760 3983
67 68 13 2248
53 54 402 2023
0 0 1007 3860
2 6 1007 3860
23 88 1007 3860
90 94 1007 3860
96 100 1007 3860
108 108 1007 3860
114 114 1007 3860
117 120 1007 3860
2 3 1910 3102
96 97 1910 3102
0 120 1158 1777
59 60 480 2653
8 9 230 4168
101 103 230 4168
69 73 120 2310
62 63 1962 2511
10 11 558 3475
104 105 558 3475
7 8 351 3182
101 102 351 3182
1 1 58 1617
95 95 58 1617
6 9 5 293
100 102 5 293
43 45 206 2269
0 120 949 2542
55 55 413 1027
0 120 10 4020
27 42 160 1335
32 33 349 3486
55 61 297 3296
92 92 1589 2121
99 99 1045 3189
9 10 1091 1844
15 16 141 3722
108 110 141 3722
0 120 605 2136
0 120 3287 3297
52 54 4 3424
13 13 412 2495
107 107 412 2495
60 60 300 2254
0 120 80 1756
31 31 1162 1495
64 65 2681 3487
78 78 1816 2285
21 22 957 2029
115 116 957 2029
71 72 342 2665
0 120 812 3368
0 120 490 3317
0 48 347 565
54 54 347 565
70 72 347 565
74 120 347 565
0 120 1665 3055
18 21 16 3434
3 3 69 2506
96 97 69 2506
22 22 1946 2516
115 116 1946 2516
56 57 36 114
0 120 700 3312
82 83 373 2917
34 36 1013 2311
54 55 2610 2681
40 42 1218 1962
0 120 1123 1136
86 87 1682 2820
0 120 607 1808
83 85 2594 3868
36 38 1071 2666
0 120 866 3954
11 11 1244 2594
15 16 1244 2594
19 21 1244 2594
23 23 1244 2594
30 30 1244 2594
33 34 1244 2594
36 36 1244 2594
75 77 1244 2594
109 109 1244 2594
113 119 1244 2594
79 80 1051 2953
86 87 58 4195
63 64 2131 3585
6 7 2117 3687
100 101 2117 3687
41 43 1602 3241
15 20 1450 3601
0 120 1611 2014
67 68 284 2444
84 84 2617 2697
0 120 1187 1686
45 47 760 2373
88 90 934 3492
0 120 1694 3180
7 7 990 2835
101 101 990 2835
0 120 918 1269
0 120 1833 1834
0 120 786 2281
0 120 3150 4099
0 120 899 2158
0 120 541 1696
0 120 952 3482
0 1 1685 2313
94 94 1685 2313
19 20 558 1865
113 114 558 1865
0 3 165 3102
11 14 165 3102
20 23 165 3102
26 33 165 3102
35 68 165 3102
70 97 165 3102
106 106 165 3102
108 108 165 3102
114 117 165 3102
120 120 165 3102
17 19 1025 3960
111 112 1025 3960
107 109 901 1450
87 88 1816 2769
15 17 2139 3422
109 110 2139 3422
22 23 1203 1788
115 117 1203 1788
82 83 134 756
51 53 1433 2250
7 7 1645 3072
49 50 967 4140
0 3 1328 1675
94 97 1328 1675
0 120 2551 2585
9 11 767 3328
103 105 767 3328
11 11 256 372
105 105 256 372
31 32 1238 2913
0 120 1943 3668
0 39 219 490
42 44 219 490
53 58 219 490
60 62 219 490
66 120 219 490
0 120 637 1003
0 120 124 3636
24 25 329 3102
118 119 329 3102
116 116 120 2928
0 120 1278 3251
61 62 32 4047
87 88 422 2512
0 120 2925 3176
78 79 179 1064
86 87 1459 2508
53 53 1001 1630
77 78 1170 2405
25 25 856 2215
32 36 856 2215
38 38 856 2215
44 44 856 2215
53 54 856 2215
56 56 856 2215
70 70 856 2215
74 74 856 2215
111 111 856 2215
119 119 856 2215
0 120 2256 2263
69 69 482 3694
0 1 2066 2139
94 95 2066 2139
47 48 856 3154
0 0 11 1830
93 94 11 1830
69 70 71 1881
5 7 1466 3837
99 101 1466 3837
61 62 415 3411
64 72 415 3411
54 54 344 727
0 120 3153 3161
29 32 844 1050
67 68 1677 1805
58 58 102 2133
82 84 420 722
0 0 0 136
93 94 0 136
0 120 722 1060
70 71 51 101
86 89 130 3400
104 105 1164 1405
74 75 300 3811
43 44 711 2591
88 89 418 3278
0 120 1960 2278
49 53 1194 3499
87 89 55 974
61 62 872 1004
29 30 1056 3565
0 120 684 1707
30 30 436 1605
0 120 1255 2462
0 120 630 2410
0 120 1519 1754
90 90 421 2236
0 20 844 2339
22 114 844 2339
116 120 844 2339
11 11 316 3940
105 105 316 3940
50 54 517 1944
52 53 372 3283
0 120 3803 3808
0 120 403 2596
0 120 979 1251
14 18 1094 4207
108 112 1094 4207
20 21 22 2904
114 115 22 2904
8 8 1190 3915
102 102 1190 3915
102 103 1770 2504
0 120 1997 3449
59 62 932 3125
37 38 147 1852
64 64 1673 2571
0 120 1284 1298
34 35 1194 2344
64 67 17 1779
38 50 581 3807
23 24 206 2432
117 118 206 2432
69 81 2909 3716
76 77 144 1554
0 120 1871 4249
0 120 956 1240
2 3 975 1482
96 97 975 1482
12 14 1450 1775
105 108 1450 1775
0 120 548 3135
63 64 1398 1585
79 81 138 3237
0 120 356 2376
87 88 1894 2920
17 17 3554 3639
59 61 1670 3212
52 54 1300 2181
46 47 278 2493
0 120 1014 1595
0 120 1019 1939
7 8 331 2319
101 102 331 2319
0 120 7 1441
73 74 294 2437
18 24 1026 4049
111 118 1026 4049
61 61 95 507
76 78 0 3653
15 16 425 2139
109 110 425 2139
0 120 2030 3905
62 62 717 4233
69 71 411 3372
81 82 428 3541
0 120 3919 4117
0 120 660 666
4 8 1682 3572
98 101 1682 3572
80 83 2759 2967
10 10 983 1319
104 105 983 1319
0 120 1924 3105
11 13 606 1369
104 107 606 1369
32 32 415 1801
0 120 2321 2741
83 84 160 1282
0 120 1 2161
0 104 16 1503
108 120 16 1503
0 120 945 1966
0 120 1468 3993
23 23 625 2550
116 118 625 2550
41 42 334 4064
57 59 771 4065
0 120 1201 3649
66 67 1352 3818
7 10 1025 3423
101 104 1025 3423
0 120 901 913
63 64 28 1513
0 120 1373 4106
0 120 1244 1252
0 3 342 2612
93 96 342 2612
88 93 306 703
63 64 2623 2675
49 51 428 2386
73 74 262 2848
0 120 1053 1657
0 120 745 750
0 120 2013 3685
14 15 516 1452
108 108 516 1452
0 120 2253 2583
34 36 2291 2875
0 120 895 1448
12 17 2906 3902
106 110 2906 3902
33 33 1120 1566
0 120 757 1514
61 62 920 2444
39 40 240 2685
0 120 480 2145
0 120 991 2095
49 50 955 2438
80 81 17 169
67 68 1094 3536
84 84 134 1508
0 120 845 3963
0 120 788 3429
39 39 19 1935
45 47 351 2674
8 11 746 3203
102 106 746 3203
0 120 345 2859
41 43 1136 1668
8 8 972 2203
102 102 972 2203
0 120 4186 4191
6 7 844 2957
100 101 844 2957
0 120 2749 2763
0 120 1572 2198
79 80 2401 3743
48 49 353 1407
60 62 1225 1336
0 120 1003 2455
28 29 1068 3604
0 120 1572 3137
0 120 1947 2260
54 61 6 545
0 120 1329 3379
52 53 147 2470
0 120 3321 3339
75 76 3551 3801
3 3 55 437
5 8 55 437
10 67 55 437
69 69 55 437
84 86 55 437
99 120 55 437
5 6 306 4220
99 100 306 4220
21 23 1190 1500
115 116 1190 1500
38 40 968 3373
88 90 120 1586
0 120 321 2808
39 39 51 2947
58 59 352 2875
91 92 1438 3322
25 26 71 2633
120 120 71 2633
0 120 3207 3210
0 120 688 3733
35 35 2142 2886
49 49 72 3235
0 120 3929 4134
0 120 1541 1730
0 120 2196 3122
0 120 2059 2070
26 27 400 1761
120 120 400 1761
71 72 374 540
0 120 654 2809
0 120 3032 3744
62 63 876 2629
0 120 129 894
24 24 306 2476
12 13 230 1700
106 107 230 1700
0 120 1345 1387
0 120 1055 1059
16 17 0 2177
110 111 0 2177
32 33 1483 2260
39 40 2438 3944
79 81 1806 2913
41 42 763 3102
0 120 212 2999
91 91 2414 2769
0 120 43 3944
33 34 206 3184
39 40 589 2922
77 78 42 309
0 120 2210 2215
58 59 386 1839
36 38 2964 3586
50 51 2126 3241
4 4 180 1182
97 98 180 1182
82 83 316 2009
83 84 741 1249
55 57 1668 3329
34 34 152 854
7 8 1230 3103
101 102 1230 3103
36 36 2118 3565
54 54 36 679
59 61 757 1193
0 120 3967 3971
14 15 299 3533
108 109 299 3533
18 19 144 212
112 113 144 212
43 44 887 3703
73 74 307 1896
75 76 1833 2615
28 32 659 3287
34 36 36 4062
18 19 60 2204
112 113 60 2204
47 48 409 3112
31 32 760 1649
0 120 3979 3981
89 90 438 1598
0 120 3137 3140
21 21 331 977
115 115 331 977
0 1 2000 2913
93 95 2000 2913
0 120 1843 2929
47 47 1161 2343
69 69 975 3873
0 120 1775 3734
2 3 1025 3236
96 97 1025 3236
0 120 426 433
21 21 1739 1825
115 115 1739 1825
71 74 240 1209
73 75 235 865
29 31 408 793
37 37 635 3990
28 29 1711 3160
47 48 534 2595
54 55 1300 2128
0 120 3686 3705
10 12 625 2713
105 105 625 2713
0 120 601 2127
41 42 173 926
29 29 554 4001
27 27 1225 1954
0 120 15 2969
0 120 1534 3463
24 25 625 3652
118 119 625 3652
79 79 458 506
61 62 2464 2616
0 120 1302 3113
78 79 395 4129
40 41 71 3251
53 55 367 2081
0 120 561 3078
9 10 1946 2626
103 104 1946 2626
16 18 934 1374
110 112 934 1374
23 24 1820 3453
117 118 1820 3453
49 52 1070 2955
44 45 371 2954
0 120 452 1630
66 67 300 4242
76 77 11 167
22 23 448 4140
116 117 448 4140
57 57 144 696
83 83 309 2261
18 18 990 1656
112 112 990 1656
106 107 1334 3186
3 4 1017 3479
97 98 1017 3479
2 3 535 2015
96 97 535 2015
0 120 3897 3901
0 120 2396 3212
43 45 1675 2698
8 9 1348 2303
102 103 1348 2303
82 83 2167 3160
51 53 102 3853
24 24 395 2385
118 118 395 2385
45 46 1567 2606
75 76 123 1697
0 120 2046 2052
22 23 647 2606
116 117 647 2606
0 120 2216 2463
0 47 879 1451
49 54 879 1451
58 58 879 1451
77 79 879 1451
85 120 879 1451
78 78 2508 3803
85 86 429 2154
34 34 1986 2186
48 49 28 1810
84 86 372 1620
71 72 19 3976
0 120 3718 3727
0 120 1531 2545
9 9 414 2785
73 73 414 2785
0 120 653 2801
6 7 73 240
100 101 73 240
31 31 2922 3793
31 33 657 2920
29 30 294 2868
30 30 441 1575
30 30 257 2986
63 67 909 1451
15 16 0 4084
109 110 0 4084
60 60 380 3551
55 55 688 1452
69 70 1433 2360
0 120 3124 3146
33 33 886 1467
50 52 886 1467
55 55 886 1467
58 58 886 1467
60 61 886 1467
65 72 886 1467
82 82 886 1467
98 98 886 1467
8 10 2594 4112
102 104 2594 4112
0 120 2396 2407
85 86 533 2103
86 86 732 1000
0 120 1561 2545
0 120 174 2170
52 54 411 3803
15 15 1120 2802
109 109 1120 2802
12 13 2047 2438
105 106 2047 2438
75 75 1824 2366
0 120 3028 3034
58 60 315 1062
60 61 1540 2607
67 67 2438 3757
21 21 1450 3845
26 27 2909 3342
120 120 2909 3342
0 0 1947 2207
22 26 85 1539
29 46 85 1539
49 50 85 1539
65 65 85 1539
28 30 625 2981
14 14 2130 2823
108 108 2130 2823
60 60 4140 4143
14 16 301 2103
108 110 301 2103
49 50 2617 2941
52 52 120 3977
62 63 803 1001
0 120 2167 3644
0 120 1741 2489
2 3 1063 3557
96 97 1063 3557
73 74 134 650
8 11 1013 1750
102 105 1013 1750
78 79 760 3556
68 68 990 4018
23 25 4 769
117 119 4 769
0 120 2175 2192
72 77 1552 2967
77 77 2133 2720
0 120 364 2243
75 76 131 729
86 87 1399 3664
23 24 186 436
117 118 186 436
65 66 399 3927
0 120 1316 1909
67 67 535 1344
70 80 535 1344
84 84 535 1344
56 57 1190 2736
16 18 1675 2027
109 111 1675 2027
67 68 2117 3126
69 70 2131 3024
70 74 2549 2783
85 87 262 1185
90 90 93 1376
71 71 413 600
7 8 294 3352
101 102 294 3352
24 24 535 2283
118 119 535 2283
0 120 208 1888
0 120 1295 1971
0 120 1078 3434
83 85 306 2423
0 120 82 3469
0 5 835 1232
7 9 835 1232
12 12 835 1232
19 19 835 1232
21 21 835 1232
48 48 835 1232
51 73 835 1232
75 83 835 1232
87 99 835 1232
101 103 835 1232
106 106 835 1232
25 25 133 1714
119 119 133 1714
0 120 2657 3255
53 56 303 2125
0 120 46 2469
39 39 313 369
87 89 1170 1710
0 120 937 950
0 120 3824 4041
9 9 135 3480
103 103 135 3480
47 49 417 2412
52 54 1198 2977
0 120 4257 4273
85 85 180 1129
62 63 2623 3240
0 120 1522 1761
10 11 2103 3204
104 105 2103 3204
19 20 1334 1710
113 115 1334 1710
0 120 532 1022
72 72 1483 3496
52 54 970 1433
61 63 738 4281
9 11 65 2495
103 104 65 2495
1 7 3036 3759
9 11 3036 3759
13 20 3036 3759
24 28 3036 3759
31 31 3036 3759
36 41 3036 3759
45 45 3036 3759
47 64 3036 3759
70 70 3036 3759
79 81 3036 3759
91 92 3036 3759
95 96 3036 3759
98 98 3036 3759
100 100 3036 3759
103 104 3036 3759
107 110 3036 3759
112 113 3036 3759
120 120 3036 3759
5 6 2367 3435
99 100 2367 3435
0 120 221 3008
42 42 1334 2060
0 120 551 1422
54 55 771 2886
54 55 1026 1715
8 10 14 1217
102 103 14 1217
21 21 430 3347
33 35 430 3347
38 46 430 3347
53 54 430 3347
67 69 353 683
79 80 650 2367
89 90 297 3003
3 3 400 2192
97 97 400 2192
58 58 3557 3646
0 120 1462 1464
71 72 3555 3950
34 36 1172 1890
45 47 592 3301
83 85 330 3301
44 46 844 3522
40 40 765 977
68 68 173 3317
49 50 2444 2692
0 120 1733 3620
0 120 3345 3359
0 120 2557 2569
20 22 315 1680
114 116 315 1680
0 120 7 1335
48 49 2049 3102
0 120 127 2383
45 46 1770 3687
0 120 849 2553
22 23 6 1110
115 117 6 1110
0 120 4006 4007
119 119 659 2429
20 21 289 1398
114 114 289 1398
53 54 1820 2461
79 79 743 3820
0 120 1469 1480
0 1 144 2737
94 95 144 2737
0 120 2040 2235
81 82 2009 2922
29 31 1195 4129
0 120 159 1325
5 5 2999 3072
98 99 2999 3072
47 48 2414 4139
53 63 2414 4139
66 66 2414 4139
50 51 415 756
6 7 146 2783
100 101 146 2783
76 77 3564 4012
0 120 2526 3791
0 120 453 459
56 58 2782 3976
89 90 1438 4237
0 120 247 3774
45 46 206 1521
53 54 968 1844
0 120 3354 3421
32 33 1404 2374
40 42 2629 3919
55 57 1446 2785
0 120 3839 3843
60 60 458 2681
61 61 1077 1198
0 120 3322 3324
0 120 1774 3755
101 101 2187 3170
0 120 1894 2359
16 16 60 541
110 110 60 541
18 19 187 2568
113 113 187 2568
67 68 920 1399
50 51 240 1640
0 7 2344 2595
9 120 2344 2595
0 0 451 1860
3 3 451 1860
6 7 451 1860
27 27 451 1860
35 36 451 1860
38 44 451 1860
46 46 451 1860
48 80 451 1860
82 83 451 1860
85 94 451 1860
97 97 451 1860
100 101 451 1860
0 120 1113 2733
0 120 2353 3058
8 8 1668 2955
102 102 1668 2955
24 25 92 2681
117 119 92 2681
10 10 202 2287
103 104 202 2287
46 48 383 1167
48 49 296 1922
0 120 2018 2021
80 81 225 3210
59 60 125 2040
78 81 294 2815
86 87 1013 2502
0 14 2289 2292
22 93 2289 2292
96 98 2289 2292
103 103 2289 2292
105 107 2289 2292
117 118 2289 2292
120 120 2289 2292
0 120 3149 3150
51 52 558 2861
3 4 1055 2913
97 99 1055 2913
75 76 1012 2277
82 83 125 2979
56 58 193 2359
22 23 136 1825
116 117 136 1825
91 92 929 1461
54 56 232 2287
0 7 631 1804
10 33 631 1804
35 42 631 1804
45 50 631 1804
52 54 631 1804
56 57 631 1804
59 60 631 1804
63 120 631 1804
35 36 989 2266
56 56 1142 2508
15 17 701 1045
109 111 701 1045
67 68 3196 3346
88 89 395 1527
1 2 12 3452
6 7 12 3452
14 16 12 3452
24 24 12 3452
27 28 12 3452
32 34 12 3452
37 39 12 3452
41 44 12 3452
94 94 12 3452
99 100 12 3452
108 110 12 3452
120 120 12 3452
23 25 246 1404
117 119 246 1404
56 57 309 2692
45 46 209 1522
86 86 1749 2139
0 120 3096 3115
0 120 2280 2529
38 38 659 4202
0 120 878 1122
0 120 1084 3442
19 19 159 3098
30 34 159 3098
40 42 159 3098
50 51 159 3098
54 54 159 3098
58 58 159 3098
62 63 159 3098
66 66 159 3098
69 69 159 3098
113 113 159 3098
40 41 12 1358
75 75 1770 3366
81 82 225 2405
0 1 1135 2626
93 94 1135 2626
0 120 1320 4069
21 22 425 4156
115 116 425 4156
34 35 14 3124
0 120 3794 3803
39 41 745 1128
69 73 506 3586
77 78 313 1471
20 20 1676 2391
113 114 1676 2391
51 51 131 676
82 83 277 2945
90 91 411 2945
0 120 908 3751
71 72 428 3114
5 6 144 3355
99 100 144 3355
72 72 63 2235
13 14 417 481
107 108 417 481
72 73 1637 1682
0 120 2378 2848
89 89 36 789
38 39 1806 1868
70 70 428 4053
0 120 1690 1693
0 120 2490 2500
4 5 1091 1364
98 99 1091 1364
92 92 2293 3649
72 74 204 3756
66 68 1675 2324
0 120 1749 2273
91 92 1026 1878
0 120 596 604
65 67 929 1945
0 120 566 1893
41 42 846 4162
0 120 3387 3398
0 120 378 2596
0 120 1799 1801
1 1 2057 3557
95 95 2057 3557
25 26 10 1446
119 120 10 1446
0 120 1829 3141
0 120 336 2370
1 3 1165 3915
95 97 1165 3915
7 8 105 3935
101 102 105 3935
1 2 418 2180
95 96 418 2180
65 68 415 2663
65 65 313 666
68 76 313 666
16 18 120 1025
110 111 120 1025
92 92 543 1128
25 26 400 3294
119 120 400 3294
32 32 2728 3203
0 120 80 1626
68 71 66 1728
84 92 128 2606
0 120 2882 2889
0 1 1197 3049
65 68 1046 1190
0 120 149 2894
60 60 130 2652
23 25 56 451
117 119 56 451
44 45 436 3890
0 120 783 1719
42 46 134 3525
0 120 800 1134
0 120 1328 3505
116 116 141 1498
0 120 2002 2695
0 120 2017 2037
0 26 2915 3187
28 119 2915 3187
26 27 432 3367
30 31 432 3367
34 35 432 3367
37 72 432 3367
75 86 432 3367
88 88 432 3367
92 92 432 3367
118 120 432 3367
0 120 234 1662
30 31 1944 2690
90 91 278 2900
84 84 75 851
0 120 2174 3152
0 7 32 3433
14 14 32 3433
18 18 32 3433
30 30 32 3433
34 34 32 3433
70 70 32 3433
73 73 32 3433
78 100 32 3433
103 108 32 3433
111 112 32 3433
0 120 1578 1586
86 86 155 1554
0 2 1032 2581
93 96 1032 2581
0 120 495 2376
53 54 70 1446
42 43 350 3715
0 120 3385 3486
2 2 1771 2920
96 96 1771 2920
0 120 2657 2747
6 8 816 2202
99 101 816 2202
41 43 293 929
26 26 554 2956
120 120 554 2956
50 52 506 1976
19 19 232 2905
113 113 232 2905
92 93 295 975
32 32 3557 3943
84 85 1616 2228
31 32 12 4070
90 91 346 3192
9 11 58 1971
103 105 58 1971
70 70 414 1606
51 53 968 2946
5 6 1102 2946
99 100 1102 2946
41 42 303 3495
16 18 354 1740
110 112 354 1740
0 120 2656 2680
0 120 1 124
0 6 188 2202
10 11 188 2202
13 17 188 2202
19 19 188 2202
21 21 188 2202
23 24 188 2202
40 41 188 2202
87 89 188 2202
93 100 188 2202
104 111 188 2202
113 113 188 2202
115 118 188 2202
48 50 377 411
41 41 3188 3672
3 4 55 360
97 98 55 360
57 59 511 1165
63 64 1438 3245
0 120 982 3002
78 79 1441 2762
25 26 390 3090
119 120 390 3090
0 120 2709 3445
78 81 430 3428
0 120 1242 2552
7 8 20 524
11 24 20 524
27 30 20 524
35 36 20 524
48 49 2513 2752
53 53 417 4132
67 69 367 2325
0 120 2631 2973
86 87 482 2275
8 8 2010 2131
102 102 2010 2131
44 45 17 226
0 120 2949 3282
10 11 1090 2131
104 105 1090 2131
57 57 932 2511
0 120 620 3902
22 23 771 3317
116 117 771 3317
13 14 1547 3538
107 108 1547 3538
87 88 14 1648
10 11 180 2849
104 104 180 2849
82 83 292 3090
23 26 30 1592
117 119 30 1592
23 24 133 2279
117 117 133 2279
0 120 594 1176
56 56 313 3378
3 3 179 934
0 120 3024 3025
0 120 3150 3164
0 120 787 4200
47 48 1771 3404
50 51 2626 3918
0 120 269 827
0 1 1165 3594
3 14 1165 3594
16 19 1165 3594
23 23 1165 3594
25 29 1165 3594
98 103 1165 3594
45 45 2606 3451
9 9 94 3455
102 103 94 3455
70 71 1577 3538
43 47 3552 4083
0 0 738 2968
2 16 738 2968
19 22 738 2968
38 61 738 2968
63 87 738 2968
89 94 738 2968
96 119 738 2968
83 85 1194 3019
0 120 517 525
0 120 1573 3015
31 37 2920 3991
0 120 215 1880
73 74 1483 4061
17 19 349 1880
110 113 349 1880
0 120 839 3959
43 43 908 3564
105 105 421 1756
0 120 2537 3472
0 120 2655 3693
0 120 3260 3278
1 1 2138 3174
3 3 2138 3174
21 21 2138 3174
53 53 2138 3174
85 87 2138 3174
90 90 2138 3174
95 95 2138 3174
97 97 2138 3174
49 51 672 2506
30 30 887 3626
61 61 887 3626
0 120 1253 3949
74 75 395 1474
0 120 150 889
78 79 353 3692
5 7 683 1352
98 101 683 1352
3 3 34 3158
96 97 34 3158
80 82 1433 2604
0 120 1519 1624
55 57 187 4154
0 120 1672 2620
74 75 63 2398
54 55 357 2121
50 50 126 1434
16 16 1232 1567
110 110 1232 1567
64 69 506 1655
60 61 1438 1635
0 120 1555 2220
85 86 1486 2615
79 79 371 1238
78 79 407 895
0 120 3199 3914
0 4 367 3748
82 98 367 3748
4 4 351 3215
98 98 351 3215
15 15 1602 3729
30 31 76 3010
26 28 351 771
120 120 351 771
75 76 1629 2142
5 7 1068 3795
99 101 1068 3795
59 62 975 1352
0 120 1914 2503
59 59 1678 3724
35 37 934 3980
85 86 70 2414
0 120 1496 3683
41 41 1165 1634
0 120 475 1187
18 18 232 1429
112 112 232 1429
5 6 727 1408
99 100 727 1408
90 90 2227 2626
0 120 1031 1819
9 11 229 1131
103 104 229 1131
8 9 506 3883
102 103 506 3883
89 90 418 3282
18 19 51 3488
111 113 51 3488
1 3 407 3123
95 97 407 3123
40 41 1606 3447
0 120 2461 3961
0 120 2748 3237
88 89 2762 3135
86 86 1168 3221
52 53 414 3513
30 30 1560 2513
40 42 1298 2513
0 120 2129 2441
0 120 403 2600
0 120 2 2256
0 120 559 3113
59 60 232 2718
93 95 1404 2939
0 120 1572 2523
63 64 229 2420
0 120 387 3006
36 36 2595 2621
51 52 36 2025
7 8 2338 2965
101 102 2338 2965
0 7 793 2004
10 10 793 2004
12 21 793 2004
24 120 793 2004
11 12 1352 3688
105 106 1352 3688
34 36 297 4052
79 80 144 1558
17 18 56 3431
111 112 56 3431
70 70 1816 2102
73 74 124 1091
75 77 76 111
85 87 821 1019
8 9 287 331
102 103 287 331
13 14 402 1035
106 108 402 1035
90 91 240 2205
75 77 420 3304
0 120 630 670
7 9 395 3247
100 104 395 3247
21 23 128 2903
115 117 128 2903
25 27 2368 2965
119 120 2368 2965
88 90 950 1025
60 61 1483 3740
65 67 58 629
0 120 2554 2566
8 10 30 3499
102 104 30 3499
82 83 300 916
0 3 2512 3094
5 16 2512 3094
35 36 2512 3094
40 52 2512 3094
54 70 2512 3094
73 81 2512 3094
83 91 2512 3094
94 94 2512 3094
100 103 2512 3094
108 108 2512 3094
0 120 318 3185
53 54 373 3084
54 54 1008 2134
58 58 1008 2134
83 84 1170 4182
0 120 863 2719
79 80 1735 2648
58 59 2117 3504
56 57 1026 1959
0 120 2225 2283
0 0 721 1323
92 93 721 1323
49 49 19 1805
78 79 266 1682
0 120 1522 3294
55 56 1334 3243
63 63 743 2775
87 88 168 2278
0 120 1033 1036
6 8 262 1913
100 102 262 1913
29 32 2258 2581
34 35 2258 2581
38 45 2258 2581
48 51 2258 2581
59 60 2258 2581
38 39 606 1723
0 120 2104 2114
12 13 2202 3403
106 107 2202 3403
66 66 395 2442
19 20 2103 2643
113 113 2103 2643
71 73 262 2852
13 14 410 2750
106 109 410 2750
39 40 296 1682
104 104 670 1334
87 88 28 1867
18 19 303 3792
112 113 303 3792
0 1 2596 2926
94 95 2596 2926
47 47 410 3100
8 8 1026 1154
64 66 16 3735
34 36 267 1102
27 29 1533 2648
91 92 1280 2202
0 120 991 2099
38 39 516 1806
76 77 2615 4107
10 10 1164 2027
8 8 300 461
102 102 300 461
15 17 16 702
100 102 16 702
105 112 16 702
61 63 1203 1955
74 74 1194 4121
17 19 60 1940
111 113 60 1940
18 19 216 2453
112 113 216 2453
27 31 1321 1452
64 66 696 3844
91 91 1945 3531
0 120 167 3500
0 120 912 2156
0 120 604 1811
80 81 146 933
0 120 464 3494
0 2 554 3387
87 95 554 3387
55 56 581 3490
0 120 1572 3141
6 7 1193 2556
100 101 1193 2556
39 41 1198 2900
38 40 441 477
0 120 933 939
81 83 1418 2674
34 34 1492 2623
0 120 1989 3429
1 2 1235 2967
95 96 1235 2967
0 120 170 3397
62 64 767 1401
106 106 2782 3065
0 120 1739 2500
90 91 1300 1864
0 120 1286 1966
91 92 400 3859
0 120 1212 3737
63 65 2139 3373
0 120 4067 4072
47 48 72 3239
76 78 581 1396
11 11 631 759
105 105 631 759
0 120 2033 3886
4 4 856 3321
98 98 856 3321
74 74 87 2581
0 120 1050 1874
60 64 2366 3537
0 120 1058 4209
77 78 1001 3675
30 32 696 3039
0 120 3779 3790
26 27 130 184
120 120 130 184
0 0 646 1232
26 26 1195 1474
63 64 357 1129
66 66 138 4209
86 86 310 3003
0 120 1726 1864
0 120 636 3173
0 120 997 3152
0 120 185 1022
13 13 1941 2203
107 107 1941 2203
65 65 717 4266
0 120 1204 3630
39 40 1682 4194
45 46 2833 3538
40 41 771 3748
49 57 995 1012
59 61 995 1012
0 120 2266 3656
61 62 14 2079
56 57 141 3352
83 83 3085 3759
33 34 13 4106
16 17 1678 3671
110 111 1678 3671
56 57 169 2367
33 34 2139 2568
0 120 330 3224
57 57 32 1315
0 120 1427 3271
91 91 61 555
1 1 2621 4005
95 95 2621 4005
100 100 2648 4108
0 42 52 2721
50 51 52 2721
53 55 52 2721
57 57 52 2721
82 82 52 2721
86 86 52 2721
89 94 52 2721
96 102 52 2721
107 115 52 2721
117 120 52 2721
24 24 2214 3092
118 118 2214 3092
0 120 3413 3416
56 56 2138 2316
8 9 173 4179
102 103 173 4179
74 77 696 2234
0 120 668 4158
81 83 1483 3553
79 79 55 925
23 24 238 1541
117 118 238 1541
43 44 1568 3102
77 78 1232 3153
64 65 399 4118
84 86 299 504
71 71 488 3409
0 120 15 745
33 34 63 2479
0 0 606 3630
92 94 606 3630
63 64 644 1670
81 82 1922 2287
66 66 14 1274
48 50 1950 3554
1 3 80 581
95 96 80 581
7 8 293 4072
101 102 293 4072
9 10 814 1300
103 104 814 1300
0 120 88 442
0 0 948 1300
93 94 948 1300
74 75 344 2317
46 46 700 1198
44 45 72 1629
17 19 1173 1418
111 113 1173 1418
45 47 932 2487
0 120 911 2172
32 32 1162 3703
89 91 30 2157
65 66 1167 1603
0 120 769 776
104 104 581 725
61 61 1214 3112
25 27 1668 2528
119 120 1668 2528
57 58 3058 4140
0 120 594 1152
0 120 2158 2163
18 19 1461 2989
112 112 1461 2989
31 32 998 1013
52 52 998 1013
8 9 36 2322
101 103 36 2322
0 120 1517 3298
28 28 2755 3550
79 80 1606 2589
22 31 293 2917
116 120 293 2917
26 28 14 3502
120 120 14 3502
66 67 2147 2913
90 91 313 1849
58 59 1433 1880
0 120 282 284
0 42 1944 2584
49 57 1944 2584
59 94 1944 2584
96 120 1944 2584
31 33 762 1675
78 79 349 1506
29 31 975 2722
91 92 168 936
0 120 561 3082
29 29 607 983
64 66 255 2783
2 3 278 700
25 25 990 1660
118 119 990 1660
33 37 123 3795
25 26 527 1404
119 120 527 1404
16 16 2293 4027
110 110 2293 4027
27 28 577 932
0 120 2679 2750
0 120 1492 1497
69 70 2438 3627
61 62 2856 4140
39 41 402 3560
80 81 3557 4187
48 50 721 2559
0 34 184 1388
14 16 301 1973
108 110 301 1973
0 120 84 3436
0 120 2295 2760
29 30 313 1044
98 98 2696 3104
21 22 22 306
72 73 130 2091
46 46 6 3745
86 89 2489 3565
66 67 1962 4048
0 120 2918 2924
46 47 347 3257
0 120 22 1245
62 62 1190 2256
34 36 300 3441
47 48 1451 2785
17 20 413 2564
111 114 413 2564
0 5 430 2733
8 10 430 2733
14 15 430 2733
85 99 430 2733
101 104 430 2733
106 106 430 2733
62 63 134 3903
20 21 1388 1682
114 114 1388 1682
70 71 417 3437
54 55 2666 3053
16 17 30 547
110 111 30 547
45 45 229 1696
22 23 134 870
116 117 134 870
51 52 235 2642
47 48 2532 3238
37 37 1114 3550
56 58 2967 3166
0 120 80 3293
9 10 2366 3700
103 104 2366 3700
83 83 293 368
77 80 294 3222
52 53 371 3442
0 120 2262 2596
85 86 1997 3079
0 120 2716 2766
0 120 1957 1960
73 74 517 2513
20 22 1446 2976
114 116 1446 2976
0 120 2048 2078
26 26 351 2975
119 120 351 2975
42 43 13 3919
29 30 1482 2606
8 9 1858 2139
102 103 1858 2139
20 22 299 1472
24 27 299 1472
33 33 299 1472
38 48 299 1472
51 51 299 1472
53 53 299 1472
55 55 299 1472
57 61 299 1472
63 66 299 1472
112 116 299 1472
118 120 299 1472
45 46 2696 3238
36 36 1978 3187
0 120 1429 3911
69 72 1446 3326
0 120 601 1810
0 120 2294 2669
81 82 1196 3151
42 44 1132 1446
36 37 299 2411
0 120 247 2221
0 120 15 2652
0 18 1461 3607
22 23 1461 3607
25 25 1461 3607
28 39 1461 3607
42 71 1461 3607
75 82 1461 3607
84 90 1461 3607
92 112 1461 3607
114 120 1461 3607
55 57 1418 2971
29 30 819 4140
75 76 506 3643
18 20 1132 2385
112 114 1132 2385
49 49 1949 2607
0 120 636 2181
0 120 2501 3120
0 120 2628 2895
21 21 314 440
42 42 2913 3064
90 91 667 1467
0 120 574 2242
68 68 565 1190
0 120 702 707
12 13 1340 3438
106 107 1340 3438
110 110 2207 3023
9 10 741 2355
103 104 741 2355
24 25 2224 2438
117 119 2224 2438
65 66 166 4110
26 27 133 1718
120 120 133 1718
50 53 2120 3778
88 88 413 3987
0 120 203 959
4 5 58 1544
98 99 58 1544
53 54 75 1713
53 62 30 1970
28 30 299 1606
27 28 6 41
120 120 6 41
0 120 2924 3199
0 120 498 503
18 20 2103 2269
111 114 2103 2269
89 91 1841 2269
30 32 1483 2561
0 120 841 842
60 62 120 1082
0 120 1900 2849
69 69 1397 2228
54 55 53 2489
89 92 1531 2228
7 9 438 610
101 103 438 610
0 120 553 560
0 1 482 1848
94 94 482 1848
45 47 2139 3804
0 120 781 949
18 19 390 3013
112 113 390 3013
0 120 1147 2238
99 99 1047 1068
57 58 1606 2752
66 67 978 3183
21 22 1007 3921
115 116 1007 3921
58 61 570 1668
76 76 1389 1771
44 46 126 3906
0 120 1079 1545
2 3 58 739
96 97 58 739
37 38 1816 3501
0 120 797 1078
85 87 659 3588
54 55 1433 2982
29 30 342 1437
0 120 2821 3959
63 64 51 699
20 20 1446 2655
114 114 1446 2655
43 44 1797 1946
0 2 102 3670
94 96 102 3670
0 120 2700 3440
5 7 420 2259
100 101 420 2259
47 48 694 1330
54 55 441 3136
76 76 292 3013
52 53 407 1273
37 39 4 102
0 120 2557 2573
83 84 1418 2300
0 120 728 1099
0 120 920 1269
2 5 25 390
8 13 25 390
47 47 25 390
50 50 25 390
62 64 25 390
66 71 25 390
74 74 25 390
76 107 25 390
110 110 25 390
114 114 25 390
7 9 209 2197
101 102 209 2197
56 57 142 975
32 36 56 3675
27 28 276 975
0 120 2925 3908
86 89 1676 1777
8 10 707 1161
102 104 707 1161
60 62 1008 1089
85 87 932 3723
67 69 2616 3338
17 18 2965 4246
111 112 2965 4246
0 1 353 2326
92 95 353 2326
34 34 255 1791
0 120 363 570
0 87 55 417
91 120 55 417
47 48 884 1962
23 26 581 1961
117 119 581 1961
0 120 1789 1839
50 50 2138 2747
108 108 1164 1787
0 120 2652 2968
76 78 914 4056
23 23 1671 3281
117 117 1671 3281
37 37 2810 3554
0 120 2041 2814
37 38 415 4143
92 92 2581 4256
53 53 349 1803
6 7 423 2506
100 101 423 2506
35 37 409 2608
0 120 247 3778
8 11 932 1629
17 19 932 1629
31 31 932 1629
33 34 932 1629
36 37 932 1629
63 63 932 1629
76 76 932 1629
84 84 932 1629
104 104 932 1629
110 113 932 1629
76 77 1026 1264
0 120 124 2624
36 36 14 766
48 48 14 766
53 59 14 766
64 64 14 766
90 120 2954 3683
73 73 395 1397
0 120 2593 3677
58 60 296 637
2 2 812 1685
95 96 812 1685
27 28 581 3250
120 120 581 3250
0 120 1490 4000
24 26 1433 3466
118 120 1433 3466
59 60 63 3260
46 48 13 699
68 68 1682 1726
0 0 554 3497
88 93 554 3497
0 120 98 248
70 70 1770 3236
85 87 146 1982
48 50 373 2173
0 120 3377 3385
43 43 51 2122
0 120 2353 3062
17 18 847 2029
111 112 847 2029
3 3 558 1926
6 6 558 1926
16 17 558 1926
38 51 558 1926
53 70 558 1926
73 77 558 1926
84 84 558 1926
86 87 558 1926
97 97 558 1926
100 100 558 1926
110 111 558 1926
118 119 558 1926
58 64 152 484
0 120 3720 3724
0 120 1139 3369
0 120 2560 2574
15 17 1091 2389
109 111 1091 2389
17 18 12 2167
111 111 12 2167
46 46 1438 3436
22 24 400 3969
116 117 400 3969
82 83 1671 3415
66 68 494 1352
2 4 277 2815
96 98 277 2815
11 13 411 2815
105 107 411 2815
87 88 1352 1383
0 0 1756 2964
86 95 1756 2964
0 120 1110 2789
71 73 69 3051
83 84 1196 1809
71 73 3238 3576
0 120 1003 1414
22 24 1064 1101
26 69 1064 1101
71 94 1064 1101
96 96 1064 1101
98 102 1064 1101
104 108 1064 1101
113 120 1064 1101
55 55 157 2117
28 28 133 1531
0 120 1294 1563
48 48 983 1701
0 120 1621 3678
9 9 1225 3678
103 103 1225 3678
0 120 2264 2589
1 1 939 3092
95 95 939 3092
0 120 2076 2538
30 31 1472 3555
0 120 1633 1968
0 120 1688 2621
30 32 310 4052
68 70 69 957
0 120 543 4031
0 120 691 711
0 120 1699 3719
55 56 1097 1399
71 73 694 1948
91 91 432 1948
0 120 2739 3232
0 120 674 2235
2 2 278 1481
96 96 278 1481
74 75 352 2184
0 120 2296 2662
38 39 629 772
91 91 19 3472
0 0 301 2404
28 29 3052 3170
0 120 836 1250
26 27 72 100
120 120 72 100
88 89 1682 2210
8 8 37 79
102 102 37 79
31 33 1821 3308
0 120 1131 2107
0 120 589 592
25 25 482 1661
119 119 482 1661
51 52 2130 4063
8 10 134 951
102 104 134 951
81 84 306 1435
60 60 736 1019
16 17 1668 3443
110 111 1668 3443
39 40 1064 4268
68 69 2103 3371
3 5 1377 2513
97 99 1377 2513
63 65 12 2651
6 6 1161 1168
8 8 1161 1168
99 100 1161 1168
102 102 1161 1168
7 9 225 3698
101 102 225 3698
28 29 1001 3919
58 59 1725 3196
0 120 1799 3899
84 86 543 2287
56 56 209 721
48 49 1121 1769
55 57 1091 3812
0 120 4229 4270
26 26 2703 3551
120 120 2703 3551
77 78 1128 2159
24 28 421 2297
117 120 421 2297
0 120 1314 3103
119 120 438 1712
4 6 374 4171
98 100 374 4171
92 93 1093 3104
32 32 429 3878
5 6 76 2262
99 99 76 2262
0 120 2472 2837
54 55 1133 1190
44 45 407 1086
0 120 2845 2853
0 120 957 964
0 2 293 1738
94 96 293 1738
0 0 1461 2749
93 94 1461 2749
75 76 1418 2113
82 83 301 1599
0 120 182 1907
67 68 968 2816
28 29 374 2077
50 50 350 1491
71 72 744 856
32 32 71 2076
33 33 3190 3238
25 25 373 1852
118 119 373 1852
50 52 72 2678
13 13 166 2313
106 107 166 2313
10 11 2463 2909
104 105 2463 2909
77 79 964 2293
70 72 558 1605
48 48 353 2139
88 88 14 229
0 120 2034 3900
64 66 411 2494
74 75 2367 2797
0 120 2174 3156
0 120 718 3176
0 120 424 2729
23 24 253 2847
117 118 253 2847
24 26 934 1488
118 120 934 1488
91 92 75 4238
45 48 166 3602
37 39 856 1605
29 30 1408 2310
0 120 890 1189
21 22 983 1380
115 116 983 1380
12 15 451 3771
106 108 451 3771
24 25 554 2960
118 119 554 2960
37 42 299 4131
0 120 1104 2838
76 77 1888 2920
120 120 713 738
12 14 102 584
106 108 102 584
81 86 294 754
10 17 27 410
69 70 990 2709
89 90 606 1780
44 46 91 1334
61 67 2615 2875
50 50 316 1452
0 120 460 2894
0 120 7 4080
27 29 348 1929
63 63 315 1981
22 22 24 1051
115 116 24 1051
0 120 469 3387
84 85 319 410
22 22 1714 2366
116 116 1714 2366
0 120 112 117
1 4 1034 2607
95 98 1034 2607
22 23 344 1406
116 117 344 1406
75 76 793 3484
0 120 1634 1848
0 0 2506 4029
3 6 2506 4029
8 9 2506 4029
13 13 2506 4029
17 18 2506 4029
23 25 2506 4029
29 29 2506 4029
59 63 2506 4029
66 67 2506 4029
71 72 2506 4029
75 79 2506 4029
85 94 2506 4029
97 99 2506 4029
103 103 2506 4029
107 107 2506 4029
111 111 2506 4029
118 119 2506 4029
18 19 1300 2726
112 113 1300 2726
48 49 438 1041
57 58 238 1919
44 45 277 3567
52 53 51 3224
54 56 428 3736
9 11 266 934
34 34 266 934
36 40 266 934
50 51 266 934
61 64 266 934
68 75 266 934
79 82 266 934
87 88 266 934
91 91 266 934
103 105 266 934
113 113 266 934
92 92 825 2618
44 45 128 3444
23 23 1255 2202
117 117 1255 2202
54 55 983 1514
62 63 1015 1961
9 13 2 2581
15 19 2 2581
22 25 2 2581
28 55 2 2581
58 67 2 2581
117 118 2 2581
88 89 738 1683
0 120 750 754
17 19 428 703
111 113 428 703
88 91 2291 4225
14 17 278 944
108 111 278 944
53 54 2967 3276
72 79 436 2284
0 120 2000 2706
0 120 116 2279
0 120 2050 2069
0 120 2497 3512
48 48 1257 3187
57 58 102 4101
68 69 793 1740
0 120 1715 3476
0 120 636 1002
53 54 2606 3455
77 78 1102 2495
0 120 751 1514
52 53 264 3116
91 92 429 1463
54 55 4140 4257
18 19 76 3819
112 113 76 3819
63 64 315 2115
41 42 1225 2336
36 37 2345 2367
0 120 663 2798
70 70 352 2936
31 32 1193 3552
85 85 351 991
20 21 1161 4014
114 115 1161 4014
21 23 1013 1864
115 116 1013 1864
74 75 1462 3188
10 11 741 1176
104 105 741 1176
46 47 144 3172
48 48 887 2691
34 35 2595 3646
16 17 1225 2686
110 111 1225 2686
77 78 79 1242
45 46 3072 3985
12 12 2103 4123
106 106 2103 4123
90 91 293 3645
11 13 721 4092
105 107 721 4092
0 120 549 1356
91 91 2512 2830
67 68 1161 1920
2 6 932 2060
100 100 932 2060
89 89 1677 2968
0 120 221 2988
33 34 1859 2450
0 120 1659 3328
81 82 69 904
0 120 1805 3153
58 58 309 2054
59 60 311 437
36 38 1193 1808
5 7 430 4266
99 100 430 4266
87 88 411 1018
57 59 1962 3487
10 12 350 1304
104 106 350 1304
0 120 2490 3606
74 74 1051 1351
88 88 1300 2055
50 51 1007 2742
24 25 69 2193
118 119 69 2193
90 91 12 1659
91 91 93 335
60 61 277 2896
69 69 383 1602
13 14 1408 4217
107 108 1408 4217
0 120 1205 2168
38 40 625 3579
0 120 1213 3749
37 38 313 1772
6 11 705 1064
101 104 705 1064
0 120 1018 3281
2 2 1446 1476
96 96 1446 1476
64 65 1633 3554
88 89 2762 3139
25 25 1602 1989
62 63 1657 2450
0 120 3869 3874
0 120 3292 3304
14 15 1946 3492
108 109 1946 3492
0 36 1676 3631
38 43 1676 3631
48 120 1676 3631
43 44 3238 4007
0 120 2575 3663
67 68 2202 2923
1 16 1405 1825
19 20 1405 1825
22 22 1405 1825
43 43 1405 1825
45 45 1405 1825
47 50 1405 1825
53 54 1405 1825
56 63 1405 1825
65 74 1405 1825
76 83 1405 1825
86 93 1405 1825
96 110 1405 1825
113 113 1405 1825
84 86 741 2599
42 43 1164 2702
81 81 1198 2286
65 67 1418 2060
0 120 2300 2677
0 120 2587 3673
0 120 3407 3412
69 70 1071 1198
85 86 374 2024
25 27 1438 2123
120 120 1438 2123
38 38 1820 2225
0 120 268 285
48 51 932 3483
1 3 216 4067
95 97 216 4067
25 25 882 1676
31 32 882 1676
42 42 882 1676
49 52 882 1676
61 63 882 1676
118 120 882 1676
5 8 307 4185
11 13 307 4185
16 32 307 4185
34 35 307 4185
37 38 307 4185
99 102 307 4185
105 120 307 4185
0 120 630 674
39 39 232 4011
54 56 352 2615
45 45 135 4078
65 65 135 4078
68 68 135 4078
75 75 135 4078
80 80 135 4078
29 30 16 2666
0 17 1917 2508
20 20 1917 2508
31 33 1917 2508
52 52 1917 2508
70 70 1917 2508
72 73 1917 2508
76 99 1917 2508
101 111 1917 2508
114 114 1917 2508
64 66 30 120
51 52 1022 2595
23 23 2617 3673
20 23 173 1337
26 26 173 1337
30 31 173 1337
33 33 173 1337
36 38 173 1337
40 43 173 1337
58 58 173 1337
60 63 173 1337
71 71 173 1337
98 99 173 1337
101 101 173 1337
106 107 173 1337
109 111 173 1337
113 116 173 1337
120 120 173 1337
28 29 2100 3154
0 120 1083 1558
32 33 348 2092
1 2 1172 3293
95 95 1172 3293
0 120 2335 3960
41 42 1045 1266
45 47 482 2092
8 9 36 285
101 103 36 285
0 120 4057 4059
91 92 2615 3977
76 78 469 3550
41 43 882 2965
52 53 39 1522
45 46 1198 1481
0 120 2194 3166
55 57 316 3493
51 51 2133 3452
37 39 32 3734
38 39 696 3714
56 57 2506 4192
85 86 414 618
0 120 1021 1030
24 26 128 4196
118 120 128 4196
61 62 71 3662
0 120 35 1753
21 23 372 392
115 117 372 392
48 48 898 2128
0 120 2018 3879
40 40 1190 3468
13 14 416 2384
107 108 416 2384
60 62 289 357
0 120 911 2363
92 93 1771 3221
50 51 1602 3412
21 21 1676 4115
115 115 1676 4115
63 65 535 3015
13 13 287 2913
107 107 287 2913
0 120 516 521
0 120 3547 3556
75 75 1248 2133
29 29 119 296
46 47 2770 3110
77 77 349 758
17 19 1670 2765
111 113 1670 2765
60 61 488 1856
2 6 63 926
96 100 63 926
64 66 1857 2591
27 28 1673 4002
41 42 46 4140
0 1 1452 2313
94 94 1452 2313
0 120 2406 2806
83 90 1076 2965
27 28 0 3206
0 120 3078 3613
25 25 2 1589
118 119 2 1589
45 49 3092 3511
70 72 351 1743
79 80 743 1035
33 34 342 3909
64 64 1278 2133
36 36 777 3837
88 88 765 2514
26 27 407 2806
120 120 407 2806
6 7 357 999
100 101 357 999
6 6 300 465
8 8 1284 3079
19 19 441 1636
83 85 52 363
0 120 2857 2863
0 120 159 1923
0 120 603 1405
0 120 327 3227
0 62 1407 2139
64 67 1407 2139
83 83 1407 2139
85 120 1407 2139
16 17 32 835
81 82 376 1399
90 92 625 2103
48 49 93 2242
39 41 2904 3059
35 36 629 2976
14 17 395 2580
108 110 395 2580
81 84 436 2581
0 120 2908 3932
30 31 103 3869
0 120 638 995
3 3 3098 3275
0 120 362 3571
32 33 262 2401
0 45 1597 3552
51 120 1597 3552
0 120 1036 1041
69 70 255 1230
84 84 126 2540
87 87 7 1128
72 73 425 887
25 26 1758 1965
119 120 1758 1965
0 120 1575 3012
0 9 1685 2618
14 15 1685 2618
19 24 1685 2618
27 27 1685 2618
32 36 1685 2618
38 102 1685 2618
104 105 1685 2618
108 109 1685 2618
113 118 1685 2618
120 120 1685 2618
2 9 441 831
97 103 441 831
75 75 56 1020
5 6 606 3150
9 20 606 3150
99 100 606 3150
102 114 606 3150
80 80 2103 3131
87 91 367 882
65 65 93 3531
0 120 375 2463
87 88 243 846
0 120 492 3802
43 45 146 3165
11 11 2126 4054
104 105 2126 4054
63 65 51 3305
1 1 2762 2952
95 95 2762 2952
61 73 1148 2386
75 76 1148 2386
81 81 1148 2386
9 12 1602 1802
103 106 1602 1802
22 23 420 893
116 117 420 893
45 46 2342 2366
110 111 141 1478
61 63 1091 3572
46 47 1412 1678
14 15 342 1010
108 109 342 1010
49 64 433 1128
67 69 433 1128
1 2 1026 1642
94 96 1026 1642
37 38 606 1056
0 120 2299 2669
0 14 315 318
16 32 315 318
60 62 315 318
64 72 315 318
75 76 315 318
79 87 315 318
90 108 315 318
110 119 315 318
7 7 294 3413
101 101 294 3413
34 35 352 1139
7 7 1673 2392
101 101 1673 2392
0 120 3828 4036
35 36 60 2428
9 9 280 482
0 120 2737 3245
37 37 765 3937
0 120 723 1991
0 120 574 3588
0 120 1577 3034
0 120 2456 3942
17 18 2444 2619
111 112 2444 2619
41 41 1685 1813
65 66 606 2345
63 65 635 831
0 120 2770 2789
89 91 581 3978
39 41 521 1483
0 120 1453 1463
0 120 2335 2834
0 120 1576 3748
33 34 253 1668
0 120 812 3352
14 14 134 256
108 108 134 256
67 68 399 3183
0 120 569 3594
26 27 1190 1992
120 120 1190 1992
114 114 1677 2110
64 65 436 4004
55 55 1193 3983
0 2 131 924
94 96 131 924
32 34 2591 3204
91 91 146 266
0 120 1078 2690
0 120 1214 4271
28 28 328 1438
0 120 1866 1982
5 5 2783 3374
99 99 2783 3374
0 120 2463 3958
0 120 780 781
26 27 1079 1602
120 120 1079 1602
76 77 1132 2926
28 30 146 3649
4 4 416 1258
58 59 373 3840
0 120 586 915
37 38 130 672
24 26 1004 1428
118 119 1004 1428
52 53 3079 3143
56 56 1907 2922
0 120 2669 3245
21 22 515 2203
115 116 515 2203
0 120 3823 3826
43 45 103 3198
0 120 2663 2676
87 88 2386 4088
0 120 3306 3307
37 38 2225 2450
0 4 420 2316
95 95 420 2316
39 39 989 2998
65 66 1128 3342
19 21 1092 1433
113 115 1092 1433
40 40 85 1279
21 24 1418 2357
115 118 1418 2357
43 48 310 1397
0 120 3878 3883
9 9 925 1670
0 120 247 2546
11 13 1121 3302
105 106 1121 3302
23 23 39 3563
15 15 3017 3554
43 45 419 3784
62 63 584 2131
22 24 95 2906
116 118 95 2906
47 48 23 1340
10 10 9 1442
103 104 9 1442
54 54 1017 2198
56 68 1017 2198
0 120 1202 3641
0 120 1187 2609
74 77 206 3676
0 120 2389 3204
0 120 561 3086
71 72 2904 4027
26 27 741 1741
120 120 741 1741
0 120 787 2086
17 23 138 1448
112 115 138 1448
78 78 85 124
76 78 1483 4041
0 120 2640 2641
33 33 299 992
37 37 371 3312
66 69 2967 3975
0 1 606 1674
93 95 606 1674
0 120 1122 2722
31 31 1483 1947
2 2 332 351
0 120 1278 3235
43 44 414 915
0 120 1596 3544
0 120 1835 1840
69 69 372 689
16 19 1707 2594
110 112 1707 2594
0 120 2701 3452
87 87 1070 1219
57 58 844 3128
47 47 132 2922
90 92 932 2975
0 7 9 4020
10 13 9 4020
15 89 9 4020
92 101 9 4020
105 107 9 4020
109 120 9 4020
47 47 606 2024
54 55 606 2024
74 74 606 2024
82 82 606 2024
89 89 2621 3688
77 78 386 1526
47 49 974 4140
78 79 131 2697
67 69 390 2399
16 18 407 1814
110 112 407 1814
18 20 128 2399
112 114 128 2399
37 37 133 2743
38 39 71 1865
16 17 39 4047
109 111 39 4047
13 14 2594 3181
106 108 2594 3181
0 120 2229 2302
0 1 95 3390
93 94 95 3390
19 19 983 3852
113 114 983 3852
0 120 1739 3606
1 2 2616 3879
95 96 2616 3879
0 120 2903 3909
58 59 1862 4171
73 74 1100 1404
51 52 371 3446
77 77 1589 4012
59 59 343 1398
0 120 580 587
0 120 339 1656
0 120 891 2169
56 57 760 1686
60 62 82 310
0 120 598 604
0 120 1754 3298
23 25 135 3354
117 119 135 3354
0 120 384 2338
22 24 2920 2950
116 118 2920 2950
19 20 2391 2606
113 114 2391 2606
32 32 302 2713
60 60 386 4104
60 61 52 2538
68 69 2581 2703
80 87 771 1471
74 75 160 2071
37 39 297 4032
2 2 230 2810
96 96 230 2810
65 68 1818 2909
0 120 1964 1980
0 1 419 1019
93 95 419 1019
7 8 405 1121
11 11 405 1121
14 14 405 1121
18 19 405 1121
43 43 405 1121
50 51 405 1121
53 54 405 1121
57 58 405 1121
62 62 405 1121
64 64 405 1121
67 73 405 1121
78 79 405 1121
88 90 405 1121
93 93 405 1121
97 98 405 1121
101 102 405 1121
105 105 405 1121
111 113 405 1121
116 118 405 1121
65 68 2130 3181
43 43 425 4217
51 52 420 3873
0 120 719 722
60 61 1565 1682
88 89 968 3678
0 120 930 942
49 49 429 2646
0 120 1850 1851
9 10 372 2112
103 104 372 2112
8 9 1232 2970
102 103 1232 2970
0 120 826 2282
88 89 95 3524
66 67 299 2765
2 2 1051 2400
96 96 1051 2400
27 29 846 2934
14 15 887 2935
108 109 887 2935
86 88 240 3124
48 49 17 3052
45 47 1641 2616
0 120 1078 3442
38 40 390 3822
64 65 1589 4146
62 62 2762 3249
87 87 2762 3249
19 21 193 1965
113 115 193 1965
3 4 146 429
97 98 146 429
61 63 430 4160
0 120 1039 1235
26 30 2035 2920
120 120 2035 2920
0 120 443 2113
5 5 206 2200
98 99 206 2200
20 20 598 738
114 114 598 738
30 32 1446 2525
11 12 2287 3895
105 106 2287 3895
0 0 2648 3120
25 27 353 907
119 120 353 907
8 9 373 4003
102 103 373 4003
10 14 354 3761
104 108 354 3761
24 25 1120 3294
119 119 1120 3294
42 42 423 4120
22 24 63 3585
116 118 63 3585
0 120 3060 3064
0 120 1181 2981
60 61 1685 1760
0 120 403 3653
59 62 506 2842
63 64 125 1430
58 59 209 2067
64 66 975 1600
23 24 429 1841
117 118 429 1841
0 120 2731 2781
0 120 2476 3952
0 120 532 1030
18 19 2199 2920
112 113 2199 2920
33 33 846 2129
29 32 932 1149
43 44 1004 3469
54 54 257 1734
9 10 238 1492
103 104 238 1492
54 54 2581 3187
9 10 770 2484
103 104 770 2484
78 79 904 3238
80 80 582 3187
45 45 2595 4024
40 41 1132 2873
79 80 1670 3680
0 120 397 963
43 44 94 1154
13 14 1102 4162
107 107 1102 4162
42 43 1398 2992
69 70 238 1842
79 79 765 3079
11 12 1193 4280
104 106 1193 4280
92 93 696 3474
0 120 1191 1201
7 7 371 3125
101 101 371 3125
85 86 334 3243
58 59 1352 2997
0 120 385 3962
0 120 2281 3460
0 120 2556 3665
2 3 968 2068
96 97 968 2068
58 59 1064 1776
7 10 723 1483
101 103 723 1483
0 120 1394 4162
109 109 1423 2648
0 120 1149 3577
90 90 1677 3696
26 27 428 1565
119 120 428 1565
13 14 2423 2762
107 107 2423 2762
20 20 743 3828
76 78 1128 3639
0 120 1572 3121
0 120 1219 3757
70 71 18 354
57 58 606 2776
0 120 795 3429
42 44 1483 3049
66 67 1992 2926
0 0 743 795
4 7 743 795
11 12 743 795
19 21 743 795
25 27 743 795
63 63 743 795
65 66 743 795
79 80 743 795
84 84 743 795
88 88 743 795
94 94 743 795
98 100 743 795
104 106 743 795
113 114 743 795
119 120 743 795
0 120 1020 3547
32 34 1001 3305
0 120 734 2961
0 120 1885 2305
0 120 355 2376
17 17 307 1396
71 76 147 3393
0 120 453 467
0 120 124 1689
50 52 1776 3301
56 57 2591 2696
70 71 3170 3312
30 32 1004 1509
51 51 307 2335
0 120 124 2628
43 43 1013 2726
47 48 160 595
11 13 2386 4169
105 107 2386 4169
0 120 4170 4180
21 21 3110 4200
52 52 402 2572
79 81 1408 2501
88 89 19 2053
2 2 800 2618
95 96 800 2618
48 50 1977 3183
0 120 328 2808
49 51 1675 2064
109 109 6 2757
3 3 558 4024
6 7 558 4024
9 9 558 4024
15 17 558 4024
24 26 558 4024
41 41 558 4024
45 45 558 4024
66 66 558 4024
87 87 558 4024
89 90 558 4024
93 93 558 4024
96 101 558 4024
103 103 558 4024
108 111 558 4024
114 114 558 4024
117 120 558 4024
30 31 105 2736
47 48 386 534
55 56 372 636
6 7 103 3629
100 100 103 3629
0 120 111 1992
39 47 2203 3122
13 14 1162 4138
107 108 1162 4138
23 23 219 771
116 117 219 771
0 120 463 3383
22 23 430 1745
115 117 430 1745
0 120 944 1966
86 87 189 370
26 26 441 591
88 89 425 4030
46 48 592 760
6 6 1170 2686
72 72 1161 3132
44 46 755 2444
109 109 1091 2393
111 111 1091 2393
49 50 414 2151
42 46 352 2993
27 29 30 2942
120 120 30 2942
61 63 95 3337
72 78 700 2922
72 72 299 2578
51 52 144 3229
86 87 488 3039
0 120 2905 3929
9 10 737 3743
103 104 737 3743
85 85 565 1007
0 120 630 1402
8 8 79 3743
44 46 420 1592
16 16 412 3394
109 110 412 3394
51 52 694 4046
8 8 418 4148
29 31 60 2188
46 48 421 2167
0 120 2759 2764
47 48 94 1772
56 57 488 945
24 25 782 3112
118 119 782 3112
0 2 1064 2044
95 95 1064 2044
62 62 240 843
84 86 606 1166
56 57 1232 4072
8 11 2913 4170
85 85 2913 4170
102 107 2913 4170
38 38 232 2645
0 120 22 2835
65 66 1037 1352
88 89 1197 2573
39 40 63 3398
15 15 412 1300
81 82 2427 2964
0 120 2213 3944
35 35 103 3174
0 120 2739 3236
48 51 1483 2378
49 50 1670 2204
85 87 187 2121
35 36 135 3651
13 14 85 1844
107 108 85 1844
77 78 1070 1650
49 58 1348 3092
0 120 18 4005
44 45 243 4123
71 71 230 3107
71 73 2615 3550
87 88 1820 3087
18 19 1013 2055
112 113 1013 2055
21 22 1197 3862
115 116 1197 3862
92 93 1397 2984
0 5 2291 2672
9 84 2291 2672
87 87 2291 2672
98 98 2291 2672
103 105 2291 2672
107 120 2291 2672
77 77 276 1008
35 35 1673 3791
51 52 1671 2964
3 6 293 2897
97 99 293 2897
0 120 269 2311
4 4 1709 1758
97 98 1709 1758
7 7 410 3482
5 5 36 3241
97 99 36 3241
19 19 1108 2292
114 114 1108 2292
0 120 1302 3097
55 55 932 1312
72 74 2506 3765
0 120 2881 2888
0 120 1799 3903
0 120 1066 2066
0 120 2919 3180
51 52 1088 1825
41 41 2120 3729
79 80 306 1789
75 77 2293 3657
0 120 3693 3705
2 3 224 1198
96 97 224 1198
53 56 1165 2984
0 120 857 2831
23 24 2133 3375
117 118 2133 3375
59 59 914 2584
0 1 186 1091
92 94 186 1091
0 81 72 1743
84 120 72 1743
79 80 423 1034
69 71 82 741
35 36 1245 1408
44 48 1300 1307
0 120 1511 1527
57 59 1662 4140
0 120 962 2251
80 82 160 1563
9 10 1486 3160
103 105 1486 3160
0 120 725 4001
0 120 2903 3185
0 120 212 218
30 31 771 1902
21 23 1194 2759
115 116 1194 2759
22 24 1225 2072
116 117 1225 2072
58 58 1302 2292
0 120 4254 4280
6 7 133 3308
99 100 133 3308
41 42 128 2964
71 71 367 1260
12 12 30 177
105 107 30 177
47 48 2130 3612
40 42 310 2446
90 92 1170 3304
79 79 349 1620
27 28 39 640
26 27 15 54
120 120 15 54
39 40 1004 3766
0 120 718 3180
12 13 331 2734
106 107 331 2734
80 81 408 2200
86 87 377 635
9 10 193 2046
103 104 193 2046
0 120 1531 3468
70 71 306 1923
76 77 390 3314
83 84 2133 2570
0 120 2267 2570
2 5 1312 2606
96 99 1312 2606
0 120 200 2436
85 86 353 3432
40 42 293 937
39 40 1170 1210
47 47 146 3893
64 65 122 301
83 84 975 3186
24 25 2513 2976
118 119 2513 2976
45 46 228 1451
29 30 1606 3992
22 24 1334 3304
116 118 1334 3304
81 83 1404 2545
12 12 932 2735
106 107 932 2735
16 17 390 1220
109 110 390 1220
18 19 75 2148
112 113 75 2148
0 120 3996 3998
33 34 1165 3468
0 120 217 511
48 49 754 1682
51 51 413 1389
63 63 57 2508
84 85 3555 4255
48 49 1404 3484
88 90 296 804
111 111 932 3674
26 28 765 1282
120 120 765 1282
5 6 694 2570
99 100 694 2570
29 30 420 3499
46 48 60 712
85 86 2782 2992
0 1 187 2739
93 95 187 2739
19 21 1670 2822
113 115 1670 2822
89 90 961 2133
75 76 1821 2991
54 55 417 3201
0 120 2404 2817
7 12 57 414
46 53 57 414
58 58 57 414
66 71 57 414
73 80 57 414
83 83 57 414
87 88 57 414
101 105 57 414
0 120 2025 2232
25 25 19 122
0 2 1091 3145
94 96 1091 3145
26 27 60 4095
120 120 60 4095
17 18 1113 2904
111 112 1113 2904
76 77 669 1170
73 73 292 1220
112 112 1300 2730
48 49 312 2626
0 120 224 527
4 5 482 2283
98 99 482 2283
77 79 1158 1334
11 12 230 3725
105 106 230 3725
40 41 265 1467
0 120 1882 2304
1 3 187 4028
7 9 187 4028
21 22 187 4028
62 67 187 4028
69 70 187 4028
78 78 187 4028
80 82 187 4028
84 84 187 4028
88 93 187 4028
95 97 187 4028
101 103 187 4028
115 116 187 4028
80 82 1161 1790
0 120 2439 3161
40 41 629 2683
0 120 509 1046
90 91 292 2509
4 6 414 4192
98 100 414 4192
42 42 163 409
56 58 256 600
76 78 299 1236
0 120 808 1113
0 120 2497 3516
0 120 735 4018
15 17 771 3675
108 110 771 3675
73 73 372 3966
35 36 179 353
48 49 1579 2653
83 83 1285 1452
0 5 2508 3116
7 37 2508 3116
39 46 2508 3116
48 120 2508 3116
9 9 985 1914
103 103 985 1914
0 120 2019 3891
61 61 1496 2618
12 14 11 1708
29 35 1678 3598
21 23 33 1467
115 116 33 1467
83 84 277 1827
91 92 411 1827
54 55 204 2288
9 11 1461 2782
103 105 1461 2782
0 120 1010 3849
0 120 566 2869
29 31 368 410
28 31 277 2766
29 31 626 2920
58 60 430 2042
72 73 294 2181
48 48 416 3864
0 120 885 2622
16 17 1048 3552
110 111 1048 3552
26 26 313 1642
120 120 313 1642
52 53 436 3927
42 43 6 1899
85 86 1537 3716
12 13 85 2946
105 106 85 2946
0 120 2940 3281
31 33 60 2135
71 71 309 1119
35 37 373 380
84 85 404 2699
0 120 698 702
69 72 1451 3383
27 29 334 2869
68 77 316 3229
62 63 225 1421
0 120 8 2884
0 120 1248 3963
4 5 400 2176
98 99 400 2176
36 37 436 1833
0 120 1033 3809
47 47 357 1540
69 71 1334 2983
0 120 677 4147
34 36 2107 2906
90 91 1744 2100
91 92 87 898
48 49 441 3116
18 19 243 3131
112 112 243 3131
57 58 3596 3743
47 47 441 4055
24 31 2140 2450
34 36 2140 2450
39 39 2140 2450
44 51 2140 2450
54 62 2140 2450
65 72 2140 2450
80 80 2140 2450
83 85 2140 2450
119 120 2140 2450
51 53 373 2608
0 120 1066 1074
0 120 1213 3753
61 61 36 3188
47 48 923 2459
0 120 1040 3044
82 82 14 396
0 120 991 1839
5 5 373 2958
98 99 373 2958
75 76 2207 2332
35 36 402 2198
0 120 92 3470
0 120 321 324
4 4 300 4173
10 11 300 4173
17 18 300 4173
26 26 300 4173
39 39 300 4173
90 91 300 4173
105 105 300 4173
59 60 331 3486
27 27 0 1437
7 8 1340 3686
101 101 1340 3686
0 120 2575 3667
38 38 1685 4098
0 120 1993 1999
7 8 1193 1946
101 102 1193 1946
94 94 47 694
0 120 2641 2974
0 120 1063 2065
2 3 299 915
96 97 299 915
0 120 2336 2338
0 120 1730 2528
34 36 2724 4140
31 32 716 1203
41 42 771 910
0 120 268 289
0 120 1092 1490
72 74 412 1731
34 35 606 2536
90 93 869 1418
90 91 1168 1485
40 41 473 694
53 55 2506 2907
78 80 23 1397
0 120 3245 3246
60 61 141 864
4 6 331 2681
99 100 331 2681
21 22 1446 1614
115 116 1446 1614
0 120 224 340
56 57 717 3656
0 120 1135 3415
75 75 3045 3565
0 120 3184 3909
21 22 350 2142
115 116 350 2142
1 2 30 474
95 96 30 474
0 120 3240 3252
76 76 988 1675
40 41 726 1675
19 20 760 1259
113 114 760 1259
0 120 2723 2733
6 8 2016 2117
100 102 2016 2117
42 42 932 1743
60 61 975 3133
85 86 414 622
0 120 1174 4282
0 1 429 3374
94 96 429 3374
0 120 97 2635
20 94 71 633
97 98 71 633
102 104 71 633
110 120 71 633
18 21 348 3385
112 115 348 3385
90 91 625 1973
44 45 303 1922
18 20 1161 1953
112 114 1161 1953
0 120 1787 2415
0 120 1376 1383
0 120 3824 3838
0 120 627 2019
15 16 400 2794
109 110 400 2794
89 91 3196 4269
45 45 3557 4248
60 61 147 2348
0 120 1719 1722
42 43 120 3908
71 72 53 1932
59 59 488 1860
8 9 2581 2626
102 103 2581 2626
62 65 39 721
84 86 441 701
57 58 1007 3364
20 22 432 2867
114 116 432 2867
0 120 2634 2637
76 76 1194 3190
0 120 645 3914
0 3 225 3328
5 6 225 3328
17 18 225 3328
62 62 225 3328
64 64 225 3328
72 80 225 3328
83 90 225 3328
93 97 225 3328
99 100 225 3328
103 103 225 3328
106 107 225 3328
111 113 225 3328
118 119 225 3328
17 18 72 80
111 111 72 80
44 45 216 1522
0 120 1166 2862
41 42 412 3154
21 22 1088 1451
115 116 1088 1451
115 115 381 1589
70 70 1685 3427
41 43 4 1639
0 120 4023 4024
53 55 1198 1619
25 25 1068 1738
119 119 1068 1738
2 3 16 4093
95 96 16 4093
19 21 1045 1754
113 114 1045 1754
39 41 102 3113
79 81 7 2287
90 91 414 4139
51 59 1128 2728
25 27 240 3986
119 120 240 3986
43 45 353 3863
0 120 921 937
0 120 1927 4064
0 120 2321 3237
32 34 1223 2965
75 76 5 147
16 18 2967 3577
110 112 2967 3577
0 120 1081 1569
25 25 243 2944
119 119 243 2944
49 50 1232 1738
9 11 134 2220
103 104 134 2220
0 120 2510 3109
120 120 1168 4197
0 120 712 1702
0 120 3076 3520
0 120 557 4043
28 29 311 604
20 21 2523 2782
113 115 2523 2782
46 46 558 1235
0 120 3856 3860
0 120 1896 1903
20 21 316 1887
114 115 316 1887
0 120 3767 3788
90 90 400 3278
0 120 469 2883
0 120 80 1610
7 12 3550 3561
14 18 3550 3561
20 20 3550 3561
22 23 3550 3561
25 44 3550 3561
46 54 3550 3561
112 112 3550 3561
116 116 3550 3561
119 120 3550 3561
83 84 2103 3135
86 87 1671 2724
69 69 1403 2909
0 120 603 604
0 120 3051 3059
0 120 2361 2612
1 2 148 209
96 96 148 209
56 56 294 2478
60 60 1091 3576
40 40 1197 3972
69 70 299 2822
0 120 2028 3900
0 120 1570 3022
0 120 2685 2709
29 30 312 3057
69 69 93 1441
11 12 760 938
105 106 760 938
60 61 798 1230
16 17 1195 1832
110 111 1195 1832
0 120 1635 2104
19 20 1203 2447
112 114 1203 2447
48 49 410 559
0 120 246 1656
0 120 3828 4040
15 16 476 2118
108 110 476 2118
12 15 1675 2442
106 108 1675 2442
33 34 123 502
89 89 1167 3921
46 49 2287 3952
0 120 3918 3933
1 3 193 2961
95 97 193 2961
64 64 2909 2952
89 90 1190 4090
73 73 581 599
20 21 216 3884
114 115 216 3884
32 34 350 666
9 10 2566 3552
102 104 2566 3552
39 39 2029 2381
65 66 1132 4085
10 10 554 3879
103 105 554 3879
63 63 1954 2207
56 58 177 1677
82 83 1025 3464
0 120 2205 3546
75 80 1164 3808
81 84 30 2381
7 9 367 1020
101 103 367 1020
0 120 1585 1586
16 17 441 969
109 111 441 969
19 20 482 970
113 114 482 970
31 31 2029 3320
27 27 1676 1704
34 45 1008 1016
47 48 1008 1016
37 37 13 1431
74 75 30 3320
22 23 1451 2525
116 117 1451 2525
15 16 2218 2438
109 110 2218 2438
0 120 2393 3193
13 14 631 3695
107 108 631 3695
43 44 230 3351
78 80 232 1734
69 69 2133 2330
11 11 1020 1026
15 15 1020 1026
20 31 1020 1026
34 34 1020 1026
44 45 1020 1026
49 49 1020 1026
102 102 1020 1026
104 104 1020 1026
114 120 1020 1026
29 30 1467 1715
79 79 54 3125
33 34 2731 3188
0 120 2098 3275
45 46 100 1026
0 120 3811 3820
28 29 1120 1607
0 120 879 2484
41 41 429 3187
42 43 314 985
0 120 2631 2957
13 14 331 400
107 108 331 400
0 120 859 2771
42 44 1602 2290
46 46 322 846
39 40 404 3130
86 88 1190 3285
73 74 1102 1186
0 120 835 842
45 46 892 2130
0 120 904 1201
42 43 386 3490
73 75 293 1047
45 46 79 2027
0 120 3649 3650
40 41 488 734
69 69 1787 2228
101 103 39 2628
6 7 221 390
100 100 221 390
9 10 412 1678
103 104 412 1678
47 47 152 2505
83 83 152 2505
86 86 152 2505
89 90 152 2505
102 104 152 2505
108 108 152 2505
113 114 152 2505
50 51 133 2263
1 2 296 3947
95 96 296 3947
42 43 1702 2120
27 29 1017 1263
63 64 19 2915
42 43 60 2916
5 8 1094 1483
99 102 1094 1483
0 120 2740 3250
58 59 748 846
22 25 421 451
116 119 421 451
25 26 1365 1946
119 120 1365 1946
10 24 1198 3526
106 110 1198 3526
15 17 1511 1771
109 111 1511 1771
56 57 554 3424
0 120 1469 3989
9 9 299 2151
53 53 180 739
0 120 3150 4087
0 120 2389 3208
40 40 1606 2008
60 61 606 2833
0 120 3013 3035
61 62 229 631
0 1 17 2438
32 33 765 2331
54 56 1239 1433
57 58 659 2844
28 28 457 1397
0 120 2057 2065
35 36 1541 1771
72 72 264 1002
44 46 1232 3645
0 0 105 2443
92 93 105 2443
0 120 1741 3522
0 120 254 1977
61 62 146 754
21 22 309 1684
115 116 309 1684
80 84 371 3316
81 83 13 2854
82 86 2494 3759
7 8 1180 2142
100 102 1180 2142
0 120 1672 2604
75 76 1070 4256
0 120 1073 3773
53 54 302 1644
0 120 2695 2702
0 120 222 1880
70 72 1397 1618
0 120 1457 1669
57 57 844 3132
0 120 1078 1084
20 21 2836 3092
114 114 2836 3092
0 120 202 1413
63 64 61 242
91 93 121 293
21 23 1120 3969
115 116 1120 3969
70 71 1075 2506
52 54 975 1336
0 64 193 546
68 120 193 546
89 89 14 3055
0 120 3821 3837
37 38 344 715
12 13 65 1300
105 107 65 1300
64 65 2965 3852
69 71 30 2999
89 90 93 2941
9 9 429 2516
103 103 429 2516
47 49 2287 2476
18 19 346 761
113 113 346 761
3 5 371 2511
97 99 371 2511
42 44 144 3286
49 51 402 1824
0 120 3965 3966
87 88 16 4040
0 120 1535 3780
55 57 1196 1870
0 120 1018 3261
0 120 2936 3272
7 8 42 2228
101 102 42 2228
88 91 2913 3288
0 120 3386 3508
0 120 1813 2189
69 71 409 3153
9 9 483 3102
101 105 483 3102
0 120 1734 3616
61 61 717 1054
69 69 524 659
0 120 403 2584
46 46 410 1311
77 78 1051 3559
0 11 3160 4104
14 18 3160 4104
23 23 3160 4104
80 81 3160 4104
85 85 3160 4104
88 89 3160 4104
91 104 3160 4104
108 111 3160 4104
0 120 2711 2780
1 2 27 792
10 10 32 1136
103 105 32 1136
0 120 4032 4033
0 120 1353 3143
55 56 1170 1938
50 50 306 3590
62 62 1806 3088
9 11 505 767
103 105 505 767
79 80 273 1198
1 3 259 1300
95 97 259 1300
0 120 1599 3549
13 14 2681 3288
107 108 2681 3288
0 2 1408 3981
94 95 1408 3981
0 120 2824 2842
56 58 429 1711
27 28 153 315
0 120 1066 4217
77 77 348 1722
0 120 2710 2713
5 5 12 1773
98 98 12 1773
0 120 3355 3417
28 28 390 2887
0 120 1351 1353
2 4 771 2764
96 98 771 2764
55 55 131 4124
0 1 2118 3740
94 95 2118 3740
60 60 760 885
68 74 1806 1933
51 52 641 1193
24 25 85 3190
118 119 85 3190
0 120 124 2364
80 81 117 1193
0 2 888 1070
94 96 888 1070
33 34 760 4268
43 44 19 1789
40 41 2118 4090
0 120 3577 3587
62 63 475 2594
85 86 292 2887
0 120 1364 1938
85 86 32 3714
27 27 1606 3915
66 66 51 1512
75 77 1193 2056
31 32 2230 3550
106 107 1170 2072
60 62 1670 2395
37 37 968 2877
3 3 2303 4028
97 97 2303 4028
0 120 384 2826
0 120 1373 4094
0 120 4215 4224
78 79 904 2303
67 67 2578 2920
0 120 1756 1765
0 0 1455 2591
92 94 1455 2591
47 53 1025 1317
0 120 782 1559
27 28 429 2195
53 55 1017 2365
64 65 38 95
18 20 898 953
112 114 898 953
0 120 2550 2565
0 120 633 1436
0 7 2653 3444
10 10 2653 3444
91 101 2653 3444
32 34 292 1143
0 120 3470 3474
4 5 206 3843
98 98 206 3843
75 76 1646 3098
0 120 1069 4218
36 36 646 1671
72 72 298 399
36 36 105 2256
37 39 2118 3285
61 62 277 3494
70 70 511 1446
23 23 342 3889
117 117 342 3889
54 55 1340 2991
0 120 2971 2972
70 71 411 3494
0 120 426 2836
5 5 1193 1251
99 99 1193 1251
0 0 264 1754
93 94 264 1754
12 18 16 686
75 77 694 3782
0 0 432 3782
93 94 432 3782
59 59 413 3540
1 2 76 2457
95 95 76 2457
0 120 113 1558
2 2 371 4068
32 33 2303 3223
65 66 66 3432
0 120 1394 4166
38 39 640 1452
42 50 1120 2843
21 22 55 2519
52 54 738 2549
55 56 337 1451
54 56 206 2688
30 32 985 2426
36 36 2626 3849
4 7 675 1446
98 100 675 1446
41 41 63 4073
0 120 1572 3125
76 77 42 3196
57 59 193 359
17 17 1908 2293
111 111 1908 2293
15 15 968 3361
109 110 968 3361
83 84 1821 3048
56 57 412 2914
63 64 3187 4266
7 7 1825 3167
12 15 1825 3167
32 34 1825 3167
42 44 1825 3167
66 66 1825 3167
101 101 1825 3167
105 109 1825 3167
116 116 1825 3167
120 120 1825 3167
0 120 2639 3680
69 69 856 3305
71 73 1752 2130
83 84 1055 2202
92 93 625 928
0 120 279 291
0 120 81 1996
87 88 1450 2731
11 12 371 3263
105 106 371 3263
91 92 197 3110
0 120 945 1283
53 55 303 1816
22 22 1433 2535
0 120 3539 3563
0 120 490 1642
37 37 94 1642
43 44 316 3741
82 88 3538 4092
0 120 3154 3163
37 39 53 4270
75 77 39 2120
81 82 1085 2202
35 35 297 466
90 91 1424 1668
34 36 988 2269
0 120 995 996
0 120 1819 2197
37 38 1179 3557
20 21 1273 2438
114 115 1273 2438
53 54 66 3916
26 27 367 646
120 120 367 646
0 120 124 888
31 31 313 3793
88 90 1074 2228
36 39 310 1832
17 17 2520 3183
111 111 2520 3183
73 74 104 1175
61 64 1771 3819
0 120 3798 3800
81 82 42 297
82 82 947 2618
76 77 105 4029
13 14 2287 2423
107 108 2287 2423
12 12 2130 3937
105 105 2130 3937
84 85 2156 2906
2 4 79 364
96 97 79 364
1 3 1570 2782
95 97 1570 2782
67 68 395 600
0 120 200 1822
0 120 2168 3640
0 120 642 2921
0 1 2581 3809
93 95 2581 3809
0 120 1062 1063
22 24 558 2284
116 117 558 2284
84 84 2595 3707
24 25 2100 2947
118 119 2100 2947
10 10 1121 1643
103 104 1121 1643
16 16 1554 3188
109 110 1554 3188
33 33 52 611
0 120 828 832
9 10 1230 4030
103 104 1230 4030
47 47 409 3100
69 70 1398 3614
58 59 1298 2444
68 69 1007 3958
71 73 696 4096
49 50 255 2633
16 16 262 1360
110 110 262 1360
0 120 88 3459
35 36 2591 4123
79 81 34 190
0 120 22 2839
41 42 130 652
0 120 2411 2435
26 27 55 2198
120 120 55 2198
66 66 93 2490
86 86 793 1935
90 92 533 2762
0 120 1544 3789
51 53 386 1022
62 63 60 3481
0 120 595 607
22 24 345 432
116 117 345 432
0 120 505 1653
0 120 176 2875
0 120 3686 3693
79 84 128 1895
0 120 2526 2543
34 35 408 1720
43 44 1068 4210
0 120 247 2526
7 7 2353 3554
100 101 2353 3554
85 85 419 1320
0 120 1709 1762
13 15 975 2706
107 108 975 2706
64 66 2594 3616
51 52 436 4118
0 120 561 3066
25 25 1820 3441
119 119 1820 3441
50 51 1758 2563
0 120 2133 2440
11 12 32 2722
106 106 32 2722
15 15 187 381
108 109 187 381
77 82 1068 2116
46 47 87 3183
72 72 221 3183
75 77 1332 1408
28 30 2951 3072
3 4 229 1546
97 98 229 1546
70 72 146 3763
0 120 3176 3190
0 120 2491 3087
24 25 2133 3379
118 119 2133 3379
2 3 123 3779
96 97 123 3779
0 120 775 1490
51 52 921 3759
3 4 1334 3174
97 98 1334 3174
77 77 265 2142
0 120 1822 2174
0 120 879 3533
51 52 264 1917
68 68 99 160
16 18 334 966
110 112 334 966
73 75 2438 3611
0 120 1199 2168
0 120 165 1911
0 120 4091 4105
22 24 299 1911
115 117 299 1911
44 44 1123 3112
11 11 32 1567
13 49 32 1567
51 77 32 1567
79 81 32 1567
109 120 32 1567
0 120 1267 2302
17 22 2454 3555
111 116 2454 3555
74 75 219 1393
46 47 1466 3451
72 73 1602 4278
69 70 432 2440
78 79 414 1834
23 23 2842 2913
117 117 2842 2913
0 120 1782 2933
1 2 125 1731
95 96 125 1731
12 15 464 1197
107 109 464 1197
5 6 1398 2004
99 100 1398 2004
0 120 3091 3617
90 90 30 2625
37 38 451 1901
37 38 1676 1948
47 48 60 3965
27 27 306 988
7 11 414 2773
51 51 414 2773
66 69 414 2773
101 105 414 2773
62 64 2002 2118
37 37 204 2963
47 47 209 3307
56 56 1682 2702
29 31 353 2497
64 65 386 2445
92 93 229 741
9 10 14 587
103 103 14 587
31 32 1467 1959
35 37 629 1614
0 120 1243 3005
12 12 983 3832
106 106 983 3832
57 59 152 1460
69 71 760 1316
43 43 314 1229
59 59 430 623
32 33 256 470
52 53 846 3719
29 30 1019 3647
46 47 1196 2785
56 57 301 1152
0 120 731 736
78 79 115 238
32 33 2733 3104
4 4 3552 3961
44 46 28 993
48 49 2867 3104
5 6 2009 2292
99 99 2009 2292
25 26 130 2209
119 120 130 2209
89 89 144 2107
0 120 3263 3269
2 3 414 2907
96 97 414 2907
10 12 173 3976
104 105 173 3976
0 120 1279 1857
30 33 1019 2492
90 91 134 4021
72 72 72 137
77 79 72 137
74 74 352 3160
0 120 1792 2415
10 11 2666 3171
104 104 2666 3171
32 33 314 424
37 38 362 1404
23 26 721 3966
117 119 721 3966
35 37 492 696
77 79 2653 3875
61 62 631 1040
63 65 2307 3238
35 36 743 2035
13 14 1128 1846
107 108 1128 1846
67 68 932 1934
71 73 262 1173
0 120 1715 2545
0 120 3673 3675
0 120 208 1876
53 60 1025 2098
0 120 667 2390
36 37 309 1928
37 37 1438 1513
90 91 56 2236
0 120 1613 2268
0 120 2053 2540
27 29 2607 3880
0 120 2042 3879
76 78 760 1800
56 57 1181 3550
35 35 1820 1965
2 4 1128 3135
96 97 1128 3135
26 28 3160 4214
120 120 3160 4214
8 8 116 193
102 102 116 193
12 14 2626 4280
106 108 2626 4280
0 120 40 3581
0 120 4257 4261
3 3 1413 1806
46 47 1413 1806
50 54 1413 1806
57 57 1413 1806
70 75 1413 1806
85 85 1413 1806
90 90 1413 1806
97 97 1413 1806
117 119 1413 1806
63 64 2632 2782
0 120 2580 2592
39 41 128 2647
0 120 682 3987
1 1 885 2626
54 63 885 2626
73 75 885 2626
79 80 885 2626
83 83 885 2626
62 64 346 4038
89 91 1017 1991
78 79 315 2473
114 117 36 3058
0 120 4234 4250
68 69 2085 3552
104 104 361 374
84 84 1529 2139
0 120 82 1713
0 120 89 440
24 26 75 542
118 120 75 542
36 38 985 3207
8 10 2591 3131
102 104 2591 3131
7 8 1008 1878
101 102 1008 1878
72 73 581 1811
0 120 3036 3747
28 29 1670 4249
59 60 13 2293
37 38 314 3941
0 120 3278 3280
34 35 353 3115
85 85 243 1257
1 1 69 3356
9 12 69 3356
19 22 69 3356
31 38 69 3356
40 40 69 3356
42 44 69 3356
76 78 69 3356
88 89 69 3356
92 97 69 3356
102 107 69 3356
109 118 69 3356
62 62 850 3921
2 4 812 1185
96 97 812 1185
27 29 581 2750
75 76 1352 2627
0 120 1059 1062
0 120 3070 3516
3 3 400 2180
97 97 400 2180
30 31 515 2130
46 48 767 3105
79 80 932 2418
0 120 677 4151
53 54 1004 2294
34 34 2203 2618
64 65 28 3705
30 32 2287 4009
75 75 1504 2617
0 120 396 1657
43 45 160 1380
0 120 1354 1360
32 32 347 2704
60 61 1068 3218
21 22 1164 2926
115 117 1164 2926
42 43 311 795
71 73 32 1380
73 75 216 3941
0 120 224 2304
0 120 3345 3347
45 46 1117 3110
83 84 1165 4090
0 120 874 3352
78 80 2314 2607
0 120 2140 2454
58 59 256 2027
32 33 419 3711
65 65 770 2248
0 120 1692 3984
67 68 1962 3845
21 21 914 3690
115 115 914 3690
0 120 1327 3105
0 120 649 4173
49 49 367 1077
87 87 19 3777
0 120 3857 3872
6 8 65 1678
100 101 65 1678
0 120 440 1555
40 41 1806 4271
48 50 1675 3788
0 120 1752 1756
48 49 1141 1602
85 86 1232 3218
81 81 1908 2269
0 120 1691 3732
0 120 3983 3984
50 50 629 1427
55 55 629 1427
87 87 3110 3830
0 120 92 3474
0 120 1169 2869
0 120 2526 3779
2 5 1408 2131
7 7 1408 2131
10 34 1408 2131
36 52 1408 2131
56 61 1408 2131
63 69 1408 2131
71 73 1408 2131
96 101 1408 2131
104 108 1408 2131
111 120 1408 2131
7 8 52 4075
101 101 52 4075
45 45 301 3059
74 75 93 4076
66 69 313 2130
14 15 2309 3552
108 109 2309 3552
2 2 315 513
95 96 315 513
35 36 2840 3188
25 26 2434 2500
119 120 2434 2500
101 101 216 2197
61 63 130 733
12 19 1064 1540
56 56 3178 3183
69 73 3178 3183
76 76 3178 3183
79 94 3178 3183
96 97 3178 3183
48 51 707 2434
0 120 87 3480
14 16 698 1190
108 109 698 1190
47 49 421 2602
0 120 2511 3097
56 57 1446 2773
77 77 133 1381
81 82 1165 3285
54 55 110 1397
75 76 1013 3645
50 51 631 2597
31 32 371 4178
95 97 1195 2373
11 12 357 2028
105 106 357 2028
0 120 2370 2865
59 61 128 1976
11 11 103 3609
105 105 103 3609
4 6 693 1196
99 100 693 1196
29 29 27 581
0 120 2809 2912
43 44 524 1387
24 25 1771 3445
118 119 1771 3445
0 120 154 164
0 120 3402 3426
85 85 1676 1895
29 31 2653 3338
45 45 717 2721
65 67 1224 1771
57 58 76 3856
90 91 1466 3748
1 1 284 395
21 21 284 395
25 25 284 395
27 40 284 395
49 51 284 395
53 54 284 395
61 61 284 395
70 72 284 395
76 76 284 395
79 82 284 395
86 87 284 395
89 91 284 395
95 95 284 395
115 115 284 395
119 119 284 395
52 52 160 2803
85 85 225 3198
40 41 237 2269
7 7 914 4174
100 101 914 4174
56 60 2029 3861
89 91 1148 2126
0 120 2194 3174
0 1 301 3193
90 94 301 3193
0 120 2665 2759
69 71 1105 1675
0 120 3926 3934
50 51 144 4148
16 17 1121 1619
109 110 1121 1619
91 92 517 2444
11 11 3297 4140
41 41 55 1824
92 93 2434 2984
0 120 1618 3364
24 26 2762 3981
118 120 2762 3981
81 88 417 2213
15 15 2142 4273
109 109 2142 4273
36 37 243 2814
25 26 342 2039
119 119 342 2039
0 0 416 2742
91 94 416 2742
25 26 760 2552
119 120 760 2552
46 46 2434 3923
0 120 92 1864
0 120 2062 2065
0 120 1960 3478
35 35 410 2173
39 40 1152 2029
0 120 703 705
76 76 54 2511
13 14 123 2116
107 108 123 2116
3 3 362 412
97 97 362 412
32 32 2029 3056
0 120 454 3384
4 5 3183 3637
98 99 3183 3637
0 120 3945 3960
0 120 132 889
75 76 30 3056
75 80 1162 2158
4 4 14 79
11 15 14 79
17 22 14 79
24 28 14 79
31 32 14 79
35 38 14 79
71 76 14 79
78 79 14 79
82 83 14 79
86 87 14 79
90 99 14 79
101 101 14 79
103 120 14 79
15 17 2591 2944
109 111 2591 2944
39 39 72 3467
41 41 280 2450
92 93 53 3225
42 44 1670 4062
19 21 932 1881
112 115 932 1881
58 59 2616 3940
22 22 1182 2029
116 116 1182 2029
81 81 2126 4278
0 120 1362 3128
38 39 655 2512
88 88 436 1650
35 37 448 721
30 34 738 1988
58 59 373 547
0 120 557 3108
17 31 760 1747
33 62 760 1747
65 65 760 1747
68 68 760 1747
74 77 760 1747
111 112 760 1747
114 120 760 1747
0 120 89 1542
81 83 629 2984
77 78 104 130
29 29 1007 1624
0 120 3904 3905
0 120 248 3292
26 26 977 2913
120 120 977 2913
53 54 1125 3565
0 120 638 1003
54 54 1961 3837
0 120 3513 3525
78 78 373 1486
91 91 421 3220
115 116 438 2635
53 55 2131 4248
0 72 1673 2616
84 120 1673 2616
1 8 61 433
12 16 61 433
18 18 61 433
22 24 61 433
26 30 61 433
33 33 61 433
36 41 61 433
46 46 61 433
56 56 61 433
67 68 61 433
72 74 61 433
77 79 61 433
81 84 61 433
86 86 61 433
88 90 61 433
95 102 61 433
106 110 61 433
112 112 61 433
116 117 61 433
120 120 61 433
33 34 262 2409
71 72 1194 2389
0 120 1586 1681
9 11 765 4161
103 104 765 4161
36 36 63 479
90 91 400 3282
98 100 1203 3606
81 83 2103 3139
45 46 1190 1866
64 65 1298 1399
62 62 238 1419
32 32 1551 3565
1 3 1946 2374
95 97 1946 2374
2 3 103 1194
96 97 103 1194
68 70 700 3170
0 13 2607 3022
94 106 2607 3022
15 16 313 1943
109 110 313 1943
0 120 1304 4038
76 76 342 429
11 11 2138 3483
105 105 2138 3483
80 80 75 839
44 44 765 3006
45 46 1114 3160
0 120 2246 2262
69 70 386 2421
0 120 723 1060
13 14 243 2143
107 108 243 2143
0 120 1509 3689
65 66 143 219
0 120 1973 2103
6 7 596 3170
20 20 596 3170
31 31 596 3170
34 38 596 3170
26 28 85 4186
120 120 85 4186
0 120 2230 2668
0 120 685 1707
0 120 2342 3663
1 1 482 3068
6 7 482 3068
11 11 482 3068
14 16 482 3068
51 51 482 3068
62 63 482 3068
66 73 482 3068
78 78 482 3068
80 96 482 3068
100 112 482 3068
119 119 482 3068
49 49 2118 4147
68 69 3102 3351
0 120 10 4012
9 11 13 3529
102 104 13 3529
36 38 2103 2334
83 84 1094 1353
0 120 1242 1251
69 70 975 4105
37 48 2945 3552
54 55 2945 3552
0 120 605 2128
0 120 2181 3156
0 120 183 907
67 68 173 219
45 46 131 2437
58 58 413 1369
0 120 661 3191
0 120 626 2416
4 5 1016 2601
98 99 1016 2601
32 33 1771 4197
0 120 4099 4106
29 30 1045 1087
82 83 1399 2339
3 4 404 1256
93 101 404 1256
104 104 404 1256
107 107 404 1256
0 120 1078 2698
0 120 140 2149
0 120 117 445
42 42 229 1440
75 75 1161 3864
16 18 989 1128
110 112 989 1128
23 23 206 3900
117 117 206 3900
66 69 846 2540
0 120 1603 2519
77 78 743 1661
0 120 381 2211
2 2 720 1677
96 96 720 1677
75 76 346 1436
96 96 2139 4219
53 54 65 2914
17 18 1190 3289
111 112 1190 3289
26 26 1099 1673
120 120 1099 1673
42 43 2059 2920
0 120 323 2391
89 94 1132 4223
81 83 856 2073
87 88 238 3192
0 120 188 1385
21 22 372 3946
115 116 372 3946
81 82 257 990
5 7 193 3449
99 100 193 3449
45 46 1404 3598
0 120 1469 3993
50 51 2615 2993
49 50 232 933
2 2 1441 1945
96 96 1441 1945
91 92 832 2618
0 18 168 3392
20 29 168 3392
31 34 168 3392
52 112 168 3392
114 120 168 3392
85 86 238 4131
37 39 419 759
46 47 66 1395
0 120 1317 1909
46 48 635 3767
78 81 983 2787
37 37 193 416
40 42 346 3664
74 76 327 1170
0 120 464 1441
13 15 968 3418
108 109 968 3418
17 19 180 1682
111 112 180 1682
83 84 125 1975
31 31 1962 4276
0 120 1241 2264
2 2 311 1576
95 96 311 1576
0 120 839 3947
38 38 631 800
0 120 1329 1330
17 19 1026 1329
110 113 1026 1329
92 92 3238 3507
53 55 17 348
84 86 934 1740
5 7 182 415
100 101 182 415
91 93 1025 1858
0 0 1668 4179
93 94 1668 4179
41 42 1195 1515
30 31 12 3387
15 15 2228 3055
108 109 2228 3055
0 120 1321 4071
63 64 1446 2265
0 120 1484 3311
41 43 1043 1094
79 81 938 3552
27 28 506 1643
19 19 1168 4014
113 113 1168 4014
70 70 1677 3891
0 120 1078 1088
73 73 166 1760
86 88 1004 2859
13 13 425 3152
106 107 425 3152
38 40 1483 2305
51 53 1008 3732
70 75 316 4148
0 120 150 2166
41 42 983 2921
89 91 738 3090
0 12 34 1991
17 67 34 1991
70 72 34 1991
75 97 34 1991
120 120 34 1991
0 120 911 3018
0 120 1765 3307
56 57 438 3737
12 14 1164 1397
107 108 1164 1397
86 88 1586 2783
90 91 115 1771
0 120 1018 3265
77 77 1816 3245
0 120 763 1992
54 55 1685 3728
0 120 1229 1233
73 73 478 2762
58 59 395 1007
24 25 2203 2378
117 119 2203 2378
0 120 2583 2599
0 120 403 2588
0 120 91 781
17 20 81 93
111 115 81 93
89 90 989 2685
52 53 429 776
6 8 2397 2594
100 102 2397 2594
0 120 3997 4016
26 26 482 3820
120 120 482 3820
48 49 420 2942
0 120 1445 2147
80 81 36 2013
22 23 934 3163
44 46 990 2506
70 71 2298 3554
36 36 66 4107
75 76 348 787
13 14 2653 2964
16 72 2653 2964
74 81 2653 2964
103 103 2653 2964
106 108 2653 2964
110 120 2653 2964
75 76 1064 3394
50 51 105 4220
61 62 105 4220
67 67 105 4220
71 71 105 4220
73 73 105 4220
81 82 105 4220
97 98 105 4220
81 83 1525 2291
22 120 2410 2425
21 23 1008 1772
115 116 1008 1772
32 32 1467 1532
76 76 168 4010
77 80 147 3133
2 3 357 499
10 40 357 499
43 60 357 499
90 93 357 499
96 97 357 499
101 101 357 499
104 120 357 499
18 19 417 550
112 113 417 550
22 23 1000 2820
116 117 1000 2820
0 120 2211 2215
7 9 1091 2938
101 103 1091 2938
3 6 1194 3625
9 9 1194 3625
11 16 1194 3625
19 20 1194 3625
23 26 1194 3625
28 32 1194 3625
36 39 1194 3625
43 61 1194 3625
63 77 1194 3625
81 88 1194 3625
92 93 1194 3625
96 96 1194 3625
98 100 1194 3625
103 110 1194 3625
113 114 1194 3625
116 119 1194 3625
7 9 411 2425
101 103 411 2425
51 52 380 3112
82 83 187 3471
88 89 264 685
42 43 1193 4154
58 59 668 1300
35 40 1232 3328
0 120 494 1901
0 120 3625 3632
44 45 2269 3324
43 43 794 3102
0 120 443 2121
31 31 1723 3565
0 120 1095 3996
0 120 1377 2928
48 50 1019 3220
46 47 52 4185
60 60 243 1501
0 120 2531 2543
0 120 3830 4037
42 43 17 966
12 13 357 1788
106 107 357 1788
23 25 2795 3555
117 119 2795 3555
0 120 3403 3411
0 120 4263 4269
27 29 58 1906
49 51 2888 2965
0 120 3746 3750
82 83 1862 2569
0 120 3632 3648
50 50 1316 3564
78 80 277 2209
0 120 2183 3149
0 120 2214 2462
83 83 1013 1311
74 75 297 1141
14 15 56 2964
108 109 56 2964
39 39 659 1722
0 120 1913 2507
56 57 2909 4192
60 63 2909 4192
67 83 2909 4192
85 91 2909 4192
0 120 1844 3868
79 81 1025 3765
45 45 204 2081
65 66 3301 3484
12 12 4 3713
105 105 4 3713
0 120 403 978
50 52 1017 2369
0 120 616 2025
0 120 1069 4222
43 45 2131 2585
51 51 386 2502
0 120 1662 3046
0 120 1183 2257
91 92 558 2959
62 63 1194 4109
0 120 203 516
3 4 1089 2595
97 98 1089 2595
0 120 1655 3006
30 32 89 1168
10 10 1467 2955
104 104 1467 2955
0 120 345 2851
0 3 990 1835
5 6 990 1835
9 12 990 1835
21 32 990 1835
75 75 990 1835
78 79 990 1835
83 86 990 1835
89 97 990 1835
99 100 990 1835
103 106 990 1835
110 110 990 1835
115 120 990 1835
0 0 160 819
94 94 160 819
89 90 5 3160
0 120 3384 3495
0 0 299 1163
92 94 299 1163
25 26 1882 3170
119 119 1882 3170
0 120 10 1060
0 120 2749 2755
85 86 105 3549
33 33 771 1158
0 120 1251 2549
25 25 120 639
119 119 120 639
36 37 278 1225
5 7 104 4078
99 101 104 4078
75 79 412 1979
64 64 3552 4018
40 42 138 2908
20 20 66 1342
114 114 66 1342
76 77 152 2806
0 120 986 2251
38 39 60 3217
59 60 951 3196
0 120 920 1631
89 90 139 1820
54 54 240 1872
56 70 240 1872
68 70 1064 3073
0 1 1028 1164
93 95 1028 1164
60 60 372 1799
65 66 105 1455
49 50 554 1281
79 80 134 695
43 44 1142 1451
114 115 75 3498
6 6 92 2913
100 100 92 2913
43 43 395 470
70 71 443 1450
31 34 293 2637
0 5 0 3324
7 9 0 3324
42 44 0 3324
57 67 0 3324
69 92 0 3324
94 99 0 3324
101 102 0 3324
105 105 0 3324
0 120 74 3273
7 8 867 2909
101 102 867 2909
0 120 1734 2494
30 32 581 2323
11 11 417 3612
105 105 417 3612
1 4 1418 3951
96 98 1418 3951
88 90 310 2991
0 120 466 3504
2 2 374 3915
96 96 374 3915
14 14 202 425
108 108 202 425
40 41 1026 1626
17 19 71 3914
112 112 71 3914
64 66 367 2744
79 81 2154 3238
38 39 767 3617
0 1 371 3617
91 95 371 3617
49 50 846 3910
10 10 438 2395
71 73 353 3977
59 59 76 2945
11 11 1196 2976
63 64 585 1102
8 8 1631 2904
0 120 2854 3814
0 120 2066 2078
34 35 973 2904
41 42 302 1945
0 120 1630 2679
25 25 2130 3002
119 119 2130 3002
73 74 297 820
78 79 1634 3552
4 5 1300 1986
98 99 1300 1986
0 120 3763 3783
54 54 1552 2207
78 79 1110 1862
103 103 1600 3187
52 52 741 3685
57 57 741 3685
62 62 741 3685
78 79 856 3443
73 73 1678 4009
91 92 105 1000
0 120 876 877
0 0 243 964
93 93 243 964
54 55 728 1945
0 120 3907 3912
85 85 395 3987
37 38 429 2817
0 120 1105 1114
0 120 1642 3039
0 120 2356 2382
0 120 881 2160
0 120 3847 4046
0 120 2171 2602
3 4 1120 2176
97 98 1120 2176
15 15 39 1319
14 14 235 2951
108 108 235 2951
29 29 173 2073
0 0 2131 3203
92 95 2131 3203
54 55 32 148
24 26 1320 2207
118 120 1320 2207
75 77 606 1174
85 86 399 1073
29 29 2405 3183
59 63 874 2120
0 120 1090 2684
57 58 278 554
0 120 2325 3419
0 120 484 2874
88 88 147 1791
70 71 1717 2782
88 89 2154 2783
7 7 386 3470
0 120 3157 3168
78 79 1452 4204
87 87 407 1314
89 91 415 2895
0 120 456 2896
91 93 1165 4147
0 120 1858 1859
91 91 1194 2633
60 61 430 2237
0 120 2907 3178
0 120 247 2530
9 10 2506 2834
103 104 2506 2834
54 55 436 3183
0 25 147 3080
27 36 147 3080
38 42 147 3080
44 64 147 3080
69 76 147 3080
80 81 147 3080
83 83 147 3080
86 94 147 3080
96 119 147 3080
84 84 472 2648
81 81 2414 3245
0 120 1044 3039
0 120 1810 1818
22 23 1197 3281
116 117 1197 3281
80 80 1170 3178
0 120 3855 3856
36 36 1608 2623
29 29 37 441
0 120 2898 3065
0 120 324 1437
0 120 561 3070
0 120 533 1022
61 62 856 3927
0 120 106 3429
15 16 1673 1705
109 109 1673 1705
39 41 439 606
113 113 133 1088
23 24 334 3064
117 118 334 3064
40 41 126 4081
66 68 313 2187
76 77 1194 3922
38 41 552 2203
60 61 760 1186
66 66 268 2444
58 60 144 688
78 78 364 2906
65 65 167 3301
3 3 105 2423
33 33 611 2783
0 120 1130 3348
0 120 215 339
17 17 786 3538
111 111 786 3538
69 69 1001 1248
12 13 975 3999
106 107 975 3999
56 58 1016 4000
0 120 804 3363
0 120 62 2726
72 73 2438 3615
90 91 69 1453
0 120 165 1915
31 33 2030 2100
33 35 278 1038
70 71 135 3204
47 50 1 6
32 34 2370 2922
0 120 687 3717
41 43 293 2100
3 5 1418 2475
97 98 1418 2475
54 55 1466 3455
65 65 1898 3112
92 93 2130 2681
0 120 2515 2522
0 17 990 2937
19 111 990 2937
113 120 990 2937
51 52 11 2387
65 66 410 2096
1 3 1758 1762
95 96 1758 1762
86 88 1008 1264
59 60 32 1921
16 17 371 2141
110 111 371 2141
10 11 1128 1366
7 8 73 232
101 102 73 232
93 93 2103 2928
48 49 1451 2773
13 15 2581 3492
107 109 2581 3492
0 120 1614 3703
21 22 654 1675
115 116 654 1675
52 54 1438 3477
44 46 1677 1773
60 61 629 1618
2 4 310 2804
13 15 310 2804
98 98 310 2804
109 109 310 2804
0 120 1024 1393
0 120 1552 3764
32 32 155 981
47 48 666 1685
89 90 2560 3554
0 120 530 4241
0 120 1657 2999
0 120 1261 2245
14 15 1120 2794
108 109 1120 2794
61 63 2269 3755
62 64 299 1110
18 18 373 1059
112 112 373 1059
0 120 3485 3494
21 22 240 3913
115 116 240 3913
0 120 80 248
29 30 12 3497
0 120 1942 2579
13 120 226 982
8 10 104 4025
102 103 104 4025
40 43 3079 3745
12 12 219 3975
105 105 219 3975
26 27 2748 4140
120 120 2748 4140
43 46 352 1875
15 16 38 1685
109 110 38 1685
0 120 1700 3985
24 25 334 515
118 119 334 515
53 53 696 1685
34 35 1144 3538
76 76 757 3092
87 89 657 1168
108 109 36 2578
89 91 1264 2142
0 120 575 577
72 73 256 1763
0 120 774 3446
66 69 137 351
57 59 629 813
81 81 1606 2256
33 33 102 1296
22 23 2139 2719
115 117 2139 2719
9 9 1017 1861
103 103 1017 1861
29 29 2045 2303
91 92 1682 2251
0 120 1276 1563
0 120 2458 2472
36 37 367 1752
62 64 102 2235
0 1 415 480
94 95 415 480
0 0 428 3159
94 94 428 3159
60 60 512 1352
21 22 238 2281
115 116 238 2281
0 120 3330 3340
0 120 582 593
0 120 969 1039
73 73 76 1953
65 67 1806 1913
37 38 1438 1517
92 93 674 1121
29 30 1503 2666
0 120 1613 2272
8 9 429 536
102 103 429 536
17 19 293 3873
111 113 293 3873
28 29 120 3164
0 120 1333 3386
41 41 414 1167
70 72 856 1512
30 30 66 3867
38 39 2621 3001
61 63 919 3554
0 120 203 1886
0 120 1323 1917
0 17 2166 2606
24 24 2166 2606
31 31 2166 2606
51 52 2166 2606
66 75 2166 2606
77 109 2166 2606
118 118 2166 2606
96 96 158 423
1 3 1128 3139
95 97 1128 3139
81 82 932 3227
75 76 104 3570
52 53 1315 2965
25 26 308 367
119 120 308 367
9 9 256 1897
102 104 256 1897
0 120 2580 2596
2 4 2065 2904
96 98 2065 2904
0 120 124 1189
20 21 2142 2370
114 115 2142 2370
0 120 2285 2678
12 13 2782 3484
106 107 2782 3484
0 120 89 444
36 37 1195 3987
74 75 238 1476
73 75 255 1645
0 120 1647 3330
39 40 1165 1866
65 68 127 147
6 8 989 1640
100 101 989 1640
36 36 431 558
7 8 1408 2001
101 102 1408 2001
24 25 1045 1949
118 119 1045 1949
48 49 635 2051
76 80 1495 2909
79 80 298 968
0 120 1586 3027
0 120 1665 3320
34 36 53 383
58 59 216 2067
19 20 419 2426
113 114 419 2426
0 120 604 1425
0 120 772 3453
42 44 2511 2967
42 43 687 2591
0 120 3333 3341
22 23 314 1851
116 117 314 1851
40 41 348 681
0 120 2395 2792
0 120 514 1882
72 74 848 1004
47 49 767 4048
1 2 1945 3495
95 96 1945 3495
32 33 412 1605
115 115 348 4064
80 80 558 1430
65 67 420 3186
65 67 1170 2186
79 80 1467 3870
37 37 400 3473
93 93 1816 2334
44 46 269 738
76 77 2130 3433
13 13 344 3541
106 107 344 3541
0 120 1469 1472
46 48 606 2760
44 44 1019 2175
0 120 1948 2638
0 120 652 661
61 62 1194 2930
0 120 2823 2838
51 51 1164 4219
36 39 2133 2391
72 74 429 2309
0 120 4026 4035
20 20 0 3889
114 114 0 3889
55 56 659 2771
55 56 1034 2648
17 19 760 1133
111 113 760 1133
0 120 156 2150
0 120 247 3766
0 3 63 1959
93 96 63 1959
9 10 2131 2695
103 104 2131 2695
24 25 3203 3244
118 118 3203 3244
45 45 625 908
0 120 124 2612
53 54 1946 2915
18 19 2142 3793
112 113 2142 3793
18 19 1091 4121
112 113 1091 4121
0 120 2818 2844
0 120 22 2335
38 39 1142 2366
50 50 724 2607
69 71 230 1318
10 12 844 2709
104 105 844 2709
16 18 2380 2618
110 112 2380 2618
0 120 928 1848
22 23 914 1950
116 117 914 1950
30 32 353 3603
0 120 1802 2412
13 13 267 2139
107 107 267 2139
4 4 211 2207
48 49 4 2668
0 1 558 4008
94 95 558 4008
0 120 2528 3455
0 120 1774 3747
44 46 1161 2766
0 120 15 1514
0 1 2718 3552
93 94 2718 3552
0 120 89 2217
0 120 1800 1935
0 120 286 287
0 0 126 2284
93 94 126 2284
8 9 1120 3896
102 102 1120 3896
0 120 3077 3081
0 120 59 2725
51 57 419 816
72 73 264 3157
0 120 921 1966
72 73 141 4255
83 84 738 3013
72 74 1230 2721
84 86 1190 1602
45 45 1806 3820
0 120 211 1052
0 120 3089 3091
7 9 128 3269
101 103 128 3269
83 83 1671 3403
4 4 2139 3471
97 98 2139 3471
0 120 895 1684
16 21 105 1565
26 28 2591 2814
120 120 2591 2814
0 5 1230 3660
7 7 1230 3660
9 9 1230 3660
12 14 1230 3660
17 17 1230 3660
20 21 1230 3660
30 33 1230 3660
39 41 1230 3660
49 101 1230 3660
106 108 1230 3660
111 111 1230 3660
113 115 1230 3660
12 14 741 1217
106 108 741 1217
66 66 135 1407
72 73 314 3624
81 85 499 2623
58 59 631 4240
32 33 989 2258
0 120 1947 3651
7 8 133 1519
101 102 133 1519
20 22 721 4133
113 116 721 4133
19 19 411 709
113 113 411 709
0 120 627 2027
25 26 85 3922
118 120 85 3922
0 120 1618 3368
0 47 408 411
49 120 408 411
0 120 1688 2609
0 120 2032 2419
83 84 535 2438
0 120 22 2819
0 120 2319 3415
0 0 72 2182
93 94 72 2182
0 1 428 1817
94 95 428 1817
27 27 264 2352
54 55 432 1936
32 33 1287 2450
11 13 24 421
106 106 24 421
0 120 2486 3528
0 120 366 3568
10 11 1438 2619
104 105 1438 2619
14 15 309 3034
108 108 309 3034
28 29 2964 3338
13 13 1589 2788
107 107 1589 2788
54 55 1673 3425
0 120 4011 4022
52 52 229 3270
0 120 2634 2645
74 74 1054 2629
0 120 496 3799
83 85 771 1752
119 120 24 771
50 51 131 668
0 120 758 766
67 68 314 3758
0 120 1389 1572
51 51 93 3759
0 120 704 1469
69 70 807 3102
49 50 58 540
85 86 187 950
0 120 90 3461
0 120 2127 2440
58 58 1091 3800
57 57 36 4164
38 40 1051 2681
0 120 1113 1115
21 22 1080 1167
115 116 1080 1167
45 46 1197 1752
81 81 469 1013
0 0 2549 3072
94 94 2549 3072
78 80 534 1408
40 42 606 1284
17 18 845 1300
111 112 845 1300
43 44 535 2572
41 43 3241 3565
82 83 581 2917
63 64 225 1592
0 120 1534 2276
9 9 390 1659
103 103 390 1659
63 65 147 1901
0 120 1581 3031
0 120 879 3513
52 52 399 2122
92 92 1225 1706
0 120 540 1603
3 8 2926 3180
10 17 2926 3180
19 20 2926 3180
23 27 2926 3180
97 100 2926 3180
102 102 2926 3180
104 110 2926 3180
113 114 2926 3180
118 120 2926 3180
58 59 16 2357
72 72 1232 2096
45 45 848 1167
61 61 423 1957
104 105 1300 2230
0 120 3851 3874
0 120 991 4104
55 55 1249 2450
47 48 2615 3668
0 14 975 1881
16 17 975 1881
19 24 975 1881
47 51 975 1881
55 88 975 1881
90 108 975 1881
110 118 975 1881
56 57 703 1193
0 120 3094 3114
7 7 558 2532
0 120 2877 2887
0 120 4231 4280
21 22 475 777
115 116 475 777
34 35 65 1845
27 29 1467 2528
0 120 50 2476
47 48 58 4057
92 92 75 4226
81 81 524 3298
9 14 432 1265
103 109 432 1265
90 91 53 680
2 5 165 1675
97 99 165 1675
3 6 1436 3565
97 102 1436 3565
50 50 371 3995
27 27 350 674
63 64 792 1019
0 120 1633 1635
0 120 50 382
27 28 241 1670
82 82 344 2549
41 42 36 2204
52 54 968 2938
46 47 1007 2112
0 120 4147 4151
62 62 300 2250
5 5 1758 3966
38 39 741 3124
49 49 39 2852
21 23 51 1923
115 116 51 1923
47 48 27 1337
82 83 438 3123
89 89 63 4000
37 38 1862 3565
0 120 1111 1122
0 0 2926 3664
93 94 2926 3664
72 72 268 1399
89 91 420 450
0 120 2937 3264
62 63 1657 1820
81 83 310 2564
91 91 1091 3129
55 56 1068 1425
90 91 3170 3243
7 9 2131 2642
101 103 2131 2642
107 107 2917 3551
55 56 1862 3915
56 56 307 2266
10 10 589 1198
103 106 589 1198
52 53 635 1543
81 82 2615 4152
16 16 428 3724
109 109 428 3724
2 3 1678 2293
96 97 1678 2293
6 6 933 2139
100 100 933 2139
0 120 967 969
64 64 34 3016
72 73 342 917
70 72 187 4012
0 120 1319 3114
44 44 2857 2904
45 45 1675 1995
0 120 1391 2236
64 64 58 2097
0 120 2000 2694
57 58 228 2508
36 36 264 2165
51 53 2965 3376
69 78 1862 2760
81 82 1862 2760
0 120 269 819
22 27 613 629
116 120 613 629
31 34 353 1456
0 1 79 2385
94 95 79 2385
36 36 771 1215
69 70 310 820
0 120 810 1143
19 20 989 3360
112 113 989 3360
28 28 404 455
10 12 1935 3238
104 106 1935 3238
25 26 419 3207
118 120 419 3207
62 63 357 2329
0 1 417 2380
93 95 417 2380
91 92 71 1743
28 28 253 1225
0 120 538 3838
79 80 1168 1790
0 120 164 2873
1 7 2450 3280
95 101 2450 3280
18 19 1165 1492
112 114 1165 1492
44 44 58 3386
0 120 2312 3346
51 52 808 2386
48 49 3170 3377
25 27 1194 3361
119 120 1194 3361
54 58 2366 3582
23 24 865 2139
117 118 865 2139
97 97 310 3048
0 120 186 538
56 57 676 2617
7 7 1452 2838
101 102 1452 2838
78 80 2913 3162
0 120 2720 2767
21 23 258 414
115 117 258 414
0 0 144 3510
8 9 144 3510
13 15 144 3510
49 50 144 3510
54 57 144 3510
59 59 144 3510
61 62 144 3510
65 65 144 3510
68 72 144 3510
75 76 144 3510
78 83 144 3510
85 94 144 3510
101 105 144 3510
107 109 144 3510
111 111 144 3510
114 116 144 3510
0 120 949 2217
11 12 166 825
105 106 166 825
28 29 6 2822
0 120 2159 3639
2 4 767 3674
96 97 767 3674
53 54 347 2334
8 10 1945 3121
102 104 1945 3121
35 36 1276 3551
43 43 61 2694
75 75 1102 1678
29 31 1334 2967
60 61 3557 3614
0 120 1210 1211
56 58 9 60
82 84 1733 3238
0 120 3176 3922
6 7 306 3464
100 101 306 3464
35 36 531 1862
62 63 923 1154
21 30 138 3099
114 120 138 3099
4 6 2545 3301
98 100 2545 3301
0 120 1922 4076
9 11 2906 3280
102 105 2906 3280
53 54 62 71
1 1 1340 1442
13 14 1340 1442
16 21 1340 1442
23 29 1340 1442
31 34 1340 1442
38 38 1340 1442
92 92 1340 1442
95 95 1340 1442
103 103 1340 1442
110 114 1340 1442
117 120 1340 1442
105 107 36 2822
58 59 2434 4224
15 22 410 2474
110 116 410 2474
69 72 1196 3383
13 15 17 1991
106 109 17 1991
15 16 554 3916
109 110 554 3916
44 44 306 3814
50 50 2904 3584
37 37 1493 2623
15 17 429 1935
109 110 429 1935
48 50 61 1539
87 88 1000 2690
36 37 1831 2618
72 73 1569 2618
40 41 130 2807
90 92 262 482
85 86 420 1068
31 31 1196 1289
73 73 1946 2541
36 39 1397 3265
0 120 2949 2953
32 38 693 2920
23 24 187 4280
117 118 187 4280
53 54 827 2920
91 92 741 1648
29 30 412 426
38 38 412 426
48 48 412 426
0 120 897 2161
0 120 403 2592
71 72 256 3296
28 29 1450 3276
59 61 2513 2773
0 120 2224 2670
34 35 2666 3769
1 3 128 4050
95 97 128 4050
44 46 1164 2690
0 120 1957 2326
38 38 1671 4184
69 73 357 1658
34 35 2607 4128
36 37 43 3188
61 63 659 1242
35 36 65 2947
0 120 442 3459
0 120 10 796
0 120 3215 3230
57 57 2508 3368
28 28 2129 2783
54 55 3187 3656
81 81 12 842
0 120 1970 1972
18 19 29 257
102 116 29 257
0 120 3016 3020
0 1 311 909
94 94 311 909
32 33 2200 2434
71 71 104 3814
0 120 2905 3189
55 55 1291 2623
2 4 625 2762
96 98 625 2762
36 37 410 2608
0 120 3510 3528
69 69 1132 1812
0 120 2410 2429
71 72 2926 3477
22 23 1467 1536
116 117 1467 1536
29 30 1811 2100
12 12 152 3481
106 106 152 3481
29 31 2046 2906
51 52 19 3891
59 59 1820 2563
79 80 204 2890
42 43 240 2547
41 42 892 1012
0 120 164 3491
95 95 2292 3312
10 11 225 734
104 105 225 734
54 54 13 2541
17 17 2783 3549
111 111 2783 3549
0 120 832 1146
21 21 412 560
115 116 412 560
92 93 145 216
63 63 771 3122
25 27 1433 2275
119 120 1433 2275
11 13 430 3583
105 107 430 3583
53 54 19 1797
28 30 760 1243
0 1 945 1962
3 3 945 1962
12 16 945 1962
20 21 945 1962
35 35 945 1962
39 41 945 1962
92 93 945 1962
95 98 945 1962
100 100 945 1962
106 111 945 1962
115 120 945 1962
0 120 4052 4053
73 74 554 2306
90 90 1813 2681
65 68 60 2737
60 62 660 1012
76 81 173 2614
62 66 1668 1768
75 77 176 2131
68 69 367 3419
52 55 425 2835
0 120 291 391
0 120 2808 3205
49 49 354 4123
0 120 2699 3447
73 73 395 2434
0 120 1253 2465
0 120 1344 1829
0 120 745 746
32 32 120 3892
39 39 451 1962
64 65 451 1962
69 76 451 1962
18 19 2130 3677
112 113 2130 3677
43 44 1676 2009
18 19 743 4056
112 113 743 4056
27 28 655 1203
120 120 655 1203
35 35 354 2029
51 52 316 1737
32 34 1128 1423
9 9 2401 2450
35 35 3414 3550
26 26 2581 3549
120 120 2581 3549
0 120 1490 2004
0 120 1065 1074
0 120 855 1264
0 120 3389 3493
60 61 856 4118
0 120 1183 2261
8 10 1962 1999
102 103 1962 1999
81 82 6 2635
1 2 429 3492
95 96 429 3492
0 120 561 3611
89 91 850 1270
76 78 270 2681
67 68 631 1906
0 1 299 1167
94 95 299 1167
64 64 1193 1609
0 120 2509 2518
0 120 382 2333
65 66 1418 1727
22 23 0 2039
116 117 0 2039
61 62 1049 3550
45 47 120 643
70 71 256 1470
61 61 1452 1496
53 53 1536 2133
11 17 3136 3555
104 111 3136 3555
2 4 846 1686
96 98 846 1686
0 120 920 1635
19 21 206 3046
29 33 206 3046
38 44 206 3046
57 57 206 3046
62 62 206 3046
113 116 206 3046
118 118 206 3046
30 31 989 3657
91 91 2959 3104
38 39 858 4140
76 77 1947 2606
92 92 147 2816
52 53 745 1230
63 64 435 1004
34 35 1398 2549
68 68 149 418
0 120 3779 3782
1 9 770 2980
12 12 770 2980
14 31 770 2980
35 36 770 2980
45 48 770 2980
52 56 770 2980
64 64 770 2980
66 66 770 2980
69 70 770 2980
75 76 770 2980
78 85 770 2980
88 92 770 2980
95 95 770 2980
97 103 770 2980
106 106 770 2980
108 118 770 2980
120 120 770 2980
24 24 71 2979
6 6 1602 1790
100 101 1602 1790
4 5 248 2117
98 99 248 2117
61 62 36 3924
80 81 2154 2303
88 89 309 1050
13 15 488 3267
107 109 488 3267
0 120 2685 2693
11 13 856 1219
105 107 856 1219
22 24 2437 2591
116 118 2437 2591
60 61 1446 2216
28 30 307 2697
0 120 1003 4090
65 66 1051 3380
14 17 2202 2724
108 110 2202 2724
66 68 911 1091
69 69 209 819
26 28 56 2297
89 91 412 1178
25 26 1188 1399
119 120 1188 1399
67 68 1198 2087
32 33 1012 2863
31 32 1289 1451
87 87 425 3103
18 19 1467 3443
112 113 1467 3443
67 69 1016 1292
0 120 2263 2596
8 9 9 3390
102 102 9 3390
0 120 124 896
0 120 1442 3386
12 13 141 311
106 107 141 311
0 120 786 4213
24 24 509 1461
27 27 347 2631
15 17 712 1820
109 110 712 1820
0 120 2358 3587
36 37 2064 2386
0 120 1532 1559
42 43 1069 3555
0 120 2061 2088
73 74 968 2914
10 11 543 1230
103 105 543 1230
30 30 1296 1467
37 37 599 2293
0 1 1017 2052
94 95 1017 2052
0 120 325 3222
0 120 1736 1739
55 55 354 1708
61 61 414 2513
0 2 63 1532
94 97 63 1532
84 85 1825 3659
0 120 328 1426
51 51 1668 3675
76 76 1012 2058
26 26 325 1128
120 120 325 1128
0 120 1274 1277
0 120 1090 2688
42 43 128 3997
43 43 1017 3341
43 44 728 3238
47 49 535 1877
64 65 53 3823
83 87 344 2309
21 22 72 1621
115 116 72 1621
65 67 51 744
66 67 2513 3659
66 70 28 3766
4 4 9 3524
97 97 9 3524
36 36 425 2648
21 21 1196 2525
116 116 1196 2525
0 120 2796 3193
25 26 1825 2504
119 120 1825 2504
32 32 2620 2967
2 4 3079 3481
96 98 3079 3481
11 11 390 1903
105 105 390 1903
79 80 104 3761
20 22 846 1365
114 116 846 1365
0 120 247 2534
19 20 379 2653
112 114 379 2653
40 41 16 2601
11 14 2450 2906
105 108 2450 2906
0 120 1469 3973
7 8 2615 2973
101 102 2615 2973
39 39 421 3818
0 120 3855 3860
76 78 240 2494
0 120 2547 3778
73 75 771 2130
0 120 561 3074
0 120 2460 2843
0 120 1135 3346
0 120 2981 4235
61 61 56 4070
69 69 887 3244
91 92 303 3947
0 120 1788 2413
0 120 3838 4041
85 86 2386 3271
88 88 1185 2120
32 33 1161 1534
19 21 421 1724
113 115 421 1724
13 16 443 1483
107 110 443 1483
14 16 856 898
108 109 856 898
52 52 2506 4127
92 93 235 2500
20 22 264 986
115 116 264 986
0 120 3068 3076
15 16 1518 1771
108 110 1518 1771
28 28 2120 4091
28 28 1668 1715
0 120 1530 4225
7 19 2607 3620
100 113 2607 3620
21 22 415 2094
115 116 415 2094
4 6 1676 4050
98 100 1676 4050
24 26 17 1267
118 120 17 1267
0 120 643 4173
47 49 409 559
68 69 629 2777
24 24 1195 2434
44 44 417 2140
0 120 1996 2685
48 50 1246 1433
25 27 869 1483
119 120 869 1483
11 12 120 3839
104 105 120 3839
9 9 204 2032
102 103 204 2032
41 43 2262 3743
0 120 2255 2572
98 98 13 1683
0 120 1267 2660
52 52 1649 2762
0 120 969 3003
13 15 262 3141
106 109 262 3141
82 82 2285 2414
0 120 3430 3441
0 120 2229 2290
71 72 229 4132
4 6 293 3393
98 100 293 3393
0 120 2853 2871
17 19 1017 2670
111 113 1017 2670
79 80 1165 1602
12 12 1185 2254
105 106 1185 2254
0 120 1329 1444
0 120 360 1582
4 4 69 3096
98 98 69 3096
0 120 645 4195
0 120 3485 3498
2 16 219 3040
19 19 219 3040
22 35 219 3040
69 70 219 3040
73 73 219 3040
76 78 219 3040
82 82 219 3040
84 84 219 3040
86 89 219 3040
91 92 219 3040
94 99 219 3040
101 110 219 3040
113 113 219 3040
116 120 219 3040
36 36 54 1283
56 56 1074 3554
87 89 66 354
0 120 1380 1382
0 120 1180 2260
69 70 314 1587
19 19 1962 3235
111 111 1962 3235
113 114 1962 3235
116 116 1962 3235
16 17 372 811
110 111 372 811
57 58 418 1156
1 1 1190 3887
94 95 1190 3887
0 120 1565 3764
1 2 1677 4005
95 96 1677 4005
55 57 932 3097
0 120 178 3389
44 45 2626 4154
0 120 2294 2661
30 31 1225 1629
57 57 1132 1438
4 10 2885 3102
98 103 2885 3102
47 48 1500 3554
30 32 741 3502
0 120 1692 3724
13 13 2719 3564
51 53 3115 3564
0 120 503 1644
0 120 1279 1865
0 120 649 3913
42 44 635 4015
0 120 542 1572
29 39 1170 2861
0 120 1173 2378
0 120 1147 1157
31 32 2203 3647
58 58 1821 3353
77 81 2965 3970
8 8 535 3784
101 102 535 3784
65 65 344 4216
0 2 1820 3128
94 96 1820 3128
25 26 1352 1562
118 120 1352 1562
0 120 2274 3298
14 15 230 704
108 109 230 704
77 78 414 3265
60 60 345 1408
75 75 479 1408
62 63 430 3209
42 44 934 1988
0 120 1078 3430
83 83 219 3174
64 65 893 1398
0 120 1454 1465
29 30 361 1537
26 28 130 3856
120 120 130 3856
8 10 975 3682
102 104 975 3682
0 120 2401 3231
13 15 233 2291
107 108 233 2291
32 33 71 4215
60 62 402 3231
0 120 2051 2071
30 31 351 3451
44 45 17 1885
24 26 3188 3237
118 120 3188 3237
73 75 232 3759
60 61 292 3810
0 120 1085 3446
81 83 1391 2964
46 48 629 951
51 53 4 3343
73 74 147 2897
0 39 828 2292
41 43 828 2292
46 53 828 2292
59 64 828 2292
69 70 828 2292
73 73 828 2292
78 120 828 2292
8 10 463 659
102 104 463 659
72 73 62 315
86 87 1459 3098
0 0 700 2292
93 94 700 2292
17 17 1204 1825
111 111 1204 1825
39 39 39 331
60 61 2220 3196
86 87 193 4181
0 120 2875 2898
20 21 1825 3606
114 115 1825 3606
0 120 1907 1918
68 78 1945 2210
28 28 2540 3551
18 18 2115 2621
112 112 2115 2621
0 120 2058 2087
48 48 738 3688
54 56 738 3688
66 68 738 3688
71 74 738 3688
77 80 738 3688
105 107 738 3688
0 120 1586 3031
32 33 230 4221
76 78 1682 2739
57 58 1293 1466
49 53 1167 3047
74 75 2762 3371
73 74 410 624
35 38 1726 2287
84 85 301 3872
50 50 719 2133
0 0 75 4283
93 93 75 4283
37 38 488 3698
2 4 135 2082
96 98 135 2082
72 74 1778 4140
0 120 2497 3073
52 53 1026 2061
43 43 219 275
6 8 415 1907
100 102 415 1907
49 49 34 495
0 120 946 1543
0 120 1018 3863
9 11 144 855
103 104 144 855
62 63 32 3832
0 120 80 3314
26 27 257 3950
120 120 257 3950
74 76 105 146
0 120 1808 2447
45 46 409 1311
86 87 99 331
87 87 990 2754
93 93 1007 2169
52 56 2621 3489
0 120 1838 2097
20 20 76 347
114 114 76 347
0 120 5 4079
46 47 1942 4140
0 120 791 2544
93 93 311 1153
59 60 350 1081
0 120 4049 4050
0 120 3623 3649
0 120 970 974
76 81 417 3242
36 37 386 1677
17 19 625 3945
111 113 625 3945
2 2 105 1435
0 120 1065 4217
10 10 738 3822
103 104 738 3822
0 120 2176 2442
77 79 1185 2067
40 40 2040 2581
14 16 240 2791
108 110 240 2791
73 73 212 743
0 120 358 568
6 6 1001 3643
99 100 1001 3643
66 66 1340 3109
70 75 1340 3109
80 80 1340 3109
83 83 1340 3109
17 19 1008 2370
111 113 1008 2370
51 51 2269 3572
0 120 22 2339
72 83 1656 2591
72 75 1257 2293
86 87 101 353
67 69 130 1091
12 12 6 2745
106 106 6 2745
0 120 1126 2776
0 120 496 2380
0 120 2495 3511
0 120 733 4013
17 19 229 2790
111 112 229 2790
0 21 260 2103
23 35 260 2103
37 64 260 2103
66 109 260 2103
111 115 260 2103
117 120 260 2103
0 120 1803 2237
64 65 1004 2786
0 120 603 2442
0 120 1797 2422
4 4 2151 2920
2 3 2835 3552
97 97 2835 3552
86 87 27 3972
0 120 4177 4184
77 79 51 2114
12 12 66 1456
106 106 66 1456
62 63 721 2848
0 120 998 1436
0 120 1089 1554
48 51 53 2160
0 1 2386 2413
94 95 2386 2413
3 5 428 2037
97 99 428 2037
0 120 1410 3824
42 42 271 3551
58 59 125 2036
72 73 1019 1724
60 62 95 3325
77 77 451 2206
18 18 134 809
112 112 134 809
65 68 1128 1667
70 82 3110 3383
19 24 1026 3834
113 117 1026 3834
35 36 420 4024
47 47 432 3095
25 26 1194 3418
119 120 1194 3418
54 55 1825 4224
22 23 2133 2879
116 117 2133 2879
16 17 412 3382
110 111 412 3382
46 47 780 1334
57 57 1334 2674
32 36 1418 4065
0 120 2226 2289
92 92 1180 2207
53 55 58 1349
16 18 94 1760
23 57 94 1760
61 74 94 1760
78 78 94 1760
109 112 94 1760
116 120 94 1760
17 18 476 1862
110 112 476 1862
74 75 1869 3183
54 55 408 2859
58 59 1602 2839
0 120 3909 4123
0 120 22 2823
23 25 1505 2906
118 118 1505 2906
0 120 3439 3450
0 120 73 1822
53 55 408 3798
40 41 36 1940
66 66 53 1355
15 16 1008 3793
109 110 1008 3793
68 69 441 3157
41 44 307 713
48 48 307 713
75 75 307 713
79 79 307 713
84 84 307 713
89 89 307 713
0 120 1485 4132
82 83 100 420
16 17 421 3444
110 111 421 3444
0 120 538 4029
0 120 92 2222
1 2 1300 2100
95 96 1300 2100
0 120 183 1586
0 120 790 1998
0 120 2254 2593
60 61 1896 2131
3 3 311 1771
97 97 311 1771
42 42 71 2284
0 120 988 3676
31 32 4 1062
19 20 506 3932
113 114 506 3932
0 23 3549 3564
25 41 3549 3564
45 45 3549 3564
67 67 3549 3564
70 120 3549 3564
0 0 1670 3481
93 94 1670 3481
84 85 53 200
52 53 92 128
87 90 2653 4180
77 79 409 3218
45 46 1678 2029
50 51 721 1238
26 27 141 2649
119 120 141 2649
116 120 968 1869
0 120 4247 4252
50 50 1193 1987
86 86 451 596
0 120 879 3517
59 60 278 4051
0 120 2828 2841
0 120 2028 2034
76 78 1771 3132
35 36 436 2947
41 42 300 2120
90 90 1162 1361
84 85 2390 2615
0 120 1015 3563
105 105 184 1945
65 66 373 1844
0 120 149 2890
54 55 887 2065
5 6 2444 2851
99 100 2444 2851
0 120 539 1355
35 36 425 3697
55 57 296 1597
0 120 1858 1973
0 120 387 961
36 37 1230 2404
6 6 292 4107
100 100 292 4107
72 74 135 4123
40 42 1203 1520
53 55 1165 1228
58 60 2161 2913
85 85 821 1418
0 1 1004 3754
94 95 1004 3754
0 120 2174 3148
0 15 1007 3271
19 47 1007 3271
49 56 1007 3271
58 61 1007 3271
63 66 1007 3271
68 120 1007 3271
34 36 771 2240
0 120 2635 2954
0 120 388 2475
0 120 1430 2815
35 36 3238 4186
0 120 643 3933
0 120 4110 4115
0 120 1794 3277
0 120 1066 2538
22 23 589 1418
116 117 589 1418
0 120 885 1187
17 19 415 2204
111 113 415 2204
65 66 1160 3112
0 120 2259 2266
0 120 857 859
55 55 1383 2595
73 74 309 2717
52 52 1102 2353
2 4 1537 2281
11 14 1537 2281
17 71 1537 2281
73 74 1537 2281
76 78 1537 2281
114 114 1537 2281
91 91 2444 2985
35 36 3359 3550
85 87 1017 1491
8 9 1399 2347
102 103 1399 2347
0 120 3859 3873
61 63 2782 2980
70 71 141 1039
45 45 2104 2513
0 1 53 2912
94 95 53 2912
0 120 2692 3437
23 25 17 2666
117 119 17 2666
1 1 67 2029
94 95 67 2029
11 12 1196 1614
106 106 1196 1614
54 54 2462 3160
0 120 459 1321
76 77 1450 2662
0 120 4197 4218
30 31 9 2024
0 120 620 3898
0 0 1334 2487
81 94 1334 2487
1 2 219 2800
95 96 219 2800
42 44 30 649
56 57 2913 3032
31 31 1161 4222
22 24 339 1404
117 118 339 1404
57 58 2228 2929
57 58 60 1989
74 75 53 3262
51 51 278 3380
0 120 4058 4059
0 120 2513 3098
76 78 161 351
45 46 535 2255
5 6 232 2446
99 99 232 2446
41 41 2591 3920
11 12 1935 2303
105 106 1935 2303
27 28 3196 3505
0 6 121 2615
9 46 121 2615
48 51 121 2615
60 61 121 2615
77 82 121 2615
90 99 121 2615
103 107 121 2615
109 117 121 2615
119 120 121 2615
30 30 1668 1959
0 120 1022 1030
0 120 1366 1594
0 120 1182 3005
41 43 53 1168
0 120 1715 3468
90 90 144 1286
45 45 741 3262
38 39 155 2384
24 24 1000 2210
118 118 1000 2210
0 120 377 2985
47 49 960 1091
42 47 743 3308
79 81 342 2210
6 7 30 2877
99 100 30 2877
0 120 2643 3679
10 12 2681 3971
104 105 2681 3971
9 10 126 2585
103 104 126 2585
21 22 47 2292
115 116 47 2292
51 51 1146 1446
0 14 535 3544
16 18 535 3544
22 25 535 3544
27 50 535 3544
52 107 535 3544
110 113 535 3544
115 118 535 3544
91 94 39 3340
24 24 777 3077
117 118 777 3077
0 120 333 2097
26 27 429 1805
120 120 429 1805
65 66 375 2508
89 91 1230 3022
0 120 3052 3325
7 8 1640 2139
101 102 1640 2139
39 40 1602 1847
76 77 309 1107
83 84 1733 2303
88 90 1547 3079
80 81 738 1220
47 48 86 311
92 92 294 3458
0 120 3826 4035
76 76 1606 3659
42 43 66 598
0 120 604 1405
86 87 411 1010
38 38 2133 4115
40 40 2133 4115
11 14 2186 3187
105 108 2186 3187
4 4 1876 2207
98 98 1876 2207
48 48 95 2467
9 9 1167 1518
103 103 1167 1518
13 14 55 3068
107 107 55 3068
8 8 1190 4131
102 102 1190 4131
0 120 1140 2324
90 93 1446 3562
19 21 131 3063
113 115 131 3063
0 120 3436 3449
95 95 506 2940
83 84 631 3386
32 35 557 1185
40 41 419 3695
0 120 2332 3362
52 53 420 4105
68 69 1483 3602
0 120 1213 3741
53 55 767 1934
0 4 3554 3855
8 47 3554 3855
49 54 3554 3855
56 56 3554 3855
62 62 3554 3855
66 69 3554 3855
71 73 3554 3855
77 79 3554 3855
86 90 3554 3855
92 97 3554 3855
102 120 3554 3855
64 66 471 3104
86 87 1771 1790
86 87 2762 3131
6 6 93 677
100 100 93 677
53 55 1013 2340
0 120 994 2098
59 60 187 312
0 120 493 3802
42 43 694 3526
0 120 472 481
81 81 155 774
0 120 2362 2608
50 51 1102 4260
0 89 301 3982
91 120 301 3982
48 48 2512 3306
0 120 643 713
0 120 109 779
89 89 1045 2413
28 28 1676 3973
0 120 810 826
74 75 103 210
44 45 65 3890
0 120 345 497
72 73 1236 2920
0 0 2595 2967
92 94 2595 2967
0 8 36 2371
10 12 36 2371
22 31 36 2371
34 44 36 2371
46 48 36 2371
50 50 36 2371
54 83 36 2371
85 97 36 2371
100 100 36 2371
102 102 36 2371
70 71 743 2987
50 50 1937 2967
51 51 349 616
23 23 306 3952
59 60 309 3469
0 120 288 3346
55 56 923 1642
0 120 1778 2156
0 120 2750 3255
30 31 1172 2346
60 61 105 1195
7 8 1091 2946
101 102 1091 2946
16 17 1185 4271
110 111 1185 4271
16 17 1013 1535
110 111 1013 1535
15 15 414 2704
109 109 414 2704
42 42 3554 3989
28 30 130 2945
29 29 2616 3440
89 93 1446 1602
3 13 2450 3902
15 15 2450 3902
17 18 2450 3902
25 28 2450 3902
96 109 2450 3902
111 112 2450 3902
119 120 2450 3902
79 80 3109 3538
8 9 160 2787
102 103 160 2787
40 40 103 1499
61 62 277 3372
20 21 1056 3110
114 115 1056 3110
0 120 149 154
42 43 629 1545
0 120 3180 3189
0 120 394 3368
59 60 635 2299
0 120 2665 2743
33 33 2967 3081
0 120 1174 4270
75 75 91 334
43 44 2591 3733
45 45 1404 2480
7 10 1476 1602
101 104 1476 1602
37 38 3407 3538
16 17 1025 2834
110 112 1025 2834
0 120 2604 2625
0 120 2167 2624
0 120 1076 1079
0 120 2000 3450
0 0 1594 2762
92 94 1594 2762
46 48 30 1751
81 82 558 4122
84 84 85 1458
0 0 616 1094
93 94 616 1094
0 120 559 560
80 81 1185 3466
1 2 423 1453
95 95 423 1453
0 120 252 817
42 43 295 2207
22 22 1506 1602
116 116 1506 1602
0 120 1153 2238
46 46 432 1916
0 120 2959 2974
0 120 2331 3405
0 120 875 3425
35 41 428 2736
36 36 3050 3092
39 40 230 277
62 64 856 3183
24 25 694 2855
118 119 694 2855
0 120 1490 2008
0 120 1018 2952
36 37 278 2388
15 17 417 3486
109 111 417 3486
13 14 110 3743
107 107 110 3743
0 4 203 524
6 6 203 524
8 8 203 524
34 40 203 524
42 98 203 524
100 102 203 524
0 120 466 3378
47 49 1538 1675
0 120 3657 3662
40 40 1274 1602
91 91 606 914
0 120 3928 4125
6 6 838 2203
99 100 838 2203
80 81 277 3856
0 120 4000 4001
0 120 3384 3503
0 1 414 4127
94 95 414 4127
0 120 679 1392
0 120 2153 3641
35 35 133 1633
0 120 926 1269
0 120 4169 4187
31 31 953 3092
23 24 65 186
116 118 65 186
0 120 3712 3719
0 120 1081 1557
111 111 1012 3672
0 120 948 1967
87 88 146 1279
0 120 557 4031
87 89 94 2809
50 52 1382 1670
88 89 1165 3887
35 36 93 2584
65 67 313 638
63 63 292 3733
26 27 120 997
120 120 120 997
15 15 765 1701
89 90 1668 3195
0 120 18 720
0 120 2545 3468
3 5 193 721
97 99 193 721
31 31 2595 3585
61 63 93 3523
0 3 126 3579
5 25 126 3579
28 37 126 3579
39 45 126 3579
47 49 126 3579
51 58 126 3579
62 66 126 3579
75 76 126 3579
79 79 126 3579
86 120 126 3579
109 109 415 541
43 46 910 2964
14 15 146 2568
108 109 146 2568
45 46 554 1639
58 59 1170 3857
118 118 760 3959
0 120 1572 3837
51 51 870 3565
59 60 846 2979
2 13 3924 4140
95 107 3924 4140
6 9 44 2291
101 102 44 2291
29 30 1639 2615
32 33 1194 3662
26 28 934 2045
120 120 934 2045
0 120 739 4021
6 8 629 2163
100 101 629 2163
53 54 1692 2626
58 58 1193 1747
86 88 2607 3945
8 10 225 767
102 104 225 767
23 24 1901 2965
117 118 1901 2965
73 75 1598 2964
3 4 438 1814
97 98 438 1814
13 15 102 3585
106 109 102 3585
37 38 348 608
47 47 1676 3786
0 120 1273 1861
55 56 1142 3098
38 38 326 2512
0 120 1577 3026
17 19 887 1825
111 112 887 1825
114 114 264 2600
3 4 306 3765
64 66 1064 2626
0 120 602 1814
0 2 306 732
94 96 306 732
6 8 767 1881
100 101 767 1881
33 35 409 2173
18 20 923 2394
112 113 923 2394
21 22 238 1537
70 72 374 3118
86 87 351 1414
28 29 76 1209
25 25 292 4217
118 120 292 4217
68 69 146 2702
58 59 2157 2904
78 78 1450 2288
60 62 1147 2287
78 79 264 3889
3 5 367 1358
97 98 367 1358
63 64 135 1789
50 51 1334 2113
0 120 2502 3124
0 120 931 942
29 29 1478 3555
22 23 506 4176
116 117 506 4176
44 44 728 2303
9 9 1944 2796
103 103 1944 2796
0 120 853 1251
88 90 357 4053
0 84 424 2831
89 90 2287 3135
40 43 566 1194
0 120 2603 2617
67 68 299 850
11 12 524 3412
105 106 524 3412
56 56 1197 2000
0 120 1301 4043
0 120 1392 4161
22 22 122 399
116 116 122 399
0 120 333 1373
64 65 1181 3160
0 120 23 393
0 120 1700 3725
0 120 2958 2966
73 74 1168 3864
6 8 58 2077
100 101 58 2077
37 38 777 1764
87 88 2186 3618
74 75 1019 1297
52 53 386 1384
0 120 1469 3977
15 17 373 2088
109 111 373 2088
20 21 306 866
114 115 306 866
76 77 63 4114
0 120 22 1107
0 120 1952 2633
25 26 1589 2581
119 120 1589 2581
56 57 2203 3972
7 12 1396 2186
101 106 1396 2186
85 87 694 2668
0 120 2153 2165
0 120 497 3817
0 120 325 327
21 22 2271 2386
115 116 2271 2386
55 56 256 2442
0 120 2902 3192
0 120 533 1030
56 57 395 3540
0 120 634 1836
0 120 4216 4220
5 6 90 2904
100 100 90 2904
0 120 35 753
0 120 3699 3701
49 51 54 214
115 116 1537 4269
21 22 2765 3079
115 116 2765 3079
34 36 643 3238
21 23 1357 2581
115 117 1357 2581
26 26 354 3135
120 120 354 3135
45 46 160 640
0 120 3411 3419
41 42 407 2961
0 120 1666 3336
0 120 2891 3383
80 81 71 568
25 26 60 2099
119 120 60 2099
46 46 2530 2623
46 47 1606 4224
20 21 653 923
114 115 653 923
12 13 95 2093
106 107 95 2093
69 70 129 923
6 7 2591 4030
100 101 2591 4030
64 65 1682 4219
82 83 27 646
84 86 63 3309
0 8 314 2396
93 93 314 2396
96 99 314 2396
120 120 625 2258
9 11 105 3720
103 105 105 3720
77 78 217 743
24 24 798 2186
117 118 798 2186
66 67 1404 3716
25 27 2126 2920
119 120 2126 2920
26 27 3098 4019
120 120 3098 4019
65 65 390 2391
0 120 2101 2109
44 45 344 703
70 70 743 974
0 120 1220 3757
38 38 35 887
0 120 2003 2705
33 33 2020 2120
0 120 922 1848
23 24 2615 3461
117 118 2615 3461
0 120 892 1447
3 5 138 985
97 99 138 985
63 63 2898 3557
60 60 76 1827
22 23 3565 4020
116 117 3565 4020
65 66 36 708
35 36 859 2438
0 120 3828 3841
0 120 1341 3121
79 81 696 4137
0 120 403 2572
26 27 482 2865
0 120 1609 1623
0 120 673 4153
4 4 299 1468
82 83 299 1468
87 87 299 1468
90 90 299 1468
98 98 299 1468
50 51 316 883
0 120 3263 3281
49 49 558 1170
66 67 167 760
17 19 3102 4087
112 113 3102 4087
48 48 1170 1926
0 120 731 1098
0 120 918 924
41 41 314 1941
45 45 429 1699
11 11 3360 3564
104 105 3360 3564
21 24 738 3208
115 118 738 3208
60 61 238 1350
64 64 300 2982
9 10 850 2860
102 104 850 2860
72 72 1132 1792
0 1 1820 3132
26 27 1013 2100
120 120 1013 2100
52 53 2623 3456
58 58 1484 1685
21 21 536 1946
115 115 536 1946
71 72 55 1084
18 19 347 704
111 113 347 704
21 21 760 873
115 115 760 873
23 25 53 257
117 119 53 257
0 120 2705 2707
29 29 1409 2450
35 35 1409 2450
47 48 1409 2450
50 50 1409 2450
57 58 1409 2450
65 66 1409 2450
72 72 1409 2450
41 41 354 2814
58 61 736 1418
87 90 63 2638
0 120 443 2105
27 28 312 3342
88 90 386 3291
69 69 761 2414
19 20 3238 4109
113 114 3238 4109
19 19 2073 2615
0 120 3000 3005
15 15 400 2408
108 109 400 2408
0 120 1900 1906
67 69 293 4231
31 32 983 2234
38 40 351 3455
0 120 46 2819
81 82 581 3917
0 120 89 1957
22 24 409 1181
116 118 409 1181
66 66 1030 3743
72 72 1954 2142
69 71 402 4174
0 1 937 1300
94 95 937 1300
36 37 648 1197
29 30 415 2127
0 120 2712 2723
0 120 477 561
0 21 898 3035
23 33 898 3035
37 42 898 3035
44 114 898 3035
117 120 898 3035
0 120 862 1126
0 0 1433 4133
7 19 1433 4133
21 24 1433 4133
28 28 1433 4133
101 113 1433 4133
115 118 1433 4133
79 79 915 2450
56 57 2653 3082
12 13 371 1828
106 107 371 1828
0 120 2714 2769
0 120 546 1829
62 64 42 606
59 61 17 2239
0 120 889 2168
66 67 225 2942
76 77 285 741
0 120 491 3061
77 79 1483 3846
21 22 743 4036
115 116 743 4036
16 16 72 3077
97 97 72 3077
109 109 72 3077
50 50 134 545
88 88 399 3472
0 120 1586 3035
0 120 1639 2107
0 120 961 2983
75 76 930 1418
68 70 2196 2964
0 120 1733 1742
0 120 2779 2790
0 120 828 1141
0 120 912 1778
2 2 93 921
50 51 93 921
53 57 93 921
64 65 93 921
67 67 93 921
73 77 93 921
81 85 93 921
92 92 93 921
96 96 93 921
36 37 347 4221
27 27 2002 3098
0 120 2821 3955
53 53 169 916
98 98 1167 3990
73 74 17 3528
29 29 301 843
68 69 743 1942
0 120 1018 3867
75 76 297 3353
36 36 696 3816
46 47 3538 3946
0 120 3477 3478
82 84 411 1388
51 52 372 3877
12 13 1528 3565
106 107 1528 3565
20 21 711 1091
114 115 711 1091
38 38 34 849
12 12 306 3257
106 106 306 3257
82 82 1340 1824
60 60 189 228
0 120 3129 3145
14 22 1821 2097
108 116 1821 2097
78 78 1262 2133
48 49 40 105
17 17 425 3888
111 111 425 3888
93 93 738 2887
54 54 2434 4017
60 61 2926 3725
65 65 2926 3725
36 48 2506 3139
0 120 634 1783
14 15 436 3488
108 109 436 3488
0 0 429 2317
4 4 429 2317
10 14 429 2317
18 18 429 2317
20 21 429 2317
28 28 429 2317
33 35 429 2317
46 47 429 2317
79 82 429 2317
87 87 429 2317
89 90 429 2317
94 94 429 2317
104 105 429 2317
107 108 429 2317
112 112 429 2317
0 120 267 269
83 85 389 1198
37 37 60 4140
52 53 932 4069
66 67 727 1193
0 120 1305 3119
0 4 462 1676
95 97 462 1676
37 38 166 2846
44 44 1026 3704
25 26 238 1968
119 120 238 1968
80 80 286 1450
83 83 243 814
0 120 124 2620
49 51 129 2964
59 60 1070 3252
0 120 978 3663
13 14 1000 3422
107 108 1000 3422
0 120 1805 2129
56 57 160 3970
19 20 416 1681
113 114 416 1681
75 75 51 4212
41 42 2587 3104
94 94 407 3847
0 0 694 871
93 94 694 871
0 120 186 3848
0 120 537 3139
65 66 413 629
47 48 841 3550
13 15 421 2964
107 109 421 2964
3 7 63 3256
98 98 63 3256
3 4 1102 1605
97 98 1102 1605
16 17 635 2893
110 111 635 2893
97 97 577 1225
41 42 377 2103
91 91 793 1789
20 30 1821 2231
111 120 1821 2231
74 75 1279 1682
89 92 983 2852
61 62 721 2852
48 48 19 3334
22 24 254 4140
116 118 254 4140
23 24 846 1800
0 120 858 871
3 4 1300 1970
97 98 1300 1970
0 120 1814 2191
73 74 608 696
26 28 2306 2653
120 120 2306 2653
5 6 7 1230
99 99 7 1230
74 75 1404 4013
9 10 1839 3187
104 104 1839 3187
30 31 342 3206
44 46 1825 3289
76 78 1782 2653
78 80 629 984
63 63 2382 2648
24 25 152 830
118 119 152 830
42 43 988 1102
0 120 1027 1030
57 60 347 517
0 120 2026 2232
40 42 533 1461
39 41 357 3679
39 40 2131 2248
84 85 1004 1046
63 63 1967 2591
65 70 1000 3556
0 120 3427 3444
30 30 1123 1677
18 24 524 3038
112 117 524 3038
24 36 844 2262
118 120 844 2262
0 120 237 2981
117 117 292 2688
0 120 22 2827
15 17 846 4028
109 110 846 4028
86 86 230 1810
34 35 1671 4111
12 13 1267 1806
106 107 1267 1806
91 92 3408 3552
62 63 313 532
0 120 1112 1114
0 54 307 717
57 64 307 717
68 76 307 717
78 120 307 717
44 45 131 2181
84 85 7 425
65 67 2906 3341
48 48 1820 2140
0 120 490 3053
0 120 1716 3480
0 120 2526 2531
1 2 1165 4131
94 97 1165 4131
3 4 2581 2992
85 89 2581 2992
97 97 2581 2992
13 14 1602 4132
107 108 1602 4132
38 42 1456 2617
63 64 538 1000
15 16 1398 1858
108 110 1398 1858
87 89 1830 2269
10 11 914 3731
104 104 914 3731
50 51 102 1601
92 92 2382 2782
0 120 2521 3126
70 70 243 1082
48 50 666 1185
88 88 1101 3557
25 25 60 1375
119 119 60 1375
35 37 168 908
23 24 111 374
116 118 111 374
0 120 2258 3655
0 120 2201 3121
75 76 16 3520
70 70 267 887
35 36 141 1714
1 4 1397 3326
95 97 1397 3326
44 46 846 3223
52 53 1644 3203
68 73 460 1467
90 93 2581 4281
32 33 3092 4231
78 78 1172 4147
85 86 420 2068
20 21 399 1191
114 115 399 1191
69 70 2133 3367
7 7 2207 3316
101 101 2207 3316
0 120 701 1529
53 54 696 1185
16 18 38 1185
110 112 38 1185
73 75 1001 1232
0 6 2396 3188
90 91 2396 3188
93 101 2396 3188
45 46 2131 3671
46 47 128 1078
42 42 1946 3891
73 74 43 216
57 59 63 3874
0 120 2339 2839
85 86 402 1088
0 0 133 2361
9 9 133 2361
19 22 133 2361
30 33 133 2361
36 37 133 2361
39 41 133 2361
43 57 133 2361
59 77 133 2361
79 96 133 2361
99 99 133 2361
102 103 133 2361
106 108 133 2361
114 116 133 2361
118 118 133 2361
0 120 437 2772
70 71 337 1602
57 58 1094 1581
0 120 1784 3748
81 83 414 1822
0 120 2921 3194
28 29 3306 3759
0 120 3091 3605
0 21 1051 1884
23 24 1051 1884
31 31 1051 1884
33 36 1051 1884
67 67 1051 1884
69 100 1051 1884
102 114 1051 1884
117 118 1051 1884
0 120 1469 1643
53 54 383 1196
57 59 1682 2690
0 120 1067 1074
53 54 1232 3393
37 38 874 1433
11 13 347 4168
105 106 347 4168
44 46 1001 3460
3 3 968 1068
64 64 2291 3148
64 66 60 1859
49 51 428 565
0 120 987 2249
0 120 1069 2059
65 68 1162 3004
19 21 102 3024
113 115 102 3024
26 27 1628 3743
120 120 1628 3743
26 27 1203 2813
119 120 1203 2813
0 120 3233 3257
0 21 1209 3759
24 28 1209 3759
30 115 1209 3759
117 120 1209 3759
24 24 166 3948
118 118 166 3948
42 43 216 3311
63 64 2590 3565
47 47 1196 2773
76 77 409 673
62 63 256 1397
87 88 985 1772
80 83 1945 3800
86 87 417 2254
8 8 3552 3949
101 101 3552 3949
89 91 1198 2819
34 36 18 293
0 120 7 4076
64 64 15 1685
0 120 786 1562
68 69 113 2782
36 37 1064 3004
5 5 2621 3790
20 21 1014 1197
114 115 1014 1197
102 102 52 2506
88 88 1051 2018
48 48 1087 1675
0 120 536 1572
26 27 1461 3579
120 120 1461 3579
70 71 410 3153
0 120 224 519
74 75 2197 2681
0 120 3126 3144
77 78 1450 2666
0 120 4197 4222
86 86 1162 2199
49 50 2841 3160
6 6 303 4195
15 17 303 4195
25 28 303 4195
44 76 303 4195
78 79 303 4195
81 82 303 4195
98 98 303 4195
100 100 303 4195
109 111 303 4195
119 120 303 4195
0 120 1827 1835
59 60 1085 1198
0 37 1310 1316
57 120 1310 1316
0 120 269 2332
87 88 307 2624
0 120 1872 4237
41 41 1340 3410
0 120 717 4185
93 93 428 4082
43 43 390 1346
62 64 353 3908
0 120 1283 1563
32 32 2967 3622
6 13 314 1701
100 107 314 1701
16 17 2762 4156
110 111 2762 4156
20 21 4 2973
114 115 4 2973
89 90 3555 3792
0 120 67 289
24 25 225 1629
117 119 225 1629
56 58 3021 3104
0 120 1314 4067
58 59 168 2815
42 42 524 1696
33 33 2965 3734
91 92 1292 2965
72 73 1280 1450
42 49 309 3205
83 84 180 1105
0 120 2217 2528
30 32 926 2615
61 62 411 2169
20 21 1684 3196
114 115 1684 3196
64 65 409 2096
53 55 240 2287
55 56 171 238
12 14 85 2938
106 107 85 2938
38 39 126 2939
61 62 1162 2333
86 87 314 546
83 84 76 1132
68 69 277 3108
12 14 2653 3997
17 18 2653 3997
21 24 2653 3997
28 29 2653 3997
32 33 2653 3997
36 47 2653 3997
63 63 2653 3997
68 68 2653 3997
81 81 2653 3997
107 107 2653 3997
111 111 2653 3997
115 118 2653 3997
79 79 373 2816
86 87 1777 2606
0 120 3886 3905
39 40 3170 3735
0 120 3946 3956
79 81 262 3739
3 4 138 1229
97 98 138 1229
86 87 243 1245
40 41 229 1347
86 87 1393 2616
47 49 629 2220
82 83 741 2461
0 120 1210 1219
6 7 126 845
100 101 126 845
63 64 2913 3520
89 92 17 4093
80 80 201 238
0 120 677 4139
91 92 2681 3170
46 47 131 2128
34 36 294 3812
0 120 3802 3803
69 70 39 2539
56 56 421 3395
79 79 1381 1451
24 25 255 3857
118 119 255 3857
0 120 4085 4091
83 84 346 3221
69 70 1196 3391
0 120 3436 3453
92 93 3095 3160
47 47 206 2652
28 29 732 1944
0 120 895 1184
62 64 193 912
82 82 315 2595
0 120 806 1112
11 13 923 2451
105 106 923 2451
44 45 1773 2621
25 27 126 3073
119 120 126 3073
31 32 430 2518
15 16 256 2365
109 110 256 2365
45 46 1849 2616
0 120 3292 3300
32 32 130 3165
44 45 1001 4212
10 10 209 1014
104 104 209 1014
85 85 1537 4192
0 120 162 2888
0 120 1063 2057
35 36 1966 3551
55 56 395 1369
0 120 1711 2278
62 64 1019 3448
33 34 716 1195
0 120 345 501
15 15 169 1965
109 109 169 1965
74 77 914 2873
45 45 1000 1893
5 5 1944 4142
98 99 1944 4142
25 26 404 3525
120 120 404 3525
0 120 15 1498
27 29 16 2662
85 86 2712 2967
4 5 413 1544
98 99 413 1544
46 49 2433 3552
77 77 229 3709
0 120 504 1662
40 40 1051 4275
47 47 1051 4275
50 56 1051 4275
58 60 1051 4275
70 71 1051 4275
75 76 1051 4275
27 28 173 3777
94 94 885 2293
91 92 262 3068
0 120 1826 1827
40 41 956 1944
59 60 956 1944
68 70 956 1944
0 120 149 158
42 43 2291 3095
1 2 3072 3660
95 96 3072 3660
49 49 629 1549
91 92 138 3941
0 120 1981 2115
46 47 2103 3798
35 36 1017 2597
0 120 4100 4102
29 29 743 1836
18 18 240 2905
112 112 240 2905
75 76 94 1390
49 51 374 3659
0 120 1494 3690
0 120 1907 3105
73 73 11 3607
31 32 430 558
35 35 292 2314
86 87 767 3361
2 2 1451 3993
96 96 1451 3993
71 72 1031 2653
76 76 1728 2581
91 92 585 846
29 30 552 2618
49 49 973 2648
0 120 1076 1083
96 96 413 739
3 4 635 3592
97 98 635 3592
0 120 925 1853
48 48 1446 3245
89 89 937 1678
39 40 257 1165
0 0 558 1093
93 94 558 1093
92 93 460 3187
47 48 73 297
8 10 1334 1499
103 103 1334 1499
60 61 193 591
89 91 606 3012
80 80 1091 2495
0 120 2045 2234
87 87 302 534
49 51 2139 3589
56 59 303 4142
89 90 535 3711
81 82 306 1407
68 68 297 1853
68 81 65 2284
64 65 705 1678
0 120 1224 2243
70 72 126 3691
23 23 418 3311
117 117 418 3311
66 67 850 3722
87 88 334 2674
34 35 141 2279
23 25 128 3737
28 31 128 3737
36 36 128 3737
41 41 128 3737
54 55 128 3737
117 119 128 3737
13 14 2048 2131
107 108 2048 2131
0 120 926 1273
66 66 1682 3471
49 51 975 3609
81 82 2138 4276
0 120 1711 1957
57 59 166 996
46 47 1862 2126
68 70 1203 3244
62 63 1051 3604
48 50 767 3845
1 3 3196 3806
95 96 3196 3806
66 66 3177 3564
82 83 1193 1967
0 120 778 2691
67 69 14 2295
84 85 1161 2429
0 120 459 467
15 15 985 2203
109 109 985 2203
49 50 1121 3030
70 72 2167 3112
81 81 395 2926
51 55 2349 2594
55 56 2920 3349
55 55 585 2269
0 120 1662 1664
18 19 1051 1510
112 113 1051 1510
18 19 264 376
111 113 264 376
76 78 1019 1972
50 52 1511 2434
0 120 1003 3159
0 120 2806 3220
0 120 1572 3841
0 3 856 3671
94 97 856 3671
80 82 629 1228
0 120 1876 4252
17 18 147 730
111 112 147 730
43 45 262 3686
72 72 1461 4010
0 120 683 710
42 43 793 3322
0 120 1309 1926
15 18 2594 3714
109 112 2594 3714
38 39 1821 3764
8 8 407 3286
101 101 407 3286
13 14 1484 2681
106 108 1484 2681
0 120 3046 3057
72 72 310 3353
0 15 342 3800
17 109 342 3800
111 114 342 3800
116 120 342 3800
83 84 17 4040
16 17 347 1700
110 110 347 1700
67 68 39 1547
0 82 125 3573
84 90 125 3573
92 120 125 3573
24 26 264 1665
118 120 264 1665
82 83 317 3743
32 33 625 1644
61 62 413 1007
73 74 449 1418
0 120 786 4221
13 15 2138 3821
107 109 2138 3821
0 9 1438 1932
11 12 1438 1932
31 103 1438 1932
105 106 1438 1932
110 112 1438 1932
115 116 1438 1932
92 92 225 1710
40 40 436 2122
6 8 95 1829
100 102 95 1829
56 56 169 1778
70 71 4 21
85 85 128 1777
79 80 1786 2615
0 120 1207 1218
17 18 240 1429
111 112 240 1429
65 66 430 1526
0 120 2911 3929
30 30 1286 2450
12 13 558 1711
106 106 558 1711
76 77 1019 2106
116 116 17 2296
0 108 395 3410
110 120 395 3410
79 80 438 4046
49 50 1527 2512
0 120 472 2876
21 23 1170 3406
116 116 1170 3406
54 55 39 742
0 120 1040 3333
81 82 704 1132
88 89 2287 3139
85 86 2118 3330
0 120 1622 3688
0 120 1861 1984
59 60 1451 3806
36 40 311 3308
25 25 371 4113
119 119 371 4113
0 3 169 1912
6 6 169 1912
8 14 169 1912
18 25 169 1912
28 32 169 1912
34 39 169 1912
41 55 169 1912
60 75 169 1912
79 83 169 1912
85 86 169 1912
88 88 169 1912
90 92 169 1912
94 96 169 1912
100 100 169 1912
102 108 169 1912
112 118 169 1912
17 18 2130 2559
111 112 2130 2559
17 18 342 1840
111 112 342 1840
0 120 1930 1939
11 13 777 1768
105 107 777 1768
71 73 606 1886
71 72 940 1008
0 120 1469 3981
61 63 2126 2790
0 120 1018 1830
50 51 51 2041
0 120 3404 3407
0 120 1952 2637
0 120 693 1481
88 88 1228 1825
3 4 473 983
97 97 473 983
0 120 3356 3366
0 120 639 2184
0 120 35 757
53 54 309 737
7 7 1128 1594
100 101 1128 1594
50 51 771 2488
67 67 1977 2293
0 120 380 388
25 26 354 3139
118 120 354 3139
76 76 305 968
91 92 2120 3510
68 70 1170 3890
0 120 1321 4059
83 84 777 963
5 5 1172 1492
55 56 2438 3038
69 69 2142 4208
0 120 2159 3623
0 120 2319 3346
45 45 82 3555
28 30 571 2965
1 2 292 3550
95 96 292 3550
9 10 357 2447
103 104 357 2447
12 30 138 3083
106 106 138 3083
116 120 138 3083
0 120 1590 1601
25 26 40 296
119 120 40 296
73 74 229 3201
11 12 289 1000
105 106 289 1000
120 120 1170 2735
90 91 2243 2920
0 120 1073 1082
0 49 302 2925
52 52 302 2925
55 63 302 2925
65 120 302 2925
53 53 2581 2915
99 99 232 1405
10 11 2291 2587
104 105 2291 2587
0 120 80 1765
0 120 1379 3259
36 36 140 1816
56 57 902 2139
64 64 432 3156
18 20 229 1107
112 114 229 1107
0 120 2288 2289
29 35 2133 2940
88 89 407 3099
0 0 1976 2202
92 94 1976 2202
11 11 374 707
105 105 374 707
22 23 2063 3110
116 116 2063 3110
50 51 1170 4024
86 86 314 4039
92 92 613 2386
0 120 403 2576
68 71 1165 2899
80 81 1535 1678
65 66 141 2576
85 86 353 769
41 41 294 3572
70 70 2207 3239
80 81 624 1232
16 17 887 4086
109 110 887 4086
75 76 1128 3017
0 120 3070 3614
102 103 407 1005
0 120 491 1642
31 32 1716 3187
1 1 23 76
94 95 23 76
40 41 313 589
0 120 886 2171
49 51 1094 1154
76 77 404 707
15 16 1121 2977
108 110 1121 2977
16 18 350 3854
110 112 350 3854
32 32 1195 2926
31 31 30 2186
30 30 16 2288
0 120 3684 3692
59 59 535 2853
33 34 2615 2660
55 55 404 4090
0 120 1078 1560
0 120 3167 3173
31 31 1971 2366
2 9 1575 2366
11 12 1575 2366
14 21 1575 2366
27 30 1575 2366
33 33 1575 2366
37 41 1575 2366
74 78 1575 2366
80 81 1575 2366
84 93 1575 2366
96 103 1575 2366
105 106 1575 2366
108 113 1575 2366
115 115 1575 2366
119 120 1575 2366
75 76 1064 3382
79 80 314 2884
19 21 432 2351
113 115 432 2351
49 50 84 887
47 47 1641 1673
12 13 1868 2618
106 107 1868 2618
61 62 1821 2772
0 120 2199 3132
2 2 535 759
22 23 313 1878
116 117 313 1878
0 120 3150 4108
44 44 1682 2613
47 47 1682 2613
49 50 1682 2613
54 54 1682 2613
66 67 1682 2613
71 73 990 3783
52 54 1398 2854
0 120 1878 4245
28 29 2136 2783
75 77 1446 1582
79 79 2618 3466
6 7 235 3126
100 101 235 3126
0 120 1346 1351
7 8 353 3347
39 40 0 3983
74 75 410 3881
61 62 0 1539
5 6 2155 3183
98 100 2155 3183
55 56 412 3927
56 57 887 4220
66 67 1195 2121
71 73 209 1124
72 72 350 3049
75 93 350 3049
33 35 167 898
63 64 103 3357
34 36 409 3629
61 63 1128 2562
68 70 771 1012
0 120 3632 3636
0 120 1373 4086
71 73 430 1473
0 3 1328 2623
93 97 1328 2623
64 65 2109 2434
0 0 741 3055
92 93 741 3055
74 76 3112 3600
0 120 433 2710
23 24 3098 3702
117 118 3098 3702
77 80 51 1854
62 63 2103 2619
0 120 2046 2085
0 120 2 3655
0 120 3266 3286
0 120 41 2829
51 52 3183 3251
67 67 2009 2203
52 54 1417 2291
56 56 713 1946
51 53 138 3701
83 84 2060 2922
0 0 253 1961
2 3 253 1961
11 91 253 1961
97 97 253 1961
104 120 253 1961
91 92 201 1771
31 31 411 2547
34 35 1070 2183
35 36 1008 1305
15 22 409 2474
24 25 409 2474
109 116 409 2474
118 120 409 2474
18 20 1128 1407
112 114 1128 1407
44 44 856 3163
11 15 16 3711
105 109 16 3711
0 120 1733 1746
0 120 3832 4047
0 120 1490 1988
17 18 2837 2964
111 112 2837 2964
40 40 506 1094
0 120 1018 2932
29 29 400 1607
32 32 9 1951
37 48 9 1951
60 60 9 1951
116 116 9 1951
0 120 697 3291
73 73 17 3532
20 20 721 1433
114 114 721 1433
0 120 1655 2994
0 120 1018 3871
4 6 2594 4145
98 100 2594 4145
13 14 414 724
106 108 414 724
12 13 11 3717
105 107 11 3717
33 34 28 3132
70 71 374 1325
53 53 458 1962
68 70 1996 2506
0 120 260 1977
28 28 262 2023
51 52 2605 2964
0 6 294 4190
9 10 294 4190
21 21 294 4190
23 23 294 4190
31 34 294 4190
37 38 294 4190
40 45 294 4190
49 68 294 4190
71 100 294 4190
103 104 294 4190
110 110 294 4190
114 115 294 4190
117 117 294 4190
55 56 2964 3082
47 48 1821 2101
0 120 604 2137
86 88 301 2136
54 54 1094 1772
6 8 187 2788
100 102 187 2788
56 60 69 1978
80 81 395 2902
72 72 2291 2400
0 120 3929 4114
75 77 2103 3103
11 12 229 920
105 106 229 920
62 63 382 1162
63 64 206 936
52 52 419 1983
0 120 978 3667
0 120 78 1690
0 120 1724 3457
0 120 1791 2235
32 32 1230 3888
55 56 72 1121
118 120 39 1173
40 42 372 3076
0 120 1621 2955
33 36 45 2681
0 120 1994 2005
6 6 373 3678
100 100 373 3678
20 21 1352 2538
114 115 1352 2538
36 37 34 48
105 105 1404 2728
0 120 820 2677
36 38 352 1111
11 14 293 3914
17 17 293 3914
19 33 293 3914
37 38 293 3914
104 107 293 3914
112 120 293 3914
37 38 2101 3565
0 120 1363 1384
41 42 793 4237
59 60 416 2035
38 38 331 1173
43 44 871 2615
74 75 1012 3786
19 20 760 2784
113 114 760 2784
0 120 3931 4136
0 120 2081 2539
37 38 694 2164
62 63 482 3971
2 4 654 1045
96 97 654 1045
34 36 248 357
0 120 473 475
68 69 216 819
0 120 2351 3339
0 0 1384 3550
3 32 1384 3550
34 34 1384 3550
36 75 1384 3550
79 79 1384 3550
83 120 1384 3550
3 3 85 2056
69 69 85 2056
101 101 85 2056
65 65 1265 2138
28 29 2130 3340
70 70 14 3344
0 120 1919 4059
57 58 2991 3110
55 55 85 2995
73 74 64 2118
0 120 819 1270
0 1 411 3165
93 95 411 3165
34 35 1889 2904
0 120 3394 3500
80 81 856 3781
0 120 999 4089
6 7 90 306
100 101 90 306
72 73 374 4037
48 50 401 4140
44 46 506 1712
21 22 297 3036
115 116 297 3036
24 25 187 1178
118 119 187 1178
31 32 302 1128
0 120 948 1276
0 120 1855 1980
67 68 1022 1225
84 84 351 3272
90 90 347 1810
26 26 159 2513
32 33 159 2513
35 35 159 2513
39 39 159 2513
41 45 159 2513
51 55 159 2513
58 58 159 2513
62 62 159 2513
66 66 159 2513
68 69 159 2513
71 72 159 2513
67 69 1004 2339
40 41 262 1702
76 76 2621 3176
0 120 3825 3844
5 6 1946 3761
99 100 1946 3761
58 59 292 3042
0 120 4203 4204
21 21 1589 2211
114 115 1589 2211
41 42 255 3914
47 49 132 316
32 33 923 1569
90 90 235 1195
57 58 770 2293
25 26 2461 3079
119 120 2461 3079
117 117 983 3340
82 83 2130 3474
0 120 171 2873
23 23 598 2186
85 85 598 2186
0 120 2093 2094
81 81 334 2113
3 5 134 3745
11 12 134 3745
62 62 134 3745
77 79 134 3745
87 89 134 3745
97 99 134 3745
105 105 134 3745
0 120 3315 3341
68 68 51 2956
22 24 1006 1230
116 118 1006 1230
33 34 629 1472
0 120 4235 4250
62 62 1952 3552
48 48 1678 2037
42 43 52 4120
23 24 334 3052
117 117 334 3052
65 65 3102 3233
0 120 4036 4040
59 62 419 2601
34 34 102 2894
14 17 1091 4162
108 110 1091 4162
67 68 2529 2782
55 56 347 1944
81 82 123 738
61 62 2547 2607
0 120 1375 4106
43 45 316 3762
20 21 225 1954
114 115 225 1954
0 120 1142 3346
0 120 3574 3578
28 34 721 2535
38 39 721 2535
0 120 437 2776
74 74 248 625
0 120 886 2602
76 77 414 1826
60 61 154 2653
47 49 2926 3542
74 76 1467 4045
9 10 2594 2803
103 105 2594 2803
44 45 2100 2268
81 82 2814 3301
0 120 233 502
0 0 30 2617
92 94 30 2617
61 61 436 3305
85 86 307 1205
90 91 1148 1821
55 57 277 2494
56 57 1397 2525
0 120 4146 4154
9 9 166 2663
103 103 166 2663
67 67 625 3177
18 20 348 2145
111 114 348 2145
64 66 310 1853
0 120 650 4173
70 70 743 954
14 23 629 1606
108 116 629 1606
32 35 128 3310
55 56 138 3998
72 74 30 523
52 52 270 1673
67 68 53 3136
27 28 15 400
88 89 975 3182
46 46 898 2181
16 17 972 2130
110 111 972 2130
21 22 2228 3742
115 116 2228 3742
86 86 767 3418
0 120 1157 3573
84 85 438 2196
71 72 295 390
77 77 1668 1833
39 40 334 3536
76 77 482 3434
24 24 399 1679
117 118 399 1679
24 24 2909 3322
118 118 2909 3322
34 35 1104 3188
0 120 2642 2978
39 39 400 2843
41 57 400 2843
55 56 66 3721
17 18 1203 3167
111 112 1203 3167
0 120 2392 2803
88 90 372 795
0 2 1306 1602
92 95 1306 1602
0 120 172 175
89 91 3160 4072
0 3 1467 4179
94 97 1467 4179
4 5 3342 3554
98 99 3342 3554
73 74 2681 3845
31 31 296 1150
53 53 506 2680
46 48 292 3660
56 57 1068 3881
75 76 294 2043
0 2 2126 3034
94 95 2126 3034
0 120 1842 3275
32 34 1334 4000
0 120 202 2454
0 120 859 1263
0 120 3362 3425
0 120 366 576
36 36 39 4153
78 78 6 1761
38 39 1198 4112
74 74 1193 3768
26 27 1039 3301
120 120 1039 3301
17 22 712 2906
111 117 712 2906
0 120 2687 2697
34 34 1164 1495
51 52 94 1581
72 72 54 462
3 3 331 3214
6 6 331 3214
11 11 331 3214
14 16 331 3214
18 20 331 3214
24 50 331 3214
52 62 331 3214
64 66 331 3214
89 93 331 3214
97 97 331 3214
100 100 331 3214
105 105 331 3214
108 110 331 3214
112 114 331 3214
118 120 331 3214
40 40 1451 3245
81 81 353 2973
26 27 389 2438
120 120 389 2438
79 79 346 1802
81 82 1232 3881
88 89 1523 2367
50 52 581 2608
12 13 1164 2434
106 108 1164 2434
32 33 104 3208
0 120 1887 2994
12 14 698 914
106 108 698 914
86 88 206 2172
4 5 629 3029
97 99 629 3029
25 25 312 3322
119 119 312 3322
0 120 1148 3594
19 21 300 1807
113 115 300 1807
42 42 2681 3040
9 10 1246 1685
103 104 1246 1685
0 1 2032 2594
92 94 2032 2594
0 120 924 1634
0 120 203 1874
0 120 244 1875
24 25 989 2783
118 119 989 2783
50 52 2126 2229
77 120 885 1679
42 45 1418 2142
0 120 43 838
0 120 1359 2501
0 120 1085 3430
0 120 686 1469
9 9 61 3861
74 76 250 350
76 77 1232 2137
31 32 1000 2568
10 13 1483 3476
104 107 1483 3476
14 15 502 2291
108 109 502 2291
10 12 116 535
104 105 116 535
0 120 704 705
0 120 2032 3883
19 20 1132 1906
113 115 1132 1906
38 39 141 1531
81 82 631 3610
93 93 302 4108
16 17 441 1234
111 111 441 1234
5 5 54 596
98 99 54 596
0 120 4078 4079
74 74 265 1008
0 120 3429 3441
26 27 1120 1522
120 120 1120 1522
0 120 1586 3015
0 120 1391 1793
97 97 1064 1398
76 76 626 1172
27 28 225 828
29 29 280 535
31 32 72 1552
0 120 359 1582
96 96 606 1459
33 33 1287 1820
0 13 1404 3159
16 23 1404 3159
25 26 1404 3159
34 35 1404 3159
38 44 1404 3159
47 47 1404 3159
49 50 1404 3159
55 59 1404 3159
67 71 1404 3159
77 78 1404 3159
80 80 1404 3159
85 86 1404 3159
92 96 1404 3159
105 105 1404 3159
38 38 230 2111
1 1 264 2661
23 30 264 2661
32 32 264 2661
36 36 264 2661
39 39 264 2661
41 50 264 2661
53 56 264 2661
60 66 264 2661
70 70 264 2661
73 74 264 2661
76 79 264 2661
85 91 264 2661
95 95 264 2661
116 118 264 2661
72 73 243 2538
0 0 1397 1399
7 8 1397 1399
84 84 1397 1399
91 94 1397 1399
96 102 1397 1399
0 120 1627 1861
62 63 2594 2616
37 38 1451 1635
82 83 1537 2907
27 29 28 1603
87 89 1936 2616
0 120 62 433
0 120 895 1188
0 120 1741 2148
70 71 1001 2338
82 83 2257 3196
84 85 1340 1804
0 40 309 310
43 53 309 310
55 120 309 310
0 120 460 479
77 77 121 1013
23 25 2201 3072
117 119 2201 3072
14 17 432 2595
108 111 432 2595
17 17 313 1183
111 111 313 1183
0 120 1927 2503
0 32 2964 3997
35 49 2964 3997
53 53 2964 3997
57 57 2964 3997
63 63 2964 3997
67 67 2964 3997
70 71 2964 3997
74 80 2964 3997
82 120 2964 3997
12 12 256 2369
106 106 256 2369
16 18 39 3832
110 111 39 3832
0 120 1322 3103
0 120 4152 4162
0 120 1872 2981
0 120 1815 2447
43 43 301 3051
0 120 2362 2616
28 28 505 2292
59 60 2513 2785
20 22 2117 2785
114 115 2117 2785
22 23 28 2892
116 116 28 2892
23 31 27 2667
33 34 27 2667
37 38 27 2667
40 47 27 2667
49 59 27 2667
61 70 27 2667
72 73 27 2667
75 80 27 2667
82 82 27 2667
72 72 230 1306
73 74 2207 2678
58 58 717 1424
63 64 717 1424
72 73 717 1424
75 75 717 1424
84 86 1978 2626
65 67 923 3744
59 62 694 3884
80 81 1716 2626
0 120 3347 3361
0 120 2662 3258
0 120 810 834
0 120 531 1419
0 120 3349 3407
6 7 2392 2616
100 101 2392 2616
3 4 270 331
97 98 270 331
0 120 15 1502
0 120 791 1723
0 120 512 2308
55 56 1249 1820
27 29 173 3781
74 75 1537 2452
0 120 1654 3037
88 90 933 1025
10 11 1185 1246
104 105 1185 1246
80 81 1660 2293
0 120 1009 1020
0 120 1912 2514
26 36 372 1897
120 120 372 1897
0 120 492 501
20 21 2293 3145
114 115 2293 3145
43 51 104 2082
91 92 1582 1821
43 43 1862 4090
0 120 427 2735
21 22 12 2493
115 115 12 2493
10 11 1658 1816
103 105 1658 1816
29 29 1008 2488
47 48 849 923
77 78 138 1851
99 99 413 3776
84 84 1032 2293
43 43 777 1020
72 74 409 624
25 26 524 574
119 120 524 574
47 48 968 2308
58 62 968 2308
64 65 968 2308
69 72 968 2308
80 87 968 2308
90 90 968 2308
95 98 968 2308
100 105 968 2308
120 120 968 2308
77 77 441 2791
0 34 2010 2648
36 120 2010 2648
0 120 621 3890
51 53 554 2668
73 74 850 1498
83 84 12 399
20 21 2202 2818
114 115 2202 2818
84 84 524 1513
49 49 386 4023
0 120 1146 1267
18 19 189 2920
112 113 189 2920
12 12 865 1025
106 106 865 1025
7 8 199 1164
101 103 199 1164
0 120 1823 3172
37 38 124 990
0 120 836 3670
68 70 297 918
11 12 206 3274
105 106 206 3274
0 120 1763 3306
29 29 629 4131
37 39 1185 1380
1 1 1771 3921
95 95 1771 3921
0 120 1100 2962
40 41 1862 3285
14 14 1322 2782
108 108 1322 2782
0 1 1019 2781
93 95 1019 2781
19 20 12 2627
112 114 12 2627
37 38 1230 3193
79 80 2126 4270
58 61 1025 2037
69 70 696 3259
0 120 610 1795
41 41 429 2915
14 15 134 1277
108 109 134 1277
0 120 461 3392
82 84 342 1226
88 90 280 348
0 120 89 1534
59 59 44 71
49 51 1771 2766
33 33 1542 2906
0 120 3844 3846
0 120 210 2992
22 22 946 1340
116 116 946 1340
0 120 2467 2469
24 25 1789 2783
118 119 1789 2783
31 34 160 1185
54 56 1008 2972
88 91 316 944
0 25 123 3747
28 29 123 3747
38 43 123 3747
47 119 123 3747
43 44 1678 2952
77 78 503 770
0 120 246 1868
49 52 315 1473
78 78 721 2161
21 23 1218 2967
115 117 1218 2967
28 29 1230 2038
0 120 1737 3532
44 47 297 4085
85 86 629 3326
44 45 99 128
0 120 754 1520
0 120 3899 3903
21 22 2139 2788
115 116 2139 2788
0 120 1681 1910
85 86 146 1637
52 53 65 3927
74 75 39 262
83 84 2927 3743
2 4 353 2115
96 99 353 2115
0 120 38 3043
0 0 714 1340
93 94 714 1340
86 86 506 3111
90 90 79 3044
61 61 34 1581
88 89 2118 2850
43 45 79 600
31 32 2202 4241
13 14 1725 2367
107 108 1725 2367
0 120 1572 3845
0 120 563 2864
67 70 721 3450
79 80 721 3450
65 65 659 2572
87 87 506 4050
36 37 65 1833
80 82 767 2105
88 89 366 1007
14 15 1677 2326
108 109 1677 2326
67 67 75 831
14 14 1167 2978
108 109 1167 2978
43 44 1000 3804
0 120 1041 3805
63 68 1165 2151
0 120 915 1222
14 14 1120 2408
108 108 1120 2408
0 120 214 2306
58 59 85 206
29 40 1172 4261
42 42 1172 4261
0 120 229 1648
54 56 420 2182
56 57 1450 3451
0 120 3010 3754
56 58 152 2367
60 61 71 1247
38 38 12 4050
0 120 4172 4196
15 17 60 2778
20 22 60 2778
104 105 60 2778
108 111 60 2778
114 116 60 2778
0 120 500 3050
104 104 168 2311
29 31 130 1827
70 72 166 1484
0 120 2067 2080
0 120 4087 4088
14 14 1162 3923
108 109 1162 3923
27 28 257 848
29 30 415 2188
80 81 253 4112
82 84 1404 3456
0 120 203 2305
14 15 1765 2681
108 108 1765 2681
70 76 1481 2922
0 0 823 2922
92 94 823 2922
0 120 794 1992
0 2 238 3989
94 96 238 3989
23 24 419 617
117 118 419 617
7 7 2029 2727
101 101 2029 2727
0 120 7 4056
49 49 2595 3138
21 23 2909 4237
115 117 2909 4237
10 11 187 2711
104 105 187 2711
32 33 1025 3810
69 70 1665 2450
106 107 625 3876
115 116 625 3876
9 11 2228 2563
102 104 2228 2563
0 120 892 1187
59 61 1451 2871
59 59 1162 2768
17 17 2366 3436
111 111 2366 3436
1 1 643 3112
3 5 1438 3575
97 99 1438 3575
32 33 30 633
89 91 615 3538
0 120 1721 3671
0 120 1015 1937
120 120 1225 3467
23 25 63 2244
117 119 63 2244
28 29 1806 2466
54 55 412 4118
108 108 6 2676
0 120 4209 4212
81 82 292 2481
12 13 294 864
106 107 294 864
0 0 166 4062
5 5 166 4062
7 8 166 4062
16 18 166 4062
21 22 166 4062
25 26 166 4062
30 32 166 4062
67 68 166 4062
74 74 166 4062
77 77 166 4062
83 83 166 4062
92 94 166 4062
99 99 166 4062
101 102 166 4062
110 112 166 4062
115 116 166 4062
120 120 166 4062
37 39 240 4011
0 120 1990 1994
0 120 2740 3246
37 38 264 2153
0 120 1785 3282
15 15 293 1393
108 109 293 1393
34 36 1404 3590
0 120 1469 3985
4 5 1821 2158
98 99 1821 2158
31 32 1962 3329
0 120 1642 1661
8 9 313 1264
101 103 313 1264
37 38 1190 1537
0 120 1609 2652
51 51 28 2034
24 25 2885 3196
118 119 2885 3196
38 38 416 3836
21 21 2623 3196
115 115 2623 3196
0 0 856 3354
88 95 856 3354
0 120 362 567
29 30 914 1080
0 120 551 1028
9 12 353 2733
103 106 353 2733
49 50 12 2440
0 120 533 1388
46 47 1061 3759
0 1 770 3021
94 95 770 3021
39 39 1816 3103
33 35 16 869
17 18 310 3036
112 113 310 3036
70 70 36 3965
0 120 1321 4063
0 120 1484 3303
50 51 2203 2236
28 31 2626 3093
47 47 1165 2769
0 120 1535 1548
55 56 1602 2770
0 120 917 2667
22 23 850 1445
115 117 850 1445
55 56 2267 3160
0 120 1078 1080
3 4 1673 2421
97 98 1673 2421
87 88 1050 3196
31 31 399 1923
49 50 34 1044
0 120 328 3211
0 120 271 2677
24 30 2207 4048
119 120 2207 4048
39 39 2124 2293
0 1 1193 2723
93 95 1193 2723
7 9 81 301
101 103 81 301
0 120 1877 2601
80 81 172 419
0 120 3093 3094
53 53 462 932
37 38 56 244
18 20 890 2133
112 114 890 2133
82 83 322 2615
46 48 771 1687
8 10 554 3904
102 104 554 3904
0 120 2166 3643
0 120 2462 2473
92 93 309 3319
22 24 856 3488
116 118 856 3488
0 1 1408 4193
93 95 1408 4193
0 120 2098 2950
21 21 846 2211
25 25 846 2211
31 32 846 2211
40 40 846 2211
0 120 1869 2309
0 120 267 814
76 76 2292 3166
45 47 415 712
72 72 1946 2529
2 3 277 3222
95 97 277 3222
84 86 1029 2103
10 12 411 3222
104 106 411 3222
18 18 302 4218
112 112 302 4218
0 120 443 1979
0 120 4111 4137
25 26 415 4095
119 120 415 4095
0 120 403 2580
0 120 1337 3387
39 39 294 3576
50 51 256 3284
26 27 316 3335
119 120 316 3335
0 120 3654 3669
40 41 66 3160
18 20 293 4105
111 114 293 4105
0 120 124 132
0 120 3215 3218
0 120 4075 4076
76 77 6 3294
23 23 9 3565
0 120 86 779
0 120 1488 3906
0 120 941 1293
85 88 120 363
0 120 832 2289
0 120 1078 1564
0 120 756 1513
28 28 168 3063
0 120 806 876
87 87 147 2186
21 22 771 4265
115 115 771 4265
7 10 606 2508
101 104 606 2508
0 120 3210 3224
1 2 1068 4259
95 96 1068 4259
62 63 2066 2607
3 5 357 2935
97 99 357 2935
0 120 775 2694
0 120 2993 2997
54 54 2681 3634
54 54 386 1421
58 59 1678 4188
79 80 372 1523
0 120 650 713
64 66 87 2293
11 11 374 3289
105 105 374 3289
84 86 331 2653
22 24 934 1411
116 118 934 1411
73 74 1070 2992
49 58 13 2529
9 10 417 892
103 104 417 892
27 29 17 3402
63 64 793 3623
21 23 299 4054
115 117 299 4054
0 120 2549 2552
0 120 1880 2982
78 79 1685 4204
58 59 300 1246
0 120 396 954
0 120 1748 2274
41 43 1068 2515
77 78 39 1848
67 68 354 728
50 50 3203 4281
0 13 99 2653
91 107 99 2653
74 75 835 1001
31 32 415 2135
27 27 3555 4174
0 120 2020 3901
71 72 36 1550
75 76 1091 1186
77 77 1466 2561
0 120 1474 4142
117 117 125 841
0 120 2699 3435
0 120 1818 2454
83 84 39 2787
2 2 66 1200
95 96 66 1200
59 60 2103 2623
78 80 2884 3188
59 61 253 1026
42 42 17 2247
93 93 1352 4152
41 43 8 441
26 27 1682 1812
120 120 1682 1812
27 28 1821 2910
120 120 1821 2910
91 93 348 1263
0 120 1516 2274
0 11 28 1847
13 15 28 1847
17 22 28 1847
39 40 28 1847
43 43 28 1847
53 53 28 1847
96 97 28 1847
100 101 28 1847
103 103 28 1847
107 107 28 1847
115 115 28 1847
10 11 131 2726
103 105 131 2726
11 12 1301 2120
105 106 1301 2120
13 13 482 1263
18 21 821 1483
112 114 821 1483
71 71 303 3772
87 91 2964 3302
51 53 222 400
0 120 875 3409
87 87 801 1016
0 120 2180 2439
13 17 126 3321
107 111 126 3321
0 120 1018 2936
0 0 1450 2593
94 94 1450 2593
76 78 52 339
41 41 58 3537
53 55 631 955
69 70 103 2556
0 120 1660 3342
25 27 975 3239
119 120 975 3239
42 43 1004 1725
5 6 625 1140
100 100 625 1140
11 12 126 3671
105 106 126 3671
55 55 1117 1602
0 120 561 3599
65 67 1602 2583
47 48 2269 3800
78 79 297 2772
0 1 13 3013
93 94 13 3013
45 48 123 3373
0 120 1255 2475
30 33 1193 1597
25 27 14 1925
119 120 14 1925
51 53 310 755
47 48 3102 3774
61 61 301 1201
69 70 79 2320
20 21 581 3470
113 115 581 3470
0 120 2491 3620
89 91 659 909
51 51 209 1612
35 36 142 390
68 71 357 2264
14 15 1537 2346
18 18 2681 2963
112 112 2681 2963
39 40 253 3604
0 120 604 2141
0 120 1531 4221
66 67 1392 1433
97 97 130 2258
72 73 1064 3065
50 51 312 1740
81 82 914 1027
85 86 721 3076
0 120 1905 2368
0 120 4236 4238
0 120 3054 3329
22 23 817 3538
117 117 817 3538
0 1 206 3384
94 95 206 3384
12 13 985 3122
106 107 985 3122
22 23 75 457
19 21 2179 3102
113 115 2179 3102
5 6 2762 2928
99 99 2762 2928
0 120 440 2275
86 87 378 1397
0 1 255 2495
94 95 255 2495
0 120 1194 3646
13 14 2648 2799
107 108 2648 2799
0 120 4014 4017
83 83 395 4195
0 120 3774 3776
60 60 66 2973
0 0 219 3215
87 87 1537 1541
96 98 1537 1541
103 109 1537 1541
112 112 1537 1541
114 116 1537 1541
84 85 3104 3981
85 86 373 649
39 40 256 4036
45 45 421 2383
0 120 2144 2892
0 120 124 884
16 18 141 299
110 111 141 299
88 89 230 2034
23 23 1226 2029
117 117 1226 2029
33 35 128 1757
72 72 1384 2615
83 85 1045 3149
13 13 959 1685
107 107 959 1685
90 92 2141 2594
43 44 2450 3349
0 120 800 874
22 23 975 1629
116 117 975 1629
3 5 16 2455
97 98 16 2455
82 83 1045 4088
0 0 482 942
93 94 482 942
14 15 494 767
108 109 494 767
54 55 60 3693
60 61 628 767
46 46 72 2764
48 49 2752 3098
74 75 1021 2913
107 108 1195 4032
0 120 3034 3750
0 120 453 3395
45 48 30 3292
35 36 1167 2738
0 120 999 4093
0 1 1945 2251
3 7 1945 2251
9 32 1945 2251
34 40 1945 2251
43 43 1945 2251
46 62 1945 2251
64 65 1945 2251
87 90 1945 2251
92 101 1945 2251
103 120 1945 2251
68 69 1606 2785
0 120 3619 3622
17 19 914 1511
111 112 914 1511
48 49 353 3164
0 120 1905 2852
77 78 1982 3072
68 69 1720 3072
15 16 6 2302
109 110 6 2302
21 21 3005 3170
114 115 3005 3170
73 73 152 2127
61 62 1447 2913
76 78 1433 3015
16 17 277 1075
110 110 277 1075
0 120 1049 3806
77 78 44 315
35 36 2186 3252
73 74 1004 2343
48 48 255 2979
37 37 425 2636
0 120 4017 4018
91 91 412 1650
0 8 556 3092
11 19 556 3092
21 22 556 3092
25 32 556 3092
34 44 556 3092
49 55 556 3092
60 61 556 3092
63 68 556 3092
70 71 556 3092
74 77 556 3092
84 90 556 3092
94 102 556 3092
105 110 556 3092
112 113 556 3092
119 120 556 3092
79 81 105 187
39 39 2595 2898
65 66 1101 2626
0 120 834 2282
0 120 345 3811
21 21 1957 3550
115 115 1957 3550
85 120 431 2831
8 9 410 1954
102 104 410 1954
89 89 255 885
0 120 308 3929
88 88 848 1399
49 50 213 659
25 25 2269 2324
119 119 2269 2324
14 16 390 2241
108 109 390 2241
39 40 135 968
0 120 497 3801
67 68 51 2960
0 120 2174 2437
0 120 909 3745
73 74 2459 2606
0 70 1591 3550
73 74 1591 3550
93 95 1591 3550
97 120 1591 3550
63 64 120 2538
92 93 209 3519
33 33 438 1127
19 20 54 4170
113 113 54 4170
68 70 1545 1862
80 82 306 2139
0 120 4139 4142
89 89 1068 2462
79 80 1001 1240
60 61 3110 4229
10 11 2754 2904
104 105 2754 2904
2 3 341 2133
96 97 341 2133
14 15 0 1840
108 109 0 1840
32 34 2202 3330
71 71 219 3833
0 120 3574 3582
38 38 1961 3618
88 88 732 2139
0 0 1862 2858
93 94 1862 2858
0 120 1698 1703
0 0 1455 1945
93 94 1455 1945
48 49 316 1672
0 120 333 1841
69 70 1673 3336
0 120 969 2991
90 90 229 737
117 120 1170 2715
47 49 2782 3208
0 120 1099 4003
0 0 120 1733
93 94 120 1733
88 88 2100 2622
106 106 386 1852
71 72 30 527
89 90 1232 2812
90 90 76 872
0 0 2512 2566
94 94 2512 2566
34 36 767 2483
21 22 2100 3561
115 116 2100 3561
51 52 1862 4147
1 1 914 1190
4 4 914 1190
9 9 914 1190
16 16 914 1190
95 95 914 1190
103 103 914 1190
109 110 914 1190
114 115 914 1190
0 120 298 692
13 16 353 399
107 110 353 399
58 60 738 964
0 120 1376 2941
68 70 292 2375
76 78 1383 1668
0 120 2625 2628
84 85 973 1770
20 21 54 3715
114 114 54 3715
0 120 1836 3865
0 120 1808 1817
82 82 1120 2197
21 22 1161 2006
115 116 1161 2006
0 120 1266 1268
45 45 970 2438
74 74 2513 3326
57 58 524 631
1 2 156 235
95 95 156 235
59 60 562 923
0 120 398 2212
83 84 2762 4030
71 72 659 4239
73 73 1385 2653
57 57 66 692
0 120 1396 1499
77 78 1602 3819
0 1 1025 3249
93 95 1025 3249
0 120 2632 2644
18 19 59 2904
112 113 59 2904
28 29 425 4193
70 70 312 2037
79 79 1210 3187
58 59 482 1694
0 120 1797 3886
0 120 539 2201
65 66 430 3197
0 74 342 344
76 80 342 344
85 120 342 344
80 81 1438 3953
48 52 373 3629
89 90 278 2803
33 34 1195 4195
0 120 2856 2860
0 120 1471 3312
62 62 17 3967
31 32 762 2623
60 62 1543 2434
10 10 505 2967
31 32 209 4137
16 17 493 1452
110 111 493 1452
0 120 2248 3943
69 70 9 3325
27 29 1068 3080
72 73 390 1704
50 51 1255 2906
5 7 1389 2906
99 101 1389 2906
0 120 2706 3451
0 120 3515 3620
0 120 2580 2588
0 120 3380 3395
57 58 1102 2849
106 106 1537 2777
8 8 155 2746
102 102 155 2746
11 12 193 786
105 106 193 786
81 81 58 2813
4 5 410 2706
97 99 410 2706
0 120 879 1464
30 30 1660 2029
76 76 56 3871
0 2 1433 2023
5 12 1433 2023
93 95 1433 2023
98 105 1433 2023
0 120 1204 2163
9 9 55 1202
102 103 55 1202
53 54 2506 3928
59 59 629 2228
34 34 6 2249
10 11 1193 4256
104 104 1193 4256
21 23 1091 3979
115 117 1091 3979
71 73 808 3102
36 37 1102 1105
49 49 1300 3564
37 37 2117 3594
0 120 64 3358
0 120 1929 3543
0 120 1018 3851
33 34 765 3405
33 34 6 2599
0 120 80 3302
40 43 104 3696
0 120 1253 2213
52 52 1000 1767
33 33 805 3743
42 42 347 2111
0 120 2257 2261
76 77 454 2762
91 93 367 3517
29 29 52 2193
55 56 554 3343
84 85 1397 2342
44 44 63 4045
0 0 777 2634
3 8 777 2634
10 18 777 2634
20 21 777 2634
24 32 777 2634
39 40 777 2634
42 44 777 2634
59 59 777 2634
67 69 777 2634
71 71 777 2634
75 88 777 2634
93 93 777 2634
97 102 777 2634
104 112 777 2634
114 114 777 2634
118 120 777 2634
49 49 1458 2029
0 1 3901 4140
86 86 3901 4140
94 97 3901 4140
18 18 66 1310
112 112 66 1310
29 31 506 3302
56 58 34 1772
0 120 1691 3728
27 27 2623 3708
120 120 2623 3708
80 81 560 1064
32 35 1931 2626
32 34 1017 2471
31 32 628 1198
67 70 738 3810
44 44 349 1783
55 57 347 956
60 62 209 3466
0 120 2499 3083
87 88 346 1485
0 120 124 2604
0 120 2334 3955
1 6 741 2014
8 8 741 2014
14 88 741 2014
90 91 741 2014
94 103 741 2014
105 120 741 2014
17 20 130 140
111 114 130 140
0 120 2647 2954
86 86 166 3769
0 120 1762 3729
16 16 1132 3333
110 111 1132 3333
36 39 738 1716
0 120 970 2251
32 34 1269 1352
20 21 2666 4135
114 115 2666 4135
46 47 4 2660
20 20 414 4221
114 114 414 4221
51 52 256 629
0 120 3518 3597
0 120 15 1506
38 38 235 3724
0 120 1312 3119
47 49 856 2122
92 92 307 3600
59 61 1497 2118
87 88 69 1742
15 16 2044 2287
109 110 2044 2287
33 33 581 1136
0 120 3344 3417
0 120 3805 3812
76 76 85 1686
0 120 251 443
63 64 2847 3550
0 120 837 3950
72 77 95 3313
92 93 79 336
0 120 2665 2755
49 50 1068 1604
38 39 1224 2117
18 26 195 1450
112 120 195 1450
44 44 694 3083
0 120 4143 4157
11 12 2118 3525
105 106 2118 3525
12 12 3238 3556
105 106 3238 3556
65 66 743 1255
0 120 1006 4109
21 22 219 2975
115 116 219 2975
119 119 606 4175
0 1 130 3657
94 95 130 3657
18 19 5 13
111 113 5 13
39 40 1677 3001
0 120 1838 3858
75 78 256 763
46 47 887 4013
48 54 352 1225
16 17 173 2980
110 110 173 2980
51 55 61 2739
75 75 412 1276
0 120 678 1395
0 120 1117 2785
88 88 659 1153
0 120 1920 3109
92 93 673 1051
44 45 2909 3623
76 78 2904 3279
0 120 211 239
15 16 1537 2590
110 110 1537 2590
0 120 2791 2813
76 77 635 3950
0 120 1061 2072
26 26 416 3088
43 44 14 75
36 37 1001 2960
42 43 2553 2648
31 32 1450 2032
73 73 2157 2648
0 2 350 1687
94 97 350 1687
7 8 1685 2838
101 102 1685 2838
23 24 346 4197
117 118 346 4197
0 120 1788 2027
91 92 535 686
0 40 2228 2299
42 57 2228 2299
59 107 2228 2299
109 120 2228 2299
56 57 846 2268
73 74 923 2488
18 20 1446 1509
112 114 1446 1509
88 88 990 1266
17 23 451 2678
111 117 451 2678
0 120 577 3571
75 76 482 1991
46 46 52 717
49 50 193 1888
56 56 888 989
0 1 535 1625
94 95 535 1625
18 19 1128 2139
111 113 1128 2139
41 42 1961 2894
26 26 76 2242
120 120 76 2242
0 120 2744 2751
0 120 31 779
4 5 256 3341
98 99 256 3341
88 88 278 656
13 13 1064 1565
0 120 1303 3833
91 92 73 1944
0 120 1779 3762
59 60 50 240
72 74 1865 2782
0 120 540 4039
0 120 774 1991
0 120 1737 3536
52 54 1467 3675
0 120 868 872
84 84 1026 2212
0 120 828 2227
0 120 690 3983
84 84 2507 3188
78 79 325 3104
83 84 94 3171
25 27 2449 3183
119 120 2449 3183
56 57 773 985
0 120 926 1981
6 8 1017 1345
10 16 1017 1345
24 26 1017 1345
30 30 1017 1345
100 102 1017 1345
104 111 1017 1345
118 120 1017 1345
0 120 1576 3029
33 33 1091 2048
46 46 1091 2048
0 120 991 4096
27 27 48 1483
68 70 17 2170
1 2 2904 3763
95 96 2904 3763
20 20 187 2581
114 114 187 2581
4 4 3702 3743
98 98 3702 3743
62 62 395 3284
0 120 3954 3964
66 66 293 3007
18 20 131 205
112 114 131 205
30 31 306 960
118 118 428 2643
14 14 1185 1868
108 108 1185 1868
41 42 844 1575
71 72 16 3638
85 86 3565 3630
91 92 311 2243
77 79 2269 3373
38 39 27 2484
84 85 297 2345
32 34 128 3290
79 81 2000 2202
66 67 1203 1858
27 28 840 1806
76 76 310 2772
5 6 721 1360
99 100 721 1360
9 9 103 2479
103 103 103 2479
58 58 342 775
0 120 958 2993
64 65 1450 3455
3 5 414 651
97 99 414 651
33 34 2438 2778
59 60 53 4055
0 120 183 903
0 120 769 3444
0 1 105 3464
3 6 105 3464
12 12 105 3464
32 32 105 3464
36 100 105 3464
102 106 105 3464
114 114 105 3464
59 61 793 1586
34 35 2868 3301
91 92 2303 3492
15 17 350 1016
109 111 350 1016
0 75 251 256
79 79 251 256
82 84 251 256
92 120 251 256
42 42 180 3988
49 50 767 1304
62 62 1670 2798
42 51 2203 3261
54 55 2203 3261
63 64 1195 3471
80 80 2100 2382
57 59 856 3224
0 120 1867 4251
59 59 243 745
0 120 1853 2101
44 46 1070 3183
81 83 2594 3267
85 87 1025 1720
57 57 412 3183
56 57 2762 2851
0 0 423 2783
3 6 423 2783
8 11 423 2783
13 15 423 2783
17 32 423 2783
34 94 423 2783
97 105 423 2783
107 109 423 2783
111 120 423 2783
64 66 312 2952
79 79 386 2901
0 0 352 1038
7 10 352 1038
14 14 352 1038
21 31 352 1038
57 57 352 1038
63 66 352 1038
77 84 352 1038
90 94 352 1038
100 102 352 1038
77 81 147 1572
46 46 386 3840
51 53 353 3892
39 39 981 1017
12 13 315 1156
106 107 315 1156
31 33 132 2203
19 20 1068 3645
113 114 1068 3645
12 14 30 1926
106 107 30 1926
69 70 2738 3554
78 78 1433 3743
20 21 60 3266
114 114 60 3266
20 21 3098 3308
114 114 3098 3308
38 39 1190 1541
0 120 648 4190
13 14 144 2213
107 108 144 2213
14 16 2831 2964
108 110 2831 2964
73 75 6 3969
56 57 1203 4220
47 47 444 1162
69 70 134 3188
14 16 600 1675
108 110 600 1675
0 120 2231 2410
88 88 861 1450
10 11 301 2547
104 105 301 2547
86 87 93 3564
87 89 193 1701
0 120 1915 4052
0 120 318 2901
5 6 2591 3103
99 100 2591 3103
0 120 1321 4067
21 23 209 3897
115 117 209 3897
0 120 443 1849
59 59 51 305
18 20 1408 1969
112 114 1408 1969
7 9 1132 2825
101 103 1132 2825
65 67 353 643
89 91 14 1177
0 0 989 2547
92 93 989 2547
14 15 6 2225
108 109 6 2225
33 34 441 2153
79 80 219 3272
35 37 353 4026
37 37 72 1532
0 120 450 926
0 0 2186 3175
3 11 2186 3175
13 86 2186 3175
88 95 2186 3175
97 120 2186 3175
39 40 350 3728
72 73 703 3092
29 30 1051 3775
0 53 631 2435
59 60 631 2435
63 64 631 2435
67 67 631 2435
69 79 631 2435
81 101 631 2435
103 120 631 2435
52 53 1770 2708
93 93 408 4083
0 120 1509 1620
8 17 292 3908
104 111 292 3908
1 2 901 983
95 96 901 983
25 26 1013 1978
119 120 1013 1978
75 76 407 2168
0 120 977 978
76 80 313 1752
19 19 3475 3550
113 114 3475 3550
86 89 65 1650
0 120 1801 3899
51 52 985 3313
120 120 1398 2728
37 38 1948 2606
0 120 1681 3016
14 14 1130 2913
108 108 1130 2913
0 120 1735 2498
87 93 983 1173
0 120 2244 2375
61 62 721 1173
0 120 3503 3504
63 64 125 2805
0 16 180 2512
20 26 180 2512
31 32 180 2512
34 110 180 2512
114 120 180 2512
0 120 2635 3694
35 38 350 2923
29 30 374 1065
11 11 69 429
47 47 69 429
105 105 69 429
59 60 2913 3638
55 57 841 3160
70 75 120 3400
0 120 500 2867
0 39 407 424
42 48 407 424
65 84 407 424
86 120 407 424
0 120 4075 4080
90 92 904 1230
35 36 429 4155
0 120 1797 2036
108 109 2 146
0 120 1003 2175
55 56 354 3981
47 48 631 2569
34 38 225 1881
35 36 2615 2668
100 100 347 2810
0 120 2024 3890
0 120 1078 1568
57 57 338 1758
85 85 2069 2909
73 75 2444 2786
0 120 904 2169
17 18 899 1825
111 111 899 1825
83 85 80 968
9 10 216 1014
103 104 216 1014
0 120 1816 2436
12 15 317 1820
106 109 317 1820
0 120 644 3935
84 85 948 2626
0 120 495 3812
0 120 4082 4096
16 16 3092 3357
110 110 3092 3357
39 40 141 4223
51 52 126 3191
0 39 1677 1688
41 48 1677 1688
51 55 1677 1688
58 113 1677 1688
115 116 1677 1688
118 120 1677 1688
0 120 753 3289
0 120 2988 3007
0 120 1160 1169
44 46 155 896
87 88 936 1461
92 93 1230 3628
0 120 4251 4255
17 18 404 2354
111 112 404 2354
48 49 206 1615
55 57 1816 3725
53 54 11 3591
0 120 2032 2037
72 73 588 1128
32 33 2783 3891
87 88 56 2021
18 19 450 1194
112 113 450 1194
67 68 451 4048
83 85 293 1210
10 10 160 4064
13 14 160 4064
17 17 160 4064
19 20 160 4064
38 38 160 4064
72 72 160 4064
79 79 160 4064
107 108 160 4064
111 111 160 4064
113 114 160 4064
87 88 444 625
52 53 2666 4245
0 120 1253 2457
74 75 354 1082
18 32 710 717
111 120 710 717
0 120 646 3176
0 120 183 1200
77 79 240 1734
0 120 1914 3105
66 66 262 2247
83 84 441 3710
9 10 131 2730
103 104 131 2730
0 120 967 3002
14 15 421 3997
107 109 421 3997
29 30 655 1195
50 53 2177 2926
0 120 1282 1293
0 120 1218 3752
118 118 3551 4005
0 120 1065 1066
73 76 60 985
1 2 225 3304
95 95 225 3304
14 16 844 1067
108 110 844 1067
0 120 1018 2940
57 59 696 2889
52 53 1537 3505
89 89 97 1806
0 0 193 1514
93 94 193 1514
0 120 972 1252
33 34 313 2370
49 50 638 2130
52 67 638 2130
69 69 638 2130
11 12 736 975
105 106 736 975
49 50 1961 2520
40 41 985 3931
0 120 584 3587
10 11 2616 3912
104 105 2616 3912
67 69 1350 2366
40 41 1172 3757
0 120 3073 3599
0 120 561 3603
50 51 17 507
0 120 3826 3836
24 26 2202 2582
118 120 2202 2582
0 120 2396 2798
47 50 1670 1940
28 29 166 980
40 41 1004 2079
77 79 372 3300
80 81 441 2905
0 120 3863 3876
25 26 1203 3228
119 120 1203 3228
0 120 1351 3126
70 70 1404 2952
65 65 1825 2228
0 120 1956 3465
13 14 760 2658
107 108 760 2658
70 71 347 2489
64 66 777 2073
17 17 1771 3685
28 28 372 4239
1 2 105 3895
94 95 105 3895
1 3 272 625
95 96 272 625
18 18 554 3721
111 112 554 3721
32 33 19 179
16 17 56 3444
110 111 56 3444
78 79 2920 3333
84 85 95 174
78 80 998 1668
0 120 1416 2181
23 24 72 2634
117 117 72 2634
41 43 1161 3352
0 120 1949 2644
0 120 540 2510
79 81 125 2268
15 15 2525 3743
109 109 2525 3743
0 120 1830 2952
81 83 441 4194
45 45 322 2782
0 120 1917 3106
0 120 2483 3517
7 7 79 580
100 101 79 580
80 82 631 3537
15 16 1340 2536
109 110 1340 2536
0 120 1572 3825
12 13 2788 3564
106 107 2788 3564
7 8 985 4065
101 102 985 4065
86 88 1360 3188
7 9 702 3188
101 104 702 3188
19 19 432 3327
113 113 432 3327
0 120 1003 4082
7 8 1070 3614
101 102 1070 3614
0 120 739 4009
86 86 1816 3404
0 120 2327 3354
1 1 152 1997
95 95 152 1997
73 73 2120 3815
77 78 126 776
0 120 361 1582
0 120 2854 3810
1 10 63 2679
91 104 63 2679
0 120 101 719
12 13 28 3624
105 106 28 3624
13 13 1876 2142
107 107 1876 2142
0 120 1898 1901
0 120 494 2865
42 43 7 303
55 57 12 647
0 120 2049 2070
51 52 2126 2290
86 87 316 1058
51 53 1019 4184
70 72 872 2444
30 30 204 1756
71 73 2520 2594
0 120 1093 1100
0 120 802 3368
0 2 138 3388
4 4 138 3388
36 39 138 3388
50 51 138 3388
53 53 138 3388
56 57 138 3388
67 67 138 3388
69 72 138 3388
74 83 138 3388
86 96 138 3388
36 37 16 2459
0 120 3204 3226
82 84 147 2942
39 41 2063 2126
48 49 399 3163
25 26 294 1649
119 120 294 1649
9 11 297 1166
103 104 297 1166
45 46 1763 3554
2 3 3244 3564
96 97 3244 3564
0 120 692 1695
46 47 1172 3086
50 51 432 2522
54 56 430 2449
0 120 543 1572
91 92 2133 2306
0 120 1214 4251
8 9 147 3292
102 103 147 3292
38 39 417 4092
0 120 403 1942
35 36 1397 3554
35 36 342 3918
113 113 1555 4140
57 57 1531 3554
28 29 1446 2692
68 69 2607 3478
0 120 986 987
0 120 3097 3113
0 120 1273 1983
83 87 430 1294
9 10 1467 2980
103 103 1467 2980
79 80 309 2465
63 65 1232 1393
78 78 1132 4195
71 72 1120 2872
93 93 1139 2922
0 120 464 3507
0 120 1667 3041
17 19 846 1357
111 113 846 1357
54 55 168 2425
84 85 131 2543
0 120 2297 2656
79 80 418 1819
0 120 1469 3965
17 19 581 1059
111 113 581 1059
64 64 63 4102
0 120 2084 2548
46 46 2922 3647
18 19 1050 1537
112 113 1050 1537
58 60 1196 3806
12 12 313 1244
106 106 313 1244
33 34 1225 2292
88 90 1194 2979
72 72 1591 2615
17 17 309 3754
110 111 309 3754
0 120 4084 4089
0 120 476 484
79 80 441 1429
113 113 936 1408
1 2 2629 3021
95 96 2629 3021
19 22 1409 1820
24 77 1409 1820
80 89 1409 1820
91 94 1409 1820
112 115 1409 1820
118 120 1409 1820
46 49 48 2666
18 19 75 3523
112 112 75 3523
14 16 1644 2626
108 110 1644 2626
0 120 1353 1696
2 3 2626 2723
96 96 2626 2723
81 82 262 905
0 120 2402 3207
19 20 225 3467
113 114 225 3467
19 19 2116 2621
113 113 2116 2621
78 81 206 973
1 2 414 3928
95 96 414 3928
7 9 968 1296
101 103 968 1296
83 84 635 2584
0 120 1607 3683
71 72 9 3061
35 37 1194 1235
79 80 915 1820
39 40 1808 2626
27 29 354 1029
27 27 54 1491
70 71 109 1198
14 14 1418 1882
108 108 1418 1882
87 87 1674 3565
41 42 344 3724
24 28 2066 2103
118 120 2066 2103
0 120 4146 4162
68 69 1481 3170
0 120 875 3360
70 70 400 3067
82 83 1868 2118
9 10 351 4114
103 104 351 4114
37 38 301 2307
55 56 592 793
6 6 349 1035
100 100 349 1035
72 74 53 2205
70 74 65 1276
29 30 584 2595
87 87 2100 2626
33 120 2656 3258
85 85 94 3899
62 63 395 629
75 76 990 4222
0 120 1814 3171
10 12 1194 3463
105 105 1194 3463
62 64 363 1091
70 72 371 3426
26 28 352 932
120 120 352 932
67 67 690 2617
0 120 220 224
0 28 144 3612
41 120 144 3612
0 120 1603 3109
41 42 72 1292
22 23 2181 2591
116 117 2181 2591
17 18 408 2904
111 112 408 2904
70 70 1165 2883
5 8 1025 2314
99 102 1025 2314
0 120 178 3381
77 77 168 2693
17 19 351 3309
111 113 351 3309
8 8 1225 1621
101 102 1225 1621
81 81 2498 2648
0 120 536 4028
9 10 648 1051
103 104 648 1051
0 120 1692 3716
15 16 66 4079
109 110 66 4079
37 38 1408 3957
0 120 169 2514
28 28 743 3540
13 14 1161 3299
107 108 1161 3299
52 53 1825 2525
59 61 846 1975
90 92 13 1220
0 120 3318 3326
14 14 1602 4173
108 108 1602 4173
15 15 347 3725
109 109 347 3725
35 38 1025 1159
22 24 56 1297
116 118 56 1297
56 56 2595 3870
0 120 1793 2428
81 82 310 2345
74 74 750 2617
85 85 3554 3953
45 46 1193 4126
35 37 659 3438
43 44 1230 4193
55 67 1046 2386
71 72 1046 2386
80 81 1046 2386
70 70 428 3505
43 43 347 1631
116 118 767 2971
28 30 2967 3634
3 7 348 2987
97 101 348 2987
42 43 205 989
34 36 1132 3069
25 26 299 4034
118 119 299 4034
0 120 3728 3732
27 27 2132 3183
120 120 2132 3183
0 120 2624 3645
79 79 253 656
73 74 581 3905
0 120 2090 2957
96 96 2143 2783
0 2 923 1390
93 95 923 1390
22 24 1016 1581
116 118 1016 1581
67 68 66 4213
0 120 379 2458
10 11 1451 1509
104 105 1451 1509
0 120 2318 3346
59 59 1177 2438
10 11 506 2233
104 105 506 2233
13 13 2008 2366
107 107 2008 2366
55 58 672 990
24 24 3552 3856
0 120 1728 3480
0 120 3266 3270
0 120 4126 4128
44 47 418 2571
46 46 34 1642
8 9 309 3567
102 103 309 3567
30 31 1682 1792
70 72 216 1124
0 120 1847 1859
34 34 1589 3321
40 41 2387 3301
28 28 1161 3783
66 68 1168 2510
0 120 22 1258
0 120 1586 3023
49 49 60 1550
29 30 1862 3830
44 46 1754 2607
35 37 262 718
15 15 131 1201
109 109 131 1201
118 118 131 1201
0 120 1378 3259
93 93 1450 2573
0 120 772 3449
58 59 39 1612
38 38 3170 4097
41 41 3170 4097
47 48 3170 4097
50 68 3170 4097
73 73 3170 4097
0 120 1539 1864
2 3 410 3999
96 97 410 3999
62 62 76 2433
72 73 55 1556
17 18 1882 2203
111 112 1882 2203
59 60 120 2705
21 22 1070 4045
115 116 1070 4045
0 120 1018 3855
43 44 2909 3009
0 0 1675 1910
81 94 1675 1910
0 120 80 3306
26 27 123 3942
120 120 123 3942
48 49 135 3013
0 120 2834 2835
0 45 1012 3286
47 55 1012 3286
58 120 1012 3286
0 120 883 1186
74 74 1132 4142
0 120 700 1479
54 55 65 3183
24 25 923 3968
118 119 923 3968
0 120 1740 1746
73 74 2450 2845
0 120 961 1227
66 67 844 3860
62 64 792 1418
50 50 40 93
0 120 981 1879
55 55 2254 2906
0 120 652 657
0 120 1710 3974
88 90 55 401
0 120 562 1895
0 38 142 1309
8 10 367 3871
102 104 367 3871
14 15 2280 3538
108 109 2280 3538
90 90 255 1186
0 120 124 1669
52 52 220 2131
66 68 2269 2625
22 24 1675 4138
116 117 1675 4138
43 45 130 3177
0 120 156 2146
91 92 966 1197
60 61 420 3882
0 120 556 1299
0 120 1807 1813
53 55 334 2418
34 35 308 1197
0 120 124 2608
60 61 432 2953
82 83 76 1628
7 8 2138 3081
101 102 2138 3081
0 120 192 1022
42 43 182 334
55 56 1164 2121
4 6 367 1777
9 10 367 1777
12 12 367 1777
14 16 367 1777
18 20 367 1777
23 24 367 1777
26 33 367 1777
37 68 367 1777
98 100 367 1777
106 106 367 1777
108 110 367 1777
112 114 367 1777
117 117 367 1777
120 120 367 1777
52 55 2142 3200
0 120 1151 3579
49 51 1737 2922
11 13 30 4077
105 106 30 4077
12 12 6 2737
105 106 6 2737
44 45 312 3009
43 45 193 2563
17 18 2159 3554
111 112 2159 3554
79 80 232 2491
73 75 409 3881
32 33 1617 3759
49 50 696 905
90 90 1355 3759
26 26 238 3245
120 120 238 3245
82 82 2117 4082
11 12 12 1212
104 106 12 1212
60 61 1091 2373
59 60 404 3887
104 104 421 3302
2 3 428 2029
96 97 428 2029
0 120 3571 3585
4 4 985 2886
98 99 985 2886
52 52 204 2321
52 52 1384 2595
0 120 403 3662
90 90 3301 3724
74 75 131 2974
27 28 413 1906
0 28 554 3831
36 39 554 3831
43 43 554 3831
47 49 554 3831
54 54 554 3831
58 61 554 3831
63 64 554 3831
67 68 554 3831
70 71 554 3831
74 120 554 3831
15 15 2366 2692
109 109 2366 2692
52 53 420 633
77 77 887 2728
74 76 367 972
40 42 1334 1727
59 60 103 1865
68 69 409 2137
74 75 60 1229
0 120 439 3477
0 120 1690 3991
24 24 372 2255
118 119 372 2255
0 120 124 2153
44 44 1165 1891
46 46 1165 1891
59 62 1165 1891
33 34 141 1568
0 120 1366 3867
0 120 549 1393
26 27 1352 1717
119 120 1352 1717
3 4 51 362
97 98 51 362
26 28 923 3297
120 120 923 3297
0 120 1021 1388
59 60 451 3487
0 120 1867 2348
0 120 1777 3586
22 22 497 2142
4 5 1013 3190
98 99 1013 3190
37 37 1758 3344
81 81 34 166
32 34 371 3723
39 40 739 1675
63 64 417 1624
56 57 310 3447
30 30 387 2913
52 55 1483 2358
0 120 1541 2528
20 22 63 345
114 115 63 345
24 25 367 3200
118 119 367 3200
1 5 2965 2970
58 61 2965 2970
72 72 2965 2970
75 82 2965 2970
96 96 2965 2970
98 99 2965 2970
36 37 2755 3160
0 120 3192 3915
25 26 408 757
119 120 408 757
0 120 172 480
53 53 311 824
56 57 717 2266
3 4 264 2698
96 98 264 2698
79 80 135 3981
69 70 1282 1671
0 120 3934 4121
1 1 932 1292
5 93 932 1292
95 120 932 1292
78 78 923 2492
42 42 171 413
1 1 1451 2611
24 25 1451 2611
118 118 1451 2611
86 86 1172 3196
0 35 102 2528
38 120 102 2528
0 120 3892 3895
0 120 1275 1631
42 43 1820 3417
16 16 1758 2539
110 110 1758 2539
0 120 1901 2847
0 120 1030 1800
76 77 851 3555
3 4 863 2626
97 98 863 2626
82 84 230 993
48 48 408 2985
38 39 1206 2965
0 120 31 783
0 120 996 3155
83 84 1001 4253
0 120 247 3791
76 77 872 1399
87 88 87 126
0 120 4187 4193
21 21 1059 1225
115 115 1059 1225
18 19 314 1071
112 113 314 1071
30 31 135 2826
12 14 488 3853
106 108 488 3853
0 120 1899 2370
2 3 2203 2781
96 97 2203 2781
0 120 3039 3053
63 64 408 891
24 25 402 3520
118 119 402 3520
0 120 3382 3392
79 81 390 2005
23 23 1673 2966
117 117 1673 2966
11 11 105 301
26 28 1483 2842
120 120 1483 2842
0 120 991 4100
0 120 750 1759
19 20 1089 1225
113 114 1089 1225
34 34 2508 3767
27 29 535 824
6 7 1161 3730
100 101 1161 3730
0 120 376 2457
103 103 2007 2438
19 19 59 306
113 113 59 306
68 68 16 3642
22 22 255 1938
116 116 255 1938
47 48 76 1441
22 24 19 907
117 118 19 907
24 24 325 425
61 64 2402 2967
94 95 141 1836
4 6 533 1128
98 100 533 1128
21 23 350 2175
115 117 350 2175
0 120 1024 1365
44 45 296 2878
0 120 3792 3798
34 34 30 3890
0 120 1554 3782
0 120 1387 1390
43 43 279 430
53 53 279 430
30 30 418 774
6 7 1397 3798
100 101 1397 3798
43 45 1125 3110
105 105 932 2715
10 10 235 3541
104 104 235 3541
81 81 847 887
10 11 415 2196
104 104 415 2196
0 120 702 1472
35 36 315 1026
80 80 36 1611
83 84 1461 2278
0 120 1937 2207
11 11 466 1195
104 105 466 1195
33 39 125 902
0 120 161 559
20 35 39 2848
38 56 39 2848
59 67 39 2848
69 69 39 2848
74 74 39 2848
78 79 39 2848
81 83 39 2848
107 108 39 2848
112 120 39 2848
31 31 1334 3634
39 39 1334 3634
67 68 1229 2120
77 79 558 4167
16 16 537 846
110 111 537 846
26 26 2985 3301
80 81 1017 1483
16 17 1070 1309
110 111 1070 1309
45 47 767 1308
52 52 2241 3557
81 82 694 1961
28 29 312 1667
5 7 432 1961
98 100 432 1961
0 10 765 1612
13 105 765 1612
107 120 765 1612
57 59 293 2556
0 120 3794 3820
66 67 3183 3666
50 53 743 1072
38 40 39 4137
76 77 1628 2926
29 29 625 4234
50 51 1203 1996
16 18 497 1016
110 111 497 1016
50 50 75 3767
0 14 121 1668
16 20 121 1668
23 32 121 1668
35 36 121 1668
84 88 121 1668
92 92 121 1668
94 108 121 1668
110 113 121 1668
118 120 121 1668
51 52 2131 2988
15 16 30 4024
109 110 30 4024
87 88 12 220
52 54 316 3075
0 120 2229 2742
0 120 378 2263
72 72 983 1848
36 36 243 2038
0 120 783 3480
64 65 430 4116
0 120 896 2603
0 120 1302 4045
51 53 760 1776
12 13 2100 4025
105 106 2100 4025
81 83 1670 1997
35 39 1613 3183
52 54 853 2906
0 120 730 4004
88 91 658 2438
39 39 1196 3245
13 13 2438 4205
106 107 2438 4205
65 66 1146 1438
1 2 617 1094
95 96 617 1094
38 38 2303 3980
0 120 3399 3425
0 120 522 4240
24 25 400 3311
118 119 400 3311
0 120 190 3501
0 120 1654 3342
31 31 429 1797
6 8 441 868
101 101 441 868
17 17 346 4014
110 111 346 4014
48 48 93 3568
65 67 760 3065
0 120 1106 1258
0 120 1795 2234
87 87 124 2100
63 63 1758 2352
72 74 165 411
73 75 371 2731
90 92 1582 2126
0 120 737 4020
29 29 901 2142
0 120 2174 3169
0 120 1823 2188
0 3 129 350
94 97 129 350
43 44 1781 1962
16 20 1094 3476
110 113 1094 3476
90 92 1149 3183
0 120 4241 4242
9 10 846 3374
103 104 846 3374
84 84 1288 2029
53 53 3445 3554
26 28 331 1238
120 120 331 1238
46 47 353 997
0 120 1261 2835
0 120 2947 3277
0 120 927 1269
0 1 278 823
5 5 278 823
30 30 278 823
38 41 278 823
55 55 278 823
66 67 278 823
75 75 278 823
89 89 278 823
91 91 278 823
94 95 278 823
99 99 278 823
103 104 278 823
107 114 278 823
20 21 1164 2902
114 115 1164 2902
10 11 438 2798
104 105 438 2798
0 120 233 3332
99 99 36 2229
50 55 2202 4062
75 77 130 1864
90 92 1164 3841
49 51 1016 1691
90 91 928 3564
9 9 28 1587
67 68 441 1002
24 24 1249 1670
117 118 1249 1670
69 69 673 2291
60 61 1120 3734
0 1 2233 2594
93 95 2233 2594
0 120 490 3338
19 20 777 2614
113 114 777 2614
4 7 1185 1685
36 36 1185 1685
45 52 1185 1685
58 58 1185 1685
62 63 1185 1685
65 68 1185 1685
72 72 1185 1685
77 78 1185 1685
82 83 1185 1685
85 87 1185 1685
89 91 1185 1685
98 103 1185 1685
106 106 1185 1685
109 109 1185 1685
34 34 1197 3200
0 1 1121 4144
94 94 1121 4144
27 28 2131 2317
0 120 1320 1321
1 1 348 1942
95 96 348 1942
0 120 267 822
0 120 1681 3020
0 0 0 478
93 94 0 478
46 47 189 1131
0 8 37 3743
11 12 37 3743
14 20 37 3743
22 25 37 3743
27 32 37 3743
72 74 37 3743
76 78 37 3743
81 82 37 3743
85 94 37 3743
96 102 37 3743
105 106 37 3743
108 119 37 3743
0 120 3834 3837
73 73 2029 3703
0 120 2132 2138
62 62 301 3035
14 14 714 2450
73 74 1225 3154
3 4 1101 1398
97 98 1101 1398
0 0 705 1398
92 94 705 1398
56 56 263 299
67 69 187 3687
0 120 1725 3477
87 94 342 592
73 75 629 2342
36 36 1196 1635
0 4 3546 3555
6 9 3546 3555
25 28 3546 3555
30 83 3546 3555
85 98 3546 3555
100 102 3546 3555
119 120 3546 3555
0 120 1548 3780
1 6 394 1132
94 100 394 1132
21 22 1230 1404
115 116 1230 1404
4 5 34 597
98 99 34 597
56 57 311 3349
39 39 488 767
87 87 180 422
21 22 4 2640
115 116 4 2640
63 63 257 4052
89 90 11 1367
22 22 334 4272
116 116 334 4272
69 70 303 2707
75 76 2629 4233
0 120 1366 2204
77 79 581 4149
25 26 512 2292
119 120 512 2292
3 5 1467 3976
97 99 1467 3976
35 38 1300 1584
83 85 579 1070
66 67 102 4114
17 18 771 1240
111 112 771 1240
49 49 81 793
60 63 81 793
65 67 81 793
70 70 81 793
85 85 81 793
87 87 81 793
0 0 277 2425
93 94 277 2425
77 78 342 2820
21 22 650 721
5 8 292 1013
99 102 292 1013
29 30 717 2697
37 38 254 721
19 21 1451 2692
113 114 1451 2692
59 60 1653 3550
91 92 1450 2467
0 120 1737 1743
0 120 1171 3052
65 66 2100 2549
89 90 6 1558
0 120 2194 3150
23 24 315 3067
117 118 315 3067
73 75 945 1019
49 55 2367 3078
64 66 846 2703
3 5 2100 3488
97 99 2100 3488
33 34 2616 3782
40 42 37 844
48 49 331 3011
6 7 312 2769
100 101 312 2769
60 61 1602 2457
77 79 0 962
62 62 633 2595
64 64 407 3006
0 120 1988 3432
69 69 407 562
18 24 7 3072
113 117 7 3072
77 77 399 1610
63 63 206 1969
0 120 1876 1878
0 120 8 2893
0 120 4258 4275
0 120 839 2821
0 120 183 1204
4 4 102 4248
98 98 102 4248
1 3 331 1856
95 96 331 1856
7 8 1418 1939
69 69 1418 1939
71 72 1418 1939
78 78 1418 1939
82 82 1418 1939
85 85 1418 1939
87 95 1418 1939
99 99 1418 1939
101 103 1418 1939
107 107 1418 1939
109 110 1418 1939
0 120 57 2785
29 35 728 738
30 32 535 3349
18 27 1102 2642
114 120 1102 2642
83 84 770 1903
34 34 635 3930
0 120 1490 2000
0 120 2785 2786
75 76 1646 2513
77 79 2248 2581
82 90 2248 2581
10 14 19 399
104 107 19 399
87 88 1340 2406
0 120 1108 2837
0 120 3372 3485
49 50 1889 2648
25 26 1300 3007
87 88 207 635
6 8 1466 1764
100 102 1466 1764
0 120 561 3607
27 27 743 1369
57 57 765 2848
8 9 2762 3152
102 102 2762 3152
0 120 2748 3254
0 120 4229 4230
49 50 846 3187
64 66 932 2207
77 79 173 2155
0 120 3652 3660
1 1 374 4131
95 95 374 4131
48 50 240 933
81 82 11 4079
58 60 606 1256
16 16 535 2544
109 110 535 2544
24 25 2097 2920
117 119 2097 2920
31 33 65 3561
50 51 1443 2130
64 64 27 3269
1 1 312 4192
1 20 565 2386
23 34 565 2386
36 37 565 2386
39 56 565 2386
59 60 565 2386
70 93 565 2386
95 114 565 2386
117 120 565 2386
8 8 334 3951
102 102 334 3951
7 8 1497 2366
100 102 1497 2366
0 120 1435 1488
34 36 93 2576
14 16 187 2211
108 109 187 2211
26 28 120 989
120 120 120 989
57 57 2202 3875
48 48 1962 3634
50 52 936 3238
41 42 738 3253
11 14 354 1570
105 109 354 1570
0 120 882 1689
0 120 3659 3676
26 27 99 1051
120 120 99 1051
0 120 1504 3695
64 64 348 1755
0 120 831 2663
18 19 55 190
112 113 55 190
0 120 1572 3829
3 3 1589 3244
97 97 1589 3244
0 1 68 425
3 5 68 425
9 12 68 425
15 15 68 425
18 20 68 425
23 29 68 425
65 68 68 425
70 70 68 425
74 74 68 425
77 80 68 425
82 83 68 425
85 86 68 425
91 95 68 425
97 99 68 425
103 106 68 425
109 110 68 425
113 114 68 425
117 120 68 425
67 69 1250 1334
40 40 1452 2192
72 73 738 1159
89 90 1185 1848
0 120 1276 1966
59 60 696 3377
87 89 968 1621
84 85 66 2981
35 36 0 641
0 120 4057 4072
48 49 524 3270
67 68 3160 3332
48 51 1016 3732
9 10 524 826
103 104 524 826
26 27 147 1068
120 120 147 1068
84 85 1367 2269
87 89 0 1580
11 11 898 2730
47 49 867 1165
11 11 1051 3726
104 105 1051 3726
0 120 786 4209
0 120 2188 3172
0 120 2241 2244
4 4 352 1473
97 98 352 1473
63 64 1993 2142
89 91 417 1868
75 76 988 2623
0 120 864 867
40 40 726 2623
51 51 34 3793
0 120 882 884
1 2 307 3393
95 96 307 3393
0 120 2253 2254
63 64 418 1689
72 73 351 467
9 10 141 657
103 104 141 657
12 14 844 3783
106 107 844 3783
45 46 765 1238
56 56 1990 2783
80 81 1762 2367
79 80 52 3059
0 120 3950 3959
0 120 1641 1848
0 120 3017 3754
0 120 3108 3118
54 55 386 1592
0 120 3168 3169
56 57 53 2880
17 18 846 2516
111 112 846 2516
0 120 2482 3595
0 120 1037 3804
83 84 1682 2788
48 48 1862 3887
76 77 410 673
0 120 31 88
67 68 2188 2367
0 120 1925 2896
37 38 180 2813
0 120 1269 1279
9 10 968 2105
102 104 968 2105
13 14 371 4101
107 108 371 4101
89 90 1771 2429
0 0 61 3121
93 93 61 3121
13 15 441 2588
107 108 441 2588
69 70 417 2002
49 49 413 540
76 76 2438 2892
81 82 146 950
27 27 1654 2029
19 20 1016 1772
112 114 1016 1772
80 81 1026 2460
5 5 694 1721
99 99 694 1721
58 61 1196 2871
63 63 2359 3538
70 72 1483 2147
91 92 351 601
0 120 1469 3969
22 24 104 4107
116 118 104 4107
6 6 1673 3210
99 100 1673 3210
0 10 229 3055
15 16 229 3055
24 31 229 3055
33 33 229 3055
35 36 229 3055
39 106 229 3055
108 111 229 3055
113 114 229 3055
116 120 229 3055
42 42 193 392
2 4 2906 3118
96 98 2906 3118
12 18 993 1007
20 20 993 1007
106 113 993 1007
2 14 432 2660
96 107 432 2660
14 15 141 4174
108 109 141 4174
38 39 103 3882
0 120 693 1469
0 120 1343 2517
0 120 211 971
0 120 362 3584
0 120 1212 3754
17 26 1193 3512
111 118 1193 3512
0 2 2906 4057
94 95 2906 4057
0 120 819 827
22 24 402 1670
116 118 402 1670
0 120 875 1136
5 6 2862 3196
99 100 2862 3196
2 3 374 3594
9 10 374 3594
12 12 374 3594
19 22 374 3594
26 26 374 3594
32 80 374 3594
82 88 374 3594
92 93 374 3594
96 97 374 3594
103 104 374 3594
106 106 374 3594
112 116 374 3594
119 120 374 3594
9 10 334 2475
103 103 334 2475
23 25 432 566
117 118 432 566
45 49 934 1716
80 81 1102 1300
0 120 1805 2174
0 120 368 2244
41 42 1459 1537
36 37 1768 2292
89 91 1026 1655
15 17 374 1500
109 111 374 1500
4 5 1168 3990
98 99 1168 3990
0 120 3365 3416
0 120 156 3492
59 60 2702 3072
61 62 2038 3092
7 7 1673 2405
101 101 1673 2405
11 11 262 2198
105 105 262 2198
46 47 413 4057
0 120 2373 3570
19 20 1230 1835
113 114 1230 1835
0 120 1247 1250
1 1 226 1198
0 120 670 680
86 86 1860 3170
79 80 1161 3169
8 9 2429 3098
102 103 2429 3098
16 17 488 2137
0 120 3244 3247
57 58 2965 3832
55 57 430 2132
73 73 306 1342
47 50 297 1788
0 120 1226 3005
0 120 2024 2231
3 5 1045 4125
97 99 1045 4125
83 84 413 2902
15 21 1438 3827
110 114 1438 3827
59 59 968 3878
14 20 278 2677
80 81 316 2969
2 3 147 3914
95 96 147 3914
35 35 990 1193
47 48 441 1917
0 120 2891 3509
0 5 404 2789
9 92 404 2789
98 98 404 2789
106 120 404 2789
109 109 309 1209
28 34 1197 1671
37 45 1197 1671
47 82 1197 1671
84 90 1197 1671
96 96 1197 1671
115 116 1197 1671
119 120 1197 1671
0 120 443 1963
90 91 104 2497
25 25 1007 3991
118 119 1007 3991
0 120 403 2564
95 120 186 4027
0 120 857 2734
0 120 1609 1615
86 86 898 2543
0 120 1278 2764
18 19 436 1923
112 113 436 1923
0 23 615 4140
25 27 615 4140
30 31 615 4140
33 40 615 4140
43 43 615 4140
58 61 615 4140
64 65 615 4140
67 117 615 4140
119 120 615 4140
81 82 3557 3720
25 26 316 4258
119 120 316 4258
41 41 2033 2293
37 39 2207 4166
0 120 2943 3268
2 2 720 2621
96 96 720 2621
25 25 105 3257
46 47 32 1466
0 120 1147 1153
0 0 407 1343
93 93 407 1343
46 47 2730 3160
0 120 1348 3129
0 120 1389 3130
57 57 228 3098
40 40 346 3319
44 50 346 3319
50 51 1513 3196
63 64 413 2097
65 67 1404 4192
90 91 189 891
80 81 438 3847
28 28 3072 3274
32 33 914 3776
56 57 4 1111
0 120 214 1887
52 54 1418 3309
5 6 950 989
99 100 950 989
41 42 19 3863
0 120 1187 2622
88 89 1225 2914
0 56 2293 2755
58 73 2293 2755
75 80 2293 2755
82 120 2293 2755
13 14 1068 1210
106 108 1068 1210
112 112 2228 2360
81 83 63 1691
83 85 264 661
0 120 386 2344
1 2 395 1117
5 14 395 1117
18 21 395 1117
94 97 395 1117
99 117 395 1117
25 26 94 1943
119 120 94 1943
1 6 314 4161
95 100 314 4161
68 68 300 4263
73 73 983 1287
43 44 413 3386
30 30 3104 3347
90 90 2648 3104
94 95 1048 1682
0 120 108 1060
0 2 51 3936
5 5 51 3936
71 71 51 3936
74 96 51 3936
99 99 51 3936
5 5 2666 3875
99 99 2666 3875
0 120 3428 3444
27 28 50 301
55 56 2913 3752
82 83 2512 3408
64 65 103 3345
0 120 853 2345
76 77 278 4100
51 52 75 2051
0 120 4089 4092
0 4 488 1466
92 98 488 1466
72 72 885 1102
0 120 124 3633
14 14 697 1051
108 108 697 1051
0 120 1278 3248
76 77 56 2940
15 17 326 357
109 110 326 357
0 1 102 841
94 94 102 841
91 91 2029 2658
0 120 1428 3192
16 18 296 1646
110 112 296 1646
79 80 1146 1816
80 81 934 3623
35 36 60 615
12 12 1684 2623
14 51 1684 2623
53 77 1684 2623
80 81 1684 2623
106 106 1684 2623
108 119 1684 2623
28 29 419 3931
0 120 1907 1914
0 120 785 1056
28 30 193 1144
74 74 468 2103
59 60 1760 2618
74 76 559 1467
1 2 1070 2171
95 96 1070 2171
58 63 2190 2202
68 70 2269 2495
0 120 2250 2253
0 120 22 1262
37 37 1185 1929
8 8 815 898
101 102 815 898
73 76 3069 3110
85 86 1004 3803
3 3 771 2289
97 97 771 2289
83 84 3564 4220
0 0 4 1595
0 120 2822 2829
48 48 2232 3552
79 81 2891 3188
81 81 409 2812
0 120 1400 4153
36 38 316 3587
91 93 2100 3598
0 120 80 3310
23 24 2762 3717
116 118 2762 3717
0 120 1523 2274
72 73 532 2653
35 38 1397 3855
0 120 1034 3803
0 1 1051 3218
94 95 1051 3218
22 23 1147 2926
116 117 1147 2926
85 85 1190 3562
66 67 717 1652
0 120 3177 3178
10 11 371 1015
104 105 371 1015
86 86 1599 2269
81 82 1451 4091
25 26 28 4059
118 120 28 4059
114 114 146 4280
0 120 1696 3141
92 92 1051 4157
1 2 386 734
95 96 386 734
35 35 1616 2623
0 1 1289 2228
90 95 1289 2228
0 120 604 2125
57 57 1418 2638
21 22 342 2125
115 116 342 2125
56 58 232 267
62 62 777 2053
0 120 2372 2377
12 12 1190 1468
106 106 1190 1468
0 120 2487 3081
25 27 942 2120
29 30 942 2120
32 32 942 2120
34 40 942 2120
43 74 942 2120
77 81 942 2120
83 85 942 2120
116 120 942 2120
51 53 923 1878
57 59 209 2535
49 51 225 2479
0 120 373 2377
21 22 168 3665
115 116 168 3665
31 31 519 2202
5 5 79 3593
98 98 79 3593
0 120 3467 3482
18 18 1230 2937
111 112 1230 2937
84 85 1858 2506
120 120 189 1509
39 40 1013 2710
0 120 1052 1884
64 64 85 2849
0 120 2404 3204
25 26 88 2366
119 120 88 2366
49 49 243 4189
67 69 131 750
78 78 2103 4030
51 51 134 1021
50 50 251 1606
45 47 1341 2926
0 120 3087 3611
97 97 482 2670
90 91 415 1448
0 120 907 1910
1 1 2512 3676
95 95 2512 3676
5 8 130 498
99 102 130 498
34 36 2150 2506
47 48 1438 1546
24 25 1195 1788
118 119 1195 1788
13 15 635 2885
107 109 635 2885
0 120 50 3952
14 16 951 2367
108 110 951 2367
0 120 1742 3620
41 42 810 1196
39 40 130 1437
46 48 562 1094
11 11 11 4189
104 106 11 4189
45 47 1945 3979
78 78 166 1094
26 30 2626 3374
120 120 2626 3374
43 44 300 1848
58 58 2681 3081
0 0 52 1746
93 94 52 1746
66 68 465 1161
55 56 2438 3323
41 42 81 232
0 120 263 1966
30 30 1056 1602
0 120 693 1550
62 62 297 796
38 39 1446 3477
0 120 403 3666
29 30 408 4010
10 11 1165 3989
104 106 1165 3989
0 0 2314 2506
93 94 2314 2506
0 120 576 3594
68 70 19 293
47 54 352 2388
46 47 2291 2522
0 120 2351 3327
62 64 128 2680
13 14 1466 4102
107 108 1466 4102
84 86 2923 2964
82 83 1806 4170
21 23 58 406
115 117 58 406
61 61 417 3722
33 33 307 1864
65 65 102 2398
0 120 124 2157
0 120 396 401
6 6 2309 2512
100 100 2309 2512
0 120 1366 3871
37 37 2207 2235
7 8 388 2203
101 102 388 2203
44 45 147 828
24 24 30 4215
37 37 30 4215
43 60 30 4215
64 64 30 4215
67 70 30 4215
84 85 606 3594
93 93 410 3682
102 102 1105 2029
0 120 224 1048
47 47 303 1341
33 34 420 1926
0 120 807 874
78 79 629 2265
0 120 2265 2590
0 0 135 2696
92 94 135 2696
61 62 9 2557
0 120 1160 1901
69 70 1012 2969
0 120 678 1403
91 92 34 3553
0 120 258 817
29 30 2293 3857
43 43 844 2604
0 1 119 3102
94 95 119 3102
0 120 1287 1861
89 90 103 125
56 59 2928 3092
88 90 2178 2594
89 89 373 1706
0 120 1061 2080
80 81 63 3732
0 120 92 2218
59 60 1334 3370
0 120 2170 3642
0 120 1284 1563
0 120 926 1855
7 7 929 3092
101 101 929 3092
0 120 1949 1953
0 120 2066 2538
42 43 409 1336
28 29 2100 2122
7 8 696 2332
100 102 696 2332
0 120 2960 2980
0 120 4180 4181
96 96 992 1162
0 120 3880 3889
0 120 1714 2086
63 64 1170 3154
0 120 1711 3478
70 70 283 3102
0 120 2504 3114
17 19 1026 3375
111 112 1026 3375
56 57 606 2789
16 19 262 535
110 112 262 535
34 35 103 1414
0 120 538 1342
79 120 385 2820
0 0 169 721
92 94 169 721
73 73 1399 3364
0 120 1509 2970
23 25 413 3333
117 119 413 3333
0 0 3107 3565
90 93 3107 3565
0 120 774 1060
87 87 347 993
54 56 390 4103
91 92 106 372
80 82 407 3518
86 92 1484 2913
62 62 1026 1281
0 120 742 1522
76 76 1117 1399
43 44 907 1589
0 120 671 2810
47 48 17 4272
31 32 2228 3596
77 78 410 4166
77 79 1771 3128
24 26 262 1824
118 119 262 1824
44 46 102 3821
0 120 2299 3247
3 4 76 2600
97 98 76 2600
64 65 482 3288
76 76 898 2974
0 120 1211 1219
91 93 533 2287
25 26 187 1650
0 120 98 3298
91 92 1161 2795
69 69 58 2179
0 120 636 4105
78 78 1875 2138
25 26 1252 2913
119 120 1252 2913
0 120 648 3930
73 73 130 2055
75 76 1336 3550
84 85 945 3170
0 38 1165 1224
40 120 1165 1224
0 0 287 3170
94 94 287 3170
27 28 225 2292
49 49 58 3118
20 20 302 3478
114 114 302 3478
0 120 3569 3572
47 49 506 3473
0 120 2018 2042
0 120 266 3232
0 120 1350 1354
66 67 1121 1302
52 52 2029 3894
54 54 2029 3894
57 72 2029 3894
79 85 2029 3894
63 64 2139 3500
111 111 134 834
68 69 53 3124
0 0 1120 1831
93 94 1120 1831
76 78 34 2882
56 57 331 3068
74 75 2287 3371
46 46 2366 3664
0 120 2247 2252
36 36 2118 3562
30 31 727 2287
47 47 173 2667
36 36 743 2231
0 120 953 3007
66 68 65 101
55 56 75 1543
12 12 2186 2915
15 16 975 1076
109 110 975 1076
59 59 4 2831
0 120 575 3586
13 15 60 3140
107 109 60 3140
38 38 245 2139
43 43 1797 2581
43 44 606 2118
47 48 2626 4126
85 86 365 743
2 3 934 3115
96 97 934 3115
48 49 1132 1410
42 43 2536 2920
76 77 13 4233
53 54 151 225
0 120 268 810
77 77 189 517
0 120 1472 1478
77 79 32 2031
23 27 307 738
119 120 307 738
0 120 1853 2109
22 23 17 2662
115 117 17 2662
59 59 1452 1765
20 21 1168 2006
113 115 1168 2006
0 120 772 2006
21 21 932 975
25 26 295 2606
119 120 295 2606
40 40 344 4188
0 120 15 2966
23 23 3759 3988
117 117 3759 3988
81 82 2293 3320
85 85 309 969
57 58 1699 2581
72 82 1656 1945
21 21 2922 4245
114 115 2922 4245
0 120 2110 2115
0 120 269 2324
51 53 606 3407
8 9 771 2720
102 103 771 2720
76 76 529 743
66 68 1232 3869
77 77 721 913
55 56 1540 1770
0 120 2496 3090
0 120 4101 4102
0 120 1109 2715
0 120 3524 3532
35 37 1408 2782
0 120 2555 3670
33 35 17 3951
64 65 1225 3829
91 93 743 2365
0 120 1302 4049
55 57 471 1677
39 39 6 3038
96 96 559 3187
68 69 524 4132
22 23 390 1688
116 117 390 1688
37 37 102 467
75 75 1401 1961
76 77 742 3079
57 58 970 2906
0 120 461 1339
26 30 180 3541
119 120 180 3541
0 120 1660 1663
61 62 2179 2228
37 39 1203 3639
47 48 1203 3639
55 58 1203 3639
67 67 1203 3639
71 71 1203 3639
0 120 773 1611
0 120 18 769
0 120 107 1750
60 62 367 923
102 102 441 872
104 104 441 872
2 4 721 3141
96 97 721 3141
4 6 1170 2967
98 100 1170 2967
40 41 1161 3413
57 58 275 1334
30 32 216 4137
81 81 1195 3963
44 44 1821 3459
26 27 608 985
46 47 635 1088
17 18 2118 2891
111 112 2118 2891
0 120 879 1448
75 76 581 1791
79 80 292 1688
3 3 2019 2131
0 120 892 1683
32 32 152 1119
35 36 410 3629
45 47 694 3388
0 120 48 2459
47 56 2355 3743
27 28 2118 3830
70 71 359 631
69 69 1816 3465
17 18 302 1063
111 112 302 1063
68 69 417 4019
55 55 1162 2675
91 93 319 1232
72 72 2784 3102
54 54 27 2521
90 90 1068 2259
92 92 75 4255
51 53 2762 4282
20 20 929 2100
42 44 929 2100
94 94 929 2100
114 114 929 2100
80 81 1342 2269
0 120 1727 2080
0 120 139 483
81 82 130 929
2 11 684 2269
96 103 684 2269
79 80 85 1186
0 120 646 2916
0 120 675 1402
70 71 105 3501
1 3 451 1694
95 96 451 1694
89 90 635 4255
62 62 399 3224
46 48 1001 2326
8 8 371 1930
102 102 371 1930
14 15 1147 1397
107 109 1147 1397
0 120 3431 3451
51 53 69 2531
0 120 636 1824
23 24 1164 4195
117 118 1164 4195
24 26 2594 2954
118 120 2594 2954
56 56 2291 2953
0 120 2234 2419
0 1 128 3111
93 95 128 3111
64 64 155 3214
0 120 1380 3261
0 120 1149 2382
34 35 206 3933
54 55 209 3450
0 120 305 3912
21 23 2117 2773
115 117 2117 2773
24 24 2366 3477
118 118 2366 3477
0 120 877 1105
50 51 232 2121
79 80 1075 3564
82 86 390 3461
4 6 846 3512
98 100 846 3512
72 73 144 3994
77 78 1995 2029
91 92 1733 2783
19 19 2287 4123
113 113 2287 4123
10 11 1340 4020
104 104 1340 4020
0 120 2570 3657
29 31 1408 3400
40 45 580 3743
49 62 580 3743
65 67 580 3743
0 0 2913 3996
93 94 2913 3996
0 120 1072 4205
0 120 1366 2208
37 39 2240 2964
72 72 299 1249
6 6 1677 3790
100 100 1677 3790
60 61 216 3466
0 120 1627 1983
50 51 1004 2758
0 120 4262 4264
40 40 554 3461
73 73 2904 3129
75 75 421 3871
53 55 1091 2353
34 36 17 2475
42 43 2469 4140
57 57 2049 3554
58 59 1230 2697
16 18 144 2250
110 112 144 2250
50 50 488 2060
28 29 1276 1352
91 93 436 3590
2 4 255 1300
96 98 255 1300
0 120 549 1023
0 120 2928 3873
15 16 1397 2810
31 62 1397 2810
64 66 1397 2810
109 110 1397 2810
112 114 1397 2810
4 4 409 2706
97 98 409 2706
0 7 932 1727
92 101 932 1727
20 23 257 2312
65 67 262 966
53 55 647 777
63 63 346 1603
64 66 134 4164
0 120 1976 2113
79 79 104 3009
70 71 315 3421
14 14 313 2594
107 108 313 2594
54 55 1670 1814
0 120 1021 1368
9 12 441 2779
103 105 441 2779
59 60 606 1126
0 4 253 3482
91 98 253 3482
6 6 134 2070
100 100 134 2070
71 71 1870 3565
69 69 1120 3067
0 120 3807 3818
0 120 8 2897
0 0 1481 2292
93 94 1481 2292
12 14 1128 2928
106 108 1128 2928
19 20 1078 1121
112 114 1078 1121
22 22 294 1039
116 116 294 1039
74 74 717 1896
0 120 3590 3591
42 43 1026 2651
38 39 580 844
26 27 19 2497
120 120 19 2497
18 18 738 2184
112 113 738 2184
70 70 1665 1820
0 120 211 223
0 120 271 274
29 30 1957 3160
13 14 128 2440
107 108 128 2440
0 120 2815 3191
41 42 2103 2985
0 120 1579 3739
18 18 1168 1953
112 112 1168 1953
67 68 39 116
11 12 1711 3104
105 105 1711 3104
89 90 312 1968
59 60 348 1625
68 68 640 2965
33 35 631 3411
59 60 1068 4166
26 26 1008 1671
120 120 1008 1671
11 11 684 793
104 105 684 793
78 79 1026 3940
17 20 262 3544
111 113 262 3544
19 20 1000 2719
113 114 1000 2719
0 120 3073 3607
0 120 1559 1959
57 57 344 1102
0 120 853 979
12 13 168 876
106 107 168 876
4 4 1166 3196
56 56 765 2852
0 7 204 341
10 18 204 341
20 29 204 341
31 52 204 341
56 58 204 341
62 69 204 341
75 78 204 341
81 101 204 341
103 120 204 341
18 18 412 3488
111 112 412 3488
86 88 11 3144
0 120 833 1266
0 120 4043 4044
0 8 1451 3530
11 11 1451 3530
14 16 1451 3530
23 26 1451 3530
30 38 1451 3530
42 42 1451 3530
46 99 1451 3530
101 101 1451 3530
108 109 1451 3530
117 120 1451 3530
0 1 351 2431
94 95 351 2431
84 86 1232 4166
70 70 1194 1430
0 120 3995 4003
0 120 447 449
48 50 32 3617
0 120 1093 4007
48 48 351 3370
0 120 1380 1785
59 59 1094 1199
37 38 83 3555
0 120 1573 2365
22 22 1096 2965
24 24 1096 2965
27 28 1096 2965
116 116 1096 2965
118 119 1096 2965
67 68 3552 3783
0 120 1003 3151
49 50 805 1446
76 77 2118 2838
0 120 1140 3422
0 120 1572 3833
0 120 2174 2181
0 120 1 897
82 82 94 4094
0 120 179 1923
71 72 3092 3983
0 120 1146 2678
85 86 206 3746
0 120 1041 3793
16 16 581 2088
110 110 581 2088
42 44 130 3909
0 120 1281 3253
0 120 185 1364
77 78 255 2857
31 32 418 3787
49 50 2366 4229
5 6 721 1344
99 100 721 1344
17 18 1161 1616
111 112 1161 1616
0 120 2813 3228
90 90 3709 3743
0 120 1321 1339
71 71 144 774
11 12 3447 3743
105 106 3447 3743
40 41 2120 4173
52 53 1091 4260
70 71 253 3161
82 82 423 3572
60 61 1617 3552
66 66 1064 2622
69 70 1105 2623
79 79 2648 3511
2 5 348 954
97 99 348 954
0 120 3973 3974
53 54 413 1349
68 68 253 4100
75 75 1688 3203
0 120 2284 3234
0 2 297 1174
94 96 297 1174
37 39 104 3977
0 4 914 3028
6 15 914 3028
18 24 914 3028
27 33 914 3028
37 53 914 3028
56 56 914 3028
58 63 914 3028
65 65 914 3028
69 73 914 3028
79 98 914 3028
100 109 914 3028
112 118 914 3028
17 18 1363 2100
111 112 1363 2100
44 45 711 1945
0 120 1798 2028
21 23 3477 3743
115 117 3477 3743
22 22 3551 3692
116 116 3551 3692
24 25 17 2288
117 119 17 2288
48 49 1047 3557
15 17 923 1801
109 111 923 1801
27 27 168 205
46 46 57 374
0 120 3319 3342
13 14 79 133
107 107 79 133
79 80 58 3228
0 120 555 4034
0 120 204 3053
89 89 438 1005
77 79 840 985
69 70 1399 2669
86 87 2287 3131
19 21 1602 2274
113 115 1602 2274
89 90 2388 3183
76 78 934 1586
75 75 1008 2289
26 28 292 2119
120 120 292 2119
54 64 407 2823
38 38 2103 3953
66 68 1678 2269
38 40 293 3475
0 120 2946 2952
51 52 3102 3465
28 28 218 3301
79 80 2434 2777
0 120 23 2833
52 52 357 1955
79 83 436 2248
55 56 1172 1350
90 92 1029 2762
103 104 34 3931
80 82 856 2053
0 50 66 436
52 56 66 436
58 64 66 436
67 68 66 436
87 120 66 436
80 82 1026 2464
0 120 921 950
78 80 1165 3562
1 3 1920 2906
96 96 1920 2906
61 62 392 606
6 8 430 1652
100 102 430 1652
6 7 1013 3922
100 101 1013 3922
62 64 1574 2269
70 70 225 2186
80 80 103 503
49 49 51 2033
0 120 1695 3727
39 42 248 3301
46 49 248 3301
53 53 248 3301
56 56 248 3301
13 14 738 2936
107 108 738 2936
0 120 2417 3897
0 120 693 1473
0 120 285 3368
0 120 2530 3774
58 60 357 3244
6 8 1821 3085
100 102 1821 3085
0 120 269 1145
0 120 1468 1469
0 120 561 2485
52 52 1650 3203
17 17 299 2485
110 111 299 2485
91 92 1128 4030
60 61 717 2998
66 66 1685 2635
84 86 243 863
59 61 845 3183
37 38 1821 3435
0 120 4211 4222
10 11 6 1859
104 105 6 1859
44 45 1195 1495
19 19 446 2131
88 88 1702 3743
21 22 17 3711
29 31 17 3711
37 43 17 3711
52 53 17 3711
57 58 17 3711
60 70 17 3711
72 72 17 3711
75 75 17 3711
78 79 17 3711
87 87 17 3711
0 120 889 3640
107 108 32 47
40 41 1816 4030
40 41 1463 2414
53 54 1162 3240
44 45 1602 2758
2 2 52 1453
95 96 52 1453
49 50 1597 2414
50 51 353 627
87 87 311 2845
0 14 2133 3148
17 19 2133 3148
54 68 2133 3148
71 76 2133 3148
78 79 2133 3148
81 88 2133 3148
91 108 2133 3148
111 113 2133 3148
115 115 2133 3148
52 54 278 453
58 59 94 2618
0 120 369 571
0 120 3749 3760
0 120 261 1977
56 56 402 3902
52 53 1164 3471
7 8 1334 3882
101 102 1334 3882
8 13 2409 2450
102 107 2409 2450
69 82 767 4000
85 85 767 4000
90 90 767 4000
95 95 767 4000
79 79 1161 3173
0 120 2016 3687
62 62 292 509
21 22 216 3897
115 116 216 3897
93 93 423 1746
4 5 1016 2260
97 99 1016 2260
0 120 902 1192
0 120 4104 4109
40 41 420 3138
0 1 131 3035
3 7 131 3035
9 11 131 3035
13 17 131 3035
38 41 131 3035
43 48 131 3035
50 51 131 3035
54 54 131 3035
56 56 131 3035
58 75 131 3035
78 102 131 3035
104 105 131 3035
107 111 131 3035
85 87 232 3841
34 36 631 3358
10 10 1070 2496
104 104 1070 2496
6 7 1045 4129
100 101 1045 4129
32 33 420 4077
68 69 432 3148
0 120 2691 3452
0 120 3299 3308
0 120 228 874
81 82 2762 3103
51 53 2414 4083
0 120 3642 3647
0 120 1078 2707
79 81 299 525
0 120 443 1967
4 6 1334 2138
98 100 1334 2138
29 30 1451 3477
38 39 229 1449
91 91 1232 4113
68 69 294 3564
90 92 2269 4109
39 40 1467 2667
20 21 309 2152
114 115 309 2152
61 61 2291 3868
1 3 3010 3555
95 97 3010 3555
0 120 508 1049
57 58 535 1906
86 86 413 4195
0 120 275 289
0 2 278 3970
94 95 278 3970
1 2 166 1285
95 96 166 1285
35 37 2965 3031
50 51 95 2573
0 120 2796 3222
3 4 334 869
97 98 334 869
0 120 2507 3119
0 120 222 2348
90 92 1404 3257
3 5 2202 3237
96 98 2202 3237
51 52 1197 2964
15 16 875 2913
109 110 875 2913
0 67 173 3395
70 75 173 3395
80 84 173 3395
91 120 173 3395
49 50 402 1003
66 67 400 2620
66 66 257 4032
18 18 307 4149
111 112 307 4149
10 11 1771 3990
104 105 1771 3990
20 22 771 4253
114 116 771 4253
21 21 334 4252
115 115 334 4252
0 0 1170 2272
92 93 1170 2272
29 29 2761 4140
15 15 1352 4006
108 109 1352 4006
50 52 1008 4196
55 57 409 1393
79 80 130 1978
37 38 321 2512
27 28 1066 1168
0 120 3077 3622
57 57 2681 3622
33 34 429 2045
57 58 71 2337
0 1 535 751
93 95 535 751
6 6 655 1045
86 86 2386 2950
58 60 1985 2606
27 27 166 2574
0 120 1587 1779
7 9 512 767
101 102 512 767
47 48 69 2641
23 25 1227 2964
117 119 1227 2964
32 33 791 3565
0 120 1567 3786
12 13 1673 4182
106 107 1673 4182
44 46 123 2877
34 34 2029 3817
63 65 30 434
0 120 496 1173
23 25 1334 2272
117 119 1334 2272
70 73 721 3735
52 53 1036 2615
80 81 558 2805
59 60 418 3734
65 65 375 3098
2 6 301 705
12 13 301 705
17 17 301 705
19 19 301 705
21 21 301 705
94 100 301 705
106 108 301 705
111 111 301 705
113 115 301 705
73 74 478 2287
77 77 1203 2728
85 85 506 1302
7 9 53 3986
101 103 53 3986
0 120 3771 3787
37 38 2114 3551
82 120 505 3329
0 120 3521 3612
29 30 255 3154
26 27 193 3242
120 120 193 3242
0 120 1552 1569
0 120 1278 3252
0 120 2529 3766
56 57 2303 3423
90 90 3196 4229
60 60 1537 2200
67 68 350 947
20 20 76 563
114 114 76 563
59 59 1676 1985
22 23 865 989
115 117 865 989
32 34 309 542
23 25 190 850
117 118 190 850
48 50 1740 2909
38 39 243 676
70 70 134 3924
33 34 2138 2955
9 11 307 1600
103 105 307 1600
25 25 350 2236
0 120 3982 3983
0 120 2822 2833
0 120 1234 1236
0 120 48 2837
71 71 1433 2385
0 0 1185 2283
94 94 1185 2283
45 47 846 2817
87 89 416 1543
0 120 1656 1868
51 53 85 3658
10 11 625 1128
104 105 625 1128
61 61 331 681
64 80 331 681
29 30 230 1538
75 77 606 4269
0 1 983 1775
93 95 983 1775
44 44 1922 2926
0 120 3520 3521
0 120 1240 2340
0 120 1698 3972
88 89 942 1185
15 16 1945 3849
108 110 1945 3849
9 11 367 2940
103 105 367 2940
2 3 1232 1698
96 97 1232 1698
0 120 265 2663
0 120 604 2129
57 58 277 1734
4 5 2245 3552
98 98 2245 3552
23 24 103 3833
117 118 103 3833
65 67 411 1734
72 73 349 3300
90 92 2906 3069
64 66 232 3654
0 120 699 3305
68 70 93 3495
0 120 139 2150
83 86 1381 3110
0 120 1014 1596
0 120 1088 1545
13 14 350 2370
41 41 350 2370
107 108 350 2370
0 120 1623 2643
50 51 243 4193
3 3 468 2591
97 97 468 2591
0 120 1308 1319
60 64 1070 2659
9 9 1120 2022
103 103 1120 2022
63 64 488 3243
48 48 1164 1540
86 88 421 2021
0 120 715 4188
80 81 1016 3362
89 90 351 2191
22 23 1340 3459
115 117 1340 3459
0 120 724 2961
32 33 27 3033
11 12 412 3598
105 106 412 3598
0 120 2251 2562
48 59 419 2325
120 120 1212 1961
10 10 1690 1771
103 103 1690 1771
44 45 871 1668
14 15 535 1719
108 108 535 1719
0 120 318 3182
0 120 1206 3644
8 9 342 1324
101 102 342 1324
48 49 36 1806
0 120 2931 3260
10 16 3555 3841
103 110 3555 3841
23 25 1120 3311
117 118 1120 3311
42 42 2699 3102
91 92 104 3603
7 7 54 1796
0 120 403 3670
15 17 315 1571
109 111 315 1571
0 120 1116 2788
9 9 1398 1720
103 103 1398 1720
68 70 696 2202
86 86 352 2392
8 9 1272 3301
102 103 1272 3301
12 13 186 2100
106 107 186 2100
9 10 869 2130
103 104 869 2130
71 72 1820 2352
54 55 414 2489
19 19 135 822
113 113 135 822
64 65 2131 2244
91 91 255 1678
33 33 346 1042
35 41 346 1042
44 51 346 1042
56 56 346 1042
51 54 79 698
8 9 225 2967
102 103 225 2967
51 51 1013 2259
0 120 4227 4247
46 47 428 3326
68 70 1606 2773
43 44 4 1278
11 11 954 2618
105 105 954 2618
0 120 2163 3630
67 68 34 2618
45 46 2118 3887
15 17 1732 2131
109 111 1732 2131
72 74 390 3973
0 120 3180 3913
0 120 991 2096
64 65 724 2506
83 84 1068 2316
62 63 412 699
0 120 1845 2947
68 69 451 3845
5 5 69 1299
98 99 69 1299
5 6 1230 1331
99 100 1230 1331
66 68 29 180
55 57 1678 3184
79 81 1045 3271
32 34 348 4097
0 120 943 1274
46 48 482 4097
58 60 293 1946
5 6 36 2290
98 100 36 2290
10 16 793 2269
104 109 793 2269
52 53 428 1582
71 73 419 3748
57 58 2438 3811
0 120 2925 3929
80 82 60 3815
0 120 1572 3138
35 36 1527 1675
0 120 202 2178
43 43 625 3035
19 20 1012 1229
113 114 1012 1229
29 29 76 3759
0 120 1817 2188
70 70 348 2003
60 62 743 812
0 5 1641 1962
24 24 1641 1962
26 26 1641 1962
30 30 1641 1962
32 32 1641 1962
34 46 1641 1962
49 50 1641 1962
52 66 1641 1962
68 78 1641 1962
81 82 1641 1962
87 88 1641 1962
91 94 1641 1962
96 96 1641 1962
0 120 1319 1911
0 120 4175 4191
0 120 1119 2789
0 120 2409 3231
4 5 2906 4037
98 99 2906 4037
0 120 950 1290
83 84 296 2752
44 44 850 4092
51 52 17 3337
81 82 1051 2096
82 83 2293 3056
0 120 1716 1732
92 93 16 3866
18 19 95 4159
112 113 95 4159
0 120 2309 3000
0 120 3219 3221
31 32 1070 3277
73 74 240 3759
0 1 3102 3575
93 95 3102 3575
42 43 1574 2029
41 44 352 1721
27 27 4 2701
0 120 2354 2369
65 66 372 653
66 68 570 3112
0 120 1490 4021
0 120 3009 3761
32 34 738 2696
18 18 1550 1820
111 112 1550 1820
48 50 1322 1404
32 32 121 253
0 120 205 1644
68 69 2648 3755
0 120 1525 1763
0 120 2834 3945
16 16 306 3416
110 110 306 3416
88 92 1765 2913
17 18 3098 3991
111 112 3098 3991
27 29 32 1901
42 43 412 2122
7 8 1668 2980
3 4 1334 1414
97 98 1334 1414
9 13 432 2774
0 120 266 3236
88 89 944 2922
50 51 569 793
46 47 374 2769
44 45 1198 3970
63 64 420 670
66 66 1676 2282
27 28 912 1132
46 47 1123 1352
90 92 2799 3550
0 120 668 4155
33 34 2607 2791
80 81 625 1075
15 16 934 1830
109 110 934 1830
54 54 206 1091
6 7 144 213
100 101 144 213
9 9 1465 1466
16 20 1465 1466
24 36 1465 1466
39 44 1465 1466
49 53 1465 1466
58 65 1465 1466
68 69 1465 1466
71 76 1465 1466
83 83 1465 1466
103 103 1465 1466
109 120 1465 1466
0 120 1212 1774
92 92 2120 3612
42 43 914 2117
89 90 652 2117
0 120 1052 2990
60 61 134 2127
14 15 65 3488
108 109 65 3488
80 82 1045 2950
29 30 420 2898
4 6 1091 1605
98 100 1091 1605
119 120 234 264
26 26 1094 1122
120 120 1094 1122
0 120 1775 3735
13 14 1012 3941
107 108 1012 3941
0 120 3343 3367
71 74 721 3011
5 6 743 3524
99 99 743 3524
34 34 404 4058
113 116 34 2081
76 78 428 2200
54 55 2334 2386
81 86 371 1666
101 103 1106 1132
90 90 1121 3884
30 31 367 4176
69 71 771 1785
6 6 413 2077
100 100 413 2077
0 120 2519 3105
8 8 2082 3104
101 102 2082 3104
0 120 15 2970
88 90 2269 2930
0 120 2687 2689
3 6 1025 1143
97 100 1025 1143
13 15 1923 2293
107 109 1923 2293
0 120 269 2328
88 88 351 2138
0 120 110 763
59 61 204 2842
0 120 493 501
47 48 209 742
25 26 483 3196
119 120 483 3196
76 76 1677 3176
27 28 696 4243
0 120 1069 2539
37 39 3176 3203
58 58 3176 3203
66 66 3176 3203
68 68 3176 3203
71 71 3176 3203
15 18 2269 4219
109 111 2269 4219
52 52 803 3551
39 40 2126 2221
19 19 104 3550
30 36 56 2570
0 120 2719 2735
17 18 983 2206
91 92 310 1174
0 120 2706 3439
75 78 738 2375
0 0 934 3253
6 11 934 3253
15 15 934 3253
17 21 934 3253
24 25 934 3253
27 29 934 3253
31 41 934 3253
56 56 934 3253
60 65 934 3253
67 93 934 3253
100 105 934 3253
109 109 934 3253
111 115 934 3253
117 119 934 3253
78 79 2513 3798
3 5 1004 2494
97 99 1004 2494
62 63 252 415
0 120 4240 4241
31 33 329 635
11 13 451 1564
36 38 408 928
32 32 631 2663
62 63 760 3073
59 63 297 1097
0 0 104 1456
92 94 104 1456
73 73 1064 3484
0 42 1007 2950
44 45 1007 2950
52 52 1007 2950
64 64 1007 2950
73 74 1007 2950
77 77 1007 2950
81 83 1007 2950
87 87 1007 2950
90 93 1007 2950
95 120 1007 2950
0 120 1809 2140
62 64 576 1451
52 53 629 1277
2 3 1792 1944
96 97 1792 1944
19 19 484 1862
113 113 484 1862
68 69 305 399
78 79 135 1708
0 0 38 55
92 94 38 55
63 65 2142 2700
7 7 93 3926
101 101 93 3926
29 30 1675 3988
0 120 2040 2423
0 120 653 2802
47 50 255 1975
63 65 3130 3743
32 33 441 2165
73 73 625 754
10 10 1196 1509
104 104 1196 1509
77 78 1820 3588
9 9 1070 3090
103 103 1070 3090
25 25 344 2232
119 119 344 2232
22 22 423 3279
116 116 423 3279
9 9 1190 3192
103 103 1190 3192
0 0 1128 2314
3 3 1128 2314
5 8 1128 2314
25 25 1128 2314
28 46 1128 2314
48 70 1128 2314
72 73 1128 2314
77 77 1128 2314
79 82 1128 2314
84 86 1128 2314
89 94 1128 2314
96 102 1128 2314
119 119 1128 2314
60 63 777 3777
108 108 1016 3793
57 58 1019 3310
0 120 4073 4077
23 24 934 2448
116 118 934 2448
52 55 581 3084
0 120 80 3290
63 63 1945 3475
54 54 1962 2890
26 27 147 2068
120 120 147 2068
0 120 1627 1853
39 42 123 893
15 16 2220 2367
109 110 2220 2367
70 72 1165 3485
15 16 850 2161
109 110 850 2161
52 53 2450 2829
66 69 12 1062
51 51 1185 4137
75 76 1825 2777
28 30 975 1109
81 83 753 2228
0 120 2828 3943
0 4 1797 3203
94 98 1797 3203
0 120 1074 2054
25 26 420 3516
119 120 420 3516
36 37 898 4080
69 69 251 297
29 30 877 3203
45 47 232 4219
47 50 2434 3989
66 67 160 2653
91 91 144 2120
0 120 2167 3645
7 8 357 3167
101 102 357 3167
0 120 3834 3845
37 38 193 1258
0 120 2992 3004
8 9 72 3183
102 103 72 3183
85 86 226 983
88 90 1670 3778
16 19 2415 2434
105 106 2415 2434
109 111 2415 2434
20 21 923 2797
114 115 923 2797
19 20 28 2884
112 114 28 2884
1 2 891 1007
94 96 891 1007
10 11 1001 3619
104 104 1001 3619
42 43 342 3983
74 74 655 2228
89 89 2615 4185
0 120 1976 1983
0 120 343 1175
22 23 2103 4010
116 117 2103 4010
22 23 353 3583
113 118 353 3583
13 13 313 2464
107 107 313 2464
0 120 1459 1464
14 15 1168 2978
108 109 1168 2978
0 120 2319 2322
49 50 36 1432
81 82 1161 1807
0 0 1816 3953
94 94 1816 3953
58 59 386 2942
0 120 1802 1803
0 120 1198 2628
68 69 299 1253
0 120 15 1494
62 63 75 2299
0 2 1446 3107
4 7 1446 3107
10 10 1446 3107
71 71 1446 3107
83 88 1446 3107
94 94 1446 3107
100 101 1446 3107
84 84 2160 2450
32 33 451 4276
18 19 0 2125
112 113 0 2125
0 120 242 1658
0 120 4239 4257
109 109 777 2167
36 37 371 1479
46 47 75 2649
70 73 1190 1582
72 73 975 2182
11 13 696 2767
105 107 696 2767
67 72 28 2079
7 8 2347 2434
100 101 2347 2434
46 47 55 3902
2 3 1519 3743
95 97 1519 3743
0 120 3800 3806
67 68 586 3538
22 22 2444 3498
116 116 2444 3498
90 90 1007 3568
0 120 4143 4145
83 84 1146 2414
0 30 3188 4181
39 39 3188 4181
45 45 3188 4181
62 64 3188 4181
66 66 3188 4181
77 77 3188 4181
82 85 3188 4181
89 120 3188 4181
60 61 180 2069
7 9 2133 2855
101 103 2133 2855
11 12 302 746
105 105 302 746
65 67 417 3702
88 89 2192 2681
0 0 1796 2681
0 120 691 3712
9 9 300 4056
103 103 300 4056
34 35 1045 1958
12 14 1404 2830
106 108 1404 2830
2 3 409 3999
95 97 409 3999
44 45 56 2383
79 81 1668 2122
74 76 1000 1434
0 120 4150 4161
0 120 602 607
59 59 1170 1845
0 120 1462 1465
18 18 1225 1552
112 112 1225 1552
0 120 677 4164
0 3 696 1962
94 97 696 1962
54 55 1095 1671
25 27 396 1670
119 120 396 1670
0 0 28 1274
2 4 28 1274
56 56 28 1274
72 77 28 1274
82 83 28 1274
93 93 372 1084
86 92 342 2373
3 4 307 4072
98 98 307 4072
0 120 4 4071
55 56 3001 3550
0 120 2039 2415
17 19 975 1727
111 113 975 1727
76 76 2269 2877
54 55 914 1259
114 114 315 2620
33 33 79 3841
0 120 1469 1481
40 40 55 1003
28 29 743 1377
79 79 1128 1188
0 120 1252 1254
17 18 111 346
111 112 111 346
36 37 307 1978
39 120 164 3390
46 48 2120 3693
0 120 833 1270
0 0 934 1322
92 94 934 1322
24 26 311 2097
118 120 311 2097
0 25 488 3487
27 36 488 3487
39 39 488 3487
45 47 488 3487
53 56 488 3487
61 62 488 3487
65 70 488 3487
72 75 488 3487
81 120 488 3487
0 120 3528 3602
0 120 2396 2810
0 120 2929 3273
35 37 415 4140
78 78 1451 3534
87 87 1451 3534
89 90 1451 3534
39 39 303 1455
0 120 2684 2688
32 33 2378 3170
2 3 3238 4028
96 97 3238 4028
83 84 373 3914
44 44 1450 3309
48 50 1352 2774
43 44 302 1230
91 92 1017 3427
1 1 1452 3355
95 95 1452 3355
46 47 17 4252
63 63 1094 3647
22 27 1185 3011
114 120 1185 3011
82 83 923 1321
16 18 2287 4156
110 112 2287 4156
87 88 348 824
19 20 2 187
112 114 2 187
0 120 1015 3539
23 25 2128 2591
117 119 2128 2591
0 120 1808 3175
22 23 2284 3104
116 116 2284 3104
0 120 1740 2482
56 58 728 1230
0 120 1261 3945
87 88 635 1039
104 104 160 2466
88 88 989 4011
1 2 230 3205
95 96 230 3205
29 29 309 3498
0 120 1314 1327
40 41 1164 4012
71 72 923 1671
89 89 1193 3252
3 4 232 999
97 98 232 999
65 65 72 2996
79 81 63 4196
0 120 762 1753
0 2 2782 3761
94 96 2782 3761
46 47 846 2390
0 120 1276 1974
0 120 875 876
34 35 438 875
0 120 2220 3469
28 32 311 2231
50 51 58 4037
0 120 3389 3392
0 120 641 645
27 27 400 1522
120 120 400 1522
15 16 1408 2278
109 110 1408 2278
4 5 0 4032
98 98 0 4032
65 66 635 2328
0 120 1533 3478
0 120 81 2708
52 53 2118 4131
28 29 3238 4162
62 63 58 1004
103 103 1259 2909
0 120 2246 2596
8 8 357 1825
102 102 357 1825
47 48 28 603
0 120 122 3648
0 120 3823 4034
5 6 1168 3730
64 64 839 2508
59 60 870 1821
0 120 560 3093
0 120 882 892
26 28 856 1923
120 120 856 1923
44 45 2967 4049
56 57 293 1251
41 42 1466 2606
50 50 1466 2606
60 61 425 2868
36 37 3102 3685
69 70 351 475
47 47 1758 3946
27 29 1770 3017
31 33 1770 3017
37 45 1770 3017
47 51 1770 3017
57 61 1770 3017
63 65 1770 3017
76 78 1770 3017
111 113 1770 3017
115 118 1770 3017
120 120 1770 3017
44 45 256 1369
1 2 696 1641
94 96 696 1641
113 113 419 609
69 71 367 419
17 17 181 1195
111 111 181 1195
40 41 303 2878
72 74 998 1225
30 31 743 3150
61 62 1806 3613
81 82 144 2067
1 8 104 948
12 17 104 948
20 20 104 948
26 26 104 948
29 34 104 948
38 41 104 948
56 62 104 948
65 78 104 948
81 81 104 948
86 91 104 948
95 102 104 948
105 114 104 948
120 120 104 948
46 46 257 1190
0 120 2982 2987
0 120 501 3802
56 59 1167 2165
89 90 2591 2607
0 120 555 4038
0 120 722 768
59 59 123 2129
78 80 606 3037
13 14 420 3813
107 108 420 3813
87 90 1910 2623
11 11 1595 3551
13 88 1595 3551
106 120 1595 3551
0 120 444 1955
17 17 1001 3566
19 19 1001 3566
110 115 1001 3566
83 84 278 2417
39 40 956 2103
57 58 887 3464
23 23 1418 3854
37 38 1418 3854
51 55 1418 3854
0 120 117 779
0 120 1643 3972
0 120 1956 2217
87 91 1529 2904
58 61 1045 1771
57 58 1110 2920
23 25 415 1375
118 119 415 1375
45 47 69 738
50 51 2207 2967
89 90 2324 3552
0 120 1617 3690
66 67 1300 3983
3 6 11 733
20 21 11 733
30 30 11 733
39 44 11 733
97 97 11 733
25 25 1019 3741
119 120 1019 3741
0 120 556 2519
0 120 783 3464
80 81 1602 3567
42 42 63 142
0 120 773 3685
26 26 1945 3906
119 120 1945 3906
44 44 696 1775
6 8 1193 2581
100 102 1193 2581
101 101 2278 3557
0 120 1125 1134
0 120 3573 3589
0 120 154 2889
27 28 2508 4019
0 120 1212 3762
0 120 561 2489
7 7 256 1853
21 23 256 1853
25 30 256 1853
35 39 256 1853
42 50 256 1853
116 117 256 1853
119 120 256 1853
0 120 3399 3409
84 90 367 903
2 3 2103 3152
96 97 2103 3152
13 15 1418 3049
108 109 1418 3049
27 28 19 3603
39 39 2180 2618
59 60 1170 2947
67 67 1767 3203
87 88 659 2243
0 120 397 2997
0 120 24 1503
5 6 2293 2495
99 100 2293 2495
88 89 53 2433
0 120 2883 3492
63 64 412 3305
48 49 314 518
91 92 721 4060
65 67 1070 2716
0 120 1321 4055
0 120 2017 2038
40 41 410 3609
0 120 1167 3588
0 120 1349 1350
25 25 1141 2367
119 119 1141 2367
31 32 1194 1247
41 43 256 3142
57 59 225 3829
14 15 428 4188
108 109 428 4188
23 25 2291 3738
117 119 2291 3738
0 120 335 991
84 84 1589 4220
63 63 300 970
77 78 257 3552
0 120 1509 3702
14 14 344 2208
108 108 344 2208
61 62 1944 3630
77 81 66 3957
116 116 136 2444
0 120 3461 3482
0 120 1073 1078
0 120 231 237
9 11 413 1971
103 105 413 1971
68 68 2006 2414
4 6 767 971
98 100 767 971
26 27 146 2381
119 120 146 2381
59 61 65 699
0 120 634 1381
54 54 350 1622
24 24 155 2844
117 118 155 2844
81 81 1148 1602
89 90 2906 3610
0 0 2142 2460
92 94 2142 2460
56 56 1483 3578
10 11 1820 2409
105 105 1820 2409
90 91 215 1397
0 13 2656 2681
15 15 2656 2681
20 20 2656 2681
27 31 2656 2681
38 38 2656 2681
42 107 2656 2681
109 114 2656 2681
60 60 968 3886
24 25 1045 1100
118 118 1045 1100
9 9 52 3096
103 103 52 3096
29 30 28 2510
0 120 845 2732
30 32 50 2269
35 36 1165 1956
46 46 141 1633
80 81 2409 3743
0 120 3317 3329
43 44 643 2783
0 120 982 3003
0 120 443 1971
20 20 3564 3960
113 114 3564 3960
20 22 2442 3102
114 116 2442 3102
32 33 1685 3123
0 120 909 1212
65 66 1225 3138
77 78 2118 3944
49 59 1677 2481
62 62 1677 2481
49 50 1102 4236
87 88 85 3394
92 93 28 2860
41 42 2139 4232
54 56 418 571
0 120 643 689
0 1 1001 1151
93 94 1001 1151
9 11 846 3492
103 105 846 3492
26 27 15 1120
120 120 15 1120
0 120 1324 4056
52 53 2967 3862
7 9 1194 1731
101 102 1194 1731
79 80 311 3333
88 89 2868 3102
65 67 2126 2465
0 120 1078 1556
45 48 390 1936
78 79 2702 3564
62 63 28 766
78 79 587 2450
0 120 2677 2753
0 120 1710 3718
18 19 1806 3426
111 113 1806 3426
25 25 1670 2599
119 119 1670 2599
27 31 125 1638
0 120 787 4201
61 63 209 2275
92 92 187 2516
101 102 187 2516
14 15 238 761
108 109 238 761
0 120 1833 1839
0 120 2693 2697
23 25 804 1172
117 118 804 1172
2 3 962 2512
96 97 962 2512
63 65 2445 2595
33 35 407 1701
0 120 899 2163
0 120 1317 1922
111 111 3092 3345
0 120 2672 2759
91 92 17 2455
3 8 3169 3565
97 102 3169 3565
9 10 2842 3170
103 104 2842 3170
28 28 473 1008
0 120 1589 3549
4 5 6 1542
97 98 6 1542
0 120 164 2882
105 105 914 1690
0 120 2975 3699
31 34 229 1587
34 36 1168 2738
75 78 263 417
34 34 1281 2615
0 120 752 2271
30 30 373 3406
0 120 2183 2194
0 120 2324 3365
81 81 400 1819
0 120 355 356
0 120 1038 3796
3 4 133 1475
97 98 133 1475
54 54 2287 4237
19 19 1196 2692
113 114 1196 2692
70 71 31 1198
48 48 429 3688
97 97 66 3636
0 120 1124 2789
31 32 374 1537
85 87 535 2394
86 87 1459 2513
86 87 409 3975
71 71 844 3149
65 67 32 1019
78 79 2131 4074
78 79 2465 3196
46 47 2965 3519
62 64 95 3061
65 69 193 3596
53 55 535 3333
41 42 461 1132
82 84 1438 2575
70 70 844 4088
0 120 875 3401
14 16 371 2178
108 109 371 2178
71 71 1102 2626
60 61 524 2420
0 120 768 1060
0 120 4253 4265
36 38 3188 3941
24 25 975 2292
118 119 975 2292
73 74 417 3462
0 120 345 1896
1 3 1668 3976
95 97 1668 3976
8 8 2681 4110
101 102 2681 4110
24 27 138 4047
0 1 193 1502
94 95 193 1502
7 7 315 3185
83 83 315 3185
92 94 315 3185
101 101 315 3185
104 104 315 3185
36 36 1070 2529
57 58 1070 2529
85 85 230 603
0 120 2480 3073
25 25 771 2647
27 27 771 2647
29 33 771 2647
35 40 771 2647
42 42 771 2647
47 49 771 2647
64 67 771 2647
33 34 28 3128
76 77 131 4007
0 120 862 2765
0 120 504 3057
0 120 1018 3278
0 120 1255 2467
0 120 630 2415
33 35 771 3586
33 34 347 1538
14 14 226 1019
108 108 226 1019
75 76 386 3186
91 92 419 3134
0 120 3863 3864
0 13 255 259
16 48 255 259
58 61 255 259
67 70 255 259
73 76 255 259
78 80 255 259
82 87 255 259
90 97 255 259
99 107 255 259
109 119 255 259
0 120 1115 1117
40 42 2591 4193
46 47 313 3647
0 120 3021 3023
82 82 1825 2216
57 58 120 4006
50 51 51 1395
16 17 367 3883
110 111 367 3883
20 21 2979 3551
114 115 2979 3551
73 74 1461 2693
0 120 3575 3582
0 120 2811 3186
85 85 189 578
12 14 2506 2550
106 108 2506 2550
0 120 3343 3424
13 13 2653 2977
21 21 2653 2977
36 37 2653 2977
39 39 2653 2977
81 83 2653 2977
87 87 2653 2977
92 97 2653 2977
106 108 2653 2977
115 115 2653 2977
0 120 1949 2632
0 120 2403 2802
25 26 932 1036
119 120 932 1036
77 77 990 3458
24 25 1365 2581
118 119 1365 2581
0 120 1014 1600
91 92 307 1738
52 54 193 1636
0 120 537 2200
33 33 373 2735
0 120 2511 2520
8 9 310 2386
102 103 310 2386
29 30 19 1456
5 5 2506 3839
17 17 2506 3839
22 54 2506 3839
57 63 2506 3839
66 66 2506 3839
75 75 2506 3839
99 99 2506 3839
111 112 2506 3839
116 120 2506 3839
0 120 739 3997
0 1 1821 3736
93 94 1821 3736
49 50 968 1605
56 56 32 3381
77 79 350 2724
0 120 3197 3198
71 72 1356 2653
0 2 2913 3439
94 96 2913 3439
46 47 989 1893
0 120 4208 4225
86 86 717 1205
4 4 137 2616
11 11 137 2616
15 16 137 2616
18 22 137 2616
30 33 137 2616
37 44 137 2616
47 48 137 2616
51 52 137 2616
55 57 137 2616
64 64 137 2616
66 66 137 2616
98 99 137 2616
109 110 137 2616
112 116 137 2616
59 60 2117 3505
0 120 81 2684
0 120 1545 2525
41 43 1483 1647
84 85 506 1924
40 41 81 240
31 32 1128 3176
88 91 94 2919
88 88 104 3607
0 120 455 2144
0 120 2031 2418
14 16 792 975
108 109 792 975
32 34 1198 2417
0 120 1733 3515
6 6 551 2606
0 120 403 3674
78 78 133 2093
84 85 253 697
83 83 1039 1606
30 32 409 1210
0 120 1283 1966
23 23 1467 3773
117 117 1467 3773
69 70 1047 3187
73 74 1386 2653
0 120 1033 1037
1 2 2263 2926
95 96 2263 2926
19 19 2681 3439
29 29 102 1467
105 105 404 4249
0 120 1257 3936
9 10 846 2150
103 104 846 2150
0 120 481 1463
2 4 1016 2561
96 97 1016 2561
0 120 2974 3691
55 55 314 3043
54 55 1461 3177
69 70 1399 2299
21 23 482 1873
115 117 482 1873
13 14 232 4142
107 108 232 4142
9 9 605 2438
17 17 605 2438
25 26 605 2438
31 46 605 2438
48 49 605 2438
57 60 605 2438
63 63 605 2438
65 68 605 2438
70 71 605 2438
119 120 605 2438
17 18 294 2576
111 112 294 2576
24 26 581 1852
118 119 581 1852
88 90 2126 3567
72 72 765 2161
79 80 856 3777
44 45 138 3726
0 120 1908 3115
61 62 1120 1571
20 20 144 2982
113 114 144 2982
17 18 1102 4183
111 112 1102 4183
0 120 847 3664
0 120 609 1806
29 31 741 1925
53 56 400 1632
0 120 866 873
2 4 1165 3192
96 98 1165 3192
16 18 415 1940
110 112 415 1940
84 84 2118 4241
44 44 3102 3445
40 41 51 4107
85 86 2666 4046
11 12 653 765
105 106 653 765
0 120 195 3105
20 21 1282 3188
113 115 1282 3188
1 2 914 2792
95 96 914 2792
58 59 350 764
64 69 3557 4025
86 87 54 1934
0 120 604 1812
28 29 602 985
39 41 743 2910
49 49 65 3224
22 23 94 2464
116 117 94 2464
46 47 1771 3352
0 120 4198 4206
30 30 1340 1853
84 85 705 3557
69 70 1799 2367
0 120 202 2182
41 42 404 1350
63 63 600 2228
92 92 2100 2480
0 120 1212 3738
60 61 2920 3939
70 71 2366 3538
0 9 631 4143
92 102 631 4143
104 104 631 4143
27 27 3170 4272
76 78 12 3347
63 63 36 1489
43 45 110 1438
90 91 166 781
90 91 2303 3374
12 13 2762 3888
105 107 2762 3888
35 36 694 900
51 52 1962 3081
0 120 972 2342
32 34 1822 2512
10 11 3160 3934
0 120 579 3579
30 31 297 483
0 120 3617 3621
17 23 386 3938
110 118 386 3938
86 87 307 3645
107 108 2373 3554
0 120 1915 1922
49 49 506 2542
47 48 232 3471
24 24 230 2644
118 118 230 2644
0 120 266 2301
74 75 299 2249
35 37 419 3297
0 120 4237 4268
11 12 407 1782
105 106 407 1782
0 120 821 833
0 120 1099 3995
0 120 1350 1362
0 120 3798 3817
14 15 696 2824
108 109 696 2824
45 46 1195 3703
75 76 410 2430
43 44 1162 2065
0 120 1299 4026
61 63 141 1259
73 75 299 2599
17 17 373 2548
111 111 373 2548
8 10 1090 1408
102 104 1090 1408
15 15 334 2593
109 109 334 2593
0 120 3107 3118
14 15 2506 3652
108 109 2506 3652
0 120 70 268
81 82 2234 2964
85 86 295 386
55 55 301 3584
78 79 1168 3169
0 120 15 746
0 120 2718 2784
1 2 1651 1825
95 95 1651 1825
30 31 1017 3939
0 120 1278 2748
86 88 989 2645
81 81 27 3200
62 62 125 325
0 120 1090 2697
25 26 321 1203
119 120 321 1203
24 25 51 1342
118 119 51 1342
43 45 932 3077
26 28 135 2733
120 120 135 2733
75 76 173 3025
58 67 2031 3170
40 41 16 2260
16 17 372 1141
110 111 372 1141
92 93 35 58
0 120 614 674
63 64 354 1501
0 120 366 572
11 13 3554 3591
105 106 3554 3591
52 53 1649 2287
0 120 319 3200
88 89 694 2323
67 69 312 2029
0 120 1437 2404
0 120 247 2543
44 45 975 1784
24 24 625 3657
117 118 625 3657
44 46 1194 3585
51 51 1927 3170
0 120 3181 3201
0 8 72 475
10 17 72 475
19 20 72 475
25 26 72 475
28 31 72 475
34 38 72 475
40 41 72 475
43 57 72 475
59 61 72 475
63 64 72 475
66 102 72 475
104 114 72 475
118 120 72 475
34 35 1670 3514
71 72 985 3411
44 45 173 1281
0 0 1004 1209
93 94 1004 1209
0 120 3051 3320
89 90 36 4201
52 53 1758 2580
54 55 1068 2133
0 7 2367 3627
10 14 2367 3627
16 18 2367 3627
23 24 2367 3627
27 29 2367 3627
66 66 2367 3627
71 72 2367 3627
79 79 2367 3627
82 87 2367 3627
89 90 2367 3627
92 101 2367 3627
103 107 2367 3627
110 113 2367 3627
115 118 2367 3627
120 120 2367 3627
70 71 524 3201
13 14 3170 3951
107 108 3170 3951
59 59 837 1446
54 54 2590 3110
67 68 71 223
0 120 145 172
9 10 12 582
102 103 12 582
43 44 807 1045
46 47 436 2041
7 10 95 1748
47 47 95 1748
49 60 95 1748
63 68 95 1748
71 77 95 1748
80 84 95 1748
88 89 95 1748
92 92 95 1748
102 104 95 1748
33 34 351 3431
31 32 1158 2965
38 43 1120 2673
0 0 1156 2138
93 94 1156 2138
0 120 1350 3135
15 17 130 1742
110 111 130 1742
67 67 92 1450
7 9 16 2394
100 103 16 2394
13 13 1451 1497
21 21 334 983
115 116 334 983
62 63 1194 1841
72 73 571 2616
0 120 3723 3726
32 34 1397 2200
0 120 1236 3006
36 37 1004 3437
25 27 988 2904
119 120 988 2904
0 120 1764 3125
0 120 1144 3417
25 27 1230 2437
119 120 1230 2437
2 4 1352 4120
96 97 1352 4120
18 20 2506 2981
112 114 2506 2981
19 24 180 1455
113 117 180 1455
0 120 2315 3413
62 64 696 2503
86 88 1012 1985
72 73 248 1589
0 120 2276 3458
60 61 27 1590
0 120 1586 3011
71 71 1961 2134
41 41 1300 2617
1 2 400 640
95 96 400 640
84 85 1682 2719
85 87 495 1466
0 120 227 1651
48 48 354 2924
61 66 777 3781
51 52 1152 2904
77 78 128 3335
47 48 56 1769
37 37 1408 2335
0 120 630 2041
13 14 303 1646
107 108 303 1646
77 78 1423 1677
3 4 430 3673
96 98 430 3673
0 120 2035 2433
0 120 10 81
16 20 2138 3874
110 114 2138 3874
83 84 2186 2602
0 120 80 3294
69 69 1064 1744
42 42 828 1467
16 17 1404 2566
110 111 1404 2566
81 81 1094 3838
0 120 2243 2355
0 120 3268 3280
32 33 1026 2391
0 120 563 1169
89 91 1194 1975
21 21 1806 2731
114 115 1806 2731
0 120 1842 2950
39 42 3079 3758
59 60 238 4038
15 16 372 820
109 110 372 820
30 31 2120 2140
60 60 760 2622
0 120 3323 3337
95 95 639 2103
63 65 1198 3787
14 16 730 1467
108 110 730 1467
27 28 420 487
42 43 2139 3321
0 120 1815 2443
0 120 789 2047
30 32 400 774
46 47 420 3870
80 81 1196 4091
0 120 4255 4256
0 120 3090 3516
0 120 1792 2432
74 75 253 2417
1 2 767 2638
8 8 767 2638
16 34 767 2638
36 38 767 2638
40 41 767 2638
51 54 767 2638
95 97 767 2638
102 102 767 2638
110 120 767 2638
60 63 361 1196
57 58 216 2535
66 67 228 1606
19 21 2148 2444
113 115 2148 2444
29 30 1580 2926
81 81 2443 3301
0 120 108 723
0 120 1058 2063
59 61 65 3305
59 60 409 3869
75 76 421 2940
32 33 1682 4142
19 20 352 1083
113 114 352 1083
0 120 1312 3111
48 50 932 2890
62 63 417 1478
67 69 76 2905
45 46 14 2027
36 37 180 3228
83 84 187 1955
27 27 1460 2228
0 120 997 1006
5 5 138 3002
98 99 138 3002
31 32 429 1488
69 69 1991 2618
0 120 1769 3737
75 78 28 1144
0 120 2928 2942
0 120 2713 2788
84 86 161 1673
102 102 436 3598
0 120 4257 4278
0 120 3589 3590
55 56 344 4009
58 59 526 1771
1 6 1408 4108
9 15 1408 4108
17 21 1408 4108
25 29 1408 4108
31 33 1408 4108
38 39 1408 4108
45 49 1408 4108
52 52 1408 4108
55 61 1408 4108
63 77 1408 4108
81 83 1408 4108
91 91 1408 4108
94 101 1408 4108
103 108 1408 4108
110 115 1408 4108
119 120 1408 4108
68 68 1045 4056
0 120 4234 4267
90 91 187 3244
65 65 1121 4051
54 55 95 3655
0 120 1005 3876
0 120 1366 3855
78 80 912 1433
8 8 344 1915
102 103 344 1915
0 120 1407 1412
1 2 173 2033
95 96 173 2033
5 5 54 621
90 90 1172 3989
54 56 606 1134
17 18 36 981
109 113 36 981
21 23 934 2131
115 117 934 2131
31 31 306 2562
16 17 2291 3795
109 111 2291 3795
91 93 1438 1664
13 14 300 1027
108 108 300 1027
0 120 219 3317
9 9 147 1751
0 120 840 2469
36 38 47 581
70 71 71 975
48 53 2629 3790
45 54 743 2536
64 66 256 4138
50 52 1682 3687
20 21 1771 2978
114 115 1771 2978
85 85 1165 3168
23 34 131 2157
116 120 131 2157
75 76 292 3014
15 16 299 1741
109 110 299 1741
41 42 1438 2014
85 86 92 2202
11 11 2103 2404
105 105 2103 2404
87 87 432 2270
56 57 418 2372
31 31 2303 4155
50 52 374 2265
88 89 756 2367
0 120 866 2727
59 60 436 699
72 74 985 3358
0 120 453 3497
26 27 410 2861
120 120 410 2861
80 80 16 3496
87 89 821 2203
51 52 222 1120
25 29 2618 3385
119 120 2618 3385
11 13 128 3148
105 107 128 3148
50 51 302 4267
30 31 262 3902
57 59 432 3559
9 11 120 2506
103 104 120 2506
34 35 51 3867
0 120 1322 4067
0 120 107 766
0 120 1650 1654
3 3 53 3913
97 97 53 3913
65 66 1120 2620
0 120 3496 3509
76 77 2367 3924
0 120 3086 3611
77 79 63 2911
0 120 455 1449
0 120 959 982
64 66 79 2101
77 78 3615 4140
65 67 135 3164
76 78 350 874
0 120 2528 3468
0 120 1490 4001
39 39 76 3523
33 33 72 2061
53 55 2904 3755
65 65 1821 2825
82 83 1232 2430
5 6 347 3205
99 99 347 3205
20 22 323 367
114 116 323 367
69 70 890 2666
35 37 1045 1291
50 50 1132 2199
0 120 1359 3144
82 83 1102 3488
0 0 1012 2282
93 94 1012 2282
81 82 2607 3360
77 77 36 3693
39 41 1404 1574
90 90 1168 2795
66 66 10 28
47 48 696 3739
50 55 166 541
0 120 3041 3063
24 25 262 1003
117 119 262 1003
0 120 1513 1517
0 120 167 3395
0 120 2373 2375
90 92 2142 3940
0 0 409 3682
92 94 409 3682
55 56 1142 2513
14 15 923 3903
108 109 923 3903
0 0 386 3698
92 94 386 3698
39 41 2607 3710
60 61 28 3990
86 86 1886 3196
49 50 659 824
25 26 1614 2508
119 120 1614 2508
0 120 925 943
51 53 985 1748
0 120 4130 4131
0 120 2301 2657
0 1 1334 3622
81 96 1334 3622
0 120 38 1645
20 22 102 906
114 116 102 906
0 120 1358 1764
0 120 1750 3308
0 120 7 4052
15 15 2139 2329
108 109 2139 2329
63 64 342 2056
22 22 846 1589
115 116 846 1589
0 120 2475 3941
70 72 414 1932
10 12 159 659
103 105 159 659
29 29 785 3565
61 62 372 4150
87 88 1396 1467
23 24 79 141
117 118 79 141
48 49 1068 3853
0 1 309 3047
94 95 309 3047
89 90 299 2359
32 33 2269 2560
56 57 94 3647
73 74 1606 2216
43 44 2009 2606
0 120 343 3570
0 120 3337 3340
52 54 367 1712
0 120 4023 4045
0 120 1015 1933
39 40 354 2416
80 82 683 1194
0 120 1307 4027
0 120 2989 3007
118 118 1161 1169
0 120 1340 3386
0 120 1426 2406
80 81 1025 2062
32 34 39 2031
10 13 293 3833
104 106 293 3833
0 120 169 1323
0 120 3066 3604
5 5 793 4156
0 120 2321 3258
0 120 89 1559
46 47 488 1076
83 83 985 1882
46 46 1162 3464
0 120 596 609
0 120 656 660
3 3 2920 3028
97 97 2920 3028
81 82 1770 2566
0 0 256 918
2 3 256 918
6 7 256 918
10 10 256 918
13 13 256 918
26 26 256 918
37 37 256 918
46 47 256 918
61 61 256 918
67 70 256 918
73 74 256 918
79 86 256 918
92 92 256 918
94 95 256 918
100 101 256 918
0 120 2252 2340
0 120 944 1292
16 18 10 1451
110 111 10 1451
34 35 63 3529
77 78 409 4166
0 120 1735 3511
39 40 1668 2289
0 120 157 158
12 12 2595 2679
106 106 2595 2679
0 9 1806 3162
13 16 1806 3162
19 20 1806 3162
22 26 1806 3162
29 30 1806 3162
32 36 1806 3162
42 86 1806 3162
89 104 1806 3162
107 110 1806 3162
112 114 1806 3162
116 120 1806 3162
35 36 643 2303
73 75 1438 2766
2 2 1334 4106
0 120 3682 3701
0 120 397 3001
90 91 2938 3203
72 73 238 1436
0 120 2903 3182
31 31 1809 2120
89 90 105 1846
0 120 564 2360
36 38 631 1138
93 93 593 846
32 34 168 4080
36 53 168 4080
31 31 488 3304
67 68 407 2376
0 120 1349 1354
57 57 246 738
79 81 293 584
0 120 2174 3157
60 61 300 974
40 42 1217 2366
44 44 1217 2366
48 48 1217 2366
50 64 1217 2366
66 69 1217 2366
76 77 1217 2366
65 66 336 631
67 68 2913 3496
39 40 1168 3413
85 85 277 990
64 66 1857 1945
0 120 1941 2582
79 79 105 3135
9 9 141 2792
102 103 141 2792
24 25 354 3839
118 119 354 3839
5 7 316 1103
99 101 316 1103
65 66 887 1858
48 50 835 1668
56 57 1000 1735
0 120 2352 3055
8 9 581 4003
102 103 581 4003
35 44 505 975
0 120 3380 3497
0 120 4147 4164
0 120 2745 2757
48 49 549 2967
0 120 3665 3666
0 120 709 4188
0 1 2142 2464
93 94 2142 2464
19 20 2228 2238
113 114 2228 2238
13 13 238 4014
107 107 238 4014
0 120 1169 1894
36 37 990 3649
71 71 1064 3598
80 81 104 1570
71 73 12 1981
0 120 2161 3645
2 2 0 466
95 96 0 466
75 76 1450 2321
54 55 303 1406
80 80 1870 2126
0 120 2405 3224
0 120 1703 3706
0 120 20 529
52 53 53 477
84 86 865 2607
5 7 357 4086
99 100 357 4086
0 120 935 1848
0 120 2213 2465
0 120 1294 1966
0 120 984 986
55 56 390 1001
64 65 400 1689
16 18 1303 3183
110 112 1303 3183
46 47 1673 1962
0 1 71 467
93 95 71 467
41 43 7 2926
26 28 310 483
120 120 310 483
0 120 941 1289
56 58 593 2269
0 7 1537 2074
10 11 1537 2074
82 82 1537 2074
84 84 1537 2074
86 100 1537 2074
33 35 659 4020
81 83 950 2506
90 92 659 1576
89 89 103 3573
100 100 416 2572
88 88 297 406
9 9 423 1299
103 103 423 1299
54 55 216 3450
24 24 2508 3702
118 118 2508 3702
51 52 1004 2742
0 120 787 4205
16 17 99 421
110 111 99 421
63 65 350 4204
49 50 436 3224
62 64 989 3373
0 1 526 1397
93 95 526 1397
50 51 232 950
34 36 1627 2906
49 49 1026 3440
0 120 1512 1613
0 120 552 1305
8 10 1537 3363
103 104 1537 3363
0 120 3608 3616
96 97 554 1351
0 77 2302 2671
27 28 13 1936
120 120 13 1936
0 1 741 1177
94 95 741 1177
46 47 395 540
62 63 985 3789
32 33 300 3686
45 46 1172 3615
0 120 1278 2321
89 91 1008 2460
12 13 206 1018
106 106 206 1018
47 49 624 777
13 13 13 2875
106 107 13 2875
27 28 1334 2630
0 120 1215 1218
0 120 4246 4253
48 49 146 4158
43 43 934 2696
0 120 1672 2625
0 120 2919 3929
32 33 374 1541
73 75 372 714
2 4 2089 2913
96 98 2089 2913
58 58 1232 1572
21 21 120 3876
114 115 120 3876
0 120 183 1192
3 4 1016 1947
97 98 1016 1947
0 120 57 2773
24 24 1225 1532
117 118 1225 1532
67 67 934 3046
33 34 2909 3591
52 56 297 3923
76 77 187 2065
0 120 1166 1891
0 120 1995 3436
105 105 56 3302
71 72 3552 4222
3 5 1606 2163
97 99 1606 2163
48 49 842 1013
72 74 419 910
87 88 2788 3072
0 120 1282 1285
39 41 17 2593
71 72 440 1198
16 17 426 1300
110 111 426 1300
76 77 1016 2297
0 120 1926 2518
6 6 527 3072
100 101 527 3072
42 44 95 3415
5 6 294 2312
100 100 294 2312
5 7 1008 1655
99 101 1008 1655
29 30 1178 3564
51 53 2269 2857
27 28 2002 2513
41 41 419 1260
46 72 419 1260
74 75 419 1260
77 78 419 1260
0 1 2616 3904
94 95 2616 3904
53 54 152 916
84 84 219 2138
0 120 1530 3457
41 41 1172 3749
0 120 1213 3750
0 0 793 3164
93 94 793 3164
0 120 561 3595
44 44 395 4057
38 38 1945 2918
0 120 167 2887
52 53 659 3349
58 59 635 2763
0 1 307 2897
94 95 307 2897
41 42 1771 2738
0 120 1155 2240
0 120 74 1383
22 23 1070 3822
116 117 1070 3822
0 120 1531 4217
0 120 3021 3027
8 10 696 1137
102 104 696 1137
49 49 3098 3247
0 0 1594 2287
93 94 1594 2287
75 75 167 793
83 83 3104 4193
35 36 296 1203
13 14 1170 1959
107 108 1170 1959
66 67 3079 4136
1 7 441 3247
96 101 441 3247
51 51 1962 3622
0 120 2387 2862
36 38 102 1337
0 120 2559 2565
0 120 1561 4217
58 59 1019 1948
0 2 1917 3098
6 8 1917 3098
10 10 1917 3098
12 20 1917 3098
26 26 1917 3098
28 28 1917 3098
30 36 1917 3098
38 45 1917 3098
47 48 1917 3098
50 55 1917 3098
57 59 1917 3098
61 77 1917 3098
79 82 1917 3098
85 85 1917 3098
90 96 1917 3098
100 117 1917 3098
119 120 1917 3098
0 120 630 675
86 87 300 3015
0 1 1194 2703
94 95 1194 2703
0 120 4002 4003
72 74 777 3354
0 120 1126 1256
26 27 326 1203
37 39 109 2666
38 38 1017 2252
39 40 1452 2180
0 120 345 2384
23 24 1203 2415
117 118 1203 2415
5 7 1185 2775
99 101 1185 2775
69 70 13 2554
35 36 130 3893
58 59 1026 1964
0 1 298 1225
94 95 298 1225
29 34 482 3032
46 47 17 983
35 35 34 398
0 120 786 4197
53 54 139 414
27 29 63 3021
56 57 3160 3670
14 16 13 460
108 109 13 460
0 120 3595 3598
4 5 240 1405
98 99 240 1405
83 84 1862 2586
5 6 633 3551
97 101 633 3551
83 85 103 353
30 31 1185 4064
44 45 311 1056
57 59 168 3222
44 46 1668 2720
13 15 1862 3525
107 108 1862 3525
2 3 351 1394
96 97 351 1394
78 79 898 4007
16 16 1168 1616
110 110 1168 1616
71 73 3188 3624
30 30 335 2581
41 41 395 3386
10 10 1589 3366
103 104 1589 3366
2 4 367 1338
95 98 367 1338
11 13 2139 3244
105 106 2139 3244
68 69 2120 3002
0 120 320 3212
55 56 950 1164
66 67 760 3484
53 53 2783 3696
0 1 1016 3854
5 7 1016 3854
11 11 1016 3854
14 16 1016 3854
20 22 1016 3854
52 52 1016 3854
59 59 1016 3854
64 64 1016 3854
67 86 1016 3854
89 95 1016 3854
98 100 1016 3854
104 105 1016 3854
110 110 1016 3854
113 115 1016 3854
61 62 606 3956
29 30 2101 3110
13 14 1399 3592
107 108 1399 3592
23 31 635 2442
33 33 635 2442
117 120 635 2442
0 120 64 3407
0 120 31 3459
17 17 1521 2269
20 29 1521 2269
31 31 1521 2269
33 33 1521 2269
35 44 1521 2269
47 65 1521 2269
67 85 1521 2269
88 92 1521 2269
114 120 1521 2269
86 86 206 1770
20 20 144 892
22 34 144 892
117 117 144 892
44 46 315 4157
47 48 1538 2623
20 21 342 1816
114 115 342 1816
4 5 524 1298
98 99 524 1298
0 120 2081 2084
78 79 348 1072
0 120 1251 2566
44 45 1669 3079
17 18 297 3736
111 111 297 3736
0 120 464 466
0 120 789 4198
0 120 2298 3250
40 40 1782 2202
50 67 1782 2202
69 71 1782 2202
0 120 1572 3146
10 10 1673 3198
104 104 1673 3198
24 25 66 1359
118 119 66 1359
34 36 635 3731
18 19 4140 4205
111 112 4140 4205
0 120 320 2407
31 33 1841 2782
0 120 2417 3881
56 56 3183 3414
67 68 3188 3758
53 54 846 1699
0 120 1212 3742
16 17 2087 3188
110 111 2087 3188
8 8 979 2228
32 33 2142 2895
0 3 2228 2669
10 13 2228 2669
15 86 2228 2669
91 96 2228 2669
104 107 2228 2669
110 120 2228 2669
109 109 631 764
0 120 2747 3234
30 30 293 2654
32 33 293 2654
85 85 126 3480
1 1 2287 3249
3 3 2287 3249
5 5 2287 3249
7 7 2287 3249
14 14 2287 3249
19 22 2287 3249
25 30 2287 3249
40 45 2287 3249
50 51 2287 3249
55 58 2287 3249
61 67 2287 3249
70 70 2287 3249
73 75 2287 3249
87 88 2287 3249
90 90 2287 3249
95 95 2287 3249
101 101 2287 3249
105 105 2287 3249
108 108 2287 3249
110 110 2287 3249
112 116 2287 3249
119 120 2287 3249
0 120 492 3803
10 11 1225 2634
104 104 1225 2634
57 58 134 4095
0 120 2059 2079
10 11 528 1016
103 105 528 1016
61 72 1467 2167
33 34 350 2407
25 27 1642 2922
119 120 1642 2922
36 43 85 446
1 2 721 4040
95 96 721 4040
11 13 253 2474
105 107 253 2474
54 65 1404 1818
68 70 1404 1818
8 11 53 3352
23 23 53 3352
25 34 53 3352
102 105 53 3352
110 110 53 3352
113 114 53 3352
116 120 53 3352
54 54 975 3398
66 66 1405 2228
69 70 2913 4061
0 120 826 831
35 37 2145 2203
37 38 414 4270
61 62 125 4167
0 120 1649 4251
77 77 729 898
57 58 914 2341
35 35 415 2428
0 120 499 3819
47 48 1672 2922
50 52 867 1771
15 16 1770 3265
109 110 1770 3265
51 51 581 3629
68 70 1193 2695
0 120 33 1545
0 120 1796 3897
86 86 351 4106
31 31 1120 3348
35 48 1120 3348
1 5 103 4004
8 15 103 4004
18 18 103 4004
21 35 103 4004
38 42 103 4004
60 63 103 4004
65 73 103 4004
77 77 103 4004
81 81 103 4004
84 87 103 4004
91 93 103 4004
95 99 103 4004
101 109 103 4004
111 112 103 4004
115 120 103 4004
28 28 347 2644
0 120 2290 2742
41 41 791 2126
56 57 32 1320
47 47 925 2126
89 89 76 868
42 43 857 1433
27 30 93 283
120 120 93 283
44 45 989 3804
66 66 39 3430
8 9 311 1674
102 103 311 1674
80 82 741 1258
11 12 76 4251
105 105 76 4251
0 120 1609 3697
85 85 3092 3780
0 120 377 981
0 120 645 4179
52 53 1193 3984
74 79 66 2782
15 15 262 442
27 27 262 442
30 34 262 442
68 70 262 442
77 77 262 442
108 114 262 442
118 120 262 442
47 48 1000 3589
101 101 1170 4000
77 78 1168 3173
73 75 932 2142
20 22 438 1607
114 116 438 1607
0 120 2499 3616
0 120 2819 2840
0 120 1293 2121
48 49 278 3604
69 70 408 2896
0 120 274 452
112 112 354 3599
81 81 225 1499
27 28 1300 4231
12 12 102 345
86 87 998 3112
0 120 215 222
24 25 1094 1130
118 119 1094 1130
66 66 1230 1957
72 73 125 3712
77 78 975 3882
0 120 1785 2933
31 32 1195 2902
28 29 418 1490
39 41 535 2829
0 120 1078 1536
0 120 548 2502
21 23 1668 2533
115 117 1668 2533
0 120 264 2743
27 29 367 4184
0 120 742 3307
0 120 570 571
28 29 1196 3477
0 120 247 2547
0 120 1341 1357
0 120 284 3368
43 44 36 3266
0 0 1944 2589
2 43 1944 2589
46 120 1944 2589
0 120 545 3143
5 6 2287 2928
99 100 2287 2928
0 120 561 3087
59 60 225 3138
93 93 717 3600
0 120 1135 3359
47 48 371 2963
59 60 352 469
52 53 771 3082
20 21 2118 4058
114 115 2118 4058
4 5 581 2958
97 99 581 2958
0 120 1453 2887
30 31 6 2461
43 43 243 2404
52 54 920 3555
46 47 130 4190
0 120 2792 3221
0 120 808 870
46 46 1567 1676
33 34 2117 3806
52 53 983 1625
84 85 1771 3169
0 120 1278 3236
2 13 1438 2205
16 24 1438 2205
26 36 1438 2205
39 56 1438 2205
58 62 1438 2205
68 71 1438 2205
78 82 1438 2205
84 87 1438 2205
90 90 1438 2205
93 94 1438 2205
96 107 1438 2205
109 120 1438 2205
0 120 237 1054
48 57 13 3790
59 59 13 3790
21 22 1195 2447
56 56 765 1173
37 39 1668 2667
82 83 219 1414
0 120 4066 4069
0 120 1846 2939
13 15 36 2461
107 107 36 2461
0 120 29 1290
0 120 827 1270
58 58 85 2353
77 79 2139 3191
59 60 554 1111
40 40 153 767
0 120 3778 3787
102 103 614 1162
0 20 1090 1091
30 36 1090 1091
41 47 1090 1091
49 51 1090 1091
54 72 1090 1091
75 76 1090 1091
79 82 1090 1091
84 115 1090 1091
56 57 1305 2965
0 120 443 1280
52 56 990 3893
27 28 1007 3308
68 68 1293 1450
15 16 351 1691
108 110 351 1691
18 19 1073 2615
112 113 1073 2615
66 67 1671 3473
0 120 936 1563
87 89 1404 1631
22 23 256 3524
116 117 256 3524
30 31 985 3899
0 120 3316 3325
10 11 2366 3705
104 105 2366 3705
0 120 74 1009
32 33 1397 3843
31 32 146 885
0 120 700 1471
42 43 65 3175
74 75 125 3980
53 55 1682 4012
86 86 664 1225
107 108 26 968
28 29 1225 1292
72 72 400 2872
0 120 300 1702
0 120 553 3114
90 91 11 1599
71 71 169 2185
58 59 760 2626
59 61 2203 3310
0 120 3323 3341
0 120 2122 2190
55 56 902 989
118 118 632 1128
0 120 1991 3427
61 64 1070 2293
92 92 1008 1415
58 59 932 4049
45 45 1109 1467
20 20 350 1415
114 114 350 1415
6 8 1300 2755
101 102 1300 2755
20 22 1649 2909
114 116 1649 2909
7 8 606 3098
26 27 1065 1168
120 120 1065 1168
29 30 160 3011
68 70 932 1016
0 120 68 3422
83 84 407 2888
30 31 625 4279
79 80 415 497
59 59 527 738
47 48 1168 2986
60 60 122 2904
62 63 1670 4136
0 6 856 1179
10 10 856 1179
91 100 856 1179
104 104 856 1179
5 6 331 3243
99 99 331 3243
27 29 245 1025
29 29 133 784
33 33 303 1195
0 120 2553 3665
5 5 1450 3049
99 100 1450 3049
76 77 1404 2704
0 120 1078 3443
16 16 152 1965
109 110 152 1965
21 22 1019 3802
115 116 1019 3802
76 77 80 399
78 78 1678 2684
0 1 162 209
94 95 162 209
63 65 1230 4214
1 2 1016 1252
94 96 1016 1252
71 72 71 4228
10 11 135 3489
104 105 135 3489
112 112 135 3489
22 23 2762 4189
116 117 2762 4189
0 120 3197 4117
32 33 1717 3551
35 35 3112 3255
0 120 87 1728
16 18 1026 2879
109 112 1026 2879
0 120 403 3654
74 75 375 1606
3 3 417 2771
5 7 417 2771
10 10 417 2771
15 17 417 2771
23 24 417 2771
29 35 417 2771
41 44 417 2771
49 62 417 2771
64 64 417 2771
97 97 417 2771
99 100 417 2771
104 104 417 2771
109 111 417 2771
115 118 417 2771
120 120 417 2771
0 1 2335 2782
3 3 2335 2782
7 7 2335 2782
57 57 2335 2782
66 67 2335 2782
72 74 2335 2782
81 81 2335 2782
91 95 2335 2782
97 97 2335 2782
101 102 2335 2782
119 119 2335 2782
22 22 155 2771
116 116 155 2771
0 120 1683 2627
89 89 2906 3537
22 23 1161 3454
116 117 1161 3454
2 2 1398 2643
96 96 1398 2643
69 70 1019 2058
55 58 262 389
67 68 2414 4014
0 120 2483 3619
32 33 506 749
71 74 1164 1658
0 1 141 2499
3 29 141 2499
32 68 141 2499
74 76 141 2499
93 94 141 2499
98 105 141 2499
107 109 141 2499
112 115 141 2499
118 120 141 2499
0 90 311 2910
92 120 311 2910
22 26 1090 2648
115 120 1090 2648
46 46 357 1565
90 91 135 2684
118 119 11 928
45 46 85 877
0 120 1251 1253
75 75 69 344
48 50 344 2269
77 77 2386 4036
0 120 3850 3877
81 82 94 2094
56 56 168 2043
0 120 154 2145
56 58 85 4260
0 120 1487 3223
83 85 2287 4030
12 14 14 1576
106 107 14 1576
13 14 494 2967
107 108 494 2967
58 59 391 1334
0 120 2027 2413
0 120 1373 3875
59 61 831 1606
60 60 628 2967
60 60 1673 2824
13 14 229 2669
107 108 229 2669
0 120 632 1396
9 12 1418 2305
104 106 1418 2305
1 5 353 1981
95 98 353 1981
73 75 3537 3538
14 28 968 3008
31 31 968 3008
34 34 968 3008
106 106 968 3008
108 120 968 3008
3 8 302 2393
96 102 302 2393
39 40 16 2561
70 71 307 1047
21 23 71 2268
115 117 71 2268
59 60 1091 2849
5 5 1815 2126
44 45 1815 2126
49 49 1815 2126
53 53 1815 2126
56 64 1815 2126
66 70 1815 2126
74 77 1815 2126
79 79 1815 2126
81 82 1815 2126
84 86 1815 2126
93 93 1815 2126
32 43 1858 2762
0 120 10 1992
36 36 1190 2074
11 11 426 1678
104 105 426 1678
30 32 123 1869
0 120 1370 3173
0 120 453 3501
0 120 2232 2414
23 23 1232 3239
0 120 447 1966
37 38 1197 4184
69 69 1013 2377
16 16 1181 1961
110 110 1181 1961
54 56 694 3563
60 61 1203 1720
0 120 587 1222
31 31 243 1412
72 72 2629 2989
83 83 407 3506
24 24 3110 4201
118 118 3110 4201
0 120 3086 3615
26 26 3170 4252
119 120 3170 4252
76 77 32 596
68 69 371 816
46 48 85 422
0 120 2091 2532
0 120 1802 2429
34 34 430 3840
0 120 3539 3560
61 61 418 1571
49 50 1013 3666
71 73 2202 3302
0 48 451 930
50 58 451 930
60 67 451 930
70 78 451 930
82 120 451 930
13 14 351 3732
107 108 351 3732
80 80 303 2752
59 60 349 653
29 30 495 2922
0 120 2023 2024
56 72 240 1649
55 57 178 771
0 120 1525 1747
0 120 888 2624
10 12 3231 3565
104 106 3231 3565
66 67 932 3862
0 120 714 1690
0 120 1032 1033
81 83 848 2444
0 120 1218 1223
61 62 36 314
33 33 302 433
0 120 701 704
14 18 451 2219
109 110 451 2219
1 3 1762 3538
95 96 1762 3538
0 120 1430 2799
9 11 1397 2851
103 105 1397 2851
98 98 681 2681
50 51 2782 4119
10 23 1004 4088
104 116 1004 4088
120 120 1004 4088
32 33 932 1768
72 72 314 3641
87 88 300 3743
0 120 630 1403
0 120 377 957
0 120 655 2399
63 65 1013 2861
87 87 1051 3153
20 20 1589 3960
114 114 1589 3960
0 120 1856 1860
0 120 1704 3718
37 38 606 4200
55 57 152 1778
0 120 2932 3282
70 72 430 3974
12 15 1170 1532
107 108 1170 1532
16 19 968 2337
0 120 1427 2097
61 62 584 1408
0 0 1539 3092
93 94 1539 3092
72 72 352 1839
0 120 501 2871
0 1 138 2819
93 94 138 2819
67 68 69 962
0 120 1736 3606
18 22 1810 3555
112 116 1810 3555
0 120 910 1578
80 83 535 2455
43 43 423 3934
0 120 2771 2775
50 50 66 664
0 120 226 1885
81 82 146 2121
0 120 552 557
0 120 2969 3699
24 25 390 2481
118 119 390 2481
0 120 3836 4038
51 52 648 1019
84 86 734 2291
0 120 570 3580
0 120 2483 2493
64 65 1012 1481
0 120 1966 1974
85 87 2594 3263
6 8 2248 2626
100 102 2248 2626
83 85 28 2250
68 69 1160 1352
0 6 1051 2348
9 10 1051 2348
13 26 1051 2348
29 37 1051 2348
40 41 1051 2348
59 61 1051 2348
63 64 1051 2348
67 81 1051 2348
83 100 1051 2348
102 103 1051 2348
106 119 1051 2348
90 91 297 1886
92 93 414 3225
74 75 3110 3530
75 77 128 387
0 120 269 2312
54 54 1461 3909
34 35 1144 1758
54 55 141 2312
14 15 760 829
109 109 760 829
0 120 2021 2031
81 83 297 2825
8 10 152 1912
14 15 152 1912
19 21 152 1912
28 29 152 1912
12 13 1193 1650
105 107 1193 1650
29 31 558 3354
0 120 1005 1599
0 120 1860 2113
100 100 125 3472
0 120 89 1563
85 86 1291 1404
24 26 1016 1199
118 119 1016 1199
70 70 1602 2986
91 92 131 1974
62 63 554 2831
37 39 1070 3879
89 90 1128 3103
16 17 51 1456
110 110 51 1456
21 22 32 1214
114 116 32 1214
79 79 1224 3565
40 43 1019 4099
23 24 312 4237
116 118 312 4237
0 1 902 1070
94 95 902 1070
0 120 1022 1364
0 120 879 3530
16 21 793 2066
110 111 793 2066
0 120 2011 2632
87 89 1008 3940
5 6 2207 4264
99 100 2207 4264
52 52 209 2015
84 84 538 793
78 80 1441 2287
21 21 429 1789
114 115 429 1789
80 80 1153 1820
10 11 926 2595
104 104 926 2595
13 15 1650 2626
107 109 1650 2626
0 120 1029 1030
0 1 1961 4208
91 96 1961 4208
62 63 65 1512
0 120 487 2898
0 120 2443 2447
60 61 2460 2616
1 2 354 2554
94 97 354 2554
56 56 306 1574
0 120 876 1138
0 120 1497 3700
41 43 310 2447
0 120 3737 3762
0 0 224 983
2 2 224 983
6 9 224 983
58 70 224 983
73 94 224 983
96 104 224 983
48 50 1483 3802
49 50 2506 3900
0 120 2174 3161
0 120 424 2734
17 17 659 3540
75 75 392 3196
53 54 1164 1955
71 72 1596 2366
60 60 85 235
87 88 2531 2617
33 35 1497 1606
46 48 353 989
69 69 790 990
78 78 105 3139
28 29 1051 3771
1 2 27 3448
95 95 27 3448
20 21 1025 2550
113 115 1025 2550
55 56 1448 2653
0 120 49 3961
0 120 1018 1379
72 73 2541 2581
63 64 219 3618
88 90 491 1862
43 43 207 2103
8 9 659 1446
101 103 659 1446
87 88 36 2221
0 120 1388 3541
0 120 3996 3999
67 69 598 1170
18 19 694 1632
112 113 694 1632
83 84 430 1559
8 9 1498 2366
102 103 1498 2366
56 57 844 3828
0 120 2255 2345
86 89 760 3191
14 15 990 3653
108 109 990 3653
39 40 1685 2192
44 47 293 2227
82 82 410 2812
0 120 3431 3439
89 91 146 2739
0 120 473 882
83 83 1450 2325
32 33 400 3787
10 11 1589 3423
104 105 1589 3423
0 120 2709 3454
89 91 1563 2202
45 46 535 979
9 11 2228 2592
103 105 2228 2592
52 55 1120 1632
21 21 144 3043
8 9 975 2971
101 103 975 2971
0 120 4063 4066
53 53 1016 2972
3 5 1446 1802
97 99 1446 1802
40 42 331 2869
0 120 1874 3003
0 120 1812 2125
61 63 267 1164
0 120 3486 3496
89 90 19 1062
88 89 93 1011
62 68 506 1180
35 37 297 2504
65 67 264 1832
0 120 731 2961
68 70 342 934
0 120 1863 2063
87 88 738 1688
59 60 34 589
87 88 314 1360
88 89 155 2047
0 120 2968 3691
41 43 1786 2782
0 120 3150 3173
45 46 1771 3413
0 120 3520 3615
0 120 540 1299
23 24 32 4276
117 117 32 4276
34 37 581 1108
65 67 1408 3738
55 56 4140 4262
13 14 1910 2444
107 108 1910 2444
43 43 34 1878
80 81 1168 1807
83 84 6 3994
0 2 1398 2269
93 96 1398 2269
8 8 211 1016
101 102 211 1016
88 90 2428 3538
50 51 416 3865
27 28 2269 2727
56 58 1013 1869
23 24 371 2402
117 118 371 2402
64 64 230 477
18 20 30 3829
112 113 30 3829
57 63 255 2227
80 80 413 2813
20 21 631 4204
114 115 631 4204
90 91 1008 2464
25 28 2138 3183
120 120 2138 3183
0 120 1253 3958
0 120 4035 4037
68 69 301 3511
22 22 120 2941
115 116 120 2941
43 44 20 1017
0 120 1610 1751
50 51 2592 3538
19 21 85 3886
114 114 85 3886
48 50 429 3696
14 14 9 3110
107 108 9 3110
2 3 30 1735
96 97 30 1735
76 77 205 770
17 19 430 888
111 113 430 888
0 120 1787 1798
59 60 870 2126
0 120 2838 3944
45 45 1162 4220
0 120 57 2777
29 31 3102 3990
67 68 292 3583
70 71 1400 2291
89 90 968 2634
19 21 1418 2870
113 115 1418 2870
64 64 1949 2506
26 30 968 3573
105 105 388 1012
41 42 2905 3072
25 27 1095 2594
119 120 1095 2594
62 64 262 2593
9 10 52 2783
15 15 52 2783
20 22 52 2783
26 27 52 2783
29 32 52 2783
35 36 52 2783
42 42 52 2783
45 46 52 2783
49 52 52 2783
60 60 52 2783
62 62 52 2783
81 81 52 2783
85 85 52 2783
90 90 52 2783
103 104 52 2783
114 116 52 2783
120 120 52 2783
0 120 912 3641
0 120 7 1320
0 120 1839 3277
