# Edge events for shell 43бу
# start_epoch, end_epoch, satellite_i, satellite_j
0 120 1266 1429
0 120 1312 2070
0 120 2657 2677
0 120 2082 2217
0 120 528 1436
0 120 2780 2784
0 120 1314 2116
0 120 1783 3089
38 38 1088 1544
0 120 1122 1128
0 120 110 1862
0 120 416 2134
0 120 538 848
0 120 44 47
0 120 1052 1069
5 6 718 1718
99 100 718 1718
0 120 1506 3225
0 120 277 2204
0 120 604 2370
0 120 645 2371
0 120 134 2192
0 120 228 3251
0 120 273 284
0 120 2444 2461
0 120 2617 2618
0 120 1495 1760
0 120 1748 1940
0 120 1359 2882
0 120 1973 2287
0 120 3146 3147
0 120 1513 2302
34 36 718 1839
0 120 554 913
0 120 2744 2844
0 120 1283 3008
0 120 2747 2849
16 18 1544 2820
110 112 1544 2820
0 120 1459 2187
0 120 693 3179
0 120 208 1215
0 120 459 797
0 120 15 1049
0 120 540 1688
0 120 519 811
14 15 393 443
108 109 393 443
0 120 1188 2892
0 120 904 918
0 120 164 2340
0 120 1251 2423
14 15 217 2203
109 109 217 2203
0 120 2104 2110
0 120 247 1557
0 120 552 1927
0 120 2518 2918
0 120 355 861
0 120 2318 2335
0 120 2897 2914
0 120 509 510
0 120 2100 2112
0 120 697 3190
0 120 398 413
91 91 714 2376
0 120 511 2276
0 120 2436 2475
0 120 579 1922
65 66 307 2217
0 120 852 2017
0 120 654 1507
0 120 1447 3129
0 120 1743 1959
0 120 1531 1551
0 120 2751 2752
0 120 2305 3160
69 69 846 1448
0 120 1176 3080
0 120 1477 3008
0 120 2514 2516
0 120 1633 2767
0 120 3204 3222
0 120 494 996
0 120 1378 2248
0 120 600 3149
0 120 2816 2817
0 120 125 2856
15 15 755 2205
109 110 755 2205
67 69 220 649
0 120 2809 2814
0 120 641 642
0 120 61 67
0 120 228 244
0 120 1088 1102
0 120 730 1394
0 120 339 3229
0 120 423 2634
0 120 743 1858
0 120 933 935
0 120 1585 2847
0 120 821 2451
0 120 1674 2367
0 120 1182 1676
0 120 2804 2820
93 95 508 648
0 120 418 1923
66 68 1485 2616
0 120 1225 1228
0 120 1383 2568
0 120 794 2439
37 38 651 2390
0 120 23 835
0 120 589 1512
0 120 1881 2027
13 14 713 1053
106 108 713 1053
84 85 1485 1798
0 120 86 2123
0 120 3219 3220
0 120 879 1759
0 120 1811 2722
0 120 2688 2766
0 120 2382 3248
0 120 866 3217
0 120 1511 1972
0 120 2421 2422
84 84 714 2860
61 63 339 1485
0 120 165 2352
109 109 793 1692
0 120 832 2815
0 120 1947 2502
0 120 2208 2543
88 90 1485 1919
0 120 1280 2453
0 120 2472 2589
0 120 887 1475
65 68 713 2342
0 120 2762 2836
0 120 398 3004
0 120 1153 2385
0 120 183 2527
0 120 2554 3072
0 120 1120 1124
0 120 1498 1750
29 31 443 2639
30 32 718 2807
0 120 386 2068
0 120 833 838
0 120 609 1359
0 120 1772 1989
0 120 1939 2920
0 120 911 1926
49 51 718 1760
0 120 890 3035
0 120 379 2065
47 47 1026 1647
0 120 1160 2401
0 120 1767 3079
0 120 977 2694
0 120 1228 2276
0 120 473 1434
0 120 808 1424
0 120 1985 1989
0 120 1300 2115
0 120 500 1308
0 120 819 1290
0 120 425 905
0 120 1228 1229
0 120 478 502
0 120 1152 2402
0 120 1849 2330
0 120 2186 3147
0 120 1704 2915
0 120 1551 2407
0 120 133 733
0 120 1222 1414
0 120 1492 3224
14 16 1374 2451
0 120 2620 2621
0 120 1224 1231
0 120 186 744
0 120 2157 2567
87 89 713 1429
0 120 315 2551
41 41 793 900
0 120 2675 2678
0 120 240 2377
36 39 1742 2510
42 52 1742 2510
55 56 1742 2510
58 60 1742 2510
63 65 1742 2510
75 77 1742 2510
79 79 1742 2510
26 27 713 2597
119 120 713 2597
0 120 2084 2210
0 120 141 1617
0 120 1791 2631
0 120 3188 3199
68 70 1374 1525
0 120 2668 2675
0 120 2654 2740
0 120 417 2720
0 120 2017 2156
0 120 155 734
0 120 258 2138
2 5 640 2203
96 99 640 2203
0 120 277 2151
0 120 2436 2517
0 120 629 2081
0 120 1652 1654
0 120 1643 2359
0 120 65 2682
0 120 779 2254
0 120 3007 3016
0 120 275 277
0 120 591 1974
0 120 1377 2883
0 120 661 3201
0 120 504 1268
0 120 387 3083
0 120 1669 1715
0 120 781 1024
0 120 1481 1893
0 120 2441 2460
0 120 1687 1998
0 120 1761 1947
63 65 651 3129
0 120 1482 3057
0 120 329 863
0 120 1931 2129
0 120 26 825
6 8 1017 2203
100 101 1017 2203
0 120 237 3260
0 120 540 817
0 120 1422 1434
0 120 1365 2886
0 120 135 2983
0 120 1205 1207
0 120 1475 3017
0 120 3073 3087
56 56 525 1448
0 120 105 108
0 120 1646 2347
0 120 655 1972
0 120 779 2267
0 120 818 1441
0 120 1912 2237
29 30 694 1405
0 120 482 997
0 120 2918 2920
0 120 1512 2303
0 120 779 1220
0 120 636 646
0 120 1873 2016
39 44 732 1108
0 120 680 689
0 120 341 3209
0 120 998 1264
0 120 513 2269
0 120 1564 1675
0 120 2870 2879
0 120 743 745
0 120 1782 3066
0 120 462 466
0 120 1069 3130
0 120 2946 3103
0 120 2113 2119
0 120 1492 1506
5 7 1127 3071
99 101 1127 3071
90 92 755 984
0 120 395 412
0 0 823 859
93 94 823 859
0 120 116 2983
0 120 594 1524
0 120 728 1524
0 120 654 1346
0 120 1828 1842
0 120 792 2448
0 120 0 4
15 17 432 1647
110 110 432 1647
0 120 721 1521
0 120 492 2452
0 120 1164 3259
0 120 627 2088
0 120 59 2570
0 120 532 538
0 120 769 2208
0 120 1877 2148
0 120 2743 2757
0 120 451 2276
0 120 511 2815
8 13 392 649
103 106 392 649
0 120 2233 3180
0 120 2004 3128
0 120 261 1886
19 24 557 716
112 118 557 716
0 120 1589 2849
0 120 1964 1972
0 120 278 1072
4 6 713 1229
97 100 713 1229
0 120 398 1891
0 120 1478 3018
0 120 294 3231
0 120 445 1414
21 23 1742 2081
115 118 1742 2081
0 120 173 2712
0 120 1004 2869
0 120 585 3151
0 120 1531 2800
0 120 1732 2790
0 120 157 1132
0 120 381 382
0 120 1308 2462
0 120 1597 2336
0 120 272 1873
0 120 468 1290
0 120 566 1596
0 120 1806 1921
0 120 1376 2862
22 25 651 1640
117 118 651 1640
0 120 178 962
54 56 651 1411
0 120 298 1781
0 120 1296 2115
0 120 1725 1740
0 120 460 1291
82 83 694 963
65 67 1485 1987
0 120 79 1599
0 120 2634 2719
0 120 2570 2963
0 120 2556 3065
0 120 233 3234
0 120 1654 2210
0 120 650 1307
0 120 698 3041
0 120 1782 2624
0 120 849 2419
0 120 3239 3243
0 120 1630 2755
0 120 298 3070
0 120 535 539
0 120 471 783
0 120 1190 1702
0 120 1584 1592
0 120 3216 3232
0 120 1824 2742
0 120 1160 1530
0 120 967 1135
0 120 2076 2963
0 120 786 794
0 120 944 2171
88 89 443 1889
0 120 269 275
0 120 1769 1988
0 120 98 1854
0 120 1311 2113
0 120 1920 1928
0 120 2780 2786
0 120 2047 3164
65 66 1460 1647
0 120 259 267
81 84 1647 3230
0 120 1487 3214
0 120 1349 1523
0 120 277 2206
0 120 249 2144
0 120 2854 2856
0 120 567 2719
0 120 452 517
0 120 1097 1487
0 120 1754 2511
0 120 2062 2627
72 73 648 2378
0 120 2318 2324
0 120 879 1493
0 73 270 2203
75 86 270 2203
88 120 270 2203
0 120 1905 3057
0 120 675 3191
0 120 485 1310
0 120 856 2943
0 120 206 1400
0 120 3208 3209
0 120 725 1965
0 120 2158 2227
0 120 198 987
0 120 2333 2982
0 120 519 813
0 120 254 1333
0 120 861 1745
0 120 1747 2592
27 32 38 2203
21 24 793 1318
115 118 793 1318
0 120 2964 2970
0 120 77 1111
0 120 172 2691
0 120 1701 2890
11 11 648 2620
16 31 648 2620
0 120 1993 2015
0 120 503 990
0 120 515 2276
0 120 1325 1327
0 120 2949 3106
0 120 552 1111
0 120 2976 2980
0 120 868 1088
55 55 734 859
0 120 1233 2263
0 120 2418 2918
0 120 1071 1447
0 120 1003 2215
0 120 1815 2130
0 120 1197 1263
0 120 2723 2736
0 120 2964 3091
29 30 1448 2831
90 92 545 1108
0 120 1104 2792
0 120 1795 2646
0 120 255 2029
0 120 2034 2928
0 120 1248 2019
0 120 224 235
0 120 69 2576
0 120 1168 1730
0 120 693 3194
0 120 863 865
0 120 2002 3124
0 120 1346 1507
0 120 2046 3167
0 5 716 1340
25 25 716 1340
29 29 716 1340
31 34 716 1340
36 36 716 1340
38 55 716 1340
61 63 716 1340
68 70 716 1340
72 74 716 1340
79 85 716 1340
0 120 2712 2762
0 120 2261 2826
0 120 3097 3098
0 120 125 2858
0 120 2816 2819
0 120 1567 2903
0 120 147 2351
76 78 649 1286
21 23 248 713
114 117 248 713
0 120 487 995
0 120 2971 3107
0 120 1983 3232
0 120 2749 2765
0 120 276 1455
0 120 868 1101
0 120 61 69
0 120 2528 2537
7 9 694 1702
101 103 694 1702
0 120 527 542
0 120 871 1106
81 84 716 1461
0 120 1481 3021
0 120 2871 2876
0 120 1450 1456
0 120 334 349
0 120 28 831
0 120 1330 2034
0 120 943 1396
0 120 664 1981
0 120 2524 2539
0 120 1861 2195
0 120 1769 2606
0 120 167 2343
0 120 93 2128
0 120 2386 3248
0 120 925 938
0 120 1326 2036
0 120 2172 2996
0 120 942 3093
46 47 859 3095
0 120 243 611
0 120 191 192
0 120 1216 2807
110 110 1742 2365
0 120 1078 3139
4 6 648 1828
97 100 648 1828
0 120 949 2988
0 120 2122 2128
0 120 1287 2229
0 120 727 1340
6 15 400 716
100 110 400 716
0 120 1284 2160
0 120 2934 2945
0 120 1552 2914
0 120 1464 3030
0 120 805 2162
0 120 397 647
46 48 1742 2257
0 120 1055 1061
0 120 308 309
0 120 1769 2619
74 76 714 768
0 120 3207 3225
0 120 729 2288
0 120 1617 2750
33 35 125 1127
0 120 672 1525
0 120 150 2352
0 120 169 2365
0 120 3049 3053
0 120 279 547
0 120 1244 2919
0 120 1120 1126
0 120 929 1595
0 120 2472 2483
0 120 176 2526
0 120 23 32
0 120 2251 2255
0 120 2210 2217
0 120 520 2824
0 120 3114 3118
0 120 2534 2543
0 120 300 1774
0 120 35 42
0 120 532 848
0 120 1755 1758
0 120 1987 3084
0 120 655 659
0 120 698 1820
0 120 1921 2730
0 120 2248 2859
0 120 1539 2399
0 120 1238 1239
0 120 140 738
0 120 207 1731
0 120 2889 2892
0 120 673 3187
0 120 1810 2633
0 120 1027 2224
0 120 327 2550
0 120 1123 1932
42 50 590 1203
52 53 590 1203
55 55 590 1203
59 59 590 1203
64 64 590 1203
0 120 2479 2499
0 120 1059 2176
0 120 603 1667
78 79 2203 2335
0 120 950 957
0 120 413 3004
0 120 277 2140
0 120 1008 2884
0 120 2000 3144
0 120 2165 2982
41 42 649 736
0 120 1089 3223
0 120 1643 2348
0 120 65 2671
0 120 1598 3100
0 120 691 1901
0 120 355 1952
0 120 324 387
0 120 745 1612
0 120 807 1029
0 120 462 1031
0 120 1313 2069
0 120 3188 3201
0 120 1001 1016
0 120 1966 3159
0 120 741 1614
0 120 1482 3046
0 120 417 2722
0 120 2671 2682
0 120 1578 2754
0 120 2418 2502
48 52 859 1606
0 120 1843 2005
103 104 1019 1070
0 120 1662 1701
0 120 1366 2871
0 120 277 2153
0 120 1574 1588
0 120 851 2425
0 120 1 3
0 120 679 1904
0 120 2213 2218
0 120 792 798
0 120 1475 3006
0 120 124 2325
0 120 184 1144
53 55 1127 1542
0 120 361 1743
0 120 345 1506
0 120 305 387
0 120 482 986
0 120 2209 2220
0 120 807 1042
0 120 1056 2012
0 120 151 1640
0 120 507 521
0 120 591 1158
10 11 11 1108
104 105 11 1108
0 120 2098 2123
0 120 2416 2927
0 120 2781 2796
0 120 90 2569
0 120 329 865
0 120 632 637
0 120 2335 2975
0 120 425 573
52 55 714 2662
0 120 2312 2991
0 120 89 3098
0 120 1422 1436
73 73 694 2683
0 120 1893 3007
0 120 105 110
0 120 2345 2350
0 120 1786 2652
0 120 1681 3124
0 120 1825 1826
0 120 1421 1736
0 120 1044 2015
0 120 2067 2113
14 16 1647 2722
108 110 1647 2722
0 120 1817 3170
0 120 1232 2251
0 120 2918 2922
0 120 1784 2727
0 120 3217 3218
0 120 1200 1215
0 120 788 2439
0 120 1676 2901
0 120 1722 3246
0 120 411 1469
0 120 1075 1449
0 120 2055 3163
0 120 181 189
0 120 114 953
0 120 1970 2301
0 120 2412 2417
0 120 2128 2658
0 120 729 1980
6 8 589 1448
100 102 589 1448
0 120 1315 1323
0 120 2755 2756
0 120 2237 3059
0 120 496 2452
0 120 799 2224
0 120 1614 1619
0 120 1189 2904
23 24 1544 3132
117 118 1544 3132
62 64 1485 1505
0 120 1538 2792
0 120 1825 1839
0 120 1596 2733
0 120 1680 3141
0 120 4 1697
0 120 417 1112
0 120 539 809
27 27 527 718
0 120 515 1418
0 120 2753 2831
0 120 430 1805
0 120 1562 2368
0 120 1182 2901
79 80 793 1628
0 120 488 992
0 120 2470 2479
0 120 529 535
52 55 713 3096
78 79 859 1164
0 120 291 1875
103 105 594 1647
109 109 1647 1917
102 103 728 1647
0 120 1199 1269
0 120 1178 2378
0 120 906 1919
0 120 395 1474
0 120 64 1603
0 120 599 715
0 120 2825 2828
0 1 1610 1742
93 95 1610 1742
0 120 928 3105
0 120 2318 2997
0 120 1067 1463
63 67 694 723
0 120 2961 3103
0 120 955 2979
90 90 1127 2039
0 120 221 1708
0 120 1133 2756
27 28 307 1482
119 120 307 1482
78 80 112 718
0 120 585 3153
0 120 1003 2875
0 120 2020 2027
0 120 2880 2885
0 120 540 1424
0 120 1283 1468
0 120 1806 2741
0 120 383 1477
68 69 307 2879
0 120 1616 2846
0 120 362 371
3 5 21 307
97 99 21 307
120 120 971 1647
0 120 2 2014
0 120 1308 2464
0 120 1416 2263
42 44 649 2764
0 120 1110 1927
0 120 1062 2179
0 120 310 3069
0 120 654 664
0 120 2094 2097
0 120 664 1352
0 120 1144 2743
0 120 1586 1627
0 120 1558 1565
0 120 775 2351
0 120 909 1119
0 120 687 2238
0 120 2761 2762
0 120 1340 1342
0 120 2474 2503
0 120 1371 2870
0 120 832 1838
0 120 1420 2274
0 120 498 501
0 120 692 1306
68 70 1127 1234
0 120 822 2584
0 120 3179 3194
0 120 151 164
11 13 2203 2390
105 107 2203 2390
0 120 642 2882
0 120 790 794
0 120 1115 1116
51 53 1127 2402
0 120 2142 2151
0 120 2551 3073
0 120 452 506
0 120 531 836
0 120 2122 2667
0 120 613 1363
82 85 1203 2397
0 120 1795 2043
0 120 1499 3213
0 120 2784 2786
44 47 793 2233
0 120 487 500
0 120 2641 2737
0 120 1927 1933
0 120 1192 1713
0 120 212 1204
0 120 269 277
75 77 714 2354
0 120 962 2190
79 85 755 2880
0 120 282 2202
0 120 383 3008
0 120 1004 1369
9 10 694 2375
103 105 694 2375
59 62 859 2708
0 120 1139 2762
0 120 328 1500
0 120 1823 3165
0 120 305 321
6 9 716 3073
0 120 664 668
0 120 972 2770
0 120 1002 2878
0 120 966 969
0 120 780 1782
1 4 714 1199
95 98 714 1199
0 120 55 65
0 120 2100 2103
0 120 221 3252
77 78 909 1374
0 120 1299 1300
0 120 623 751
0 120 1863 1867
0 120 1825 2578
0 120 1966 2288
0 120 1532 1538
0 120 1098 3232
67 68 1203 2531
0 120 3252 3254
0 120 2438 2512
0 120 619 2214
0 120 1854 2986
0 120 574 2737
0 120 1033 1036
0 120 876 1089
0 120 2261 2586
0 120 2166 2992
0 120 1567 2892
86 88 1070 1857
0 120 235 238
0 120 985 1261
0 120 2447 2453
0 120 1026 1033
0 120 2746 2749
0 120 1275 1737
0 120 924 2971
0 120 1180 2897
0 120 487 984
0 120 473 820
0 120 706 3014
0 120 2660 2682
51 53 649 2214
74 76 716 1221
0 120 841 2155
0 120 1627 2835
0 120 405 3022
0 120 1484 3015
0 120 3041 3047
63 66 768 859
0 120 1790 2304
0 120 1611 2073
66 67 307 2221
0 120 1017 1563
0 120 1020 1568
0 120 1070 3146
0 120 2308 2644
40 42 651 1213
0 120 2287 2292
0 120 790 1291
0 120 1571 1627
0 120 213 987
0 120 65 69
0 120 1937 1950
0 120 1455 1681
0 120 2296 2297
18 19 262 1108
111 113 262 1108
0 120 1177 1673
73 73 93 1070
0 120 2971 3109
0 120 58 66
0 120 1180 2910
0 120 438 2273
0 120 601 1513
0 120 551 1921
0 120 35 836
0 120 1533 1722
0 120 833 2802
0 120 3152 3157
19 19 282 713
113 113 282 713
87 89 755 1162
0 120 570 1116
0 120 102 2997
0 120 2699 2771
0 120 1837 1840
0 120 120 1590
0 120 1276 1278
0 120 49 1121
0 120 1895 3013
0 120 625 2220
0 120 2347 2356
0 120 478 480
0 120 77 1368
0 120 1078 2202
0 120 629 2864
0 120 2962 3117
0 120 954 2166
0 120 1033 2459
78 81 694 2993
0 120 2428 2429
0 120 1349 3190
0 120 243 613
0 120 810 2158
75 77 836 1127
0 120 241 1183
0 120 253 254
59 61 793 1925
0 120 626 765
0 120 2085 2211
0 120 13 1999
0 120 352 1953
78 79 713 1178
0 120 1881 2152
0 120 881 3206
0 120 482 491
0 120 3214 3230
0 120 927 3093
0 120 526 534
0 120 1591 2844
0 1 397 649
3 4 397 649
6 6 397 649
14 16 397 649
20 20 397 649
24 27 397 649
29 32 397 649
34 34 397 649
36 58 397 649
63 66 397 649
68 77 397 649
80 82 397 649
84 90 397 649
92 94 397 649
0 120 825 830
0 120 987 1417
0 120 887 1479
0 120 653 2295
0 120 33 2587
0 120 1640 2211
0 120 334 1761
0 120 466 1422
0 120 197 214
37 38 716 2765
0 120 2125 2670
0 120 1848 1867
0 120 320 321
0 120 1636 2213
0 120 536 848
0 120 50 2123
0 120 2710 2771
0 120 380 1769
0 120 449 2128
0 120 65 2660
0 120 2553 2558
0 120 2071 2555
0 120 815 1431
0 120 204 1543
84 86 648 1025
8 8 713 1420
0 120 300 1776
0 120 1246 1654
0 120 1101 3222
0 120 268 2201
0 120 218 2380
0 120 658 666
0 120 2743 2840
0 120 1946 2496
51 54 1108 3117
0 120 1684 2001
0 120 2033 2155
0 120 1625 2855
79 81 1485 2286
0 120 277 2142
0 120 1032 1294
0 120 779 848
0 120 457 797
0 120 202 1739
0 120 3183 3196
0 120 1001 2883
0 120 345 1495
0 120 2666 2677
0 120 2146 2153
49 49 651 784
0 120 324 389
0 120 107 1852
0 120 88 1610
0 120 1167 1603
0 120 1194 1706
0 120 311 3079
0 120 1818 2058
0 120 68 1631
0 120 2719 2725
0 120 2158 2163
0 120 1609 3116
0 120 141 1621
0 120 547 848
90 92 1070 2838
0 120 2441 2451
0 120 870 1501
93 95 649 2027
0 120 1662 1703
0 120 277 2155
0 120 1123 1129
0 120 540 808
0 120 2420 2513
0 120 519 1688
0 120 73 2096
0 120 2397 2795
0 120 184 1146
0 120 1223 1481
0 120 874 1098
18 20 1080 1203
112 114 1080 1203
0 120 1821 2635
37 40 417 859
0 120 1750 1937
0 120 277 290
0 120 621 2086
0 120 485 1259
0 120 275 1449
11 14 651 2194
105 107 651 2194
0 120 2807 2814
0 120 270 287
0 120 3150 3153
0 120 679 3195
0 120 1665 2243
0 120 1174 1188
0 120 2614 2621
0 120 1797 2133
0 120 90 2571
0 120 1533 1535
0 120 1578 2769
0 120 2032 2939
0 120 1474 1894
22 22 859 3018
115 117 859 3018
0 120 1249 2944
0 120 807 2562
0 120 2925 2927
0 120 1460 3127
0 120 1828 1833
0 120 1661 2888
26 29 716 1397
119 120 716 1397
0 120 2706 2745
0 120 414 3018
0 120 187 1578
0 120 1804 2644
4 5 1742 2998
98 98 1742 2998
0 120 1248 2426
0 120 959 2323
0 120 720 1812
0 120 699 706
13 14 1485 1615
106 109 1485 1615
0 120 599 1522
0 120 1559 1564
0 120 1877 2139
0 120 80 139
38 40 859 2092
0 120 1160 3252
0 120 891 2044
0 120 349 1761
50 55 806 1448
0 120 1133 1577
0 120 288 290
0 120 174 188
0 120 2075 2999
0 120 3205 3223
0 120 877 1099
62 62 1374 1905
0 120 118 2996
70 72 1742 2072
0 120 173 2703
21 23 1647 2966
114 117 1647 2966
22 25 1203 2023
116 119 1203 2023
0 120 986 1271
0 120 587 1525
0 120 1440 1441
0 120 2123 2666
0 120 884 1223
0 120 2059 3176
0 120 564 1807
0 120 273 1069
0 120 2101 2126
0 120 193 2537
0 120 652 873
0 120 177 2529
0 120 1171 1172
52 54 443 2685
0 120 2325 3002
0 120 909 1926
0 120 1554 2896
10 12 718 2395
105 105 718 2395
0 120 1177 2909
0 120 373 374
0 120 1684 1693
0 120 2205 3122
0 120 2525 2538
0 120 699 1298
53 55 193 443
14 17 1448 2096
108 111 1448 2096
0 120 1270 1272
0 120 2801 2823
0 120 2020 2029
0 120 1130 2689
0 120 2360 2363
0 120 13 2175
0 120 3220 3221
0 120 273 1082
0 120 846 2930
50 52 1374 3086
0 120 2497 2597
0 120 1117 1932
0 120 1430 2163
0 120 3153 3167
0 120 1864 1866
0 120 767 772
0 120 89 1611
0 120 240 3241
0 120 1558 1567
57 59 651 2812
84 86 1544 1632
0 120 434 2060
0 120 2082 2210
0 120 1944 2505
12 14 533 1544
106 108 533 1544
10 11 1625 1742
104 105 1625 1742
0 120 3211 3229
0 120 126 2846
40 43 463 1485
0 120 1892 3025
0 120 911 2106
0 120 1871 2148
0 120 405 1480
71 71 713 1367
47 52 565 1203
0 120 1168 2405
0 120 817 1424
0 120 834 839
0 120 273 277
0 120 216 1729
0 120 2122 2669
66 68 649 2779
0 120 827 836
0 120 2401 3252
0 120 1066 1081
0 120 352 2492
14 17 694 1209
108 111 694 1209
8 11 1647 2295
103 104 1647 2295
0 120 2550 2557
48 50 793 3174
0 120 361 2497
0 120 1966 2277
0 120 130 2830
0 120 2480 2498
87 89 716 2136
0 120 187 2546
0 120 674 678
0 120 156 752
0 120 1238 2477
0 120 1212 1256
0 120 2492 2508
0 120 1315 1943
0 120 267 2017
0 120 1277 1422
0 120 180 2543
0 120 106 113
0 120 1473 2236
0 120 561 922
0 120 2636 2637
0 120 96 2320
65 67 65 755
0 120 82 924
0 120 1049 1679
0 120 2074 3099
0 120 221 3254
0 120 325 1096
0 120 461 462
3 6 540 755
98 100 540 755
0 120 1260 1310
0 120 255 2020
0 120 1828 2585
0 120 2034 2919
0 120 351 1499
0 120 2672 2681
0 120 992 1266
0 120 861 1749
0 120 1807 2647
0 120 1151 3245
0 120 132 1576
0 120 961 1135
0 120 685 3186
0 120 967 1852
0 120 2061 2648
0 120 705 2606
0 120 153 1635
0 120 242 2387
0 120 1069 1082
0 120 596 1158
0 120 1408 2268
0 12 398 648
14 15 398 648
23 23 398 648
25 27 398 648
37 37 398 648
40 43 398 648
45 45 398 648
48 59 398 648
61 61 398 648
63 65 398 648
68 68 398 648
81 90 398 648
0 120 318 396
0 120 1481 3012
62 64 1070 1980
46 49 859 2965
0 120 864 1094
0 120 1915 2715
0 120 924 3094
0 120 735 1852
0 120 785 1215
107 107 755 1043
0 120 1881 2020
0 120 606 2906
0 120 2579 2587
0 120 2221 2879
0 120 705 2619
0 120 2971 3111
0 120 2379 3236
32 34 27 718
0 120 1615 2840
0 120 1169 3248
0 120 1071 1693
0 120 1005 1568
0 120 895 1696
0 120 808 2222
0 120 166 769
0 120 2208 2536
0 120 1552 2905
0 120 686 2232
0 120 176 181
0 120 1769 2610
0 120 1682 3136
0 120 1379 3098
0 120 1757 2492
0 120 1652 2210
0 120 277 1889
0 120 1390 2964
0 120 2062 2310
0 120 770 775
0 120 1050 1058
83 87 651 1349
58 58 714 3095
0 120 1614 2857
0 120 2421 2428
0 120 645 1009
0 120 1677 3142
0 120 1548 3257
0 120 1510 1982
0 120 421 2055
0 120 1648 2212
0 120 25 1826
0 120 264 1317
0 120 3044 3050
0 120 269 2186
0 120 114 2312
18 20 716 2646
22 24 716 2646
0 120 578 3170
0 120 2467 2480
0 120 927 3095
0 120 526 536
0 120 653 2297
0 120 419 2130
0 120 525 836
0 120 282 1078
0 120 311 1779
0 120 478 495
0 120 1704 2908
0 120 701 2230
0 120 2036 2149
0 120 231 3247
0 120 1065 1460
0 120 3121 3125
0 120 275 1075
111 112 1070 1538
0 120 1137 2531
23 23 1374 2215
27 27 1374 2215
32 49 1374 2215
51 57 1374 2215
59 60 1374 2215
62 63 1374 2215
66 67 1374 2215
16 17 443 888
111 112 443 888
0 120 395 1894
0 120 918 1935
21 21 443 659
115 115 443 659
0 120 1031 2226
59 62 1127 2459
69 70 793 3108
0 120 2073 2337
0 120 1369 2221
0 120 2527 2544
0 120 777 2346
5 7 1448 2285
98 101 1448 2285
0 120 737 961
0 120 1745 2508
0 120 1748 1759
0 120 1254 2419
0 120 607 622
0 120 347 1486
0 120 202 2788
0 120 2478 2507
0 120 1015 1356
0 120 1208 1256
0 120 1605 3107
0 120 2434 2437
0 120 691 3181
0 120 363 2598
0 120 382 2611
20 22 1108 1254
114 115 1108 1254
0 120 684 3178
0 120 85 2324
0 120 1138 2365
0 120 1884 2155
0 120 2643 2732
0 120 2450 2566
0 120 258 2023
0 120 1648 1649
0 120 1068 1074
9 11 784 1544
102 106 784 1544
0 120 2095 2109
0 120 507 512
0 120 1367 1370
0 120 787 795
16 18 976 1485
110 112 976 1485
0 120 2311 3161
0 120 617 1552
0 120 1131 1773
0 120 992 1200
0 120 1697 2184
0 120 1394 3166
0 120 1208 1727
0 0 307 2265
93 95 307 2265
0 120 73 2098
0 120 1105 1491
0 120 1425 1432
0 120 45 50
0 120 136 1629
0 120 905 908
60 61 714 1606
0 120 1963 2047
0 120 1421 1727
0 120 110 2165
0 120 230 3250
48 50 755 1903
0 120 524 1216
0 120 746 2083
0 120 218 1698
0 120 1657 1711
0 120 277 292
0 120 1758 1763
0 120 891 1912
0 120 927 1606
120 120 755 856
0 120 1467 3011
39 42 648 2679
0 120 1907 3054
27 27 1203 2938
0 120 625 746
0 120 446 515
64 66 1203 2709
46 48 1127 1667
0 120 1130 1147
0 120 2630 2631
0 120 125 1628
0 120 1900 3051
0 120 90 2573
0 120 1829 2582
0 120 661 1342
0 120 2159 2228
0 120 1422 1440
0 120 2046 2058
0 120 1466 1483
0 120 1841 2821
0 120 2285 2303
0 120 1825 1830
0 120 244 1175
58 60 1448 1843
0 120 1852 2192
28 31 859 1973
0 120 430 1796
0 120 2706 2747
0 120 2338 2351
0 120 1550 2793
0 120 650 3031
13 15 292 1108
107 109 292 1108
0 120 858 1748
0 120 266 1873
54 56 648 2692
0 120 1329 1333
29 31 718 1216
0 120 1597 2316
61 62 1647 1679
0 120 296 1752
0 120 965 1093
0 120 1656 2896
0 120 1355 1507
0 120 300 2625
0 120 1399 1550
0 120 1609 2326
0 120 14 2002
0 120 210 1419
0 120 824 1053
0 120 854 2918
0 120 336 3221
0 120 174 190
0 120 795 1291
0 120 5 3121
0 120 1369 1563
0 120 149 2348
0 120 1035 2441
0 120 2389 2410
0 120 670 1525
0 120 24 2582
0 120 1368 2092
0 120 2987 3002
0 120 299 306
0 120 1125 2105
0 120 63 66
0 120 663 1522
34 35 694 835
28 30 755 2508
0 120 2050 2311
0 120 1656 2909
0 120 1596 2629
6 6 462 714
100 101 462 714
0 120 699 2118
0 120 2968 3110
0 120 373 376
0 120 232 1191
0 120 1771 2603
0 120 487 1417
0 120 26 39
0 120 990 991
8 11 1203 2267
102 104 1203 2267
0 120 2256 2271
0 120 778 2532
0 120 506 2827
0 120 148 150
0 120 1834 2807
0 120 1128 2093
0 120 1023 2565
0 120 94 1607
0 120 1506 3207
0 120 1050 2173
0 120 950 2989
0 120 914 1117
0 120 2469 2500
43 45 793 3042
0 120 409 2113
0 120 834 2814
0 120 144 152
0 120 364 384
0 120 2425 2430
0 120 1809 1932
0 120 1948 2505
0 120 2020 2152
0 120 1237 2938
0 120 682 1898
0 120 620 1020
39 40 878 1544
0 120 1296 1303
117 117 28 1374
0 120 1576 1586
0 120 573 908
0 2 1485 1993
6 6 1485 1993
10 10 1485 1993
12 12 1485 1993
14 14 1485 1993
19 19 1485 1993
24 24 1485 1993
91 91 1485 1993
94 94 1485 1993
0 120 101 1852
0 120 1037 1308
0 120 1919 1925
0 120 1525 2294
23 23 1203 2280
70 89 1203 2280
92 93 1203 2280
96 96 1203 2280
98 100 1203 2280
104 104 1203 2280
107 107 1203 2280
109 109 1203 2280
114 117 1203 2280
0 120 236 3245
0 120 611 2368
0 120 179 2711
80 80 1485 3161
0 120 25 29
0 120 2599 2623
0 120 3012 3021
0 120 1785 2635
0 120 324 325
0 120 735 1357
6 9 1203 1233
100 103 1203 1233
0 120 279 848
0 120 277 2199
0 120 1020 2243
0 120 1114 1124
22 24 935 1647
0 120 1133 1137
0 120 663 3174
67 69 648 2371
0 120 1356 2872
0 120 291 1087
60 61 733 1203
0 120 55 56
0 120 1510 2292
0 120 1906 3046
0 120 1054 2012
0 120 2487 2503
0 120 3067 3078
0 120 1967 1979
0 120 1513 2297
0 48 1647 2526
50 70 1647 2526
72 102 1647 2526
111 112 1647 2526
0 120 704 1899
0 120 1211 3164
0 120 812 1432
0 120 98 1860
0 120 1061 2173
0 120 1730 3234
0 120 1155 1542
0 120 1984 3087
34 39 714 1311
0 120 600 1963
0 120 440 513
4 6 2203 2865
98 100 2203 2865
0 120 2325 2333
0 120 1600 2572
0 120 2758 2858
0 120 2166 2983
0 120 1691 2461
0 120 130 967
0 120 2255 2274
0 120 317 2550
0 120 1832 2814
0 120 1173 1717
0 120 2957 2960
79 81 2203 2986
0 120 1974 3163
0 120 2321 2978
0 120 339 3211
62 64 755 911
0 120 1882 1884
73 74 1742 3042
0 120 1143 2713
0 120 931 2076
0 120 136 1576
0 120 2672 2683
0 120 91 2328
0 120 1350 3191
0 120 780 3075
90 93 716 1333
0 120 855 2431
0 120 727 3185
0 120 1400 1736
0 120 2415 2468
0 120 2948 2968
0 120 1377 2247
0 120 878 1102
0 120 32 822
0 120 1797 2311
0 120 2528 2530
0 120 3240 3261
0 120 389 1096
0 120 743 1853
0 120 1481 3014
81 83 713 1156
0 120 54 59
0 120 663 1335
0 120 28 824
0 120 1552 2894
0 120 1626 2843
63 65 1070 3150
0 120 641 758
0 120 431 3163
0 120 1561 1667
50 51 649 2339
0 120 93 2121
0 120 55 1600
0 120 1622 2845
20 21 1448 2958
113 115 1448 2958
0 120 326 868
0 120 128 129
0 120 637 2221
0 120 520 1407
0 120 475 2159
53 56 1352 2203
0 120 445 1233
33 36 859 2041
0 120 466 1292
0 120 1185 2211
0 120 629 761
0 120 1086 1680
0 120 2354 2363
0 120 425 1934
0 120 1280 2448
0 120 669 2294
0 120 593 1518
14 15 1070 1177
107 109 1070 1177
0 120 1837 1844
0 120 460 2157
20 22 1203 2201
113 116 1203 2201
66 66 626 648
0 120 1171 2397
76 76 52 1544
0 120 750 2340
0 120 1402 2266
0 120 29 1826
0 120 304 1765
0 120 13 1064
0 120 471 481
0 120 2239 3177
0 8 1544 2386
10 39 1544 2386
41 44 1544 2386
46 50 1544 2386
52 120 1544 2386
120 120 453 1070
0 120 339 1493
0 120 1077 1459
0 120 2534 2536
22 24 859 1465
116 119 859 1465
85 88 1647 1989
0 120 578 3172
116 117 1108 1940
0 120 2265 2267
0 120 2977 2998
0 120 2077 2970
0 120 888 890
0 120 337 3231
0 120 163 1654
0 120 466 1426
0 120 1918 1930
0 120 2778 2788
0 120 1243 2515
58 59 859 1586
0 120 3102 3114
0 120 304 1778
0 120 1150 2701
62 64 713 2700
0 120 245 2366
0 120 620 2243
0 120 2043 2046
0 120 2077 3091
0 120 2490 2506
0 120 363 372
62 64 1127 1293
0 120 662 668
0 120 65 2664
0 120 1950 2498
73 74 648 3244
0 120 78 913
0 120 24 1845
0 120 892 3052
0 120 97 108
0 120 1387 3031
0 120 831 2584
0 120 1574 2857
0 120 414 1478
0 120 1300 1305
0 120 942 1597
33 33 302 2203
0 120 2478 2509
0 120 368 1776
0 120 277 2146
0 120 695 1905
0 120 1605 3109
0 120 1309 2064
8 9 1742 2855
102 103 1742 2855
0 120 544 1443
0 120 1063 2008
0 120 2663 2676
0 120 2441 2563
0 120 1216 2250
0 120 1171 2773
63 63 675 1374
0 120 983 1261
54 57 890 1070
0 120 1005 1020
0 120 408 3016
72 72 714 2534
0 120 996 1200
0 120 2209 2213
0 120 1512 2285
0 120 3236 3248
0 120 258 2025
4 5 994 1127
98 99 994 1127
0 120 1248 1946
0 120 2765 2845
0 120 289 291
0 120 2441 2455
92 94 443 2421
69 72 766 859
0 120 1461 2175
0 120 740 1624
72 73 1127 2824
60 61 1108 2545
0 120 20 517
22 25 1742 2868
117 119 1742 2868
0 120 64 65
70 70 1223 1485
0 120 1646 2342
0 120 2630 2741
0 120 818 1436
0 120 1936 2589
0 120 1998 2006
0 120 1657 1713
16 16 755 1087
110 111 755 1087
0 120 1777 1778
2 3 1742 2989
96 97 1742 2989
0 120 285 1875
0 120 1458 1998
0 120 1079 3133
0 120 1010 2545
0 16 714 1500
42 113 714 1500
119 120 714 1500
0 120 399 405
0 120 146 750
0 120 15 1462
0 120 660 3186
0 120 923 1610
0 120 840 1841
0 120 2481 2510
0 120 52 68
52 55 859 1854
0 120 86 1113
0 120 1084 2201
63 65 716 1280
0 120 941 1398
86 88 713 982
67 67 716 2448
0 120 671 3200
0 120 1872 2136
0 120 1065 3127
0 120 561 1113
0 120 2178 2179
0 120 624 2859
44 45 651 1272
0 120 1692 2205
0 120 2067 2119
0 120 1852 2194
0 120 515 1411
0 120 4 1461
0 120 747 751
0 120 2123 2657
0 120 855 2499
0 120 667 3202
0 120 230 232
0 120 2709 2754
0 120 515 2808
0 120 1809 2726
0 120 921 1806
0 120 2402 3240
0 120 1373 1378
0 120 1967 2302
0 120 1177 2900
0 120 2395 3237
78 78 1108 2800
0 120 1395 2076
0 120 139 952
0 120 433 1170
7 7 713 1224
0 120 2096 2123
0 120 936 2959
0 120 2008 2010
0 120 587 590
105 105 215 718
0 120 2133 2715
0 120 947 2330
0 120 1344 3198
0 120 234 2394
0 120 795 2461
0 120 923 926
0 120 472 2222
0 120 2750 2768
0 120 1396 2570
0 120 174 2528
0 120 700 1820
0 120 858 945
0 120 906 1925
8 8 443 703
102 102 443 703
20 22 283 714
114 117 283 714
0 120 964 1866
0 120 2230 3183
71 72 1485 3029
0 120 654 657
0 120 1442 2164
0 120 1223 3029
0 120 1727 2791
0 120 698 700
0 120 1871 2018
0 120 2024 2031
101 106 413 716
0 120 798 1281
0 120 163 770
0 120 886 899
0 120 3227 3228
0 120 1157 1399
0 120 1525 2283
0 120 179 2700
49 50 716 1656
0 120 1325 2932
0 120 1529 3193
0 120 1293 2162
0 120 1619 2857
0 120 514 1414
0 120 2145 2149
0 120 1883 2149
0 120 2765 2766
0 120 353 1954
0 120 1110 1933
0 120 1041 1308
0 120 1316 2038
0 120 192 2531
0 120 1054 2001
0 120 617 1017
0 120 1231 1405
0 120 625 1366
0 120 2378 3259
0 120 38 1835
0 120 76 2090
0 120 1933 2091
0 120 199 211
0 120 173 976
0 120 1188 1708
0 120 1919 1927
0 120 231 2378
0 120 1607 2335
0 120 2636 2736
0 120 1122 1125
0 120 566 907
0 120 321 322
47 47 694 1321
0 120 697 3053
0 120 2772 2782
19 20 537 1374
113 114 537 1374
0 120 616 1667
0 120 277 2201
0 120 1505 3226
0 120 180 2534
0 120 1114 1126
0 120 2081 2864
0 120 2215 2864
0 120 200 1200
0 120 744 1852
23 23 415 859
25 25 415 859
0 120 1693 2001
0 120 1228 1413
0 120 1835 2579
0 120 526 848
0 120 1056 1831
0 120 1768 1771
0 120 2313 2325
0 120 685 3056
0 120 21 1844
0 120 1005 2243
0 120 805 1431
0 120 1536 1650
0 120 1350 3180
0 120 2281 2292
0 120 976 2710
0 120 1161 1709
37 40 793 1313
0 120 1343 3177
0 120 130 740
0 120 228 3261
0 120 106 117
68 73 443 1200
0 120 1265 1308
0 120 1356 2887
69 71 1108 1553
0 120 134 1613
41 43 461 1742
0 120 1309 1314
0 120 2520 2924
0 120 209 215
0 120 2468 2505
0 120 739 969
0 120 417 918
0 120 1408 2259
84 87 747 793
0 120 98 118
0 120 318 387
0 120 1338 3183
0 120 1379 2955
0 1 1127 1953
93 95 1127 1953
0 120 224 230
0 120 2111 2123
53 55 657 755
0 120 30 2579
20 22 1544 2012
114 116 1544 2012
0 120 2693 2744
0 120 93 2110
0 120 1251 2433
66 72 363 1742
0 120 875 1099
0 120 1575 2759
0 120 147 2346
0 120 1781 2598
0 120 2042 2639
0 120 1161 2890
0 120 313 1103
0 120 445 1222
0 120 1572 2195
0 120 722 1796
56 59 834 1448
0 120 127 1586
0 120 1481 3016
0 120 2521 2529
0 120 1886 2018
0 120 843 2436
0 120 2130 2644
0 120 633 640
0 120 2092 2123
0 120 1395 2949
0 120 1861 2190
0 120 1704 1718
0 120 1769 2601
57 59 714 2965
55 57 793 1797
0 120 626 637
0 120 707 1528
30 32 1108 2626
88 88 793 1568
0 120 988 989
0 120 1621 2851
0 120 1886 2139
0 120 475 2161
0 120 583 3155
0 120 1236 2259
54 55 1108 2976
0 120 832 2812
0 120 629 763
0 120 1028 2458
0 120 467 2162
0 120 285 2185
0 120 2143 2145
14 16 990 2203
108 110 990 2203
80 80 713 1171
0 120 463 471
0 120 513 2803
84 86 713 1400
0 120 2694 2699
0 120 1689 3143
0 120 1257 1271
0 120 33 2580
0 120 2108 2309
0 120 1215 1274
0 120 1055 1056
33 36 716 1590
0 120 2481 2591
61 62 714 2978
0 120 1357 1852
0 120 1058 1061
0 120 1704 2899
0 120 2557 3074
90 92 526 648
0 120 906 2101
0 120 636 2240
79 80 932 1070
0 120 1811 2732
0 120 412 1300
0 120 386 2065
0 120 238 1184
53 55 387 718
0 120 1428 2442
0 120 593 594
0 120 13 19
0 120 297 1764
15 17 651 2750
109 110 651 2750
0 120 451 1413
0 120 435 910
0 120 173 1139
0 120 869 879
0 120 1000 1362
0 120 726 2291
0 120 1115 2103
0 120 901 3046
0 120 311 1783
51 53 801 1647
0 120 136 2196
0 120 246 607
27 33 517 1070
0 120 598 1961
0 120 541 1427
0 120 1344 1522
0 120 2 3135
3 5 544 1203
97 99 544 1203
0 120 65 2666
8 9 20 1203
101 103 20 1203
0 120 2549 3088
67 69 713 1655
1 3 1203 1290
95 97 1203 1290
0 120 1996 3141
0 120 248 1326
0 120 1471 2236
0 120 3236 3237
0 120 768 2530
90 93 1203 2458
27 30 716 2074
120 120 716 2074
0 120 2311 3152
0 120 1638 2349
0 120 456 457
0 120 323 1096
0 120 488 1429
0 120 1880 1882
0 120 2888 2904
0 120 1821 2736
34 35 359 1544
57 60 718 2120
0 120 1482 3041
0 120 2091 2102
0 120 568 1129
0 120 174 973
0 120 263 264
0 120 277 2148
0 120 2307 2629
0 120 142 2189
0 120 851 2420
57 57 598 2203
12 12 1203 2579
105 106 1203 2579
0 120 2452 2458
0 120 1822 2062
0 120 1636 1643
0 120 2441 2565
0 120 579 914
0 120 775 2546
0 120 3006 3017
0 120 1791 1931
0 120 277 283
0 120 1798 2644
38 39 755 3062
0 120 504 1265
0 120 2659 2680
37 37 859 904
0 120 513 2253
0 120 683 1910
0 120 2441 2457
0 120 1816 2634
0 120 1180 1669
0 120 701 1900
0 120 1472 3009
0 120 136 1633
0 120 1786 2647
0 120 201 2782
0 120 1756 1950
0 120 560 914
0 120 44 2569
0 120 1155 2780
15 18 26 714
109 111 26 714
0 120 1469 1893
0 120 3198 3200
0 120 1178 1192
0 120 753 2211
0 120 1152 1728
0 120 1004 1564
0 120 608 1564
0 120 680 686
0 120 555 920
63 64 560 2203
0 120 1835 1842
0 120 11 1695
0 120 754 756
81 81 649 1228
0 120 1602 2314
0 120 1213 1270
0 120 1582 2830
0 120 173 2696
0 120 152 1590
0 120 864 2550
64 64 649 2396
0 120 126 140
0 120 2123 2659
25 26 755 1331
119 120 755 1331
0 120 1176 2556
26 27 543 694
120 120 543 694
0 120 37 822
0 120 770 1639
0 120 233 1700
22 23 1544 3248
25 83 1544 3248
87 87 1544 3248
110 120 1544 3248
30 39 852 2203
0 120 251 522
0 120 994 2552
0 120 1381 2961
0 120 1656 2900
11 13 648 1878
105 106 648 1878
0 120 2743 2754
0 120 23 1826
0 120 744 1357
102 103 718 2388
35 45 1203 1908
0 120 664 1334
0 120 599 710
14 15 1010 1742
108 109 1010 1742
0 120 225 240
0 120 2470 2595
0 120 1549 1727
0 120 97 957
75 77 515 716
0 120 1308 2567
0 120 764 2211
0 120 3054 3060
0 120 3038 3052
0 120 930 931
0 120 350 356
0 120 921 1111
7 8 508 713
100 102 508 713
0 120 778 2523
0 120 1767 2071
0 120 2820 2829
0 120 2861 2867
0 120 817 2222
0 120 1732 2787
0 120 1159 3154
19 21 718 1691
113 115 718 1691
0 120 174 2530
0 120 1308 2459
0 120 661 662
0 120 301 356
0 120 514 1403
0 120 1775 2605
21 23 163 651
115 116 163 651
0 120 906 1927
0 120 505 1583
78 80 1515 1742
0 120 381 1776
114 114 651 1637
0 120 1508 1968
0 120 775 2346
0 120 228 1719
0 120 892 1470
0 120 652 3215
0 120 2006 3147
0 120 78 2125
0 120 768 2343
0 120 1262 1417
7 7 1203 2271
100 101 1203 2271
0 120 692 1301
0 120 1289 1291
0 120 659 1353
0 120 129 141
0 120 430 2055
0 120 1782 2621
0 120 1892 3018
0 120 1283 1476
0 120 1059 1997
45 46 307 3116
0 120 1236 1401
0 120 675 3054
87 89 649 1833
0 120 494 498
0 120 108 957
0 120 913 1125
0 120 2661 2674
0 120 1806 1931
0 120 2986 2996
0 120 2122 2662
4 6 694 2249
98 100 694 2249
0 120 1153 2800
0 120 1466 3031
0 120 1583 1630
0 120 502 1261
0 120 1818 3153
0 120 1014 2870
17 17 694 1202
0 120 654 2298
0 120 582 732
81 83 859 1535
0 120 1674 2916
0 120 829 2824
78 83 443 839
0 120 308 2600
0 120 2949 2969
0 120 602 603
0 120 822 835
0 120 858 2478
0 120 445 848
0 120 2791 2797
0 120 1502 1762
0 120 1235 1418
0 120 180 2536
0 120 1517 2299
0 120 777 2526
0 120 1548 2403
0 120 1324 2924
26 29 1004 1485
120 120 1004 1485
0 120 603 2898
0 120 515 2260
48 50 694 2491
0 120 1356 2876
24 25 833 1374
118 119 833 1374
74 76 649 799
57 58 1374 1469
13 15 648 1328
106 109 648 1328
44 47 260 694
68 70 755 3117
0 120 860 2416
93 93 1108 2252
0 120 268 289
0 120 2747 2848
0 120 211 1741
22 24 522 1374
116 118 522 1374
0 120 372 2598
0 120 1237 1319
0 120 805 1433
0 120 421 2719
86 87 906 1485
0 120 2069 2115
0 120 156 758
0 120 711 3195
0 120 1313 1314
0 120 1600 2576
0 120 898 3058
0 120 1755 1955
0 120 1400 1727
0 120 87 2321
0 120 1675 1703
0 120 985 1256
68 70 694 2733
0 120 878 1093
0 120 2328 2985
0 120 1588 2192
0 120 313 1092
19 20 1108 1326
113 114 1108 1326
0 120 2974 3096
0 120 2437 2928
75 78 718 2080
15 17 1485 2710
109 111 1485 2710
54 54 1332 1485
56 57 1332 1485
0 120 1140 2712
0 120 164 1642
61 62 231 649
0 120 224 232
0 120 418 2727
0 120 7 1695
72 75 643 859
0 120 259 2145
0 120 3 4
70 71 713 2086
0 120 2258 2818
0 120 866 867
0 120 2514 2515
34 34 716 1337
39 92 716 1337
94 95 716 1337
105 111 716 1337
117 120 716 1337
0 120 1085 3126
0 0 755 1036
93 94 755 1036
0 120 125 2855
0 120 1429 2441
0 120 1716 1717
0 120 2042 2641
0 120 578 585
24 26 1070 1276
0 120 1180 2905
0 120 903 2102
0 120 187 2686
0 120 789 1034
0 120 393 3020
0 120 1694 3126
68 70 713 2207
0 120 2382 3234
0 120 577 1114
0 120 1922 2724
0 120 404 405
0 120 2011 2015
0 120 1812 2300
0 120 962 1864
0 120 1626 2847
0 120 330 870
0 120 1407 2251
0 120 2018 2139
0 120 142 1573
0 120 1670 2890
0 120 156 1242
0 120 49 1116
0 0 443 2504
93 95 443 2504
63 64 1647 3135
0 120 1215 1263
0 120 1750 2590
0 120 3207 3209
0 120 1815 2719
24 24 301 1108
117 119 301 1108
0 120 1758 1956
0 120 213 995
0 120 326 872
25 27 99 1647
0 120 458 2223
0 120 2409 2411
0 120 365 1766
0 120 601 1979
0 120 558 1114
0 120 1640 2085
0 120 1677 3135
0 120 1942 2423
29 31 1374 3134
0 120 3151 3169
0 120 747 2218
0 120 513 2805
0 120 1101 3204
0 120 1280 2452
0 120 108 2985
0 120 1240 1333
0 120 1407 2264
0 120 460 2161
0 120 2416 2427
0 120 828 830
0 120 2632 2725
0 120 197 209
0 120 2392 3238
0 120 257 260
48 50 1895 2203
0 120 881 1107
0 120 2125 2665
0 120 750 2344
0 120 1822 2627
0 120 29 1830
0 120 1304 1469
0 120 975 2691
0 120 789 1289
0 120 171 193
0 120 603 604
0 120 1545 3258
0 120 602 645
0 120 2254 2257
0 120 1579 2842
0 120 299 378
0 120 130 1589
65 68 648 1020
0 120 379 2064
0 120 1043 1061
0 120 843 2922
0 120 198 1723
7 10 755 2809
102 104 755 2809
0 120 1390 3091
0 120 289 1087
0 120 173 1141
0 120 481 1028
0 120 682 1018
0 120 1162 2409
0 120 1094 3214
0 120 1187 1190
0 120 1849 2329
0 120 2327 2331
0 120 2186 3146
0 120 730 3166
0 120 603 1664
0 120 3099 3113
0 120 1955 2496
0 120 277 2137
0 120 3102 3118
0 120 975 2704
0 120 1534 2402
0 120 1281 2222
0 120 1329 2936
0 120 252 1326
0 120 114 1850
0 120 1743 1758
0 120 621 2886
0 120 712 1018
0 120 483 1195
0 120 469 1031
0 120 88 1605
9 11 755 836
103 105 755 836
0 120 1175 1193
0 120 2656 2664
0 120 208 209
0 120 1047 2176
82 84 1742 2738
0 120 1148 2753
0 120 377 2610
0 120 831 2817
0 120 1791 2630
44 47 1261 1647
0 120 77 2089
0 120 2441 2446
0 120 770 2541
0 120 1880 1884
43 44 648 1383
0 120 1508 2278
6 8 651 3115
101 101 651 3115
0 7 307 3076
11 11 307 3076
22 22 307 3076
40 79 307 3076
81 105 307 3076
116 118 307 3076
0 120 532 1437
0 120 1141 2713
73 74 1127 2586
0 120 896 1899
0 120 1309 2068
0 3 713 731
73 76 603 859
0 120 1060 2007
0 120 136 1622
6 8 1127 1768
100 102 1127 1768
0 120 1201 1717
0 120 2763 2847
0 120 196 212
0 120 299 3077
0 120 605 2366
0 120 2515 2516
0 120 2552 3078
0 120 520 2258
0 120 205 1200
0 120 318 323
0 120 277 285
0 120 2056 3170
70 74 443 1257
0 120 1303 2115
4 6 326 443
98 100 326 443
0 120 2440 2463
0 120 330 1501
0 120 3124 3132
0 120 1653 2349
0 120 806 1430
0 120 567 919
0 120 1253 2415
0 120 489 1265
0 120 448 1227
7 8 125 1742
101 102 125 1742
0 120 1680 3125
0 120 818 1440
0 120 1539 1725
0 120 785 1263
13 14 1203 2005
107 108 1203 2005
0 120 2294 2301
0 120 989 1258
0 120 1593 2190
0 120 111 2975
0 120 949 1859
0 120 608 1566
0 120 959 2318
0 120 2681 2683
0 120 1449 2182
0 120 2832 2852
0 120 264 1941
0 120 64 1587
0 120 726 1972
0 120 903 1110
0 120 1851 1852
41 43 443 1391
101 102 651 2323
0 120 2075 2994
63 65 714 1854
0 120 1213 1272
0 120 41 822
91 93 681 1448
0 120 1598 1608
0 120 1777 3071
0 120 1617 1621
77 79 1742 2296
0 120 1171 3261
81 84 490 648
0 120 1962 2299
0 120 66 2572
48 49 651 1276
0 120 2435 2519
0 120 0 3
0 120 1206 1269
12 13 1142 1742
106 107 1142 1742
0 120 2062 3176
0 120 515 2812
0 120 1702 2375
0 120 2813 2815
0 120 872 1100
0 120 1927 2722
0 120 1092 1103
0 120 403 1295
0 120 1129 1924
0 120 599 712
0 120 683 1349
0 120 1120 2104
0 120 951 2332
0 120 452 1416
0 120 218 3235
0 120 1405 2273
0 120 104 2167
54 55 307 2755
0 120 708 884
0 120 1229 2276
0 120 451 1228
0 120 2570 2949
0 120 1792 2655
0 120 1207 1736
0 120 990 1213
0 120 1420 2258
0 120 678 1355
0 120 585 3150
0 120 91 1595
0 120 583 2286
0 120 273 1077
0 120 2810 2823
0 120 1308 2461
0 120 2082 2084
6 6 1108 2107
16 17 1108 2107
26 38 1108 2107
41 66 1108 2107
68 69 1108 2107
75 75 1108 2107
79 79 1108 2107
88 88 1108 2107
99 101 1108 2107
106 106 1108 2107
108 112 1108 2107
0 120 2252 2266
0 120 2126 2127
0 120 467 1293
0 120 1537 1732
0 120 468 471
0 120 1328 1329
0 120 571 1121
0 120 836 2587
0 120 1316 2029
0 120 2525 2546
0 120 1857 1858
16 18 496 718
109 111 496 718
0 1 716 2936
92 94 716 2936
0 120 841 1884
0 120 3148 3168
0 120 655 711
0 120 180 189
0 120 2367 2374
69 70 648 2243
0 120 680 2232
0 120 432 2130
0 120 129 143
0 120 798 2453
0 120 1708 2903
0 120 2993 3001
0 120 2759 2834
0 120 1503 1747
0 120 2431 2480
0 120 1512 1981
0 120 553 555
1 2 718 2874
0 120 1148 2687
0 120 1356 2865
0 120 1776 1990
0 120 17 2009
0 120 294 331
0 120 3234 3248
0 120 1700 2382
0 120 812 1425
44 47 639 716
0 120 1322 1941
0 120 1098 3216
0 120 822 837
0 120 617 1371
0 120 137 505
0 120 885 893
0 120 1659 1711
0 120 983 1199
0 120 413 1312
0 120 394 3019
0 120 623 627
0 120 1839 2581
0 120 1020 2249
0 120 2835 2842
0 120 2169 2981
0 120 1754 2510
0 120 2318 2323
0 120 2058 3150
0 120 454 791
0 120 2754 2853
0 120 1391 3101
0 120 595 915
60 62 1070 1962
0 120 247 1666
0 120 101 114
0 120 2909 2912
9 10 718 3237
44 46 859 2947
48 48 716 2373
89 91 649 3137
0 120 237 2375
0 120 424 1972
0 120 780 3068
0 120 785 1197
0 120 1874 1878
0 120 1747 2591
0 120 2605 2622
0 120 2651 2738
0 120 1567 2889
0 120 199 2793
32 33 507 694
0 120 1556 2242
0 120 109 1853
0 120 2727 2733
0 120 1256 1721
0 120 984 1262
0 120 1796 3163
0 120 705 2601
0 120 1822 2132
0 120 903 2091
0 120 1180 2894
0 120 438 2257
0 120 987 1267
0 120 1730 2772
0 120 1057 2006
9 10 443 2601
103 105 443 2601
0 120 1069 1077
0 120 625 2083
0 120 508 515
0 120 1067 2199
0 120 1132 1133
0 120 318 391
0 120 1481 3007
90 92 767 2203
80 82 109 2203
0 120 2222 2224
0 120 2967 3095
0 120 2053 3169
0 120 565 2742
0 120 1067 3138
56 58 716 2386
0 120 564 568
0 120 2804 2808
0 120 863 864
38 42 1647 2895
0 120 855 2437
0 120 5 15
0 120 65 66
0 120 1202 1727
0 120 1085 3128
0 120 276 286
89 91 713 1041
0 120 928 929
16 19 1138 1742
110 113 1138 1742
77 77 1203 2891
0 120 1156 2779
0 120 86 2111
24 25 354 1108
0 120 486 998
0 120 2519 2945
0 120 189 2697
0 120 404 407
0 120 1881 2136
0 120 145 1644
0 120 1547 2785
0 120 647 3023
0 120 124 2982
0 120 1776 2608
0 120 1280 2441
2 2 243 718
95 96 243 718
37 55 1485 1678
0 120 397 404
0 120 2523 2542
0 120 1026 2561
0 120 925 937
0 120 493 1280
0 120 80 1599
35 35 716 2749
0 120 330 3208
0 120 970 1582
0 120 1599 2315
43 45 649 2695
0 120 146 2340
0 120 681 698
0 120 404 649
0 120 1341 3188
0 120 214 1720
0 120 902 2094
0 120 2423 2432
0 120 105 2982
0 120 348 2474
12 13 245 1070
0 120 825 827
84 87 603 714
0 120 264 265
0 120 295 369
14 21 716 1823
107 117 716 1823
119 119 716 1823
0 120 828 832
0 120 1251 2921
0 120 1855 1867
0 120 36 1835
0 120 1643 2213
0 120 282 1073
0 120 226 1178
0 120 1312 2113
0 120 257 262
0 120 57 2123
51 51 554 714
0 120 540 550
0 120 202 1723
0 120 2127 2676
0 120 3111 3112
0 120 2003 3135
23 25 649 722
117 117 649 722
0 120 1736 2791
0 120 449 2125
0 120 65 2657
0 120 1457 3147
0 120 44 90
0 120 214 1733
0 120 2316 2319
62 63 649 1661
0 120 1818 2042
0 120 173 1143
0 120 1162 2411
0 120 1449 1687
0 120 681 3047
0 120 2066 2558
0 120 2047 2279
0 120 1240 2516
0 120 27 42
0 120 3099 3115
75 77 565 1374
0 120 1884 2029
0 120 277 2139
0 120 5 1680
0 120 1281 2224
33 35 443 1125
0 120 2000 3143
0 120 114 1852
0 120 620 2249
0 120 319 1089
0 120 721 2301
0 120 2323 2335
0 120 1381 2576
0 120 189 979
0 120 1634 2527
0 120 1587 2681
0 120 1728 2391
0 120 2316 2332
0 120 1146 2709
0 120 359 2595
0 120 161 2085
0 120 1907 3036
0 120 314 1095
0 120 295 3068
0 120 2958 2967
0 120 831 2819
0 120 1006 1359
0 120 741 1613
0 120 1317 2941
120 120 2203 2805
0 120 2571 2972
0 120 799 800
0 120 203 217
0 120 2436 2518
0 120 540 805
0 120 753 2081
0 120 606 607
0 120 1872 1887
0 120 934 1604
0 120 265 2034
0 120 1020 1378
0 120 555 561
0 120 2633 2739
0 120 38 42
0 120 129 1621
0 120 898 900
0 120 318 325
0 120 535 848
0 120 2756 2846
0 120 277 287
0 120 846 2430
0 120 1303 2117
0 120 503 1273
0 120 119 2330
0 120 2466 2518
0 120 912 1966
0 120 1564 1663
0 120 1710 1717
0 120 2570 2575
0 120 1816 2638
0 120 1546 2777
0 120 1678 2179
68 70 1115 1544
0 120 115 117
0 120 672 1203
77 79 648 2795
0 120 739 2196
3 6 806 1203
97 99 806 1203
0 120 2093 2128
0 120 489 1267
0 120 733 1856
0 120 2285 2298
0 120 418 569
0 120 736 1632
0 120 228 2394
0 120 3249 3250
35 37 651 3251
0 120 1079 2200
0 120 126 131
0 120 1538 1731
0 120 1467 3019
0 120 1453 3121
75 77 307 2394
54 57 1203 2946
0 120 1977 2303
0 120 2699 2702
0 120 383 403
0 120 54 1167
0 120 761 763
26 33 1647 2842
0 120 1562 2246
0 120 994 1496
0 120 2434 2929
0 120 792 1281
0 120 2175 2180
0 120 7 8
0 120 1189 2903
0 120 798 803
0 120 72 2123
0 120 2697 2750
0 120 457 473
0 120 880 2562
0 120 116 2166
0 120 2233 3060
0 120 1574 2192
0 120 2438 2940
0 120 958 2337
0 120 1722 3258
0 120 572 581
0 120 401 699
0 120 298 1769
0 120 3042 3054
89 89 714 2916
0 120 1223 3022
0 120 1383 2974
64 65 1374 3191
0 120 937 938
110 110 713 1459
0 120 2134 2650
0 120 668 1982
0 120 872 3209
0 120 2570 2951
0 120 350 360
0 120 429 2639
0 120 778 2527
0 120 1244 2034
0 120 1003 2874
0 120 2880 2884
0 120 1030 1287
0 120 94 1602
0 120 2313 3002
0 120 157 1133
0 120 950 2984
0 120 437 1416
0 120 301 360
0 120 939 2337
0 120 1565 1567
74 74 1608 2203
0 120 1549 2791
0 120 664 1351
0 120 1727 2797
0 120 183 2704
0 120 909 1118
0 120 2137 2143
0 120 284 1066
78 79 941 1070
43 44 493 651
0 120 121 2994
0 120 1494 3205
0 120 1783 3079
0 120 3211 3226
0 120 2416 2497
0 120 2149 2153
0 120 1132 1577
0 120 770 2356
0 120 3053 3054
0 120 823 1236
0 120 1439 2222
0 120 1802 2045
0 120 2211 2213
0 120 972 2756
0 120 122 2320
0 120 213 489
0 120 388 3230
0 120 1063 1827
0 120 294 333
0 120 2787 2790
0 120 1510 2287
0 120 1291 1691
0 120 486 503
0 120 1700 2384
0 120 224 3243
0 120 2978 3001
17 19 1070 1722
0 120 856 2931
0 120 204 2776
37 37 338 1544
50 53 424 793
0 120 1191 1194
0 120 597 721
0 120 91 95
0 120 1297 2115
0 120 497 1308
0 120 1959 2500
0 120 328 1499
0 120 1331 2931
0 120 1678 1992
0 120 305 320
0 120 1659 1713
0 120 1251 2413
0 120 1306 2120
0 120 86 919
0 120 604 616
0 120 1180 1715
0 120 199 2782
0 120 816 1438
0 120 1099 1497
3 9 859 2010
98 99 859 2010
42 45 54 859
115 115 1203 1820
0 120 931 3118
0 120 480 1196
0 120 1843 2180
0 120 2723 2724
0 120 3208 3210
46 48 718 1253
54 57 859 963
0 120 3252 3253
0 120 75 2315
0 120 1209 1261
0 120 116 1858
0 120 2454 2455
0 120 556 2130
0 120 3185 3199
0 120 1151 3242
0 120 84 2320
0 120 1402 2824
0 120 610 2366
0 120 200 1448
0 120 3247 3259
0 120 1826 1839
0 120 2667 2684
0 120 2447 2452
0 120 325 396
0 120 1865 2999
0 120 416 2729
0 120 774 2208
85 88 1742 2111
0 120 789 796
0 120 90 2973
0 120 2427 2473
0 120 1516 2293
85 88 716 1449
0 120 963 1851
0 120 664 1969
0 120 2952 2974
0 120 1904 3048
0 120 328 1983
60 62 1448 2014
0 120 223 240
0 120 2284 2286
0 120 352 879
0 120 1066 1454
75 77 2203 3115
0 120 644 2219
0 120 2421 2520
0 120 2715 2738
0 120 138 1630
0 120 1486 1488
0 120 435 1816
53 57 1087 1742
89 92 175 694
0 120 400 3027
0 120 2497 2515
0 120 109 111
0 120 520 1402
0 120 1084 1444
0 120 425 1808
0 120 1199 1202
0 120 1469 3012
0 120 58 65
0 120 930 2963
29 31 649 2684
0 120 466 1287
0 120 1909 2237
0 120 3151 3160
0 120 2208 2533
0 120 1021 1280
0 120 1361 2368
0 120 466 469
0 120 662 1347
0 120 1018 3197
16 18 648 1937
109 113 648 1937
0 120 1243 1329
0 120 1021 2448
0 120 2523 2544
0 120 1072 1447
0 120 1769 2607
0 120 955 1865
0 120 819 1038
0 120 2398 2778
0 120 1319 1324
0 120 144 1357
0 120 161 772
0 120 1849 2078
0 120 644 1185
0 120 588 1519
0 120 3158 3176
0 120 2191 2192
0 120 1543 2385
0 120 514 523
0 120 681 700
0 120 533 536
0 120 853 1938
0 120 1457 3136
0 120 2105 2125
65 68 2110 2203
1 11 859 1460
19 21 859 1460
27 27 859 1460
41 43 859 1460
68 71 859 1460
76 77 859 1460
80 80 859 1460
82 115 859 1460
0 120 1726 3260
0 120 1079 1463
0 120 886 3054
0 120 767 1642
56 58 121 713
0 120 1069 1455
0 120 219 3234
0 120 2977 2993
0 120 1745 2492
0 120 726 2284
0 120 340 3231
0 120 6 3126
0 120 2778 2783
91 93 651 2635
86 88 718 1642
0 120 734 1586
0 120 2026 2138
0 120 2752 2767
0 120 1126 2110
0 120 83 84
0 120 895 2177
0 120 1110 2102
0 120 38 836
0 120 1774 3085
0 120 898 1465
0 120 502 1199
0 120 1973 1982
0 120 696 2233
0 120 2253 2265
0 120 665 668
44 45 307 2946
85 87 694 1140
0 120 838 2582
0 120 2008 2205
0 120 24 1840
12 14 1070 1656
106 108 1070 1656
8 9 713 2816
101 104 713 2816
0 120 121 955
78 80 716 1838
0 120 1486 1756
0 120 1422 2229
0 120 1183 1718
54 55 386 1374
0 120 2932 2940
0 120 465 1438
0 120 370 2598
0 120 2390 2391
0 120 1335 1523
0 120 2574 2966
0 120 277 2141
0 120 309 373
116 116 713 2937
0 120 952 2990
0 120 2457 2566
0 120 1519 2283
0 120 1830 2175
0 120 1683 3145
0 120 1263 1310
0 120 846 2419
0 120 132 1615
30 32 1448 2753
0 120 617 2367
0 120 930 1595
0 120 999 1200
0 120 1503 3214
0 120 1919 2109
0 120 2380 3258
14 14 755 2008
108 108 755 2008
0 120 2441 2450
0 120 283 2198
0 120 586 1970
54 57 716 3248
37 41 1448 2874
0 120 1 4
0 120 479 797
0 120 2691 2746
0 120 628 2088
0 120 184 1145
58 59 1070 3187
0 120 1636 1649
89 91 987 1203
0 120 627 2883
5 8 1360 1485
99 102 1360 1485
0 120 453 515
0 120 1698 1709
0 120 277 289
0 120 337 340
0 120 1076 3123
0 120 2043 2646
0 120 2686 2752
0 120 2570 2577
0 120 653 1973
0 120 1007 2242
0 120 9 1679
0 120 403 3030
0 120 991 1214
0 120 1156 1547
0 120 3064 3085
0 120 2396 2397
0 120 1900 2230
0 120 2208 2346
0 120 699 3028
10 13 1203 2827
104 106 1203 2827
85 88 859 1031
0 120 177 179
0 120 1371 2374
0 120 481 819
0 120 88 2322
0 120 1561 1717
0 120 986 1257
0 120 802 1436
65 67 649 2389
0 120 597 1970
15 16 1070 2382
109 110 1070 2382
30 32 242 1742
0 120 414 3017
0 120 703 2625
0 66 694 3034
69 120 694 3034
0 120 1308 2439
0 120 2640 2649
0 120 1698 2890
0 120 1455 3132
0 120 462 469
46 51 1203 2130
0 120 2894 2916
0 120 168 1648
0 120 2334 2993
0 120 868 2554
24 34 648 3039
0 120 117 1868
0 120 3205 3222
0 120 424 2284
0 120 133 1583
0 120 181 2526
66 69 859 2212
28 32 81 1127
0 120 1368 2089
0 120 2820 2822
0 120 1932 2131
0 120 1787 2716
0 120 1042 2562
0 120 343 346
0 120 1850 3001
0 120 30 1835
69 71 1647 2147
0 120 2 2002
9 11 1485 1856
103 105 1485 1856
0 120 249 1879
0 120 1035 2559
0 120 572 583
35 37 1374 2025
31 33 1544 2436
0 120 687 3044
0 120 1466 3011
0 120 1129 1928
0 120 1023 2441
0 120 245 1356
3 6 651 2569
97 100 651 2569
0 120 231 1192
0 120 928 3106
86 86 251 649
88 90 237 714
0 120 82 1594
0 120 1327 2034
0 120 2650 2653
0 120 1167 2570
0 120 957 2989
0 120 1060 1461
0 120 972 1577
0 120 1782 2614
0 120 3160 3169
0 120 2396 2773
0 120 369 1772
0 120 1473 3027
0 120 2027 2152
0 120 867 3217
0 120 213 478
0 120 1360 2332
0 120 1785 1801
66 68 651 1872
90 93 443 2926
0 120 126 738
0 120 1328 1333
0 120 767 771
0 120 1284 2229
0 120 2137 2145
0 120 2410 3243
0 120 2403 2789
0 120 849 1254
17 22 649 671
111 116 649 671
0 120 2558 3077
0 120 1730 2400
0 120 2772 2777
0 120 45 907
0 120 394 3010
0 120 848 1231
0 120 356 2489
0 120 1168 2404
0 120 1335 1349
0 120 1775 3082
0 120 2255 2258
0 120 834 838
72 75 1054 1070
89 89 1054 1070
95 97 1054 1070
100 101 1054 1070
105 106 1054 1070
113 114 1054 1070
60 62 713 2763
0 120 938 3110
2 4 893 1647
95 98 893 1647
0 120 303 384
0 120 2751 2839
90 90 714 1187
0 120 17 2013
0 120 514 2819
0 120 1794 2048
0 120 1498 3218
36 36 552 859
0 120 2468 2487
0 120 2531 2543
12 12 793 1416
0 120 750 2537
0 120 1424 2222
65 66 421 1544
0 120 261 1326
67 69 555 1544
0 120 1152 1534
0 120 214 1214
0 120 838 1832
0 120 712 3184
62 63 443 2242
0 120 3182 3183
0 120 305 322
0 120 3185 3188
0 120 1184 1193
0 120 2758 2855
0 120 621 2248
0 120 2078 3096
0 120 1961 2282
0 120 144 2848
0 120 2169 2985
72 76 1203 2869
0 120 503 980
0 120 365 1504
0 120 1240 2936
0 120 1832 2582
0 120 249 1329
0 120 92 1611
0 120 412 3013
0 120 178 2846
0 120 183 975
0 120 2074 3098
0 120 1835 2587
0 120 482 1271
0 120 1249 1938
0 120 1302 1306
0 120 1582 1589
0 120 1002 1014
0 120 1200 1258
0 120 1967 3157
0 120 1881 1885
0 120 804 1443
0 120 890 1483
0 120 630 2081
0 120 93 2105
0 120 1476 3004
0 120 89 939
0 120 171 978
0 120 276 277
0 120 2948 2965
0 120 396 1096
0 120 1177 1661
0 120 1139 1140
0 120 354 870
0 120 1572 2190
0 120 2707 2758
0 120 1516 2295
0 120 1788 2717
0 120 358 1743
0 120 248 1871
0 120 972 1148
0 120 1054 1446
0 120 2420 2930
0 120 405 3023
0 120 1021 1040
0 120 145 1635
0 120 482 2452
0 120 255 2032
0 120 1462 2180
12 13 256 648
104 108 256 648
0 120 2804 2812
0 120 524 1402
0 120 1663 1675
0 120 52 2575
0 120 1206 1207
0 120 1865 2075
0 120 452 1233
0 120 388 1743
0 120 2172 2986
0 120 1458 2182
56 56 2203 2299
0 120 1205 1736
0 120 557 1929
0 120 1099 1983
0 120 16 1053
79 81 995 1108
0 120 577 1120
0 120 2361 2363
0 120 2121 2122
0 120 1321 2032
79 81 1448 3076
0 120 512 1405
0 120 2124 2127
0 120 708 3037
0 120 1151 2789
0 120 96 938
0 120 1581 1619
0 120 458 1290
0 120 408 1469
0 120 1815 2725
0 120 1319 1326
0 120 326 1107
0 120 1897 3023
89 91 2203 2541
0 120 565 1123
0 120 76 2127
0 120 3209 3224
0 120 1707 2899
0 120 346 1759
0 120 1848 1855
0 120 2689 2700
0 120 277 1888
0 120 454 1292
65 68 1448 2150
0 120 990 1272
0 120 54 1587
3 6 649 2928
97 99 649 2928
0 120 50 2111
60 61 673 1070
0 120 1545 3251
21 21 793 2155
0 120 146 2344
0 120 1579 2835
0 120 2921 2942
0 120 1166 2400
0 120 130 1582
0 120 204 1531
55 57 512 1647
30 32 443 1813
0 120 832 2820
0 120 24 1829
0 120 344 3231
0 120 299 1768
0 120 1987 3074
2 4 531 1108
96 98 531 1108
0 120 526 535
0 120 1966 1968
54 57 1448 2271
0 120 1231 2273
0 120 653 2296
0 120 979 2695
0 120 1183 1707
0 120 823 1401
0 120 2778 2785
57 57 648 1134
116 118 1647 2336
0 120 575 1824
0 120 370 372
0 120 2752 2769
0 120 1823 2040
0 120 439 1411
0 120 2471 2490
32 35 368 713
0 120 65 2661
0 120 1587 2672
0 120 221 1188
69 71 2203 2675
7 9 1108 2179
101 103 1108 2179
0 120 1818 2046
0 120 197 1733
0 120 2659 2662
0 120 171 2535
0 120 138 143
0 120 1609 3104
34 37 859 2643
0 120 1053 1462
0 120 1211 2048
0 120 199 1550
0 120 830 2585
0 120 1821 2731
56 58 718 2115
0 120 885 3046
0 120 1884 2033
90 93 714 2410
0 120 2574 2968
0 120 277 2143
0 120 175 2361
64 66 58 793
0 120 1854 1861
51 54 859 2993
0 120 2048 2629
33 36 164 1448
0 120 1519 2285
0 120 677 2235
28 30 651 1014
0 120 1136 2749
0 120 2946 2961
0 120 501 1255
33 36 1485 2408
82 84 377 1448
0 120 277 278
0 120 2209 2210
0 120 1400 1546
65 68 443 3236
0 120 503 1264
25 25 350 793
119 120 350 793
0 120 422 2130
0 120 1609 3117
0 120 831 837
0 120 297 378
0 120 939 1602
0 120 1567 1659
0 120 2441 2452
0 120 405 1897
0 120 1131 1772
0 120 1360 1595
15 17 713 2013
108 111 713 2013
0 120 219 229
0 120 1703 1705
0 120 2503 2512
0 120 2950 2972
0 120 460 786
51 54 713 2952
0 120 1482 2231
0 120 1019 2241
0 120 2326 2327
0 120 1251 1315
0 120 492 1263
0 120 220 2790
0 120 2477 2496
0 120 2836 2843
0 120 563 914
0 120 1998 2003
0 120 520 2264
0 120 2555 3089
0 15 614 1374
17 19 614 1374
21 21 614 1374
85 88 614 1374
92 109 614 1374
112 113 614 1374
115 115 614 1374
0 120 201 1730
0 120 277 291
0 120 337 342
0 120 414 3006
0 120 1467 3010
0 120 1907 3053
12 14 694 2794
106 108 694 2794
0 120 196 2783
0 120 149 2213
0 120 293 1403
0 120 140 178
0 120 2894 2905
0 1 793 1726
91 95 793 1726
0 120 1971 3159
0 120 1575 2701
0 120 1332 2943
0 120 117 1857
0 120 3186 3198
0 120 1598 1601
0 120 2045 2061
0 120 815 2158
0 120 2669 2679
0 120 2435 2512
0 120 152 1585
0 120 2170 2995
0 120 1833 2178
0 120 1463 3133
0 120 43 2581
0 120 1347 3187
0 120 304 2622
0 120 49 2103
0 120 1308 2441
0 120 251 517
0 120 812 813
0 120 1553 2245
52 56 694 1989
49 50 859 2322
0 120 50 1924
0 120 850 2502
86 88 714 2907
0 120 2393 2407
0 120 214 1537
0 120 1308 2562
0 120 900 3033
0 120 7 12
0 120 1328 2019
0 120 1420 2251
0 120 424 2286
0 120 2817 2819
0 120 2390 3240
0 120 638 2215
0 120 1631 2959
3 5 838 1108
97 99 838 1108
0 120 280 292
0 120 2019 2021
78 80 716 2808
0 120 1867 2189
0 120 671 1345
0 120 301 351
0 120 872 1106
0 120 1949 2487
0 120 2592 2593
72 74 1544 2667
0 120 1778 2605
76 78 90 1070
0 120 556 577
0 120 909 1927
0 120 1110 1917
0 120 888 3036
0 120 117 944
88 89 1127 1332
0 120 1237 2924
0 120 836 2580
0 120 1120 2110
0 120 268 1076
0 120 2358 2362
61 61 307 775
81 82 1485 1979
0 120 2928 2929
5 11 1374 2377
100 104 1374 2377
0 120 918 2097
18 19 443 3036
112 113 443 3036
22 23 1386 1448
0 120 1525 2280
0 120 883 3042
0 120 943 3093
71 74 694 2123
0 120 519 550
0 120 992 999
58 60 450 716
0 120 1016 1356
14 16 18 793
108 110 18 793
0 120 1545 2380
0 120 258 1943
0 120 1380 2572
0 120 521 2811
0 120 1221 1236
0 120 725 1823
0 120 3215 3228
0 120 1109 1934
0 120 502 1256
0 120 1926 1927
0 120 1671 2906
86 88 307 788
16 18 465 1374
110 112 465 1374
0 120 960 1582
0 120 655 717
0 120 2747 2830
0 120 1873 2037
0 120 1047 1995
0 120 312 314
0 120 1984 3073
67 68 678 1374
0 120 2262 2263
0 120 2652 2714
45 47 718 1941
0 120 898 3040
0 120 848 1233
0 120 277 2198
0 15 755 776
17 22 755 776
32 32 755 776
37 37 755 776
39 84 755 776
87 87 755 776
89 90 755 776
92 109 755 776
112 116 755 776
0 120 2389 3243
0 120 2554 2556
0 120 553 561
73 75 649 1023
0 120 1177 1179
0 120 2071 3082
0 120 1395 2570
0 120 896 900
0 120 533 848
59 62 879 1485
0 120 502 1269
82 84 307 1259
0 120 417 902
0 120 1611 3097
0 120 704 1898
0 120 530 550
0 120 655 3174
0 120 2250 2266
0 120 2329 2330
10 11 443 1305
104 105 443 1305
0 120 393 1484
83 83 434 1485
0 120 293 2263
0 120 21 1841
0 120 2576 2961
0 120 1232 1236
0 120 1934 2740
0 120 604 1667
0 120 492 1197
0 120 1008 2245
0 120 1901 3051
0 120 2072 2115
71 71 647 1485
0 120 611 1562
0 120 84 96
0 120 1180 1719
0 120 367 384
24 27 859 3061
118 120 859 3061
0 120 878 1088
0 120 1826 1830
0 120 1831 2174
0 120 2433 2508
58 59 668 1544
0 120 325 387
0 120 2240 2867
0 120 359 1957
0 120 2231 3047
0 120 1173 1716
0 120 315 867
0 120 2159 2161
0 120 82 2322
0 120 125 743
0 120 2050 3157
0 120 1319 2938
0 120 104 1852
0 120 1584 2189
0 120 1601 1604
0 120 1484 3005
45 58 1073 1485
61 61 1073 1485
63 65 1073 1485
68 69 1073 1485
0 120 1881 1887
0 120 950 2317
0 120 450 1213
65 66 714 734
0 120 574 1922
0 120 388 1503
0 120 235 241
0 120 2695 2750
0 120 252 1871
0 120 1580 2834
0 2 468 1203
94 96 468 1203
0 120 2106 2126
0 120 705 2607
0 120 393 3015
0 120 3010 3027
0 120 602 2371
0 120 2099 2123
0 120 225 2384
82 84 1374 3116
21 24 414 859
116 118 414 859
0 120 529 809
0 120 2320 2994
81 84 859 1209
0 120 907 1923
0 120 1017 1566
47 49 714 1794
0 120 2419 2478
0 120 557 1810
0 120 1570 1715
0 120 803 819
0 120 725 1394
0 120 1397 2955
0 120 1206 1209
0 120 139 2990
0 120 1085 3134
64 66 648 2867
0 120 109 115
0 120 1033 2449
0 120 1829 1831
0 120 408 411
0 120 1762 2595
0 120 1700 1717
0 120 277 1877
0 120 509 1217
0 120 1156 2785
0 120 1856 2193
0 120 909 2090
0 120 1236 2256
0 120 1318 2029
0 120 1533 1725
0 120 1980 3168
0 120 1235 2260
0 120 1753 1957
0 120 1080 3140
0 120 1548 3245
0 120 600 1520
58 60 648 773
0 120 747 2213
0 120 647 3029
81 81 1127 2205
0 120 633 2865
0 120 1046 1048
0 120 158 2343
0 120 423 1823
0 120 2018 2147
0 120 385 1302
0 120 677 693
0 120 236 1179
0 120 1215 1271
0 120 2008 3122
0 120 459 470
0 120 2926 2938
0 120 1171 2396
0 120 524 2814
0 120 589 1977
0 120 802 809
0 120 277 1890
0 120 455 2162
0 120 519 1423
0 120 696 3042
0 120 1535 2794
0 120 401 650
0 120 234 244
0 120 103 956
0 120 1820 3192
0 120 946 2170
0 120 667 1523
0 120 1699 2902
0 120 252 261
0 120 1702 2907
0 120 819 2560
0 120 1385 2971
0 120 65 1603
0 120 2527 2532
0 120 2747 2764
0 120 979 2697
0 120 929 3105
1 2 514 648
96 96 514 648
0 120 2028 2030
0 120 58 1600
0 120 1504 2555
40 41 1428 1742
0 120 910 1816
0 120 941 3115
11 13 132 1485
105 107 132 1485
0 120 495 1308
0 120 202 1729
0 120 439 1413
0 120 3095 3110
35 37 373 793
0 120 65 2663
0 120 189 972
0 120 423 910
0 120 1620 2851
0 120 426 2642
0 120 426 427
80 82 240 1203
0 120 145 2363
0 120 128 733
0 120 1000 2877
0 120 1217 1414
0 120 2615 2621
0 120 1241 2939
87 88 558 1485
87 89 1448 1468
0 120 2721 2724
0 120 1341 1342
62 62 651 895
0 120 200 205
0 120 959 2997
0 120 83 1606
0 120 212 1262
0 120 1526 2290
0 120 1096 3231
0 120 175 2363
18 19 8 1203
112 112 8 1203
0 120 1573 1584
0 120 2306 3155
53 56 1203 2576
0 120 124 2317
0 120 554 2130
0 120 818 1422
0 120 2129 2741
0 120 429 2135
0 120 971 2189
89 91 1127 2931
0 120 2445 2452
0 120 277 280
0 120 3069 3070
0 120 787 796
0 120 1067 1079
0 120 270 277
0 120 1147 2765
0 120 213 1729
0 120 799 1035
0 120 2440 2458
0 120 265 1330
0 120 862 1091
0 120 306 3088
0 120 1622 2765
0 120 753 2087
0 120 565 575
0 1 716 2434
32 32 1485 1713
0 120 953 1852
0 120 1223 1484
0 120 1962 2052
80 82 307 1448
16 17 1203 2000
110 111 1203 2000
0 120 1759 1952
0 120 2839 2850
0 120 925 2958
0 120 1534 2773
0 120 2062 3158
0 120 196 2785
10 12 1127 1897
104 104 1127 1897
95 96 654 1448
0 120 416 573
0 120 944 958
0 120 963 971
0 120 300 2613
0 120 2614 2624
10 27 716 1508
0 120 1065 2187
0 120 1072 3129
0 120 3253 3254
0 120 2310 2627
0 120 1589 2830
0 120 935 2077
5 5 718 1554
0 120 2282 2299
0 120 322 1096
43 45 1127 2247
0 120 1559 1675
0 120 733 1862
77 78 1108 1739
0 120 3186 3200
0 120 507 2273
0 120 1596 2725
79 80 713 2378
0 120 123 3101
8 10 714 802
102 104 714 802
0 120 2706 2748
0 120 474 820
0 120 553 1113
0 120 186 1585
0 120 301 340
0 120 764 2087
0 120 93 1128
0 120 383 409
0 120 969 2196
0 120 1181 2375
0 120 1745 2417
0 120 105 1862
0 120 2053 2304
0 120 394 1470
0 120 108 1867
0 120 667 1336
0 120 1799 2653
0 120 54 2570
0 120 1384 1391
0 120 434 1808
0 120 1308 2564
0 120 592 3148
0 120 2051 2645
89 92 848 859
0 120 98 1593
0 120 843 2501
0 120 1328 2021
0 120 2439 2461
43 45 1443 1742
0 120 6 2004
0 120 25 822
0 120 2256 2259
59 62 165 307
0 120 610 2909
0 120 438 1405
0 120 2063 2066
0 120 1308 2456
77 80 714 2212
0 120 36 836
0 120 724 3159
0 120 896 1465
0 120 2532 2544
0 120 1375 2860
0 120 3042 3060
0 120 1237 2926
91 93 1070 2749
0 120 1388 3095
0 120 2019 2144
0 120 1785 2731
0 120 996 999
0 120 2868 2880
0 120 282 2181
0 120 94 3113
0 120 1787 1794
0 120 1434 2164
0 120 904 1935
0 120 1819 2729
0 120 630 2864
0 120 112 952
0 120 659 1350
19 19 203 1070
112 113 203 1070
0 120 1581 2857
56 57 755 1812
0 120 1016 1358
0 120 135 1609
0 120 1050 2174
0 120 771 773
4 5 526 713
0 120 913 1122
0 120 1176 1990
0 120 238 1707
0 120 295 780
0 120 346 3226
0 120 1344 1345
0 120 1285 2162
0 120 1994 3147
0 120 2768 2770
0 120 1054 2000
76 77 713 1707
0 120 300 2063
18 19 694 1199
112 112 694 1199
0 120 2009 3132
107 111 648 2480
0 120 1878 2154
0 120 379 1309
49 51 365 1374
0 120 1313 2116
0 120 1156 2398
0 120 542 549
0 120 189 1148
0 120 1959 2493
0 120 94 2079
11 13 713 1828
105 107 713 1828
0 120 2211 2219
0 120 848 1235
0 120 277 2200
69 71 578 1374
0 120 1235 1415
0 120 213 495
0 120 180 2533
0 120 1398 3099
0 120 852 1879
0 120 1294 2224
0 120 965 3217
0 120 1476 1477
0 120 316 327
0 120 417 904
0 120 1912 2044
0 120 2238 3197
71 74 1742 3030
0 120 880 1308
3 3 1004 1374
13 13 1004 1374
17 29 1004 1374
33 39 1004 1374
67 67 1004 1374
71 73 1004 1374
76 89 1004 1374
94 101 1004 1374
105 105 1004 1374
107 120 1004 1374
53 55 1544 3045
75 76 713 2888
0 120 2612 2620
0 120 327 1095
87 89 1108 1431
0 120 672 2298
0 120 780 3063
0 120 207 1215
0 120 365 2555
0 120 873 3227
0 120 840 2821
17 27 1127 2060
114 116 1127 2060
0 120 769 2352
34 36 1485 1539
0 120 325 389
0 120 449 2670
0 120 1983 3213
0 120 1309 1313
0 120 199 1741
0 120 1909 3035
0 120 209 214
0 120 249 1333
0 120 546 802
0 120 2660 2674
0 120 136 2853
0 120 1249 1942
0 120 511 515
0 120 736 2848
0 120 125 745
0 120 1379 2954
0 120 1322 2420
0 120 1210 1721
45 53 65 1108
0 120 283 284
0 120 1995 2176
0 120 869 2596
0 120 991 1273
0 120 46 48
0 120 5 1996
0 120 989 1200
0 120 796 1034
0 120 99 1860
0 120 427 2628
0 120 2414 2510
0 120 893 1906
0 120 2328 2995
0 120 2221 2869
0 120 578 582
0 120 610 1554
0 120 850 2438
0 120 1149 2771
0 120 944 2073
0 120 550 1688
0 120 2320 2996
0 120 921 2089
0 120 1812 2297
0 120 1337 3199
26 26 859 3197
119 120 859 3197
0 120 1774 1776
0 120 2216 2875
0 120 1213 1214
0 120 633 639
0 120 182 2689
0 120 459 1277
0 120 1085 2197
0 120 565 1932
0 120 1215 1260
0 120 759 2212
0 120 2311 2654
15 15 1485 2841
0 120 738 1860
0 120 729 2040
0 120 873 1496
0 120 2411 3235
43 44 307 2576
0 120 1896 3055
0 120 2689 2691
60 62 443 636
0 120 470 473
0 120 621 642
0 120 449 2107
0 120 208 998
0 120 2005 2180
0 120 1955 2588
0 120 2984 2989
0 120 2073 2314
0 23 1108 1928
25 25 1108 1928
59 59 1108 1928
64 64 1108 1928
66 120 1108 1928
0 120 1632 2837
0 120 1264 2441
0 120 933 2570
0 120 248 252
0 120 2696 2707
0 120 1855 1862
0 120 796 1289
0 120 2437 2483
0 120 865 2557
0 120 540 545
0 120 581 583
0 120 154 775
0 120 883 884
0 120 303 309
0 120 1050 1061
0 120 113 2171
0 120 13 18
0 120 1296 1467
0 2 649 1885
95 96 649 1885
39 41 1485 2157
0 120 315 319
0 120 1156 1164
0 120 270 1071
49 51 1287 1647
0 120 108 2995
0 120 660 1522
0 120 1210 1400
71 72 1127 1402
0 120 222 3245
0 120 366 1947
0 120 232 1718
46 48 443 2167
0 120 2571 2954
0 120 2965 3110
0 120 446 1418
0 120 71 80
81 81 713 1533
0 120 1425 2227
109 112 307 845
119 119 651 2870
0 120 246 606
0 120 490 1195
78 81 1374 2676
0 120 245 610
0 120 541 1426
0 120 1743 1755
0 120 2663 2664
0 79 755 1651
86 120 755 1651
0 120 976 2522
0 120 1566 1570
0 120 2953 3113
0 120 1387 3032
30 32 716 2073
55 58 1070 3059
0 120 982 997
0 120 2441 2443
0 120 440 448
0 120 770 2538
0 120 1821 2735
0 120 792 1021
49 50 714 1596
0 120 590 1789
0 120 1034 1308
0 120 2603 2626
45 46 755 1893
0 120 1336 1350
0 120 2552 3075
0 120 1162 1722
38 40 716 1147
64 65 430 1544
0 120 277 282
0 120 1245 2925
0 120 156 2207
0 120 2489 2497
0 120 2392 2793
0 120 3068 3076
0 120 1165 2407
0 120 676 3182
0 120 2319 2988
0 120 212 1735
0 120 893 901
0 120 595 3193
0 120 270 1447
0 120 1575 2692
0 120 2326 2331
0 120 1538 2773
0 120 1963 2279
0 120 1371 2367
0 120 2064 2065
0 120 847 3121
0 120 2435 2503
0 120 785 1260
0 120 1356 2244
0 120 1941 2934
0 120 134 741
0 120 1149 2705
0 120 989 1255
0 120 2233 3042
0 120 1011 1014
0 120 2076 2570
0 120 2950 3097
72 72 648 2911
0 120 200 1738
0 120 100 110
0 120 1597 2077
0 120 3131 3145
0 120 2058 2637
0 120 2431 2919
0 120 122 2986
0 120 2517 2922
0 120 1562 2241
0 120 951 2316
0 120 839 1846
0 120 543 801
88 91 648 817
0 120 1351 3189
0 120 1241 1331
72 73 1647 2019
0 120 1311 2070
0 120 1316 2939
0 120 1696 2177
0 120 1389 2663
0 120 200 2798
0 120 1155 3250
0 0 649 2624
7 19 649 2624
107 109 649 2624
52 53 186 648
0 120 520 524
0 120 2451 2460
0 120 491 2452
0 120 916 1921
0 120 787 1282
33 34 694 825
0 120 1597 2319
0 120 301 342
0 120 1913 3050
0 120 177 2521
120 120 1448 2196
0 120 2699 2710
46 46 1742 2414
49 69 1742 2414
75 75 1742 2414
0 120 744 1585
0 120 29 822
0 120 1765 3071
0 120 1630 2846
0 120 2050 2651
0 120 660 1335
0 120 1420 2255
0 120 1623 2843
0 120 1389 2676
0 120 630 638
0 120 2861 2866
0 120 638 2219
0 120 521 1405
0 120 1221 2274
0 120 175 768
0 120 560 579
30 32 307 658
0 120 2041 2309
86 87 821 1108
0 120 110 3002
27 29 443 3148
0 120 1754 2481
0 120 916 1116
0 120 439 1228
0 120 1146 1578
0 120 2355 2361
0 120 887 3044
0 120 1245 1328
50 51 651 818
0 120 355 1759
1 1 307 779
57 59 649 1711
0 120 1041 2464
0 120 2400 2777
0 120 282 2183
0 120 1051 1462
0 120 123 1601
0 120 1859 1864
0 19 1544 2792
97 97 1544 2792
99 101 1544 2792
107 107 1544 2792
109 109 1544 2792
113 113 1544 2792
0 120 1607 2323
0 120 666 2294
0 120 308 371
0 120 87 3112
0 120 2413 2423
0 120 682 2238
0 120 559 1121
0 120 361 2597
0 120 1505 3214
0 120 1649 2212
0 120 1356 2862
0 120 537 544
0 120 1794 2041
0 120 1716 2387
0 120 928 1597
0 120 1771 3077
0 120 1162 1535
0 120 1905 3040
64 70 718 2053
0 120 1700 2379
0 120 1746 2495
0 120 1211 3154
0 120 1098 3213
0 120 1010 2346
0 120 1987 2557
0 120 187 2538
0 120 735 1589
19 33 714 2469
110 110 714 2469
112 120 714 2469
0 120 277 2202
0 120 1839 2578
0 120 1784 2642
0 120 1075 2182
62 64 1108 2359
0 120 1166 1546
0 120 1644 2339
0 120 2408 3260
0 120 840 2810
0 120 965 3219
0 120 1726 2408
0 120 650 1895
0 120 1756 1762
0 120 2616 2620
0 120 319 2549
0 120 219 2382
0 120 20 452
0 120 268 288
0 120 1749 1759
0 120 856 2939
29 31 651 2241
31 35 859 3173
58 60 1203 2983
0 120 21 1845
0 120 1060 2180
0 120 132 2844
0 120 1097 3230
0 120 734 963
0 120 1575 1579
0 120 1019 1361
0 120 1642 2535
0 120 1014 1017
0 120 1535 2409
55 56 380 1374
0 120 442 791
0 120 3184 3198
0 120 125 2841
94 95 718 1369
0 1 694 746
93 95 694 746
0 120 3187 3203
0 120 840 2823
0 120 131 1572
0 120 1659 2889
0 120 292 2200
0 120 438 2254
0 120 1635 1714
0 120 508 512
0 120 1800 1818
0 120 826 1841
0 120 585 732
0 120 895 1446
0 120 392 2552
88 89 307 458
0 120 415 1223
0 120 308 3083
0 120 428 1916
0 120 1904 3043
0 120 1209 1727
0 120 1247 2019
0 120 1797 2651
0 120 955 1847
25 28 105 1448
119 120 105 1448
51 52 1473 1544
0 120 855 2434
42 44 48 648
0 120 1187 2907
0 120 629 630
0 120 283 1454
0 120 1186 1716
0 120 737 1624
0 120 97 2984
0 120 1095 1103
0 120 1518 1960
0 120 2280 2283
0 120 2304 2640
0 120 559 571
0 120 1999 2004
0 120 578 584
30 32 1374 2181
42 44 1374 1952
0 120 687 3200
0 120 1628 2771
0 120 60 69
0 120 1008 1565
0 120 104 112
0 120 1033 2561
35 37 119 649
0 120 27 831
0 120 1584 1617
0 120 1842 2178
0 120 30 836
0 120 1836 1838
0 120 1707 1724
0 120 655 1339
0 120 326 1100
0 120 326 871
0 120 205 2796
0 120 1781 3070
0 120 148 1242
0 120 1655 2207
0 120 3158 3171
0 120 2342 2356
0 120 514 518
0 120 2121 2128
0 120 581 1511
0 120 2687 2768
0 120 832 2813
0 120 629 764
0 120 1604 1609
0 120 1513 1979
0 120 1464 3026
0 120 784 1281
0 120 767 1637
0 120 385 1306
0 120 190 2528
0 120 913 2105
1 1 383 1647
0 120 959 2975
0 120 1279 2162
0 120 30 31
0 120 1373 1568
0 120 1226 2272
0 120 1635 2211
0 120 1869 2149
0 120 883 886
0 120 717 1348
33 35 307 3170
0 120 1000 2868
0 120 1714 2211
0 120 131 2190
0 120 353 842
0 120 3157 3161
0 120 1470 3019
0 120 173 1140
0 120 45 2123
0 120 2705 2771
0 120 2608 2609
0 120 435 2308
0 120 691 2234
0 120 2869 2879
0 120 1467 1472
0 120 197 450
0 120 2745 2843
0 120 277 2136
0 120 700 2239
0 120 175 2354
0 120 707 3181
0 120 1526 2052
0 120 853 1249
0 120 1938 2491
70 71 307 2244
0 120 1038 2463
60 60 651 1825
0 120 704 897
0 120 883 899
0 120 573 2134
39 44 1070 2940
24 26 443 2290
119 120 443 2290
0 120 940 3096
0 120 1587 2678
0 120 952 2167
0 120 21 840
28 31 1613 1647
119 120 1613 1647
79 79 78 1374
0 120 986 997
36 37 716 1136
0 120 900 1482
0 120 1285 1293
0 120 1034 2465
0 120 1013 1359
0 120 2656 2663
0 120 2466 2502
0 120 1241 2943
45 47 124 443
0 120 831 2816
0 120 2083 2212
0 120 302 2435
0 120 3149 3175
0 120 1580 1591
0 120 243 1562
0 120 263 265
0 120 483 497
0 120 1580 2759
0 120 1205 1421
0 120 410 692
0 120 542 848
0 120 1982 2281
0 120 1001 1362
0 120 2441 2566
23 24 443 2303
118 118 443 2303
0 120 3006 3018
0 120 1786 1817
0 120 2555 3082
0 120 571 2717
0 120 277 284
0 120 1245 2927
0 120 1694 1999
0 120 980 1195
0 120 2079 2335
0 120 503 1270
0 120 518 2827
0 120 487 1262
0 120 215 2789
0 120 958 2079
0 120 813 1432
0 120 708 1904
0 120 2614 2615
0 120 1608 3100
0 120 2162 2225
0 120 2862 2865
0 120 624 634
0 120 1596 2716
0 120 1981 2298
0 120 1155 3239
0 120 1827 1831
0 120 1538 1728
0 120 2059 3157
63 64 1374 3054
0 120 1804 2638
0 120 2456 2564
3 5 1647 1900
96 99 1647 1900
0 120 317 864
0 120 380 2610
0 120 960 970
0 120 1111 1368
0 120 619 640
0 120 2322 2978
0 120 550 806
51 54 1742 2174
0 120 1605 1610
0 120 853 1746
0 120 2632 2645
0 120 261 1871
61 64 1448 3124
0 120 668 1966
0 120 214 1530
0 120 1463 2200
0 120 735 744
0 120 332 1751
0 120 1354 3196
0 120 1598 1607
0 120 1739 2778
0 120 1617 1620
0 120 142 1627
0 120 1682 2015
0 120 3 1697
23 24 755 1332
117 118 755 1332
0 120 610 2900
0 120 2060 2311
0 120 2230 2234
0 120 652 1096
0 120 301 344
0 120 1075 1687
0 120 674 1343
0 120 302 2932
0 120 83 2336
36 39 561 648
0 120 1342 3199
0 120 3045 3056
0 120 149 1643
0 120 1052 3137
0 120 997 1215
0 120 54 2574
24 24 1203 1320
117 118 1203 1320
49 51 694 948
0 120 1944 2486
0 120 435 3168
0 120 2570 2948
0 120 1553 2372
0 120 586 597
0 120 157 191
87 87 859 2449
0 120 265 1939
0 120 1383 3092
0 120 99 2172
0 120 1885 2027
0 120 1283 1464
0 120 647 1223
0 120 1894 3015
44 55 1448 2440
0 120 302 2945
0 120 836 2586
0 120 2355 2363
0 120 194 1133
61 63 2203 2723
0 120 1785 2735
0 120 618 643
0 120 1425 2163
0 120 172 2542
0 120 593 2047
0 120 757 1246
0 120 464 2162
0 120 1560 1570
0 120 1770 2612
0 120 1620 1621
0 120 176 2698
0 120 527 1427
0 120 945 1940
62 63 859 2691
0 120 770 2353
0 120 1852 1863
0 120 1351 1352
0 120 308 1770
0 120 848 1226
0 120 1316 1331
0 120 886 1481
0 120 972 2753
0 120 1801 2046
0 120 419 554
0 120 852 1870
0 120 160 2545
0 120 836 2828
0 120 665 731
0 120 1733 2787
0 120 931 3102
0 120 1700 2381
42 44 537 1485
0 120 1304 2115
0 120 504 1308
0 120 889 890
0 120 268 277
23 23 880 1070
115 117 880 1070
52 53 718 3223
0 120 744 2192
61 64 651 2001
0 120 331 333
0 120 702 2232
0 120 10 3136
0 120 2183 2205
0 120 137 962
87 88 648 1437
33 35 755 3226
0 120 1180 1712
0 120 1737 2798
0 120 1020 2248
0 120 1505 3229
0 120 1250 2939
0 120 190 973
0 120 1219 1411
0 120 238 1724
0 120 625 2887
0 120 132 739
6 7 1742 1866
0 120 1243 2936
0 120 357 857
0 120 1692 2008
0 120 623 747
0 120 2436 2920
0 120 247 1665
0 120 431 1974
0 120 498 981
0 120 205 207
0 120 874 1497
0 120 478 1268
0 120 1849 3096
0 120 135 2326
0 120 1535 2411
0 120 900 1900
0 120 2261 2811
0 120 320 1096
0 120 171 973
0 120 2667 2681
0 120 1177 1656
102 103 1127 2064
0 120 1591 2693
0 120 1008 2372
0 120 2057 3166
0 120 1869 1883
0 34 859 2020
39 45 859 2020
51 53 859 2020
56 58 859 2020
60 60 859 2020
67 71 859 2020
83 88 859 2020
96 106 859 2020
109 120 859 2020
44 44 1647 2773
0 120 120 2849
0 120 127 1576
0 120 1462 2175
0 120 1689 3120
0 120 1386 3119
15 17 1203 2180
109 111 1203 2180
0 120 353 1744
0 120 477 1285
0 120 2866 2867
0 120 400 3024
0 120 212 987
0 120 23 822
0 120 219 1700
0 120 468 1438
0 120 659 1972
0 120 277 1870
0 120 2952 3092
0 120 1362 2883
0 120 1780 2605
0 120 601 1967
0 120 1112 1917
0 120 725 1508
0 120 2342 2345
0 120 205 1738
0 120 757 2214
0 120 466 1284
0 120 404 406
0 120 1159 1211
0 120 629 753
0 120 1200 1737
75 84 381 651
0 120 680 3199
0 120 532 820
80 81 1070 1398
0 120 1689 3133
0 120 147 1652
0 120 2377 3241
0 120 1915 2133
0 120 46 65
0 120 1486 1498
0 2 1448 3192
94 96 1448 3192
0 120 205 2798
0 120 1349 3186
0 120 807 880
0 120 277 1883
0 120 2430 2471
0 120 2404 3236
0 120 1718 2908
30 33 793 874
0 120 268 2184
0 120 1804 2130
0 120 804 2164
0 120 1695 3126
0 120 1012 2867
84 85 649 2815
0 120 2063 3064
0 120 248 256
0 120 1089 1101
0 120 1039 1280
0 120 1813 2135
0 120 588 590
0 120 27 28
0 120 913 2107
0 120 2398 2788
0 120 1174 2902
0 120 916 2112
0 120 2051 3175
0 120 819 2445
0 120 972 2687
0 120 2689 2708
0 120 1039 2448
61 63 713 2692
67 70 429 718
0 120 821 2225
0 120 1810 2739
0 120 65 2656
0 120 1587 2667
0 120 1456 1689
0 120 382 1774
0 120 24 1837
0 120 1660 2916
0 120 1443 2164
0 120 407 1309
0 120 911 1108
0 120 2425 2490
87 89 694 2534
0 120 1910 2044
0 120 375 1771
0 120 2398 3259
0 120 770 2529
0 120 1114 2110
61 64 1203 1630
119 119 755 2931
0 120 1281 2223
0 120 479 781
0 120 653 668
60 61 649 1192
0 120 1294 2162
0 120 888 1474
0 120 456 797
0 120 662 673
0 120 899 3060
0 120 2552 3066
0 120 85 2318
0 120 1728 2390
0 120 2146 2149
0 120 1380 3104
0 120 2555 3071
0 120 1953 2508
57 59 480 1127
0 120 488 493
0 120 536 1436
30 30 713 3055
36 44 713 3055
51 51 713 3055
119 120 713 3055
0 120 2043 2630
0 120 556 1122
0 120 518 2816
0 120 2958 2966
0 120 602 1009
13 16 693 1127
12 13 307 1320
106 108 307 1320
0 120 546 848
0 120 1189 1708
0 120 1208 1721
0 120 1237 2422
0 120 662 1962
0 120 130 1135
0 120 1011 2870
0 120 1732 2401
0 120 1766 1985
39 41 718 1076
0 120 565 568
0 120 74 2960
0 120 258 1320
0 120 72 2096
0 120 201 2772
0 120 1309 1480
0 120 2477 2491
0 120 522 2827
0 120 228 2380
0 120 264 2037
0 120 1415 1418
0 120 1788 2646
0 120 277 286
0 120 1550 2774
0 120 242 1726
0 120 562 913
0 120 113 1612
0 120 2043 2643
0 120 503 1272
0 120 119 2329
0 120 339 346
0 120 2570 2574
0 120 1195 1270
0 120 1668 1719
23 24 713 2021
116 118 713 2021
0 120 212 1739
13 14 401 443
107 108 401 443
0 120 2550 3090
0 120 1491 1763
30 31 306 1108
0 120 457 1277
19 20 2203 2228
112 114 2203 2228
75 78 1348 1485
0 120 608 1675
0 120 460 794
0 120 441 515
63 65 1647 2010
0 120 809 1436
0 120 1015 1016
0 120 2309 3149
0 120 733 1855
0 120 457 459
0 120 1596 2718
0 120 1811 2643
75 76 713 2371
0 120 2776 2800
0 120 2388 2395
0 120 801 1437
0 120 1030 1031
0 120 799 2559
0 120 2101 2109
0 120 301 333
44 45 714 1963
0 120 172 182
0 120 571 1914
0 120 2524 2700
0 120 1839 1843
64 66 443 2897
0 120 402 415
0 120 2743 2744
0 120 322 392
0 120 105 1855
0 120 1602 1607
33 35 1108 3021
0 120 1173 1201
0 120 1646 1650
0 120 1608 3115
0 120 1969 2303
0 120 479 1278
0 120 460 1036
0 120 668 1968
0 120 869 1958
0 120 2956 2973
0 120 1213 1273
0 120 559 2735
74 76 1374 2130
0 120 2248 2886
0 120 823 2256
0 120 678 1343
4 7 714 1037
98 101 714 1037
41 44 716 1635
0 120 2388 2408
0 120 1388 2967
0 120 1522 1964
0 120 586 1525
0 120 273 1065
0 120 1850 2998
0 120 1616 2831
0 120 515 2813
0 120 26 2585
0 120 1308 2449
0 120 62 64
0 120 857 2513
0 120 652 1098
0 120 96 3095
0 120 1104 2390
0 120 1701 2380
0 120 2812 2820
0 120 890 1909
0 120 1136 1147
0 120 1948 2486
0 120 92 3097
40 43 161 716
1 3 331 1127
96 97 331 1127
40 42 755 2623
0 120 1727 1736
0 120 2050 2655
77 77 44 1070
0 120 559 1930
0 120 2088 2883
0 120 132 136
0 120 462 2226
0 120 2413 2414
0 120 1023 2559
0 120 770 2342
0 120 427 3171
0 120 446 1235
11 13 716 3045
16 17 716 3045
88 91 716 3045
95 115 716 3045
118 120 716 3045
88 88 1485 2095
0 120 1379 2571
91 95 859 2801
93 94 718 2862
0 120 1284 1287
0 120 1418 2270
0 120 1946 2426
0 120 468 472
0 120 731 1340
0 120 1465 3025
0 120 3234 3236
0 120 1991 3071
0 120 2657 2666
0 120 91 3114
99 99 307 2180
0 120 1712 2380
0 120 1629 2840
0 120 1901 3033
0 120 1479 3044
0 120 235 3243
0 120 352 2596
0 120 2165 2325
0 120 334 3222
0 120 71 139
0 120 1659 1699
0 120 1571 1586
0 120 2211 2212
0 120 860 2514
0 120 972 2755
0 120 848 1228
0 120 2661 2677
0 120 228 3240
0 120 625 2876
0 120 840 2801
0 120 255 1882
0 120 45 86
0 120 1117 1123
0 120 514 2816
73 74 1247 1647
0 120 2124 2674
0 120 1532 2799
0 120 1700 2383
0 120 2550 2553
23 24 1108 2471
118 118 1108 2471
0 120 2403 3257
0 120 2747 2838
0 120 331 335
0 120 910 3166
0 120 1629 2853
0 120 2422 2489
0 120 3103 3116
0 120 94 2314
0 120 842 1948
0 120 976 2702
0 120 477 1032
55 57 307 1146
0 120 136 739
0 120 2025 2035
0 120 96 1606
0 120 210 1213
0 120 1161 1701
0 120 1056 2173
0 120 1486 3218
68 70 149 1203
0 120 130 961
44 52 522 1485
0 120 489 1308
63 64 649 3246
3 3 81 1742
0 120 2317 2328
0 120 567 2130
0 120 168 169
0 120 3180 3191
0 120 315 862
13 15 160 1742
107 109 160 1742
0 120 2830 2849
0 0 1448 3047
92 93 1448 3047
0 120 1002 1011
0 120 1200 1255
0 120 1795 2633
0 120 312 2550
0 120 1399 2404
0 120 485 492
0 120 392 1496
0 120 1044 2176
0 120 237 2376
80 82 1742 3157
80 82 713 3244
91 93 713 1029
0 120 147 2338
0 120 346 1501
0 120 1177 1658
0 120 1965 3165
0 120 2971 3094
0 120 428 1799
0 120 538 1442
0 120 2327 2992
0 120 1014 1371
0 120 1678 2583
40 43 2203 3222
98 99 582 1448
0 120 1948 1949
66 68 714 2836
0 120 826 1845
0 120 2792 2799
0 120 2272 2275
0 120 271 280
0 120 1711 1713
0 120 2769 2852
0 120 680 3188
0 120 742 1851
0 120 948 1956
0 120 1018 3183
0 120 407 3029
0 120 1052 2013
33 34 1544 2475
0 120 641 752
0 120 1499 3227
0 120 1478 1892
0 120 1581 2771
0 120 640 756
0 120 2006 2011
0 120 65 67
0 120 786 2567
0 120 2497 2514
0 120 9 3141
0 120 477 2455
0 120 365 1985
0 120 1361 2246
0 120 277 1872
0 120 177 2688
0 120 2840 2853
0 120 139 2167
0 120 2878 2879
10 16 859 2493
0 120 1838 2585
0 120 2041 3173
0 120 1321 2029
0 120 2685 2686
0 120 44 65
0 120 832 2804
0 120 1076 1444
0 120 1250 1331
0 120 680 3201
0 120 1757 2596
0 120 1776 2609
0 120 1041 2160
0 120 1493 1503
0 120 1231 2257
0 120 2485 2517
32 35 591 648
0 120 147 1654
0 120 907 1113
63 64 148 307
0 120 461 1292
0 120 803 2453
0 120 435 2057
64 68 593 694
84 87 1109 1742
0 120 1570 2891
0 120 1896 3061
0 120 277 1885
0 120 1586 2835
0 120 1665 2899
0 120 777 2208
0 120 92 119
0 120 2991 2998
0 120 2127 2664
0 120 1249 2432
0 120 1094 1097
0 120 63 2572
0 120 975 1634
0 120 636 1185
0 120 252 256
0 120 1382 2961
0 120 463 476
0 120 688 3038
0 120 1803 2725
0 120 251 822
0 120 43 1839
26 28 793 1105
120 120 793 1105
0 120 8 1064
2 4 443 3207
96 98 443 3207
0 120 1990 2551
0 120 806 815
0 120 3213 3232
0 120 1986 3075
0 120 1594 2322
0 120 1162 2399
0 120 108 2170
0 120 741 1588
0 120 1183 1704
42 42 718 1870
0 120 1876 2156
0 120 2698 2759
0 120 821 1288
0 120 2010 3139
0 120 1788 2043
19 24 389 648
25 27 1565 1742
119 120 1565 1742
0 120 1150 2695
0 120 1754 2432
0 120 2865 2872
0 120 2884 2885
0 120 821 2227
0 120 721 2289
0 120 951 2980
0 120 1104 1532
0 120 775 2525
0 120 1236 1688
86 87 317 1647
0 120 2016 2028
0 120 1219 1226
0 120 1919 2095
0 120 150 1655
0 120 1998 3142
0 120 690 3060
0 120 414 1472
0 120 1143 1581
0 120 1141 2703
46 47 716 1019
0 120 2574 2965
0 120 614 1008
0 120 1687 3142
0 120 1221 1420
0 120 1938 2495
0 120 553 2718
58 61 859 2761
0 120 1134 2700
0 120 1541 2795
0 120 2552 3068
73 75 307 1201
0 120 2387 3260
0 120 2445 2447
0 120 323 391
0 120 656 2294
0 120 1232 1407
0 120 2424 2509
0 120 77 2092
0 120 216 1204
0 120 340 1499
0 120 1458 3147
0 120 221 1548
16 19 651 1132
111 112 651 1132
0 120 496 1258
0 120 33 36
0 120 599 676
0 120 312 390
0 120 1573 1592
0 120 826 840
0 120 2452 2463
0 120 258 1322
0 120 34 1843
0 120 1682 1993
0 120 1615 2757
0 120 2776 2789
0 120 1083 3125
0 120 2552 3081
0 120 420 566
0 120 1614 2761
0 120 802 1422
0 120 277 288
0 120 100 103
0 120 2472 2499
0 120 402 404
0 120 162 163
0 120 332 345
0 120 910 2308
0 120 2577 2966
0 120 2115 2117
0 120 856 2422
0 120 2905 2916
5 7 443 2549
100 101 443 2549
31 34 443 563
6 17 859 2427
100 111 859 2427
0 120 1155 3243
72 73 1108 2902
0 120 43 2578
0 120 406 415
0 120 151 2340
0 120 1154 2789
0 120 925 2966
0 120 1009 2371
0 120 49 2100
0 120 2602 2622
0 120 317 1097
57 59 716 2792
0 120 301 335
0 120 1266 2441
0 120 2019 2944
0 120 1883 1888
0 120 2325 2987
0 120 1659 2372
0 120 1745 2412
58 58 307 1577
0 120 3023 3029
0 120 8 1695
0 120 1799 2648
0 120 1596 1794
0 120 675 697
0 120 243 1003
0 120 945 2507
12 13 443 3020
106 107 443 3020
0 120 6 1999
0 120 1623 2836
0 120 2053 2649
0 120 88 2334
0 120 946 2328
0 120 1529 3174
0 120 610 2904
0 120 2418 2518
45 47 87 648
0 120 410 1301
0 120 2022 2023
0 120 1366 2887
40 42 793 3025
0 120 1913 3056
0 120 440 1409
0 120 734 1627
0 120 619 2872
0 120 364 367
19 20 443 697
113 114 443 697
54 54 649 765
0 120 516 1404
0 120 84 2979
10 12 24 713
103 106 24 713
0 120 1223 3023
16 18 755 1686
111 112 755 1686
0 120 2358 2359
0 120 775 2338
0 120 1002 1563
49 50 307 2987
0 120 1562 1671
0 120 891 1466
0 120 1173 2384
0 120 963 1571
0 120 1030 2564
0 120 739 1863
0 120 3211 3214
0 120 993 2911
0 120 893 1283
0 120 1419 2790
0 120 1037 2459
0 120 992 996
0 120 711 717
0 120 2469 2496
0 120 2001 3145
0 120 220 1419
0 120 2381 2383
0 120 1804 2308
0 120 2661 2666
0 120 1054 1056
0 120 73 2123
67 70 651 1871
0 120 157 2531
34 37 1203 2613
45 48 859 2574
60 63 755 1928
0 120 194 1137
0 120 1288 2162
0 120 887 3050
0 120 1885 2152
0 120 1688 2806
106 106 521 714
0 120 1770 2616
0 120 1644 2211
49 51 1544 3027
81 82 42 716
0 120 1800 2724
7 8 714 1294
102 102 714 1294
0 120 1085 1695
0 120 541 548
0 120 1406 2275
0 120 1669 2914
0 120 2651 2715
0 120 1247 2925
0 120 848 1230
0 120 2775 2781
0 120 75 3000
0 120 873 994
0 120 1334 1352
0 120 2557 2558
0 120 896 897
0 120 271 1074
0 120 2468 2486
0 120 1595 2332
0 120 3066 3078
0 120 98 99
0 120 2830 2838
0 120 2078 2974
0 120 101 104
0 120 3170 3172
0 120 2573 2953
0 120 431 1965
0 120 835 1826
0 120 1143 2696
0 120 608 1369
49 50 1127 1705
0 120 1242 1655
0 120 1297 2116
0 120 230 1194
0 120 247 609
0 120 1472 2117
0 120 1453 1875
0 120 954 959
0 120 434 2650
116 116 1071 1544
0 120 1251 2414
0 120 86 920
0 120 1433 2162
0 120 574 2135
0 12 443 1423
15 16 443 1423
18 18 443 1423
28 28 443 1423
37 67 443 1423
69 103 443 1423
105 106 443 1423
109 110 443 1423
0 120 1747 1763
0 120 143 2851
0 120 635 1364
0 120 2133 2738
0 120 2121 2684
0 120 316 2550
0 120 1888 2153
0 120 1048 2176
0 120 2600 2618
0 120 1239 1249
10 12 1524 1647
105 105 1524 1647
0 120 1670 1701
0 120 142 155
0 120 2162 2163
0 120 505 2193
0 120 64 2679
0 120 1318 2939
6 10 716 2605
99 104 716 2605
0 120 287 2199
0 120 1925 1927
0 120 204 215
0 120 804 1442
0 120 2734 2739
0 120 93 2104
0 120 963 2189
0 120 1656 1658
0 120 2442 2567
0 120 1356 1366
21 22 1084 1203
0 120 281 290
0 120 189 2687
0 120 440 2269
0 120 244 2394
0 120 973 2540
0 120 2571 2573
0 120 150 2207
0 120 2442 2459
0 120 888 1907
0 120 103 1866
0 120 1223 1897
0 120 2056 2652
0 120 53 59
0 120 1789 2308
0 120 27 824
0 120 784 803
73 76 1742 2233
0 120 626 631
0 120 1486 1489
0 120 2910 2914
0 120 2497 2516
0 120 420 1923
23 25 714 2141
118 118 714 2141
0 120 1387 1483
0 120 177 2690
0 120 1837 2177
0 120 474 2159
88 90 713 2441
0 120 1810 2717
0 120 640 2865
0 120 1548 3242
0 120 2124 2126
0 120 584 1509
0 120 1028 2452
0 1 651 2731
0 120 2208 2534
0 120 680 3203
40 40 649 1867
0 120 463 465
29 31 793 1094
0 120 912 2277
0 120 96 937
0 120 1887 1890
0 120 633 2862
0 120 505 1630
0 120 300 703
78 80 649 820
0 120 1137 1577
0 120 997 1274
0 120 326 1106
0 120 1897 3022
0 120 458 471
0 120 1337 1342
0 120 277 1887
16 17 1742 2596
24 24 1742 2596
26 26 1742 2596
120 120 1742 2596
0 120 2000 3120
0 120 2991 3000
65 65 1203 2547
36 38 694 2175
0 120 568 1807
0 120 865 1505
0 120 1235 2270
0 120 297 1987
0 120 221 1174
4 7 651 2973
99 101 651 2973
0 120 601 3152
0 120 576 584
0 120 239 1716
0 120 710 1338
0 120 746 766
0 120 639 640
0 120 668 1341
0 120 3106 3108
0 120 563 1813
92 92 644 718
0 120 2545 2546
0 120 568 1928
0 120 676 707
0 120 502 1308
0 120 844 2506
0 120 1169 2791
0 120 162 1654
0 120 922 1113
0 120 2522 2535
0 120 1233 1234
0 120 2881 2882
0 120 245 605
0 120 1706 2915
0 120 2000 3133
59 60 352 1485
0 120 1134 2689
0 120 1509 1812
0 120 1118 1927
0 120 1431 2158
0 120 662 664
0 120 882 896
0 120 679 3048
87 90 1374 1624
20 20 713 1878
112 115 713 1878
0 120 3094 3111
11 11 651 2986
0 120 1597 3093
0 120 1884 2140
0 120 2016 2030
0 120 197 1732
0 120 615 2245
0 120 2380 3246
0 120 1609 3103
0 120 2658 2665
0 120 695 3177
0 120 657 670
0 120 483 1308
0 120 421 430
0 120 1945 2500
0 120 1372 2867
0 0 651 1121
92 95 651 1121
0 120 448 2253
64 66 716 1021
0 120 631 2869
0 120 2574 2967
0 120 681 2232
0 120 1789 3155
0 120 483 490
0 120 175 2360
0 120 1622 2749
0 120 309 374
0 120 2093 2105
0 120 1012 1019
34 36 1108 1481
0 120 1916 1920
0 120 2441 2559
0 120 1575 1627
0 120 264 2028
0 120 2215 2216
0 120 1587 2684
0 120 281 2197
77 79 92 1544
0 120 1597 3106
0 120 258 264
78 78 793 1591
74 74 1070 2128
21 21 755 841
115 116 755 841
0 120 40 41
0 120 0 3123
0 120 236 1673
0 120 1798 2049
0 120 1502 3219
0 120 824 1843
0 120 2658 2678
0 120 813 1425
0 120 574 914
89 89 56 1742
0 120 2748 2837
0 120 164 750
0 120 102 1858
0 120 2767 2850
0 120 1198 1532
0 120 205 1542
0 120 265 1327
0 120 1789 3168
0 120 3083 3086
0 120 483 503
0 120 1969 2052
0 120 1766 1989
0 120 2237 3035
0 120 809 1427
0 120 1872 1890
0 120 447 2243
8 8 755 2359
11 13 755 2359
18 28 755 2359
30 52 755 2359
55 56 755 2359
106 106 755 2359
117 117 755 2359
0 120 612 1556
0 120 211 1212
0 120 2463 2560
0 120 1043 2008
79 81 694 1854
0 120 1220 1412
0 120 387 391
0 120 1469 2116
24 27 1448 2996
118 120 1448 2996
0 120 1997 2006
0 120 2415 2519
0 120 703 2613
0 120 2621 2624
0 120 76 1926
0 120 1244 2937
2 5 649 1330
96 98 649 1330
0 120 958 2314
57 59 1108 1615
0 120 1722 3235
0 120 402 406
0 120 196 1735
0 120 165 170
0 120 591 1510
0 120 843 2485
0 120 158 167
0 120 932 2971
0 120 2045 2060
0 120 1152 3240
0 120 1453 2185
0 120 1215 1310
0 120 1814 1898
0 120 365 874
0 120 1557 2242
60 61 898 1374
0 120 3 1461
35 51 1448 3238
0 0 2203 2353
92 94 2203 2353
69 72 651 2436
0 120 2046 2635
0 120 515 2804
0 120 1184 2899
0 120 494 2452
0 120 2061 3172
0 120 263 2031
0 120 1242 2086
0 120 301 337
0 120 1092 1095
0 120 3244 3259
0 120 2182 2186
0 120 592 1977
0 120 1378 2886
0 120 394 1467
51 54 793 1967
0 120 824 1051
0 120 292 1456
27 29 538 694
0 120 149 1636
0 120 1799 2650
0 120 1052 3130
38 40 2203 2474
0 120 1527 1962
0 120 1308 2561
0 120 2808 2813
0 120 7 11
0 120 1242 2207
18 20 177 651
112 113 177 651
0 120 2336 3003
0 120 1135 1852
0 120 586 590
0 120 596 1803
0 120 2048 2307
0 120 1389 2671
5 7 1647 3195
99 101 1647 3195
0 120 1191 2915
0 120 2132 2715
0 120 635 748
0 120 2801 2810
0 120 1003 2864
59 59 607 649
82 83 483 1108
13 13 651 692
20 21 651 692
24 27 651 692
36 36 651 692
53 61 651 692
96 98 651 692
103 108 651 692
110 120 651 692
47 49 648 946
0 120 580 1980
0 120 62 68
0 120 671 1344
0 120 2383 3236
0 120 1082 3130
0 120 301 350
0 120 3074 3090
0 120 1252 1326
0 120 467 1285
0 120 405 407
49 50 121 648
0 11 694 2230
13 21 694 2230
23 24 694 2230
26 31 694 2230
35 36 694 2230
40 40 694 2230
43 45 694 2230
98 99 694 2230
109 114 694 2230
0 120 170 769
0 120 836 2579
8 9 244 718
0 120 1801 2736
0 120 887 3039
0 120 460 1282
0 120 2638 2644
0 120 1022 2446
0 120 3104 3117
0 120 2235 3193
0 120 2868 2877
0 120 1560 1563
0 120 180 181
86 86 278 716
0 120 1121 1930
0 120 993 2913
0 120 1607 2318
0 120 1490 1504
62 64 793 2101
0 120 612 1006
1 4 1448 1507
95 97 1448 1507
3 5 161 1070
97 99 161 1070
0 120 429 2053
0 120 369 1773
12 12 109 651
0 120 697 3036
0 120 848 1219
0 120 1593 1861
0 120 1574 1619
0 120 417 1935
0 120 995 1417
0 120 607 1012
0 120 2754 2832
0 120 3215 3227
0 120 1988 3070
0 120 1885 2154
0 120 400 1473
0 120 159 2350
0 120 1422 2164
0 120 386 1309
0 120 1146 2754
0 120 1230 1405
0 120 829 2818
0 120 223 3237
0 52 443 1291
55 56 443 1291
96 120 443 1291
0 120 123 1609
0 120 1339 1348
0 120 1984 3072
0 120 110 2313
0 120 2243 2249
9 9 514 713
0 120 1363 2873
0 120 697 3049
0 120 1141 2760
0 120 2025 2026
0 120 277 2197
0 120 2756 2770
0 120 3036 3053
0 120 182 2539
0 120 2121 2673
0 120 2553 3084
0 120 28 1843
0 120 1807 2742
0 120 1074 3120
0 120 1428 2157
0 120 659 663
0 120 79 88
0 120 1290 2223
0 120 1603 2683
0 120 1319 2924
0 120 550 1430
0 120 288 2184
0 120 993 1182
0 120 293 2262
0 120 1055 1831
0 120 1483 3032
0 120 874 1490
0 120 1170 2306
0 120 2393 3253
0 1 1070 1136
93 94 1070 1136
0 120 1297 2118
0 120 137 968
0 120 2160 2456
0 120 2841 2854
0 120 365 2552
0 120 93 2093
0 120 86 922
0 120 827 2583
69 70 1448 2930
0 120 1400 1721
0 120 1382 2576
33 40 713 3006
73 74 713 1020
81 81 718 1135
0 120 1831 2173
0 120 2240 2866
0 120 2133 2740
0 120 414 1892
0 120 10 1048
0 120 2231 3046
0 104 718 2303
108 112 718 2303
118 120 718 2303
0 120 785 1310
39 42 694 1680
0 21 1184 1544
26 27 1184 1544
71 71 1184 1544
79 105 1184 1544
107 115 1184 1544
120 120 1184 1544
0 120 2660 2671
0 120 136 2850
0 120 315 866
0 120 511 512
0 120 428 2729
0 120 1670 1703
0 120 3022 3023
0 120 1007 1359
0 120 1200 1259
0 120 441 453
16 18 713 3127
109 111 713 3127
0 120 1017 1552
0 120 485 496
0 120 748 1364
19 22 466 2203
113 116 466 2203
0 120 500 1262
0 120 784 792
0 120 610 1659
0 120 866 1090
0 120 1426 1427
0 120 1369 2879
0 120 2568 2974
0 120 1076 1085
85 87 307 2560
2 2 716 2499
0 120 480 502
18 18 1144 1485
112 112 1144 1485
0 120 927 2948
0 120 2840 2844
0 120 1613 2192
0 120 1869 1889
0 120 205 1731
0 1 1647 3008
93 95 1647 3008
0 120 275 2204
0 120 602 2370
42 43 793 1901
0 120 973 2771
0 120 104 107
0 120 766 2212
0 120 217 1741
0 120 1464 3008
0 120 1798 2130
0 120 1474 1481
0 120 569 1109
56 57 132 1108
0 120 677 679
0 120 1365 2248
0 120 336 349
0 120 1215 1257
0 120 1860 2190
0 120 717 3195
0 120 2866 2873
0 120 579 2736
0 120 365 1989
0 120 277 1876
0 120 657 1343
0 120 1390 2951
0 120 2424 2942
0 120 2532 2704
25 26 694 2164
119 120 694 2164
0 120 155 1627
5 5 714 1096
11 12 714 1096
16 16 714 1096
19 19 714 1096
22 44 714 1096
46 46 714 1096
52 55 714 1096
105 106 714 1096
116 120 714 1096
0 120 609 1568
0 120 1820 3178
0 120 1471 3024
0 120 1252 2428
0 120 1020 2859
0 120 2685 2690
0 120 106 947
0 120 684 695
0 120 832 2808
0 120 966 1576
0 120 1563 1566
87 89 1203 1260
0 120 385 1301
0 120 168 778
0 120 226 231
4 4 718 2908
97 99 718 2908
0 120 2399 3235
0 120 1635 2085
0 120 1540 3245
0 120 124 2169
0 120 1555 1567
0 120 1599 1610
0 120 758 765
0 120 238 241
0 120 100 2980
0 120 594 2054
0 120 1542 2796
46 48 694 1238
101 109 649 1990
0 120 1445 3129
0 120 2109 2126
0 120 1611 1849
0 120 990 1273
0 120 847 1453
0 120 112 2990
0 2 716 1936
93 96 716 1936
0 120 1808 2134
0 120 1638 2211
0 120 679 3037
0 120 791 1292
0 120 1950 2483
9 10 651 2975
102 104 651 2975
0 120 611 1361
0 120 2536 2543
0 120 2234 3181
0 120 1499 1500
0 120 2380 3235
66 67 1544 2734
13 23 649 3050
107 114 649 3050
72 74 859 2860
0 120 1158 3156
0 120 1053 1679
0 120 421 2634
0 120 762 2698
0 120 2310 3176
0 120 383 2113
0 120 548 1426
26 30 307 3057
120 120 307 3057
48 48 417 714
0 120 446 1415
0 120 530 2806
91 92 649 2003
0 120 1230 1231
0 120 442 2464
0 120 2522 2537
8 9 1658 2203
102 104 1658 2203
0 120 2246 2373
0 120 1444 1685
0 120 821 2460
113 113 1141 1647
115 115 1141 1647
0 2 1127 1749
94 96 1127 1749
0 120 411 1313
0 120 2649 2726
0 120 1587 2673
0 120 221 1189
117 120 59 1127
0 120 838 2814
0 120 612 2242
0 120 1288 1293
0 120 432 554
0 120 2526 2548
0 120 1557 2915
0 120 366 1957
89 90 261 443
0 120 2721 2723
0 120 2888 2900
15 15 659 718
85 87 659 718
89 91 659 718
96 98 659 718
100 120 659 718
74 75 1127 2809
0 120 910 2057
62 65 172 859
86 87 416 1485
0 120 177 974
0 120 524 2250
0 120 684 2239
76 78 1544 3097
0 120 699 3005
0 120 621 1365
0 120 776 1010
0 120 2603 2623
48 50 713 2122
0 120 264 2030
0 120 2435 2487
67 72 2203 3147
82 83 2203 3147
0 120 525 2825
0 120 1597 3108
69 71 714 2761
0 120 258 266
0 120 2126 2671
0 120 556 1128
0 120 643 1016
0 120 2551 2554
0 120 1130 1134
0 120 2083 2220
0 120 390 1095
0 120 992 1429
80 81 1544 2171
58 59 425 793
85 85 649 2258
0 120 1815 2634
0 120 499 1267
0 120 1653 2343
0 120 1689 2000
0 120 1140 2761
0 120 1298 2115
0 120 2843 2847
0 120 1621 2768
82 85 1103 1647
0 120 1466 1470
0 120 3233 3261
0 120 621 1378
0 120 1252 2938
0 120 1251 2942
0 120 2230 3034
0 120 184 2545
0 120 1006 2882
0 120 1388 2947
46 46 717 793
0 120 973 2705
0 120 1836 2585
0 120 2321 2334
0 120 2920 2922
0 120 1166 3248
0 120 2019 2935
0 120 319 868
0 120 102 116
0 120 1022 1025
0 120 2054 3158
55 58 134 859
70 72 1374 3170
21 22 1448 3119
115 117 1448 3119
0 120 1214 1720
0 120 729 1971
0 120 954 2318
0 120 1902 3060
0 120 95 2328
0 120 1757 2413
0 120 1595 1597
0 120 1540 1661
0 120 934 2080
0 120 623 2218
0 120 1878 1885
0 120 161 1635
0 120 498 2452
0 120 2628 2642
0 120 1485 3122
0 120 368 2608
0 120 731 3185
0 120 406 648
0 120 239 242
0 120 2687 2697
0 120 151 2344
0 120 538 804
0 120 677 1902
0 120 2451 2457
0 120 589 1789
0 120 1850 2991
0 120 2750 2753
0 120 150 170
0 120 799 2565
0 120 1308 2442
0 120 1029 1041
0 120 857 2506
0 120 1798 2306
0 120 1825 2180
0 120 2422 2924
0 120 1092 1097
0 120 2165 3002
0 120 319 881
0 120 682 704
0 120 14 16
0 2 621 694
94 96 621 694
0 120 2054 3171
0 120 22 1826
0 120 409 3026
0 120 1052 3132
0 120 2516 2936
0 120 2808 2815
0 120 590 2283
0 120 1636 2365
0 120 763 2211
0 120 782 2224
0 120 1764 2550
0 120 659 1336
0 120 2426 2935
0 120 148 2352
0 120 638 2216
0 120 1178 1672
25 25 443 1977
0 120 726 1511
0 120 1249 1323
0 120 201 1168
0 120 1515 1967
79 81 859 2794
97 97 602 694
0 120 516 1408
0 120 1465 3018
0 6 665 713
9 16 665 713
18 120 665 713
0 120 1425 2158
0 120 148 1655
0 120 2378 3244
0 120 2981 2985
0 120 2188 3120
50 50 454 651
78 80 648 1419
0 120 771 772
0 120 793 1285
0 120 1505 3211
0 120 774 777
0 120 1078 1683
0 120 75 2991
0 120 116 2992
0 120 228 3233
0 120 2434 2479
0 120 534 536
24 25 269 1544
117 119 269 1544
0 120 654 1355
0 120 1134 2746
0 120 1776 1984
0 120 806 2163
0 120 1847 1864
0 120 1532 2792
76 79 1203 1570
56 58 714 2574
0 120 2531 2533
5 7 649 1950
98 102 649 1950
0 120 2978 2993
0 120 856 2923
0 120 887 2236
0 120 2779 2783
49 49 1127 1925
63 63 1127 1925
65 66 1127 1925
77 77 1127 1925
85 85 1127 1925
87 87 1127 1925
0 120 1493 3214
0 120 206 2777
0 120 75 79
56 61 443 2461
63 80 443 2461
84 84 443 2461
87 87 443 2461
0 120 1331 2923
17 18 443 2232
111 112 443 2232
0 120 2063 2549
0 120 2128 2678
0 120 848 1234
0 120 2568 2950
0 120 199 2774
0 120 1317 1941
0 120 419 562
0 120 1785 2046
0 120 1795 2734
0 120 1929 2734
0 120 778 1138
10 26 307 321
105 108 307 321
111 120 307 321
0 120 1151 2403
13 14 755 2174
107 108 755 2174
0 120 839 2582
0 120 1102 3221
74 76 2203 2973
0 120 1220 1227
0 120 136 2839
0 120 2753 2851
0 120 693 2235
0 120 772 2528
0 120 1319 2926
0 120 1002 1004
0 120 147 2210
70 72 1108 1659
0 120 1170 2308
0 120 3062 3084
0 120 773 2349
0 120 1534 1538
0 120 842 1954
0 120 434 2654
0 120 1105 2593
0 120 2841 2856
0 120 2072 2116
0 120 2154 2155
70 73 714 2708
0 120 388 1491
0 120 1000 2247
0 120 2328 2981
0 120 1278 2228
0 120 1147 2711
0 120 668 727
0 120 126 178
0 120 136 2852
0 120 614 1659
0 120 315 868
0 120 482 1274
30 33 1127 2998
0 120 1104 3243
0 120 3242 3257
14 14 718 1258
108 108 718 1258
0 120 962 1847
0 120 533 1441
0 120 844 845
0 120 1511 2291
0 120 1972 3174
0 120 5 9
0 120 46 47
0 120 280 2200
0 120 719 1567
0 120 937 2958
0 120 39 825
0 120 205 2780
0 120 1356 1370
60 62 1647 1842
0 120 476 1028
20 22 1070 1272
114 115 1070 1272
0 120 438 507
15 21 307 1744
109 115 307 1744
0 120 981 1200
0 120 711 1339
0 120 757 2209
0 120 1947 2484
0 120 2420 2933
0 120 1547 2779
0 120 2216 2874
0 120 1944 2415
0 120 516 2268
0 120 1474 1483
0 120 976 977
0 120 353 1752
0 120 1015 2366
0 120 477 1293
0 120 1163 2789
0 120 2346 2351
0 120 524 2802
0 120 212 995
0 120 1769 1781
0 120 277 1878
0 120 1488 1502
0 120 2692 2695
0 120 945 1748
0 120 1774 3064
59 60 186 713
0 120 621 641
0 120 2121 2125
0 120 488 1280
0 120 87 936
0 120 1385 2959
0 120 1201 2384
0 120 437 1234
4 7 1070 1635
98 101 1070 1635
0 120 108 2981
72 73 1448 2490
0 120 18 2004
0 120 1045 1053
82 83 140 718
0 120 1975 3175
0 120 2100 2123
0 120 2979 2994
0 120 162 1645
0 120 1155 2389
37 39 174 716
0 120 1005 2859
0 120 819 2440
0 120 671 1522
0 120 146 1637
0 120 2467 2590
0 120 1068 3144
0 120 1627 2842
0 120 176 762
0 120 28 2584
0 120 303 308
89 94 793 2387
0 120 31 1835
0 120 22 29
0 120 567 1815
0 120 431 722
0 120 224 1183
0 120 2297 2300
0 120 757 1646
34 41 1070 1877
0 120 1887 2136
0 120 299 1771
0 120 851 2513
0 120 968 1866
0 120 2953 3099
2 2 651 1930
0 120 1986 3081
0 120 1695 3134
0 120 1717 2893
0 120 552 904
0 120 770 2524
0 120 887 894
0 120 823 1404
0 120 3212 3215
0 120 2574 2958
0 120 1531 2393
0 120 180 2695
0 120 1687 3135
0 120 1331 2039
0 120 1916 2729
0 120 687 1479
0 120 604 1710
0 120 1201 1700
0 120 1109 2111
0 120 1088 3220
0 120 1226 1235
0 120 1487 1505
0 120 1587 2675
0 120 145 2364
0 120 363 1769
0 120 444 445
0 120 1653 2211
0 120 426 2054
28 30 1716 1742
0 120 357 1954
0 120 768 771
0 120 2148 2153
0 120 432 556
0 120 179 1130
0 120 377 2606
0 120 1514 2281
0 120 490 497
0 120 42 1835
108 109 441 1544
0 120 799 1023
0 120 599 669
0 120 618 719
0 120 549 848
0 120 595 3179
0 120 1008 1362
0 120 203 211
0 120 524 2252
0 120 479 789
0 120 1872 1881
0 120 258 1315
0 120 280 1074
0 120 1044 1995
0 120 491 1257
0 120 47 48
0 120 692 3004
15 24 1127 3161
109 119 1127 3161
0 120 1698 1701
0 120 607 2371
0 120 1175 1660
0 120 970 2194
0 120 277 281
0 120 686 3189
0 120 1181 1182
36 36 1544 3220
0 120 1026 1308
0 120 1244 2928
0 120 1165 2406
12 14 492 1374
106 108 492 1374
0 120 2135 2641
0 120 2551 2556
105 106 818 1544
0 120 448 513
0 120 2385 2789
0 120 783 1028
29 30 614 1485
0 120 1185 2240
0 120 2484 2502
0 120 1491 1758
0 120 782 1032
0 120 2162 2222
0 120 1403 1416
0 22 713 3184
58 59 713 3184
64 67 713 3184
69 69 713 3184
71 72 713 3184
79 79 713 3184
83 87 713 3184
90 99 713 3184
0 120 269 2204
0 120 1509 2300
17 18 714 1837
0 120 1559 1663
0 120 507 2261
0 120 1057 2176
0 120 257 1332
0 120 68 1167
0 120 207 1740
0 120 615 1565
0 120 1680 3121
53 54 859 2191
73 74 713 2366
83 83 1742 2050
0 120 107 112
0 120 724 1966
100 103 648 3139
0 120 484 1267
0 120 57 1917
0 120 1943 2942
0 120 2901 2911
0 120 2488 2513
0 120 0 3140
0 120 301 328
0 120 960 967
0 120 1455 3124
0 120 598 1517
0 120 981 1255
0 120 322 387
0 120 2058 2636
0 120 1022 1027
0 120 566 2733
0 120 196 1739
0 120 1956 2588
0 120 3253 3255
0 120 450 2787
0 120 1969 2298
0 120 890 3059
0 120 1444 2184
0 120 675 690
40 41 152 649
0 120 161 1637
0 120 634 2086
0 120 1155 3249
0 120 1380 1381
0 120 227 1173
0 120 1579 2759
73 75 793 1850
75 77 648 1166
80 88 651 683
0 120 1850 2993
0 120 1308 2444
47 48 1127 2369
0 120 137 1630
0 120 863 1505
0 120 235 1707
0 120 1569 1667
0 120 2443 2460
0 120 2295 2296
0 120 849 2509
48 50 443 1858
0 120 355 1745
0 120 1384 1392
0 120 2423 2481
0 120 375 2626
0 120 1562 1664
0 120 1173 2377
0 120 677 3193
0 120 2439 2462
0 120 1166 1169
0 120 594 3158
0 120 1210 1212
84 86 859 2446
0 120 1937 2480
0 120 920 1113
0 120 2305 2647
0 120 393 401
0 120 1150 1575
0 120 1889 2143
0 120 2001 3138
0 120 3162 3170
81 82 1742 2655
0 120 1415 2260
0 120 715 1354
0 120 343 1748
0 120 916 1115
0 120 167 768
0 120 1996 2013
46 49 649 771
64 66 1128 2203
0 120 987 995
0 120 926 2971
0 120 2805 2825
0 120 2232 3192
29 33 859 1520
0 120 2022 2150
0 120 2420 2425
0 120 348 1947
0 120 594 3171
0 120 79 2991
0 120 2636 2723
0 120 2763 2764
0 120 115 958
0 120 1479 3039
0 120 87 3111
0 120 770 2350
0 120 1009 2861
0 120 592 1526
0 120 1870 2143
0 120 1796 1965
0 120 1250 2923
0 120 407 1480
0 120 1458 1677
0 120 1573 1627
0 120 625 2871
0 120 303 376
0 120 836 2825
0 120 89 2073
0 120 2988 3003
0 120 1847 1866
0 120 1346 1355
60 63 1203 1572
0 120 100 956
0 120 1595 2325
0 120 2417 2433
0 120 908 1129
0 120 295 1131
0 120 897 1465
0 120 1098 3212
0 120 2779 2785
0 120 1127 1927
0 120 611 613
0 120 31 38
0 120 1040 2453
0 120 1730 2405
0 120 1330 2929
0 120 1870 2156
80 86 755 1008
0 120 2568 2952
0 1 634 718
0 120 653 731
0 120 1489 3218
0 120 692 2120
0 120 3187 3189
69 73 718 1126
0 120 2834 2842
0 120 692 1891
0 120 666 670
0 120 965 3218
0 120 901 1476
0 120 1888 2146
0 120 2124 2682
65 66 651 1072
0 120 408 1314
13 15 714 2818
107 109 714 2818
0 120 659 667
0 120 2025 2151
90 92 499 1203
0 120 2379 2383
0 120 2470 2501
34 34 1374 2864
47 48 1374 2864
52 53 1374 2864
56 56 1374 2864
59 59 1374 2864
80 80 1374 2864
0 120 381 2608
26 28 651 2240
120 120 651 2240
0 120 1301 1302
0 120 2092 2097
0 120 91 2317
0 120 204 208
0 120 2482 2511
48 49 718 2415
0 120 3254 3256
0 120 1787 2629
0 120 1297 1304
0 120 3184 3197
0 120 2604 2622
0 120 496 501
0 120 790 2439
22 25 793 2939
116 119 793 2939
0 120 2730 2734
0 120 2427 2925
52 54 716 1672
0 120 508 511
0 120 1368 2123
0 120 1072 1078
0 120 2959 2971
0 120 1911 3045
29 32 1203 3224
0 120 2041 2108
0 120 274 280
0 120 293 522
0 120 1881 1890
0 120 267 1324
0 120 103 1859
0 120 1925 1933
0 120 2771 2856
0 120 1570 1705
55 62 402 694
87 89 979 2203
0 120 614 1553
0 120 3014 3028
0 120 743 2192
0 120 1002 1369
0 120 737 1852
0 120 3077 3084
32 33 307 578
0 120 212 984
0 120 477 2450
0 120 76 2106
56 58 1203 3116
0 120 349 3204
0 120 552 1806
52 53 443 2839
0 120 16 1045
0 120 2903 2904
0 120 133 1630
0 120 329 1505
0 120 2001 2012
0 120 2954 3098
0 120 1588 1614
0 120 2381 3236
0 120 345 3206
0 120 341 1744
0 120 1726 3241
0 120 2947 3095
0 120 932 936
18 20 859 2609
112 115 859 2609
42 42 1127 1377
0 120 159 168
38 41 648 1113
0 120 1193 2899
0 120 1198 3243
19 41 181 1647
43 43 181 1647
45 46 181 1647
92 92 181 1647
107 107 181 1647
110 116 181 1647
118 119 181 1647
0 120 1829 1834
0 120 461 469
0 120 153 2339
0 120 2673 2684
0 120 3120 3144
0 120 882 1465
0 120 2234 3051
0 120 1896 2238
0 120 575 2742
0 120 1318 2032
0 120 454 466
0 120 557 1116
45 45 716 2866
0 120 593 1978
0 120 746 759
0 120 2766 2767
0 120 11 1064
0 120 2917 2936
80 82 492 1108
0 120 1574 2833
0 120 528 536
0 120 232 1706
0 120 595 1529
51 53 533 651
0 120 1336 3190
0 120 961 1852
0 120 876 3205
0 120 2574 2947
0 120 1156 3259
0 120 2391 3240
0 120 1550 2395
0 120 560 1922
0 120 2304 2305
0 120 139 1599
0 120 518 1403
0 120 599 2294
0 120 2297 2302
0 120 1779 2605
0 120 791 2464
13 13 2007 2203
16 18 2007 2203
20 37 2007 2203
41 41 2007 2203
43 44 2007 2203
46 47 2007 2203
111 120 2007 2203
0 120 33 836
0 120 377 380
21 24 597 649
115 119 597 649
0 120 1968 1982
0 120 414 1467
0 120 1945 2493
0 120 1169 2797
0 120 940 2974
0 120 2571 2955
0 120 513 1409
0 120 1774 2611
0 120 193 973
0 120 184 187
0 120 683 3052
7 9 1562 2203
102 103 1562 2203
0 120 2651 2655
0 120 1789 3148
0 120 1364 2218
0 120 247 1704
0 120 507 2826
0 120 2802 2824
0 120 653 665
0 120 1853 1857
0 120 704 896
0 120 299 3062
0 120 1856 1862
0 120 775 776
0 120 2552 3063
0 120 1683 3139
0 120 2706 2712
69 71 438 1127
0 120 2642 2727
0 120 2728 2730
0 120 2895 2907
0 120 768 773
0 120 71 1599
0 120 1952 2509
0 120 2411 2794
0 120 518 2584
0 120 2080 2960
0 120 1458 3142
0 120 770 2539
0 120 892 2236
0 120 1372 2873
0 120 720 732
0 120 212 1723
0 120 1631 2575
0 120 2090 2106
0 120 20 506
4 9 999 1544
98 104 999 1544
0 120 1821 1918
0 120 826 2821
0 120 332 1495
0 120 1182 1702
0 120 888 1484
0 120 74 2957
0 120 1813 2737
3 5 929 1485
97 99 929 1485
0 120 2716 2733
0 120 2552 3076
67 68 1108 2884
0 120 232 3250
0 120 2554 3085
13 15 443 1484
108 109 443 1484
0 120 2602 2604
0 120 1974 2281
0 120 534 848
0 120 3008 3026
23 25 718 1423
117 119 718 1423
15 18 494 2203
109 112 494 2203
28 30 1374 1993
71 73 307 1559
0 120 3130 3137
0 120 1815 2638
76 77 1108 2776
0 120 134 2836
0 120 1772 1773
0 120 839 1834
0 120 1537 2401
0 120 2096 2099
0 120 1831 2582
88 90 532 859
0 120 2075 2979
80 80 1127 2008
0 120 447 2249
0 120 1792 2627
0 120 1465 1478
44 46 343 1374
0 120 1184 1724
0 120 2388 2392
0 120 1170 1789
0 120 801 1434
0 120 1663 2890
0 120 1835 2179
0 120 2232 3047
0 120 317 1092
0 120 3181 3196
25 27 294 1108
119 120 294 1108
0 120 619 639
36 38 443 2665
0 120 976 1142
0 120 1356 2366
0 120 776 2545
0 120 2894 2910
0 120 1581 2713
0 120 431 2281
0 120 460 1033
0 120 413 692
0 120 81 2168
0 120 1834 1846
0 120 619 760
0 120 618 1555
0 120 90 941
86 88 793 2081
0 120 1871 1886
0 120 1062 1451
0 120 582 585
0 120 1442 1443
0 120 1662 1712
0 120 342 344
0 120 1619 2833
0 120 3241 3260
0 120 2711 2765
0 120 1618 2837
0 120 61 2576
20 21 714 3141
114 115 714 3141
0 120 1937 2590
0 120 2745 2763
92 93 1127 2492
0 120 1908 3057
0 120 53 2577
0 120 1051 1679
75 78 872 1448
28 29 305 1108
17 19 19 714
111 113 19 714
0 120 1490 1497
0 120 24 829
0 120 1789 1793
0 120 366 1761
63 64 1085 1448
0 120 510 1217
22 22 443 1981
0 120 1833 1836
0 120 1029 1287
0 120 1889 2145
0 120 3162 3172
0 120 1025 2565
0 120 2434 2470
0 120 1116 1929
0 120 1078 1445
34 36 307 2056
0 120 1375 2863
77 78 1607 2203
0 120 1951 2501
0 120 1945 2427
0 120 751 2218
0 120 584 1812
0 120 1155 2796
0 120 1585 1626
0 120 249 250
0 120 572 3155
33 35 1742 2778
0 120 1446 1696
0 120 596 2051
0 120 2760 2761
0 120 348 1949
0 120 759 766
0 120 3210 3226
0 120 1085 1690
0 120 455 1294
19 21 1203 1682
0 120 1936 2499
0 120 1552 1570
0 120 1870 2145
0 120 848 1225
0 120 774 1010
0 120 552 2129
0 120 1873 2150
0 0 1127 1808
2 11 1127 1808
13 13 1127 1808
19 29 1127 1808
31 31 1127 1808
34 71 1127 1808
73 73 1127 1808
76 120 1127 1808
0 120 1240 2917
0 120 2553 3077
0 120 209 2406
0 120 2748 2764
0 120 274 1074
0 120 1397 2571
0 120 246 1012
0 120 812 1423
42 45 1070 1947
0 120 829 838
0 120 744 2191
0 120 685 3045
0 120 1767 2555
0 120 1471 1473
0 120 268 1444
0 120 1049 2009
0 120 1962 1976
0 120 976 2699
0 120 1136 2688
0 120 926 3107
0 120 1161 1698
0 120 256 1326
82 82 694 734
0 120 2774 2793
93 95 716 2479
0 120 697 2237
0 120 833 1832
0 120 666 672
0 120 129 733
0 120 581 2291
0 120 292 2188
0 120 426 3171
45 46 367 1544
0 120 585 720
0 120 3066 3086
60 60 1108 2710
0 120 101 112
35 38 648 2725
0 120 1282 1291
0 120 874 1496
0 120 1321 2939
0 120 2408 2793
8 9 300 443
102 104 300 443
0 120 2138 2151
0 120 2401 2790
0 120 1637 1640
0 120 1771 2623
0 120 422 554
0 120 250 2019
0 120 1809 2649
22 25 798 1070
116 119 798 1070
83 86 1448 2118
0 120 1678 2580
0 120 668 731
0 120 587 1789
0 120 152 1632
0 120 2493 2500
0 120 1130 2711
0 120 1008 1553
0 120 1307 2115
0 120 271 277
0 120 680 3185
0 120 391 1096
0 120 516 2259
16 19 793 847
110 113 793 847
0 120 2056 2647
0 120 53 54
41 42 1742 2457
0 120 784 798
0 120 2485 2501
0 120 916 917
0 120 2268 2274
0 120 3235 3258
0 120 934 2957
0 120 70 1391
0 120 761 2211
0 120 1790 2649
0 120 1186 1717
0 120 205 2784
0 120 262 1332
0 120 277 1869
0 120 177 2685
27 29 755 2433
0 120 1699 1713
0 120 111 116
0 120 1210 1256
0 120 929 2963
71 78 755 1615
4 8 1173 1374
98 103 1173 1374
0 120 1252 2421
0 120 1496 2552
0 120 403 409
84 84 1485 2134
0 120 1994 2011
0 120 941 2973
0 120 877 1497
0 120 784 1040
0 120 3213 3216
0 120 749 2214
0 120 1452 3125
0 120 509 2269
0 120 1355 3192
0 120 628 2863
0 120 1684 3138
0 120 1029 2160
0 120 824 1462
0 120 1679 2013
0 120 753 764
0 120 2549 3064
52 53 136 307
0 120 2326 2992
0 120 1958 2596
0 120 172 2704
0 120 2703 2713
0 120 1182 2375
0 120 423 2057
0 120 2386 2777
0 120 1493 1742
58 60 32 1647
82 84 713 2799
0 120 1100 3208
0 120 453 1411
0 120 45 2111
0 120 1215 1734
0 120 1012 2866
0 120 650 1467
0 120 588 589
71 74 718 2096
3 5 716 3218
0 120 1036 2442
0 120 397 1223
0 120 686 3046
0 120 185 2535
0 120 1150 2692
0 120 95 1595
0 120 2751 2767
0 120 760 2214
0 120 679 3043
0 120 1792 2132
0 120 2129 2720
0 120 2473 2493
0 2 174 1070
94 96 174 1070
0 120 1738 2798
0 120 354 1940
41 43 287 718
0 120 290 2184
51 54 1203 2676
0 120 1241 2931
0 120 418 420
0 120 1392 3100
41 44 753 1127
0 120 1288 2225
88 90 718 2338
0 120 1879 2141
0 120 399 1309
0 120 1044 1047
0 120 1526 2282
0 120 72 914
0 120 175 2355
21 22 718 1291
115 116 718 1291
0 120 1365 2859
0 120 2994 2996
0 120 775 778
0 120 522 2584
0 120 232 3239
14 18 655 1127
108 113 655 1127
9 12 1374 2800
102 106 1374 2800
0 120 1276 2228
0 120 290 2197
0 120 412 1894
74 75 606 713
0 120 296 1948
0 120 358 2597
0 120 1158 3175
0 120 1131 1766
0 120 778 2365
0 120 2013 3137
0 120 313 316
59 59 755 3172
38 40 1374 2921
0 120 2375 3260
0 120 809 1422
0 120 1916 1928
0 120 1336 1353
0 120 1188 1189
58 59 2203 3153
0 120 1692 2183
74 76 1647 2935
0 120 1965 2278
0 120 7 3134
0 120 1521 2301
0 120 258 272
70 71 793 1599
0 120 2038 2039
69 71 648 2901
0 120 2554 3087
68 69 658 1374
24 25 694 802
118 120 694 802
0 120 2488 2504
0 120 179 1147
0 120 1451 2178
0 120 102 109
0 120 1753 1762
0 120 3237 3238
0 120 847 2185
0 120 1535 1539
0 120 1972 2294
0 120 769 2531
0 120 507 2265
0 120 1902 2235
0 120 2924 2926
8 10 307 1682
102 104 307 1682
0 120 47 65
0 120 610 2888
0 120 1011 1017
67 69 443 1728
0 120 897 1898
0 120 1814 3061
64 65 714 2191
0 120 1641 2352
0 120 1802 3172
0 120 1828 2178
22 23 462 694
116 117 462 694
0 120 556 558
0 120 790 1691
0 120 2443 2451
0 120 301 1500
0 120 1378 2881
0 120 2314 2337
0 120 1625 2758
54 56 1647 2251
0 120 2469 2588
0 120 1636 2358
0 120 782 2446
0 120 627 1377
0 120 401 3020
0 120 1846 2582
0 120 1206 1727
0 120 1361 1372
0 120 781 797
0 120 160 184
0 120 1641 1655
0 120 1170 1804
0 120 1154 3257
0 120 3100 3101
0 120 456 475
0 120 563 574
71 73 482 649
0 120 2001 3129
0 120 1104 2389
0 120 1339 3195
0 120 1153 2776
0 120 836 2803
0 120 1154 1163
0 120 1109 1915
0 120 1885 2136
0 120 2685 2751
43 44 718 2030
0 120 3199 3201
0 120 1022 2441
0 120 977 978
0 120 1025 2446
0 120 1359 1568
82 85 443 1044
0 120 1754 2592
0 120 121 2979
0 120 797 1276
0 120 730 2040
0 120 157 192
0 120 1770 1782
0 120 347 1750
0 120 154 2338
0 120 770 2341
0 120 1833 1838
37 39 307 1119
0 120 637 765
0 120 310 370
0 120 2431 2467
0 120 437 1414
0 120 2238 3055
0 120 194 195
0 120 108 946
59 60 1818 2203
42 44 443 936
0 120 644 2875
0 120 303 367
0 120 301 1755
0 120 1386 2960
0 120 1651 2211
0 120 2124 2660
0 120 1155 2798
0 120 212 1417
0 120 1232 2264
0 120 1686 2205
0 120 194 2531
0 120 1873 2031
72 73 713 2867
0 120 123 1604
31 33 1149 1448
0 120 1462 1679
0 120 154 2351
0 120 632 2878
0 120 723 2279
0 120 1406 2272
70 71 475 716
0 120 848 1227
0 120 619 1367
0 120 493 999
0 120 3055 3061
0 120 770 1536
0 120 2535 2537
0 91 793 2459
96 120 793 2459
83 86 643 714
0 120 357 845
0 120 1633 2850
0 120 231 1672
0 120 136 2832
0 120 905 2111
0 120 1024 1308
0 120 1977 3148
69 71 399 1485
0 120 1304 2116
0 120 3129 3131
12 12 443 1299
106 107 443 1299
0 120 1969 1981
0 120 1471 1475
0 120 1390 2570
0 120 1629 2852
0 120 528 848
0 120 2575 2959
0 120 1058 1831
68 68 547 1127
0 120 3062 3077
0 120 2702 2771
0 120 2375 2376
0 120 1628 2856
0 120 1296 2117
0 120 1402 2809
0 120 1247 2935
0 120 2078 3092
0 120 545 1431
0 120 956 2988
0 120 1090 3217
0 120 130 960
0 120 854 2940
13 15 1647 1822
106 109 1647 1822
0 1 353 443
94 95 353 443
0 120 2240 2861
0 120 1954 2504
0 120 359 1951
0 120 1267 1308
0 120 3180 3190
0 120 315 1090
0 120 136 2845
0 120 2319 2336
0 120 1175 1719
0 120 1301 1306
0 120 320 387
0 120 452 2263
0 120 1971 2040
0 120 223 225
0 120 238 3243
0 120 135 2327
0 120 1606 3110
0 120 1511 2284
35 35 859 2129
0 120 900 1901
0 120 2171 2330
0 120 889 1483
0 120 422 556
0 120 250 2021
2 2 307 2555
96 96 307 2555
0 120 1960 2295
33 40 1378 1647
0 120 2947 2965
0 120 1839 2005
0 120 977 2535
29 29 1108 1786
32 33 1108 1786
36 50 1108 1786
55 56 1108 1786
58 58 1108 1786
0 120 2556 3080
0 120 278 282
0 120 768 2361
0 120 92 1849
0 120 369 2615
83 83 718 2769
0 120 539 848
0 120 1559 2890
0 120 1168 3234
0 120 2417 2921
0 120 199 1157
119 120 648 3198
0 120 266 2150
0 120 1630 2770
0 120 680 3187
78 80 1647 1956
0 120 2574 2575
0 120 34 43
0 120 1797 2654
0 120 2094 2123
0 120 1426 1435
0 120 1706 1718
28 29 713 1499
0 120 1253 2941
0 120 272 2022
0 120 821 1032
0 120 205 2786
0 120 1356 1376
0 120 477 2454
0 120 1457 2182
0 120 1556 1666
0 120 16 1049
0 120 348 1751
0 120 308 2618
0 120 621 634
0 120 1753 1951
0 120 199 1399
0 120 226 3259
0 120 2965 2968
0 120 164 2344
0 120 1200 1738
11 14 840 1203
105 108 840 1203
0 120 570 2739
0 120 181 2698
0 120 2803 2825
91 93 487 755
0 120 1072 1445
0 120 1992 2583
0 120 844 2490
0 120 1713 2902
36 39 634 1448
86 88 2203 2766
0 120 997 1271
0 120 1599 1605
0 120 496 989
0 120 458 468
60 62 716 992
0 120 734 1571
0 120 2692 2701
33 35 649 938
0 120 2127 2663
0 120 695 3040
0 120 53 1587
0 120 1601 2324
54 76 694 1354
0 120 699 1469
0 120 62 2575
0 120 535 809
0 120 851 2506
0 120 875 877
0 120 512 2811
0 120 1100 3210
0 120 398 1477
0 120 919 920
0 120 1244 2437
0 120 464 1279
0 120 762 2693
0 120 2809 2818
0 120 108 2169
0 120 10 2011
0 120 801 820
52 54 541 1647
0 120 1226 2275
0 120 1957 2494
0 120 2246 2368
0 120 596 2108
68 69 714 1575
92 92 1108 1236
0 120 409 1464
0 120 1587 2668
0 0 718 2219
93 93 718 2219
79 81 200 307
0 120 877 1983
0 120 1608 2956
0 120 1541 1734
0 120 490 1308
0 120 2895 2898
0 120 837 2584
0 120 575 1123
0 120 191 194
0 120 1798 1804
18 20 1636 1742
111 114 1636 1742
0 120 572 2286
0 120 1288 2227
0 120 80 2312
0 120 2086 2207
0 120 191 1133
0 120 2637 2724
0 120 180 2701
36 41 1203 3028
0 120 2414 2423
0 120 690 3180
0 120 1395 2969
0 120 1856 1866
0 120 1020 1365
0 120 1615 2743
0 120 954 2997
0 120 2552 3067
3 4 613 718
40 41 312 1544
0 120 2440 2560
0 120 1172 2402
46 46 1000 1127
0 120 365 387
0 120 609 1013
0 120 2665 2678
0 120 1118 1119
0 120 1682 3147
0 120 1238 1938
10 10 689 713
14 15 689 713
20 61 689 713
63 66 689 713
72 72 689 713
85 85 689 713
95 98 689 713
102 105 689 713
107 109 689 713
112 115 689 713
0 120 2728 2734
0 120 2043 2631
47 50 859 3110
0 120 883 1481
0 120 518 831
0 120 210 220
0 120 2658 2675
0 120 225 3238
0 120 490 503
28 30 263 1544
0 120 949 3003
0 120 1458 3146
0 120 1976 2052
0 120 2141 2156
2 5 716 1489
96 98 716 1489
0 120 1879 2156
0 120 253 267
0 120 2440 2452
0 120 1791 2043
48 50 1027 1647
0 120 1083 2185
0 120 1902 3042
0 120 656 657
0 120 479 1024
0 120 2640 2742
0 120 1191 1718
74 75 859 1016
0 120 771 2364
0 120 234 1193
0 120 621 1373
0 120 507 2254
0 120 741 2192
0 120 278 2202
0 120 1915 1934
0 120 1614 2760
99 99 714 783
0 120 466 1435
0 120 557 570
0 120 2838 2848
42 43 223 1448
0 120 733 2193
0 120 14 1045
0 120 1803 2632
0 120 857 2488
38 40 1127 2349
0 120 1977 2290
0 120 196 2779
0 120 1677 1998
65 66 1350 1374
0 120 742 966
0 120 102 111
0 120 592 1961
0 120 108 1848
38 38 409 793
0 120 51 65
0 120 348 2503
0 120 700 1908
0 120 856 2421
0 120 450 1733
0 120 507 2267
0 120 1298 1305
0 120 1465 1482
0 120 814 2949
0 120 1705 2891
0 120 213 1268
0 120 1009 2370
0 120 639 1376
0 120 2731 2735
0 120 2110 2122
0 120 1871 1877
0 120 150 165
65 65 307 637
0 120 1803 2645
0 120 1187 2376
64 66 1374 2239
0 120 1978 3171
0 120 319 876
0 120 688 1911
0 120 1011 1369
0 120 309 3083
0 120 756 2082
57 58 1340 1544
0 120 227 240
0 120 526 802
0 120 1944 2476
0 120 1295 2067
0 120 545 815
0 120 586 587
0 120 1112 2094
0 120 446 2270
0 120 751 2088
0 120 653 1516
0 120 2129 2643
0 120 708 1223
1 3 756 2203
95 97 756 2203
76 78 648 1172
0 120 3011 3031
0 120 1041 2564
0 120 2304 3169
0 120 2001 3131
0 120 1202 1206
71 71 1448 2430
0 120 985 1208
0 120 1766 1773
0 120 1912 3059
0 120 685 687
29 31 327 713
0 120 633 2217
0 120 836 2805
0 120 3136 3147
0 120 533 818
0 120 1734 1740
0 120 1775 1778
0 120 218 1709
0 120 183 2691
0 120 606 1562
28 31 716 939
0 120 1041 2456
0 120 31 836
0 120 1526 1976
0 120 908 1109
0 120 762 1580
0 120 1572 2846
0 120 417 1811
0 120 1334 3203
0 120 24 833
0 120 903 1933
0 120 1708 2892
0 120 3229 3230
0 120 904 1111
0 120 682 2230
0 120 2693 2698
0 120 2165 2313
0 120 615 1008
0 120 2247 2877
0 120 1316 1321
0 120 2923 2931
0 120 2176 2179
0 120 1221 1232
0 120 938 3095
0 120 518 523
65 67 635 1108
0 120 1726 2387
70 72 528 716
12 13 433 1647
106 108 433 1647
0 120 467 477
0 120 1633 2839
0 120 1501 3208
0 120 1232 2266
0 120 249 254
3 5 1448 2793
16 19 1448 2793
26 28 718 1227
120 120 718 1227
70 71 250 1647
0 120 1198 2389
0 120 1024 2465
0 120 286 1075
0 120 153 1714
0 120 1242 1641
0 120 1622 1633
0 120 3103 3104
0 120 1792 2310
0 120 801 2164
0 120 1085 1694
0 120 1009 2867
0 120 541 547
0 120 1666 2908
0 120 413 1301
0 120 848 1229
0 120 159 1650
0 120 42 836
0 120 1334 1351
0 120 2834 2835
0 120 2130 2719
0 120 1220 2269
0 120 798 819
0 120 319 326
0 120 2973 3115
0 120 0 2007
0 120 34 837
0 120 1770 3086
9 11 543 714
103 105 543 714
0 120 2549 2558
0 120 302 1325
0 120 1394 2277
28 38 714 1764
0 120 198 1204
0 0 714 1535
92 94 714 1535
0 120 645 1664
0 120 404 1309
0 120 1751 1760
58 58 755 2061
0 120 3103 3117
0 120 1628 2858
0 120 1451 1993
55 56 716 1544
0 120 353 1492
83 84 1170 1485
0 120 2106 2109
0 120 2966 2967
0 120 127 2842
0 120 1589 1590
0 120 584 2300
0 120 2454 2563
0 120 2060 3161
0 120 217 2772
0 120 2600 2617
0 120 279 1435
71 73 716 1436
0 120 492 496
0 120 972 1133
0 120 1051 2180
0 120 540 1439
0 120 1911 3038
0 1 1108 2714
5 7 1108 2714
12 18 1108 2714
93 95 1108 2714
100 100 1108 2714
110 110 1108 2714
0 120 211 217
7 7 443 1772
71 74 651 2475
0 120 204 214
0 120 610 1656
0 120 1499 3215
66 68 859 2360
0 120 420 2727
0 120 3014 3021
83 85 1070 2314
0 120 1357 1590
0 120 543 848
0 120 99 1854
0 120 1790 2640
0 120 2048 3164
0 120 1917 1927
0 120 1616 2753
0 120 205 2775
48 50 322 1374
39 41 714 1898
0 120 2947 2967
0 120 557 1914
23 25 1364 1485
117 119 1364 1485
0 120 437 2263
0 120 60 61
0 120 1073 2181
0 120 250 2144
0 120 680 3189
50 52 718 1495
0 120 74 1393
0 120 2574 2577
32 34 793 3066
0 120 1536 2356
61 61 755 2545
65 86 755 2545
0 120 3065 3080
0 120 1193 1724
0 120 1499 3228
0 120 1000 1558
0 120 847 1087
0 120 1349 2237
71 74 631 1203
0 120 2288 3159
0 120 1259 1260
0 120 545 1688
72 74 870 1448
0 120 2415 2934
44 46 648 3092
0 120 723 1960
0 120 329 2558
84 84 718 1616
0 120 1650 2350
0 120 277 1873
0 120 633 754
0 120 1765 2071
30 34 1106 1203
0 120 856 2489
92 93 648 2274
0 120 697 1907
0 120 1311 1312
0 120 62 1167
56 58 1127 1262
0 120 2167 2990
0 120 240 1173
44 45 1544 1779
0 120 780 2615
13 14 718 1737
107 107 718 1737
0 120 933 1396
0 120 1079 1450
0 120 795 1691
0 120 1181 2895
0 120 551 2728
0 120 1215 1725
0 120 2412 2942
0 7 1684 2203
9 10 1684 2203
44 49 1684 2203
51 58 1684 2203
60 108 1684 2203
110 111 1684 2203
26 28 713 1743
81 83 6 1127
0 120 2211 2363
0 120 574 1813
0 120 137 1583
0 120 1604 3119
0 120 864 865
0 120 974 2686
0 120 2076 3114
0 120 584 1979
3 7 390 716
97 100 390 716
0 120 1963 3173
0 120 1034 2444
0 120 253 1879
0 120 172 2708
0 120 1436 1441
3 3 713 817
0 120 668 1340
0 120 919 922
0 120 1538 2391
0 120 2009 2013
0 120 359 1753
0 120 728 2293
0 120 1765 2555
0 120 2436 2494
0 120 1221 1408
0 120 639 760
0 120 2521 2538
50 51 859 2978
89 92 651 2046
0 120 821 2457
0 120 956 1864
0 120 1587 2670
0 120 2473 2497
28 30 649 2121
0 120 170 2352
0 120 719 1362
0 120 581 3155
0 120 347 3217
85 88 268 443
0 120 2079 2314
0 120 723 1518
0 120 195 1133
0 120 2466 2494
0 120 2939 2943
0 120 709 1354
0 120 2645 2725
0 120 1731 2799
0 120 244 3240
0 120 1517 1527
0 120 464 1294
0 120 1372 2866
0 120 1000 1008
0 120 143 1616
0 120 576 3161
0 120 595 3174
0 120 203 206
0 120 1070 2006
57 59 135 1203
88 90 651 2288
0 120 83 2999
0 120 1554 1567
79 81 1647 1758
0 120 416 2650
0 120 109 958
0 120 1635 1640
0 120 360 2489
25 28 1485 2864
119 120 1485 2864
0 120 1246 2353
0 120 198 212
0 120 258 263
0 120 242 1716
0 120 426 2062
0 120 2043 2633
0 120 556 1125
0 120 518 2819
0 120 1165 2401
0 120 1015 2871
0 120 1247 1945
0 120 1305 2115
0 120 653 1960
0 120 1690 1697
17 18 1110 1647
0 120 745 2192
0 120 32 41
0 120 782 1027
0 120 188 2540
0 120 3063 3076
0 120 1160 2407
0 120 2108 3149
0 120 138 733
0 120 809 1426
0 120 513 2825
0 120 547 1426
0 120 1705 1712
0 120 1013 2882
0 120 72 2099
12 12 755 2358
22 22 755 2358
31 33 755 2358
36 38 755 2358
43 44 755 2358
47 47 755 2358
51 51 755 2358
101 101 755 2358
105 106 755 2358
111 118 755 2358
0 120 1465 1471
84 85 718 2705
0 120 1076 2184
0 120 2029 2038
0 120 28 43
0 120 1468 1476
0 120 260 1332
0 120 2259 2271
0 120 2041 2048
0 120 2340 2344
0 120 1395 3105
69 71 1203 2346
0 120 1383 2950
0 120 875 1497
38 39 651 2772
11 13 718 1550
106 106 718 1550
0 120 2896 2912
77 78 694 927
0 120 3123 3140
0 120 2115 2118
0 120 1314 2069
0 120 321 1096
0 120 1762 1936
0 120 814 2951
0 120 1361 1363
0 120 1524 2293
0 120 834 1846
0 120 1080 1084
0 120 1221 2255
0 120 689 3185
0 120 663 1964
0 120 971 1851
0 120 1061 2010
0 120 629 2087
0 120 763 2087
0 120 343 1501
0 120 1036 1428
0 120 787 2444
0 120 908 1916
0 120 1011 1371
0 120 1326 2429
5 7 648 1053
98 101 648 1053
0 120 1686 2183
0 120 1636 2362
0 120 2317 2989
0 120 2568 2571
0 120 507 525
9 10 1742 2758
103 104 1742 2758
75 75 718 2960
0 120 78 2105
0 120 155 1571
0 120 845 2506
0 120 98 2986
0 120 1686 3122
0 120 1620 2768
0 120 481 2458
0 120 1221 2268
0 120 1936 2479
0 120 2091 2124
0 120 2583 2586
0 120 1593 1847
61 70 863 1742
0 120 3033 3051
58 60 648 2342
0 120 18 2175
0 120 1728 3240
0 120 630 753
0 120 673 1352
0 120 2421 2938
0 120 1514 1968
0 120 1775 1780
0 120 1323 2144
0 120 1715 2897
0 120 2489 2520
0 120 1873 2022
0 120 1840 1845
0 120 1482 1908
0 120 40 1826
0 120 2438 2474
0 120 1175 2394
102 102 1070 2866
0 120 770 2345
59 60 1544 1968
0 120 1833 1842
0 120 848 1218
0 120 800 2224
0 120 2405 3236
0 120 1593 1860
0 120 2408 3241
0 120 780 1986
0 120 537 538
0 120 306 2066
0 120 1959 2597
25 26 1374 1678
119 120 1374 1678
0 0 923 1742
92 94 923 1742
0 120 1988 3069
0 120 400 1472
0 120 914 1922
0 120 100 951
0 120 750 767
10 11 793 1403
104 106 793 1403
84 86 1070 2169
0 120 529 539
0 120 1145 2757
0 120 1040 1280
0 120 338 1762
0 120 2576 2946
0 120 1194 2915
0 120 1003 1361
65 65 748 1108
0 120 1040 2448
0 120 2542 2544
0 120 1226 1406
84 87 2203 2849
0 120 1819 1920
0 120 468 2222
67 69 284 1647
0 120 2128 2675
0 120 278 1078
0 120 1250 2931
0 73 651 2114
78 79 651 2114
91 91 651 2114
94 100 651 2114
102 111 651 2114
113 120 651 2114
0 120 1740 2795
46 49 396 1070
0 120 974 2767
0 120 824 2005
35 37 762 1127
0 120 581 2284
0 120 2410 2775
0 120 354 844
64 67 1448 1869
0 120 2124 2677
0 120 202 1204
0 120 580 598
3 4 1127 3211
97 98 1127 3211
0 120 1595 2333
0 120 2811 2826
0 120 1393 3101
0 120 1580 2698
0 120 2612 2616
0 120 2746 2845
0 120 719 2369
0 120 1651 2349
0 120 1451 1995
0 120 904 1368
67 69 694 1787
0 120 196 1547
0 120 436 445
8 10 639 1070
102 103 639 1070
60 60 307 2546
0 2 1012 1544
91 96 1012 1544
0 120 155 2189
0 120 2667 2673
0 120 2570 2969
0 120 225 1201
0 120 476 783
0 120 1092 3230
0 120 111 1853
0 120 1057 1997
17 19 713 2187
111 112 713 2187
0 120 79 2315
0 120 3239 3249
0 120 218 1161
50 51 648 745
0 120 126 1572
0 120 2662 2679
0 120 64 2680
0 120 1536 2345
0 120 287 2200
0 120 1904 3037
0 120 484 499
0 120 334 1494
56 56 714 2947
0 120 506 517
0 120 387 2552
0 120 2954 2972
0 120 213 1204
0 120 70 1384
0 120 1942 2511
26 28 1063 1374
120 120 1063 1374
37 39 15 694
0 120 988 1200
75 77 694 2968
0 120 1356 1367
0 120 1311 2119
0 120 303 3083
0 120 1381 3117
0 120 2234 3033
0 120 1869 1888
0 120 1824 2640
0 120 60 63
0 120 1073 2183
0 120 3072 3085
0 120 1028 2440
0 120 477 2566
96 99 716 862
35 37 716 2848
3 4 957 1742
97 99 957 1742
70 72 45 694
0 120 817 1439
0 120 96 925
0 120 877 1490
0 120 1073 3122
0 120 2389 2799
0 120 603 2907
0 120 1174 1713
0 120 56 65
0 120 250 1328
0 120 1103 3230
0 120 2163 2227
0 120 1569 1717
0 120 1409 2253
0 120 1397 2953
0 120 1579 2701
0 120 221 3256
0 120 2315 2998
0 120 957 1863
0 120 1457 2186
0 120 277 1875
0 120 2348 2357
0 120 2042 2058
0 120 454 461
0 120 1820 3177
0 120 473 474
3 4 24 648
96 99 24 648
91 92 648 1229
0 120 702 3192
0 120 1664 2371
0 120 841 2038
0 120 15 1996
0 120 551 2730
0 120 749 2220
25 28 47 716
0 120 1817 2061
0 120 74 2576
0 120 236 1177
0 120 1163 3257
0 120 1950 2590
74 82 651 3082
34 36 95 649
0 120 1380 2962
0 120 827 2261
0 120 1348 3195
0 120 2394 3240
0 120 563 1922
0 120 224 241
0 120 1182 1671
0 120 896 3034
0 120 306 1771
31 33 46 649
59 61 211 716
91 92 718 2210
0 56 718 1981
59 66 718 1981
71 120 718 1981
0 120 284 1460
0 120 575 1932
0 120 666 1525
0 120 3116 3117
0 120 2744 2757
82 83 94 1070
0 120 1735 1739
0 120 668 1342
0 120 2526 2534
0 120 1215 1740
0 120 659 1522
0 120 1180 2914
0 120 657 658
0 120 593 3154
0 120 1768 3084
0 120 125 1588
0 120 378 1768
0 120 770 2521
0 120 868 878
51 52 648 1592
45 46 651 880
0 120 3152 3161
0 120 728 2295
0 120 884 3037
0 120 10 2015
0 120 180 2692
0 120 1364 2213
0 120 309 362
26 27 755 2923
120 120 755 2923
0 120 236 1540
0 120 882 897
0 120 264 2016
0 120 2647 2652
0 120 167 2349
0 120 943 2570
0 120 969 1576
47 50 649 2352
0 120 695 2239
0 120 292 1068
0 120 584 3162
0 120 188 193
0 120 1514 2278
0 120 1078 3145
0 120 778 2358
0 120 2550 3069
0 120 2013 3130
0 120 1942 2432
0 120 2694 2710
0 120 208 1720
0 120 1278 2159
0 120 1940 2507
60 62 1544 2278
0 120 1153 2393
0 120 1521 2294
0 120 1777 1991
65 65 649 1547
66 66 778 1203
0 120 537 848
0 120 430 722
0 120 83 2075
59 60 714 3110
0 120 659 3174
0 120 614 1711
26 29 857 1203
120 120 857 1203
0 120 1491 1755
0 120 51 56
0 120 1157 2404
85 87 648 800
0 120 1446 2012
0 120 782 800
0 120 470 1437
0 120 251 2827
0 120 1509 2297
0 120 927 3110
0 120 3126 3134
118 120 1070 1432
0 120 953 1850
0 120 1367 2887
85 85 714 1016
0 120 2572 2962
0 120 2332 2980
0 120 1850 2977
0 120 150 156
22 23 694 1037
116 117 694 1037
0 120 1958 2510
0 120 14 1049
0 48 714 1955
50 57 714 1955
62 63 714 1955
73 74 714 1955
76 83 714 1955
91 120 714 1955
0 120 153 161
0 120 710 1018
0 120 3244 3247
0 120 1193 1660
0 120 1320 2933
67 69 1203 2348
32 32 859 2309
7 9 1485 3000
100 103 1485 3000
0 120 65 2677
0 120 313 2550
0 2 442 1203
94 95 442 1203
0 120 1383 2952
0 120 2613 2626
0 120 486 2441
1 2 713 1437
94 96 713 1437
0 120 33 1678
0 120 656 674
0 120 1239 2944
0 120 456 1286
1 3 443 795
11 11 443 795
35 41 443 795
44 45 443 795
51 51 443 795
54 60 443 795
64 64 443 795
74 77 443 795
86 88 443 795
91 92 443 795
95 97 443 795
99 99 443 795
101 101 443 795
0 120 1317 1322
93 93 307 1688
0 120 1524 2295
0 120 256 1871
0 120 1956 2477
0 120 233 2382
0 120 1423 1425
0 120 1061 2012
0 120 2439 2567
0 120 715 1338
0 120 512 521
25 25 713 2497
118 120 713 2497
0 120 606 2371
0 120 2103 2123
0 120 1595 3114
0 120 2443 2457
0 120 912 1394
75 76 1108 3255
0 120 1634 2547
0 120 130 1624
0 120 892 1910
0 120 148 1641
0 120 642 752
0 120 375 2623
0 120 786 2157
0 120 2568 2573
0 120 1164 2783
0 120 1121 1918
0 120 78 2107
0 120 1819 2714
0 120 100 1866
0 120 155 1573
0 120 2696 2758
0 120 929 930
0 120 874 994
0 120 43 837
0 120 669 1528
0 120 1037 2449
0 120 2580 2583
0 120 949 2336
0 120 513 1217
0 120 1891 3004
0 120 43 2005
0 120 297 3090
0 120 440 1412
0 120 51 1600
70 72 649 997
0 120 1084 3140
0 120 1497 2555
0 120 423 3165
0 120 875 1983
0 120 751 2213
0 120 1873 2024
0 120 1532 1731
0 120 501 2452
0 120 979 2750
0 120 1094 1505
0 120 1629 2832
0 120 807 2229
23 25 755 2039
118 119 755 2039
0 120 2396 3233
0 120 1546 2797
48 49 782 1647
0 120 770 2347
0 120 477 782
0 120 229 1700
0 120 752 758
0 120 848 1220
0 120 2238 3061
67 68 1070 1821
0 120 1539 2794
0 120 3206 3223
12 14 714 1405
107 108 714 1405
0 120 256 261
0 120 297 299
0 120 173 2707
0 120 1243 2917
0 120 177 1136
0 120 237 1187
0 120 829 833
0 120 1990 3080
0 120 223 3238
99 108 859 2927
78 82 714 1755
0 120 1003 1363
59 59 662 1070
0 120 285 1083
0 120 672 2283
0 120 732 2297
0 120 861 1953
0 120 2822 2829
0 120 589 2285
0 120 1504 3079
0 120 499 1308
0 120 680 3046
0 120 577 2130
0 120 2182 3142
0 120 281 1085
0 120 222 1673
0 120 581 2286
37 39 483 1485
0 120 3177 3178
0 120 279 1426
0 120 893 3046
0 120 2690 2767
83 84 694 2836
0 120 64 2669
0 120 1949 2503
0 120 915 1529
0 120 1794 2629
0 120 2066 3088
46 48 307 1609
0 120 2230 3196
0 120 480 1308
0 120 266 2022
0 120 496 498
0 120 558 2130
0 120 768 2354
0 120 1009 1019
0 120 778 2547
0 120 569 1915
15 17 6 755
109 110 6 755
51 54 694 1092
0 120 1518 2293
0 120 1826 2180
0 120 274 277
0 120 2722 2732
0 120 532 801
0 120 1190 1710
0 120 531 2828
0 120 1672 1713
0 120 3005 3020
0 120 533 1440
0 120 37 41
72 74 1374 2056
0 120 1124 2110
0 120 754 2082
0 120 2803 2805
0 120 866 1091
0 120 635 2885
0 120 1363 1372
0 120 477 1279
66 67 714 963
34 36 793 1781
0 120 1253 2934
54 55 601 793
32 35 716 743
67 69 793 2949
0 120 1204 1729
0 120 1295 2113
0 120 609 1556
0 120 738 2195
0 120 17 1681
0 120 1178 1713
0 120 60 65
0 120 488 1266
0 120 180 1150
0 120 2021 2927
0 120 3072 3087
88 91 755 2778
0 120 1994 2006
0 120 2898 2907
0 120 749 2209
6 7 718 2896
0 120 1819 2648
0 120 1499 3232
31 32 694 2273
31 32 713 2552
0 120 560 2724
0 120 2055 2632
0 120 2051 3156
0 120 778 1634
0 120 881 1089
0 120 499 987
0 7 793 1205
95 101 793 1205
0 120 461 466
0 2 1108 2263
94 96 1108 2263
0 120 2348 2359
0 120 1080 2201
0 120 1401 2256
0 120 1083 1452
0 120 1831 1840
0 120 2127 2656
0 120 437 523
41 43 60 307
0 120 1252 2429
0 120 1699 2889
0 120 44 70
0 120 1776 3072
0 120 0 1461
0 120 1958 2591
10 12 1742 2707
105 106 1742 2707
0 120 3046 3047
0 120 503 998
0 120 1590 2838
0 120 917 1806
0 120 915 3194
0 120 96 122
0 120 528 533
0 120 808 816
0 120 144 1590
0 120 973 1149
21 23 846 1108
115 116 846 1108
0 120 1778 2071
12 14 2203 2772
107 108 2203 2772
0 120 3039 3044
79 82 718 1862
0 120 1117 2096
0 120 958 2975
0 120 2241 2246
0 120 228 1180
0 120 257 1881
42 43 1544 3072
0 120 1991 2071
0 120 974 2690
0 120 664 1976
0 120 332 3223
0 120 303 307
0 120 1474 3013
0 120 2076 3118
0 120 623 2877
0 120 900 1465
47 49 793 1339
0 120 1145 2693
48 51 245 716
0 120 892 3038
0 120 1946 2944
35 38 1215 1742
0 120 1180 2916
0 120 750 1642
0 120 2529 2541
0 120 1615 2844
118 120 421 649
0 120 2809 2824
26 28 555 649
120 120 555 649
0 120 691 2230
0 120 591 2292
0 120 1026 2449
0 120 343 3210
77 78 238 713
0 120 1031 2564
62 63 1203 1624
0 120 743 1868
0 120 1488 1756
0 120 402 1309
0 120 653 662
0 120 133 138
0 120 616 1009
0 120 924 3111
0 120 3164 3173
64 64 755 2107
86 88 841 1127
0 120 756 760
36 39 183 1127
38 41 859 1935
0 120 1082 1455
0 120 631 765
0 120 1541 1740
62 64 488 716
0 120 195 1137
0 120 1218 1235
0 120 163 2353
0 120 1412 2269
0 120 221 1540
0 120 615 1659
0 120 510 1414
73 75 439 716
0 120 1662 2380
0 120 143 1620
0 120 1495 3206
0 120 285 2198
0 120 1988 2550
0 120 207 2773
0 120 1991 2555
0 120 848 2806
74 76 1127 1992
0 120 1125 1128
0 120 1001 1358
0 120 674 3178
0 120 1252 2926
0 120 541 848
0 120 1895 3032
0 120 28 34
0 120 1805 2055
0 120 855 2472
0 120 858 1952
0 120 2321 2322
0 120 1808 2740
69 69 307 1556
0 120 740 1852
0 120 1280 1308
0 120 2720 2741
77 79 655 1485
0 120 151 2211
89 89 648 3017
0 120 1767 3089
0 120 1972 2289
0 120 1142 2771
0 120 1465 1475
0 120 646 1372
47 50 293 1742
0 120 561 2725
0 120 2462 2567
40 40 714 1018
11 11 1070 2373
104 105 1070 2373
0 120 1835 2176
0 120 112 1852
0 120 1592 2189
0 120 864 1487
0 120 2061 3162
0 120 203 1741
0 120 115 1857
0 120 490 980
0 120 1061 2001
0 120 253 1333
0 120 1159 2307
0 120 2831 2851
0 120 1814 2238
0 120 2103 2112
38 39 649 744
0 120 943 2948
0 120 1144 2709
75 76 648 3259
0 120 1630 2831
0 120 312 1095
0 120 1908 3041
0 120 617 2374
0 120 2425 2513
0 120 453 1219
0 120 401 3015
0 120 1373 2882
0 120 368 2609
49 51 1070 2615
0 120 1382 3116
0 120 2313 2982
0 120 1573 2189
0 120 110 2987
19 21 694 2449
113 115 694 2449
0 120 124 2333
0 120 3092 3097
0 120 2511 2593
86 88 40 649
0 120 1067 1684
0 120 1693 3129
0 120 356 360
0 120 53 2574
0 120 1025 2441
0 120 2095 2126
0 120 106 2171
89 91 307 2161
0 120 938 2967
64 67 1127 1442
0 120 46 2571
76 79 1448 1497
0 120 113 117
0 120 1157 2782
0 120 2000 2010
0 120 942 1396
0 120 606 1676
71 72 648 1178
24 25 694 1294
118 119 694 1294
59 61 859 1627
0 120 98 2172
0 120 1421 2791
0 120 2343 2349
0 120 1560 1674
0 120 1618 2847
0 120 1683 2010
30 33 107 716
0 120 683 2044
0 120 1681 3132
0 120 1703 2891
0 120 1959 2588
0 120 1109 1923
0 120 598 3168
34 36 443 2099
0 120 515 1413
0 120 582 3160
0 120 1165 3252
0 120 1016 2863
63 63 793 2562
0 120 509 2803
81 82 1070 3099
0 120 154 2346
0 120 1403 2262
0 2 648 1420
94 95 648 1420
0 120 2074 2955
0 120 1227 2265
0 120 2247 2883
0 120 2758 2833
0 120 1710 2907
0 120 848 1222
0 120 1851 1863
0 120 1054 1061
0 120 3206 3225
0 120 1153 3255
0 120 5 3125
1 4 755 2162
95 98 755 2162
0 120 1116 1121
19 20 1448 1631
112 114 1448 1631
0 120 1847 1865
0 120 300 306
0 120 1633 2845
0 120 399 1480
0 120 2706 2764
82 84 793 1636
0 120 2238 3184
86 88 1448 3028
0 120 385 2070
0 120 605 1356
0 120 1969 1976
0 120 503 1308
0 120 2593 2594
45 46 649 1133
65 68 793 2575
0 120 1254 2933
0 120 882 3061
73 74 648 1662
0 120 374 376
0 120 1863 2196
0 120 1119 1927
0 120 978 2705
0 120 2475 2494
0 120 1105 1763
0 120 1050 1827
0 120 900 3051
0 120 843 2517
0 120 2653 2729
16 18 1070 3233
110 111 1070 3233
0 120 1875 2206
0 120 1784 1822
0 120 710 712
0 120 646 1185
52 55 2203 3203
0 120 136 2840
0 120 3066 3083
0 120 1834 2582
2 3 1070 2186
6 11 1070 2186
20 21 1070 2186
26 38 1070 2186
45 48 1070 2186
50 53 1070 2186
89 92 1448 3041
0 120 1446 2177
0 120 419 913
0 120 484 1308
0 120 914 1121
0 120 3242 3245
0 120 1241 1250
0 120 2323 2975
0 120 1650 2209
0 120 2892 2903
0 120 1376 2872
0 120 562 2130
0 120 1849 3092
22 24 443 718
116 117 443 718
0 120 197 1214
28 31 357 1203
0 120 1043 2174
0 120 131 2846
0 120 3254 3255
0 120 654 672
0 120 184 2709
0 120 1717 2384
0 120 241 3243
0 120 1369 2869
0 120 1787 2628
0 120 827 2586
0 120 2401 2787
0 120 118 1860
36 37 307 564
78 79 1043 1127
0 120 1296 1307
0 120 50 908
0 120 652 3228
0 120 234 3240
0 120 564 1129
0 120 1899 3034
0 120 2493 2497
0 120 395 3013
0 120 278 1445
0 120 44 46
0 120 271 274
0 120 761 2087
0 120 1000 2369
0 120 74 1386
0 120 554 562
0 120 134 2191
0 120 273 283
0 120 1085 2184
0 120 350 2489
0 120 1623 2762
51 52 307 1624
0 120 609 1666
0 120 442 1031
0 120 1470 1473
0 120 1320 1943
0 120 1750 1756
0 120 205 2781
0 120 616 1561
0 120 1760 1949
0 120 22 822
0 120 1517 1962
0 120 2578 2581
0 120 391 396
0 120 687 3198
59 60 649 2906
0 120 602 616
0 120 208 1214
0 120 1588 1613
0 120 757 2210
37 40 1108 3191
0 120 1978 2293
0 120 2544 2704
0 120 1979 3161
0 120 854 1325
0 120 964 968
0 120 339 879
0 120 693 1902
0 120 1474 1484
0 120 166 170
0 120 1800 2637
0 120 1903 3058
0 120 1256 1261
0 120 1075 3135
0 120 1190 2893
0 120 803 2447
0 120 928 1395
0 120 1578 2709
0 120 1318 1321
0 120 3190 3202
0 120 628 2860
0 120 10 1993
0 120 22 835
0 120 70 2569
0 120 2108 2645
0 120 898 1903
0 120 1928 2714
0 120 811 2163
0 120 1633 2766
0 120 267 2036
0 120 1554 2244
0 120 3204 3221
0 120 2104 2122
0 120 628 766
84 85 1108 2157
0 120 1660 2899
0 120 882 1814
0 120 1587 1603
0 120 484 987
0 120 18 19
0 120 169 1649
0 120 1215 1731
0 120 593 1159
0 120 1560 2897
0 120 8 11
0 120 173 2522
0 120 73 1123
0 120 570 1929
0 120 697 3202
77 79 649 2222
0 120 1117 2098
0 120 743 1857
0 120 846 2507
0 120 1787 2307
0 120 1362 1377
19 20 443 1336
114 114 443 1336
0 120 2821 2823
0 120 1661 1673
45 50 553 713
36 38 718 1046
0 120 599 1354
0 120 1507 3192
0 120 2754 2769
104 105 648 1475
114 120 648 1475
0 120 627 635
0 120 56 1600
0 120 441 1411
19 20 185 1485
113 113 185 1485
18 20 1647 2677
111 114 1647 2677
0 120 1879 2017
0 120 1776 3087
0 120 917 1111
0 120 471 1290
0 120 2969 3108
0 0 1742 2951
94 94 1742 2951
0 120 2131 2726
0 120 765 1242
0 120 2645 2718
61 63 776 1108
0 120 1731 2792
0 120 406 1309
0 120 638 2864
0 120 26 1842
0 120 551 1929
0 120 1000 1001
0 120 1287 2226
0 120 3212 3216
0 120 1388 2574
0 120 85 1604
0 120 116 954
0 120 670 2294
0 120 3101 3119
0 120 1764 3090
0 120 427 2307
15 15 236 1544
19 32 236 1544
35 57 236 1544
63 64 236 1544
70 72 236 1544
75 75 236 1544
119 120 236 1544
0 120 2135 2737
0 120 397 415
66 66 1070 3167
0 120 9 1996
73 77 651 3220
0 120 1055 1058
0 120 939 3098
76 78 793 1583
0 120 223 1201
0 12 307 377
14 14 307 377
17 29 307 377
31 42 307 377
47 51 307 377
56 59 307 377
62 64 307 377
70 70 307 377
72 72 307 377
74 74 307 377
76 76 307 377
83 85 307 377
92 92 307 377
94 98 307 377
100 101 307 377
104 106 307 377
113 119 307 377
0 120 768 772
0 120 1012 1361
0 120 2658 2670
0 120 1164 2398
0 120 641 2882
0 120 830 832
0 120 2628 2727
0 120 947 2171
0 120 3149 3173
0 120 778 2362
0 120 1282 2161
0 120 1719 2916
57 59 1647 2811
0 120 2140 2155
0 120 383 1311
0 120 1494 1751
0 120 202 216
0 120 3233 3251
0 120 332 1494
0 120 1686 1692
0 120 578 732
0 120 948 1763
0 120 186 2837
62 64 714 2993
0 120 525 2828
0 120 1638 1651
10 10 648 3127
91 92 856 1127
0 120 1551 2406
0 120 1238 1946
0 120 1244 2929
0 120 3181 3182
0 120 1106 3224
0 120 15 1679
0 120 619 625
0 120 944 947
0 120 1591 2744
0 120 1224 1230
0 120 486 1264
0 120 2019 2925
0 120 706 1304
0 120 962 964
0 120 179 2541
0 120 1722 2409
0 120 1006 1007
0 120 204 1551
17 19 2203 2453
0 120 1298 2118
0 120 2096 2098
0 120 1972 2291
0 120 2114 2115
57 58 1304 1374
0 120 2905 2910
0 120 1568 2881
0 120 88 2315
0 120 2476 2504
0 120 2889 2902
0 120 2908 2915
0 120 1659 2245
72 72 1127 1418
0 120 387 396
67 68 307 632
0 120 988 1259
0 120 2304 3151
0 120 246 622
0 120 1029 1031
0 120 110 2976
0 120 2708 2746
0 120 14 1053
0 120 213 216
0 120 359 2485
0 120 316 1095
0 120 52 2971
65 65 859 2542
0 120 1595 3105
0 120 1172 2773
0 120 275 276
0 120 1816 2057
0 120 291 2206
0 120 594 1978
0 120 728 1978
0 120 1607 3115
0 120 867 1090
0 120 901 1906
0 120 545 810
0 120 758 2086
9 10 1448 2304
102 104 1448 2304
13 13 1742 2522
107 107 1742 2522
0 120 6 7
0 120 1791 2643
0 120 1951 2595
0 120 1660 1665
0 120 825 2261
0 120 1066 3141
0 120 417 2732
0 120 258 2150
0 120 2689 2746
0 120 540 816
0 120 1169 1549
0 120 1205 1206
0 120 1602 2074
0 120 1595 3118
0 120 451 515
0 120 681 3192
0 120 2295 2297
0 120 581 1793
0 120 889 1909
0 120 1037 2561
0 120 966 1863
0 120 558 577
0 120 2745 2762
1 2 257 649
94 97 257 649
59 61 714 2322
0 120 103 2168
0 120 507 531
0 120 880 1042
0 120 417 1806
0 120 618 1567
0 120 2870 2878
0 120 2290 2303
0 120 444 1414
0 120 820 2159
13 15 1126 1448
107 109 1126 1448
0 120 860 2497
0 120 1472 3024
41 43 1374 2489
0 120 474 475
0 120 417 1927
3 3 1544 2900
86 98 1544 2900
0 120 2925 2935
0 120 2125 2128
0 120 303 364
0 120 1564 1566
0 120 1386 2957
0 120 1945 2426
0 120 472 816
0 120 515 1415
0 120 1327 1330
0 120 169 778
0 120 1664 2901
0 120 1182 2898
0 120 1746 2482
0 120 1598 2318
0 120 636 2873
0 120 873 1096
0 120 1873 2028
0 120 797 1286
0 120 580 1517
0 120 2139 2147
0 120 2187 3127
0 120 12 13
0 120 1877 2147
0 120 781 1278
82 84 1127 1686
0 120 1782 3078
0 120 3043 3048
0 120 187 2525
0 120 262 1881
0 120 2128 2668
0 120 1068 1456
0 120 848 1224
0 120 493 996
0 120 1276 2159
3 3 648 2819
97 97 648 2819
0 120 2388 3238
8 18 716 2236
0 120 1457 1682
0 120 1345 3198
0 120 1605 2334
0 120 1147 2688
0 120 1453 2206
0 120 1954 2488
0 120 1186 2387
0 120 2748 2763
0 120 1182 2911
0 120 2400 3248
0 120 1163 2403
0 120 516 2821
0 120 49 2123
0 120 161 2364
0 120 2549 2553
0 120 298 2598
0 120 401 1299
0 120 1968 2278
70 71 648 1664
0 120 314 327
0 120 1296 2114
0 120 1642 2522
0 120 2421 2489
7 9 1448 3151
101 103 1448 3151
0 120 1055 2173
0 120 1960 2279
0 0 1045 1485
91 94 1045 1485
104 104 1045 1485
108 108 1045 1485
114 114 1045 1485
118 118 1045 1485
41 43 710 714
0 120 1601 3100
0 120 181 2548
0 120 552 2720
0 120 1801 2636
0 120 185 977
0 120 1019 2866
0 120 422 432
0 120 1213 1419
0 120 1142 2707
73 76 679 1485
0 120 204 209
0 120 1042 1308
0 120 547 548
0 120 2307 3154
0 120 2718 2725
0 120 777 1010
0 120 390 2550
59 60 755 2648
0 120 1087 3121
0 120 2386 2400
0 120 218 228
0 120 3246 3258
0 120 1577 2756
0 120 561 567
0 120 1307 2114
0 120 293 523
0 120 1132 2756
8 10 14 1108
102 104 14 1108
0 120 516 2258
0 120 2216 2864
0 120 220 1213
31 32 651 1665
0 120 56 58
0 120 2504 2513
0 120 1299 2115
0 120 1196 1199
0 120 1302 2120
0 120 435 2040
0 120 627 2247
0 120 732 1509
0 120 329 2553
0 120 57 2094
0 120 1542 2775
0 120 3190 3191
0 120 1480 1897
0 120 1208 1209
0 120 1650 2345
0 120 965 1488
0 120 2780 2798
0 120 1677 2182
0 120 1047 2015
0 120 111 115
0 120 3139 3145
0 120 1007 2882
0 120 735 2194
41 43 1647 3242
0 120 2322 2334
12 14 562 1448
106 108 562 1448
0 120 2341 2347
0 120 2773 2795
0 120 2105 2107
0 120 1248 2944
0 120 1535 1725
0 120 1459 3127
0 120 2123 2124
20 21 443 3190
114 115 443 3190
0 120 803 1281
0 120 515 2275
0 120 730 1971
0 120 465 468
24 26 1203 2420
118 120 1203 2420
0 120 415 647
0 120 74 2569
0 120 1992 2580
0 120 679 693
0 120 99 118
73 75 330 1448
0 120 1156 3247
0 120 204 2800
0 120 2112 2123
0 120 898 1905
0 120 160 2693
0 120 724 2277
0 120 780 3081
87 88 1203 1723
0 120 623 2868
0 120 1452 2198
83 85 1589 2203
10 11 1193 2203
0 120 453 1410
0 120 530 812
0 120 2591 2592
0 120 1491 1493
0 120 1225 2276
0 120 1424 1439
0 120 956 1859
0 120 2067 2070
0 120 1587 2665
0 120 1604 2080
0 120 2533 2543
0 120 1724 2899
0 120 1225 1229
0 120 2016 2024
0 120 837 2581
0 120 12 2175
56 58 793 2740
90 93 649 1069
0 120 1218 1226
0 120 982 1215
0 120 1860 1861
0 120 702 1346
0 120 814 2570
0 120 905 1934
0 120 287 1067
39 39 793 1464
0 120 1044 1046
89 91 810 1108
0 120 2637 2721
0 120 923 2971
0 120 1384 3100
55 57 713 946
0 120 3233 3240
0 120 1853 1858
0 120 239 3241
0 120 478 1308
0 120 476 481
0 120 338 3220
11 13 1448 1809
104 107 1448 1809
0 120 3207 3224
0 120 626 2869
0 120 1046 1994
0 120 323 387
67 67 648 2887
49 51 714 1935
0 120 946 2995
0 120 2491 2495
0 120 597 2289
12 14 1127 3043
106 108 1127 3043
0 120 342 3231
0 120 297 1768
0 120 911 1927
0 120 689 3046
0 120 228 1668
0 120 832 2829
0 120 2783 2788
0 120 16 2014
0 120 1043 1063
6 8 694 2895
100 102 694 2895
0 120 1227 1409
0 120 1793 2049
0 120 158 2363
0 120 311 2605
0 120 715 3183
0 120 825 2826
0 120 59 1603
0 120 2029 2033
80 82 859 2410
0 120 3075 3081
67 67 805 1127
0 120 1638 1653
0 120 2602 2605
0 120 133 505
0 120 542 1427
0 120 1345 1522
0 120 206 1212
0 120 294 1096
0 120 934 3119
0 120 1755 2588
0 120 3133 3143
0 120 1753 1761
0 120 3193 3194
0 120 1130 2765
0 120 146 151
0 120 856 1250
73 75 1544 1587
32 34 969 1127
0 120 375 2603
0 120 485 785
0 120 808 1438
0 120 715 3196
0 0 1203 2462
93 94 1203 2462
0 120 737 740
0 120 324 1096
0 120 2 1045
0 120 1139 2706
0 120 721 1964
0 120 1380 1600
0 120 800 1025
0 120 213 1265
0 120 1964 2294
74 75 648 1156
10 12 694 3258
104 106 694 3258
0 120 998 1720
0 120 2042 3153
0 120 301 331
25 27 649 2734
118 120 649 2734
0 120 301 1499
0 120 650 1387
0 120 3026 3030
0 120 591 1975
0 120 2225 2227
11 13 694 1164
105 107 694 1164
51 53 716 2909
0 120 2317 2984
0 120 1450 3133
0 120 1515 2296
0 120 357 1744
0 120 338 1502
0 120 964 2193
0 120 305 1096
0 120 45 1923
0 120 912 1508
0 120 456 474
0 120 939 1611
0 120 519 530
0 120 2000 2001
0 120 522 2262
23 25 443 1969
117 119 443 1969
0 120 663 1972
59 60 580 2203
0 120 2003 2006
41 42 318 2203
0 120 523 1403
0 120 2312 2990
66 67 1070 1801
0 120 3074 3084
0 120 792 1039
0 120 467 1279
0 120 613 1562
0 120 1592 1617
0 120 673 1347
0 120 1777 2602
0 120 82 3094
0 120 908 1924
0 120 44 2573
0 120 1880 2020
0 120 1936 2595
0 120 1778 1780
0 120 1678 1842
0 120 1690 3128
0 120 1155 2784
0 120 1179 2912
0 120 205 1215
0 120 1232 2250
0 120 1077 3130
0 120 2357 2359
0 120 337 351
0 120 948 2491
0 120 940 2078
0 120 940 1849
75 78 859 2907
0 2 831 859
92 97 831 859
0 120 165 769
0 120 1782 3067
0 120 746 2212
0 120 820 2161
0 120 1669 2897
0 120 1316 1318
0 120 1035 1039
0 120 455 464
0 120 1081 3141
0 120 644 2874
0 120 345 1760
0 120 19 2004
0 120 153 772
0 120 862 3218
0 120 2190 2195
55 57 648 2700
0 120 873 1098
0 120 1873 2030
77 78 307 2407
79 81 534 649
0 120 298 372
0 120 296 1760
0 120 2199 2200
0 120 36 2587
0 120 1187 1702
0 120 1558 2369
0 120 1880 2154
0 120 285 847
0 120 2431 2937
77 78 516 716
0 120 1352 3203
0 120 1851 1867
89 92 254 716
0 120 1873 2151
0 120 2475 2485
0 120 455 477
0 120 2407 3253
0 120 2818 2824
0 120 1677 1687
0 120 1737 1738
0 120 173 2713
0 120 1182 2913
0 120 2646 2717
0 120 1770 3083
0 120 82 87
28 33 648 727
13 16 307 2420
107 110 307 2420
0 120 64 2662
21 23 1485 1638
115 117 1485 1638
0 120 3040 3058
0 120 106 1612
0 120 935 942
0 120 776 2346
0 120 2024 2037
9 12 405 1127
103 105 405 1127
0 120 1050 1831
0 120 1074 2188
0 120 2694 2771
0 120 2570 2964
0 120 706 1469
0 120 1009 1012
0 120 701 896
0 120 1888 2149
0 120 2132 2738
0 120 705 1769
0 120 3179 3193
0 120 1071 1072
0 120 1630 2756
0 120 341 1492
0 120 81 2319
0 120 186 1618
76 79 859 1189
0 120 1499 3212
0 120 3235 3246
72 74 1485 3048
0 120 487 499
0 120 616 2370
0 120 2171 2329
0 120 1997 2176
18 22 648 1090
111 118 648 1090
69 70 649 1729
31 33 280 1374
0 120 1245 2514
0 120 199 217
0 120 768 2360
0 120 369 2614
0 120 3009 3024
0 120 791 1031
0 120 624 2086
80 80 648 982
0 120 2043 3167
0 120 1910 3052
0 120 52 1631
0 120 936 3112
77 80 237 859
0 120 2122 2679
0 120 1174 1708
0 120 2784 2798
0 120 915 3174
0 120 810 1431
28 30 712 859
0 120 273 1455
0 120 70 1392
0 120 3127 3137
25 28 851 1203
119 120 851 1203
0 120 2464 2564
0 120 1295 2119
0 120 204 2789
40 41 1374 2412
0 120 2392 2395
15 16 1064 1203
108 110 1064 1203
0 120 269 1457
0 120 1709 2890
0 120 410 413
36 38 859 2720
0 120 690 696
0 120 308 2617
0 120 2042 2053
0 120 1667 2893
0 0 648 1224
93 94 648 1224
0 120 1382 2946
0 120 1461 2007
0 120 2404 2405
0 120 1776 3065
75 77 1647 2426
0 120 2123 2126
0 120 841 2033
68 68 1254 1448
0 120 2007 2180
0 120 503 991
0 120 2898 2913
0 120 1817 2056
0 120 1796 3165
0 120 509 513
32 35 698 1203
38 46 698 1203
0 120 546 809
0 120 121 1865
0 120 2399 2411
0 120 1375 2088
0 120 1876 2141
0 120 1174 2889
0 120 496 988
0 120 336 1753
0 120 1003 2216
0 120 2185 3125
0 120 1154 2385
0 120 2392 2408
0 120 2691 2704
0 120 1144 1145
0 120 1620 2831
0 120 876 1101
31 33 1485 2377
0 120 736 2747
23 26 1410 2203
0 120 1100 3209
0 120 88 2977
0 120 668 1337
0 120 398 1476
0 120 879 1749
0 120 2097 2123
0 120 1789 1970
0 120 2749 2766
0 120 868 1102
0 120 2979 2999
0 120 871 1107
0 120 2758 2771
0 120 631 637
0 120 853 1238
0 120 2802 2814
0 120 1138 1636
0 120 1038 2452
0 120 1960 1973
0 120 1712 2891
84 86 286 1127
0 120 466 2226
0 120 397 406
0 120 120 1589
0 120 433 2049
42 43 651 996
0 120 986 1215
0 120 2569 2956
0 120 1091 3217
0 120 2241 2373
0 120 410 3004
0 120 471 476
0 120 1030 2160
0 120 935 3091
0 0 713 2224
92 94 713 2224
0 120 1874 2027
0 120 95 3114
0 120 513 1412
0 120 1624 1852
81 83 43 443
85 88 755 1174
0 120 1044 1048
0 120 748 2218
0 120 1185 2219
71 71 180 714
0 120 708 3048
21 22 443 1353
115 117 443 1353
0 120 551 1115
0 120 3214 3229
0 120 1915 2738
0 120 683 2237
79 82 648 1721
0 120 264 2024
0 120 1506 1752
0 120 1788 2633
0 120 1779 3079
0 120 1521 2289
0 120 953 3000
0 120 538 543
0 5 39 859
95 98 39 859
0 120 152 736
0 120 978 2535
0 120 1943 2921
0 120 21 24
0 120 279 548
0 120 1349 3202
0 120 1533 2794
0 120 1217 2817
0 120 313 317
0 120 2553 2557
0 120 510 2817
0 120 188 2537
0 120 2483 2498
60 60 649 1663
0 120 1767 3082
73 74 1108 1719
0 120 526 546
0 120 605 610
0 120 9 2013
0 120 561 2718
0 120 895 1840
0 120 820 1437
0 120 923 3107
0 120 1155 2410
87 90 735 1070
0 120 1612 1868
0 120 1008 2885
0 120 2620 2624
0 120 2026 2151
15 16 1374 2225
109 111 1374 2225
0 120 1520 2279
0 120 140 2846
0 120 773 2530
0 120 1451 2179
0 120 382 2608
0 120 962 968
0 120 850 2484
0 120 165 166
0 120 502 983
0 120 1138 2362
0 120 2516 2917
0 120 1969 2290
0 120 171 1149
0 120 656 669
0 120 315 2554
61 62 649 1676
0 120 3255 3256
0 120 1839 2180
0 120 658 678
0 120 2158 2162
0 120 530 1432
0 120 800 1027
0 120 633 2082
34 36 648 1158
0 120 1482 3047
0 14 1647 2360
16 21 1647 2360
32 32 1647 2360
34 37 1647 2360
42 120 1647 2360
70 73 859 1378
0 120 2450 2455
0 120 277 2154
2 9 480 793
81 83 480 793
85 85 480 793
89 90 480 793
92 103 480 793
107 107 480 793
0 120 2331 2992
0 120 970 1852
0 120 306 2626
0 120 792 799
0 120 2523 2704
0 120 1342 3188
0 120 1192 1672
0 120 247 447
1 5 651 3011
7 8 651 3011
10 15 651 3011
17 50 651 3011
52 120 651 3011
0 120 983 1269
0 120 1645 1654
0 120 1793 2306
0 120 1908 3047
0 120 1796 1823
0 120 122 2172
0 120 1359 1556
0 120 378 2623
0 120 1196 1269
0 120 387 3086
0 120 1094 1487
0 120 2512 2932
0 120 125 1625
0 120 333 342
0 120 863 2557
0 120 1685 3123
0 120 1914 2717
0 120 1483 1484
89 93 1374 2709
0 120 1766 1772
0 120 1360 2316
0 120 606 622
0 120 152 186
0 120 2065 2068
0 120 301 1743
0 120 1080 1444
0 120 1777 2604
0 120 515 1406
0 120 584 1802
0 120 1155 2786
0 120 1086 2198
0 120 1941 2941
32 34 1162 1742
0 120 1232 2252
0 120 201 1741
0 120 980 1213
0 120 462 1287
0 120 1019 2373
0 120 419 422
0 120 797 1277
0 120 2930 2933
61 63 1544 1965
0 120 2633 2646
85 86 463 1108
0 120 1406 2260
0 120 1552 1560
0 120 131 140
0 120 991 998
0 120 2395 2774
0 120 1746 2594
0 120 1190 2376
0 120 2176 2178
0 120 158 768
27 29 1742 2889
0 120 1893 3021
0 120 869 1503
0 120 1172 3261
0 120 518 522
0 120 984 995
0 120 2124 2661
0 120 12 1064
0 120 810 815
0 120 249 253
0 120 770 1645
24 25 949 1647
117 120 949 1647
0 120 1413 2276
0 120 485 2452
0 120 1935 2092
0 120 880 2456
60 62 648 1655
0 120 1986 2552
0 120 1962 1966
0 120 632 2879
0 120 1401 1404
39 41 217 651
0 120 1445 1447
0 120 1942 2482
0 120 3036 3049
0 120 1668 2916
0 120 145 1714
0 120 2755 2770
0 120 1795 2728
0 120 310 1781
0 120 67 74
0 120 429 2641
0 120 894 1465
68 70 567 1070
0 120 515 2829
0 120 811 1430
0 120 1308 2465
8 14 793 2810
102 108 793 2810
0 120 177 2541
0 120 1376 2865
0 120 834 2582
0 120 310 3070
0 120 767 2528
105 107 884 1127
110 110 648 3065
112 120 648 3065
24 25 713 1245
0 2 778 1374
90 96 778 1374
0 120 2607 2619
0 120 1805 3163
0 120 414 2117
0 120 768 2349
0 120 1291 2161
0 120 1530 2406
0 120 778 2542
25 28 859 2238
120 120 859 2238
0 120 585 3167
0 120 1325 2940
0 120 850 2418
0 120 315 1091
20 20 793 1884
114 115 793 1884
0 120 540 1438
0 120 3179 3195
0 120 1059 2003
0 120 1169 2400
29 31 307 678
0 120 1826 2175
78 80 1127 2174
0 120 1536 2342
0 120 576 2300
0 120 1327 1939
0 120 635 2880
0 120 289 2206
0 120 1581 2758
0 120 294 335
23 25 307 3014
34 40 2203 2512
0 120 890 891
0 120 284 1081
0 120 609 612
0 120 1639 1652
0 120 749 2083
0 120 738 2190
0 120 822 2827
0 120 1107 3225
0 120 1823 3166
0 120 1248 2935
0 120 460 1428
0 120 477 2563
0 120 213 504
70 71 1448 2471
0 120 975 2547
0 120 440 1220
0 120 3005 3028
0 120 2122 2681
0 120 472 1438
0 120 1690 2004
0 120 1468 1891
0 120 1975 3156
30 31 1173 1485
0 120 660 671
0 120 221 3253
0 120 145 2211
0 120 272 2023
0 120 1750 1762
0 120 1404 2256
0 120 1392 2956
0 120 712 3197
0 120 555 2725
0 120 3182 3196
0 120 1033 1037
0 120 1277 1434
0 120 702 3189
0 120 0 1685
0 120 1848 2189
0 120 447 2899
0 120 628 759
0 120 2014 3124
0 120 1589 2194
76 77 716 2269
0 120 465 472
0 120 1275 1738
0 120 1320 2420
0 120 508 2276
0 120 1337 1340
0 120 442 461
0 120 1321 1332
0 120 1283 3026
0 120 119 2171
0 120 821 2443
0 120 974 2685
0 120 260 1881
1 1 926 1742
0 120 717 1339
83 86 1374 1609
0 120 627 628
0 120 1735 2783
0 120 458 819
0 120 1776 3080
0 120 1275 2798
0 120 1470 3010
0 120 576 1979
0 120 1538 2390
0 120 73 1129
0 120 377 1769
0 120 1151 1163
0 120 786 2462
0 120 634 2859
0 120 2354 2360
0 120 1513 1515
0 120 771 2339
0 120 878 3219
0 120 2524 2542
83 83 509 649
37 39 113 649
0 120 686 2231
0 120 701 3034
0 120 1723 1739
0 120 176 180
0 120 882 894
0 120 1477 3026
0 120 1062 1993
0 120 2409 3235
0 120 1597 3091
0 120 188 190
0 120 236 1658
0 120 1626 2745
0 120 1051 1053
10 12 2203 3251
104 106 2203 3251
0 120 830 2811
0 120 1561 1569
0 120 2013 3127
0 120 1324 1333
0 120 1360 2976
0 120 2208 2548
0 120 1095 3230
2 3 694 2886
96 97 694 2886
42 45 1504 2203
0 120 482 492
0 120 1191 1706
0 120 191 2531
0 120 1353 3202
0 120 159 778
90 92 307 1430
0 120 2655 2715
0 120 544 848
0 120 151 2085
0 120 837 2827
0 120 1612 1857
61 63 443 2873
0 120 1976 2282
0 120 813 1423
0 120 2251 2258
0 120 706 1297
0 120 2628 2733
78 80 307 1551
0 120 1234 1416
99 100 649 2483
0 120 339 1503
0 120 299 2599
5 7 755 1418
99 102 755 1418
0 120 856 1241
0 120 656 658
0 120 3063 3075
0 120 470 1434
0 120 2397 3251
0 120 1972 2284
0 120 432 913
0 120 2486 2505
0 120 1765 1991
0 120 378 2599
97 98 1448 2284
0 120 433 2306
0 120 211 1210
0 120 207 1734
83 83 716 1840
96 96 1485 3105
0 120 387 389
0 120 834 1832
0 120 593 723
0 120 1046 2011
0 120 1104 1198
0 120 2838 2849
0 120 923 3109
0 120 2258 2274
53 54 307 2840
0 120 819 2463
0 120 1925 2101
0 120 2900 2909
62 64 648 2086
0 120 1802 3162
32 33 649 2954
0 120 1320 2930
6 9 1528 1647
100 102 1528 1647
0 120 1397 3113
0 120 65 2674
0 120 1006 1013
0 120 2833 2855
0 120 502 985
0 120 315 2556
0 120 1213 1720
0 120 769 777
0 120 788 790
0 120 208 215
0 120 258 2022
0 120 581 726
0 4 1374 2348
91 97 1374 2348
61 63 648 2207
0 120 1370 2872
0 120 797 1024
0 120 1313 2072
0 120 633 2084
0 120 447 1665
0 120 347 1498
0 120 894 1896
0 120 1124 1126
0 120 3011 3019
0 120 150 166
0 120 277 2156
0 120 588 1789
0 120 297 3074
0 120 1567 2369
0 120 1632 2764
0 120 1809 2131
0 120 124 2328
5 6 100 1742
100 100 100 1742
0 120 229 2381
0 120 76 1119
50 52 1127 1545
61 64 859 2548
0 120 392 1096
0 120 230 3249
0 120 1961 3168
0 120 2102 2124
0 120 1326 2428
46 47 651 798
0 120 485 1260
0 120 1213 1733
0 120 258 2035
0 120 6 13
0 120 3037 3048
28 29 967 1448
0 120 1543 2776
71 72 793 2315
0 120 870 1744
0 120 1687 2003
0 120 101 2990
0 120 333 344
0 120 474 1286
0 120 606 1671
0 120 2860 2863
0 120 661 1341
0 120 1521 1970
0 120 1889 2137
0 120 2090 2127
0 120 669 707
0 120 2002 2014
0 120 2045 2650
0 120 1560 1669
0 120 1 19
0 120 1790 2131
0 120 685 688
0 6 1259 1448
8 12 1259 1448
15 31 1259 1448
34 35 1259 1448
46 49 1259 1448
52 53 1259 1448
57 58 1259 1448
62 63 1259 1448
65 70 1259 1448
74 79 1259 1448
83 87 1259 1448
89 91 1259 1448
93 94 1259 1448
97 97 1259 1448
110 112 1259 1448
0 120 1852 2191
0 120 1807 2714
77 78 1647 2496
0 120 1585 1618
45 49 1306 2203
0 120 948 2495
0 120 753 2219
53 54 1374 2603
0 120 1840 1844
28 28 649 1115
0 120 81 1597
0 120 1543 2789
0 120 3150 3167
0 120 2630 2643
0 120 412 650
0 120 1730 2386
56 57 859 1864
0 120 1870 2137
0 120 32 1826
0 120 1873 2142
0 120 725 2278
0 120 182 2524
0 120 1245 2021
0 120 1097 1103
0 120 207 1534
0 120 1847 1860
28 29 718 2275
72 73 2203 2956
17 21 859 1985
112 114 859 1985
0 120 688 1349
0 120 63 65
0 120 1670 1675
0 120 102 959
0 120 403 2119
0 120 1456 3143
0 120 532 543
0 120 652 874
0 120 1433 1439
0 120 1877 2153
0 120 2011 3136
0 120 982 1274
0 120 366 2466
69 71 1070 1121
0 120 2050 2310
0 120 39 1842
0 120 753 1185
0 120 672 2280
0 120 1040 2447
0 120 508 2815
91 92 1390 1742
0 120 2412 2433
0 120 619 1370
0 120 2024 2028
0 120 928 3108
0 120 1795 2730
0 120 869 1747
0 120 2433 2492
0 120 664 2052
0 120 660 1344
0 120 839 2807
90 91 1603 1742
26 27 443 592
120 120 443 592
0 120 1520 1973
0 120 613 1003
0 120 2123 2680
0 120 1639 2338
0 120 720 2297
0 120 362 374
53 56 649 1370
0 120 487 1308
65 65 729 1070
0 120 1751 1761
0 120 899 1481
0 120 1931 2631
0 120 888 3049
0 120 611 2246
0 120 1793 3155
0 120 646 2240
104 106 1647 2054
0 120 499 500
0 120 879 1953
0 120 778 2544
0 120 351 3231
0 120 585 3169
55 60 1485 2931
0 120 110 1856
0 120 315 1093
0 120 2212 2213
0 120 849 2424
0 120 1181 1702
0 120 417 552
0 120 227 2377
0 120 1174 1699
33 35 651 1658
0 120 1499 3216
25 30 814 1127
120 120 814 1127
0 120 1903 3040
87 89 714 1189
0 120 2376 3260
0 120 1581 2760
0 120 239 2387
0 120 221 3242
0 120 259 1319
88 90 1544 1646
3 5 694 3196
15 16 694 3196
18 18 694 3196
20 20 694 3196
28 28 694 3196
30 30 694 3196
34 46 694 3196
48 53 694 3196
57 63 694 3196
74 86 694 3196
88 104 694 3196
107 115 694 3196
117 118 694 3196
47 48 1296 1544
89 92 1647 2067
0 120 1944 2519
0 120 1323 1943
0 120 1 1697
0 120 1618 2763
0 120 1358 1375
0 120 2416 2514
0 120 621 624
0 120 1471 3009
0 120 2040 3166
84 86 443 2015
0 120 993 1664
89 90 1485 2126
0 120 81 2336
71 72 354 1448
0 120 130 737
0 120 686 689
0 120 1756 2589
0 120 3194 3195
38 40 307 2090
0 120 2122 2683
0 120 926 1610
19 20 286 755
113 114 286 755
0 120 1196 1205
0 3 714 1202
94 97 714 1202
0 120 1068 2188
0 120 273 1459
0 120 560 2721
0 120 221 3255
32 34 171 1448
41 43 694 1452
0 120 1542 2781
0 120 616 1569
0 120 1686 2008
0 120 48 65
0 120 1491 3230
0 120 221 222
0 120 424 581
0 120 1831 1837
0 120 1404 2258
0 120 600 1975
0 120 433 1798
0 120 2076 3102
0 120 2341 2353
0 120 87 932
0 120 1613 1614
0 120 477 821
57 62 1241 1742
0 120 1077 1082
0 120 516 520
0 120 683 697
0 120 2747 2748
0 120 2056 2305
0 120 134 1623
0 120 807 2160
0 120 125 1574
0 120 2074 3113
0 120 1950 2589
0 120 2035 2138
0 120 980 1270
0 120 448 1409
0 120 2430 2933
0 120 1100 1106
0 120 752 2086
20 22 747 1742
114 116 747 1742
0 120 2691 2708
0 120 1404 2271
0 120 435 2638
0 120 2422 2520
0 120 22 25
0 120 1587 2658
0 120 2533 2536
0 120 1516 1960
0 120 2753 2768
0 120 936 1385
21 26 716 1116
116 118 716 1116
0 120 84 122
0 120 1013 1568
0 120 1216 1402
0 120 1930 2731
0 120 852 2145
0 120 298 310
0 120 2746 2765
0 120 358 361
0 120 1218 1219
0 120 638 644
0 120 2971 3112
0 120 1078 3131
0 120 901 1283
0 120 421 2632
0 120 1909 3059
0 120 1694 3134
0 120 627 751
0 120 385 2120
0 120 1723 2788
0 120 905 1109
0 120 1674 2374
0 120 182 2700
0 120 774 2346
0 120 1221 2806
0 120 844 870
0 120 756 757
0 120 1062 1995
0 120 1246 2341
0 120 953 2991
0 120 655 1348
60 61 1374 3021
0 120 128 141
0 120 147 154
0 120 2452 2560
45 45 616 1127
0 120 770 776
55 58 622 649
0 120 71 2990
0 120 195 2531
0 120 981 996
0 120 778 2357
0 120 2421 2429
0 120 464 477
0 120 832 2822
0 120 548 848
0 120 676 1528
0 120 826 829
0 120 2166 2324
0 120 545 550
68 69 476 716
0 120 245 2244
0 120 2716 2727
18 20 718 2464
112 114 718 2464
0 120 97 1851
0 120 1874 2152
0 120 2476 2486
0 120 888 889
0 120 1115 2100
0 120 203 2772
0 120 2539 2542
0 120 1327 2922
71 72 1647 1880
0 120 819 2223
0 120 304 1777
0 120 1398 2573
0 120 1224 1225
0 120 1033 1428
0 120 1232 2806
0 120 621 2881
0 120 2534 2548
0 120 566 2716
0 120 1020 2886
0 120 789 2465
0 120 51 55
0 120 529 848
0 120 1064 2175
0 120 2643 2720
0 120 1162 3235
0 120 1972 2286
0 120 125 2192
0 120 507 2257
0 120 622 1012
0 120 842 2476
0 120 1745 2509
0 120 2029 2039
0 120 895 1844
11 12 1108 3120
105 107 1108 3120
0 120 684 3058
0 120 1625 2858
73 74 2203 2569
0 120 1530 1537
92 93 1167 1485
82 82 1485 2060
0 120 1268 1308
0 120 493 494
0 120 2043 2058
0 120 2165 2987
0 120 742 969
0 120 2385 3256
0 120 3243 3250
0 120 898 1482
0 120 1827 2174
0 120 65 2676
1 4 1380 1485
95 98 1380 1485
74 74 1108 3241
0 120 321 387
0 120 2833 2857
58 58 856 1485
83 83 648 1041
84 87 716 3131
0 120 2209 2212
0 120 1648 1650
0 120 684 1903
0 120 1666 1704
0 120 78 2093
0 120 2084 2217
0 120 284 2198
0 120 587 1970
0 120 1139 2712
0 120 781 789
0 120 160 176
0 120 2441 2454
32 34 651 2894
0 120 222 236
0 120 1366 2876
0 120 1743 2597
0 120 447 620
10 11 1448 2649
103 105 1448 2649
46 48 648 2330
0 120 226 2378
0 120 358 2497
0 120 2421 2926
81 83 714 1378
0 120 1576 2834
0 120 382 2625
0 120 1450 2200
0 120 555 567
0 120 85 123
0 120 441 1219
0 120 1678 1835
0 120 2951 3091
0 120 2060 2654
0 120 520 2266
0 120 1975 2287
0 120 2703 2760
0 120 1799 2061
0 120 1515 2302
117 118 713 860
0 120 1673 2888
0 120 1427 1435
54 68 718 3190
0 120 556 913
0 120 1813 2639
0 120 330 341
0 120 1967 2059
0 120 732 1812
0 120 1557 1666
0 120 17 1049
25 29 1834 2203
117 120 1834 2203
0 120 1202 1209
0 120 1422 1441
0 120 1893 3012
0 120 933 2970
0 120 2168 2988
82 83 649 1225
0 120 515 1410
0 120 59 1167
0 120 1941 2945
90 93 694 1641
0 120 1824 2131
0 120 650 3032
34 36 755 1099
0 120 1197 1215
0 120 779 1227
0 120 1016 2860
0 120 1873 2023
0 120 1320 1322
0 120 162 770
0 120 1676 2906
0 120 466 2164
0 120 1118 2090
0 120 77 2123
0 120 1069 3137
0 120 1685 3140
0 120 632 2870
0 120 1609 2327
88 91 1647 2619
0 120 433 3155
0 120 1333 2917
0 120 1105 1747
0 120 173 2706
0 120 1182 2906
0 120 1562 2373
0 120 3066 3067
0 120 385 2067
0 120 2250 2252
0 120 515 2820
0 120 663 1523
0 120 250 1879
0 120 193 2540
0 120 143 733
0 120 2873 2874
0 120 1340 3199
0 120 1254 2930
0 120 891 892
0 120 1332 2032
0 120 2230 3182
85 86 573 1485
0 120 96 1597
0 120 1725 1734
0 120 2588 2597
0 120 1478 3025
0 120 2414 2481
0 120 1404 2810
0 120 676 1354
0 120 1058 2173
79 81 793 2693
0 120 3098 3113
0 120 1931 2741
0 120 2020 2032
17 20 793 1875
111 114 793 1875
0 120 354 2471
0 120 192 194
0 120 1159 3164
0 120 722 3163
31 33 1742 3256
0 120 1616 2851
0 120 1518 2279
0 120 771 2530
0 120 2405 2782
0 120 1142 2702
0 120 192 1133
0 120 1725 2794
0 120 1549 2797
0 120 314 2550
0 120 1554 2912
0 120 2674 2677
26 27 714 2935
0 120 1046 2176
0 120 786 788
45 47 1374 3210
0 120 120 735
0 120 1057 1059
0 120 682 1899
0 120 1876 1879
0 120 50 905
0 120 1404 2823
0 120 2570 2970
0 120 1179 1658
0 120 3009 3017
0 120 614 1657
0 120 3239 3250
0 120 1651 1653
12 18 340 859
107 111 340 859
0 120 2662 2680
0 120 535 546
0 120 2752 2839
0 120 2122 2672
0 120 37 40
0 120 603 2895
0 120 926 1599
0 120 635 2884
0 120 860 1245
0 120 1541 2397
0 120 3127 3130
0 120 579 2723
0 120 883 1902
0 120 957 1851
0 120 98 1861
0 120 1254 1320
0 120 495 1268
0 120 3079 3089
0 120 2559 2565
104 104 718 2774
0 120 267 852
0 120 444 1222
0 120 2001 2008
0 120 1481 1484
0 120 1763 2594
0 120 2040 3168
0 120 920 922
0 120 885 901
0 120 188 973
61 62 2203 2637
88 88 699 1448
20 22 1485 2357
113 116 1485 2357
80 82 303 1448
0 120 623 635
0 120 426 1784
0 120 1911 2236
0 120 887 1913
0 120 515 2270
52 52 649 3024
0 120 1196 1207
0 120 221 3257
0 120 1299 1305
0 120 57 2102
73 75 1374 2647
0 120 3189 3203
0 120 579 1918
77 78 713 2901
0 120 2051 2108
0 120 709 3196
0 120 599 1338
0 120 318 1096
0 120 2236 3056
8 10 648 1459
101 104 648 1459
0 120 1477 3004
0 120 780 3076
75 81 443 2259
84 85 694 1575
0 120 40 822
0 120 845 1744
0 120 1657 1659
0 120 2166 2997
0 120 1961 2299
0 120 841 2039
0 120 1644 2363
0 120 2972 3097
0 120 2976 2987
0 120 1408 2271
0 120 685 1913
0 120 960 1852
0 120 1454 3141
0 120 1318 1331
0 120 421 1803
86 88 180 694
0 120 980 1272
0 120 2802 2807
0 120 1283 3030
0 120 1484 3020
0 120 1200 1275
0 120 1780 3082
0 120 1038 2445
26 28 1100 1108
120 120 1100 1108
0 120 1764 3074
0 120 1585 2843
0 120 587 2280
0 120 2309 2645
0 120 1541 2773
0 120 842 1752
0 120 871 3207
0 120 2753 2770
0 120 93 2122
0 120 1779 1783
0 120 2639 2641
0 120 428 1819
0 120 445 1234
0 120 610 1567
0 120 436 1414
0 120 577 1124
0 120 1874 2020
0 120 527 549
0 120 690 2233
0 1 2085 2203
93 95 2085 2203
0 120 1882 2140
0 120 1481 3028
0 120 421 1816
0 120 438 1231
41 47 713 3156
0 120 369 1131
0 120 1086 1452
0 120 2521 2541
83 84 649 1414
0 120 887 1471
0 120 2239 3057
0 120 481 783
0 120 37 1826
0 120 176 184
0 120 914 2099
0 2 755 1288
94 97 755 1288
0 120 2665 2670
0 120 672 1519
0 120 665 2297
0 120 128 143
0 120 971 1586
21 22 694 783
115 116 694 783
0 120 1289 2161
0 120 260 262
0 120 273 2187
0 120 2919 2937
0 120 1350 1353
0 120 770 778
0 120 1236 2271
0 120 520 2818
0 120 964 1583
0 120 778 2359
0 120 2550 3070
0 120 934 3101
0 120 1772 1985
0 120 1360 2980
0 120 1446 2000
0 120 167 1653
0 120 1246 1646
0 120 1325 1939
0 120 1122 2105
0 120 141 2189
0 120 3107 3109
0 120 984 1417
0 120 314 390
0 120 1616 1630
0 120 1277 2164
0 120 1874 2154
0 120 1984 2551
0 120 1184 1707
0 120 855 2929
0 120 466 1427
0 120 1243 2516
0 120 153 2364
0 120 2026 2144
0 120 612 1666
0 120 2254 2267
0 120 1032 2454
13 13 29 793
15 15 29 793
0 120 3133 3138
0 120 405 1309
0 120 2643 2722
0 120 513 2828
21 24 444 2203
115 119 444 2203
0 120 1815 1816
0 120 210 2790
0 120 2527 2547
0 120 65 1389
0 120 1655 2352
0 120 1527 2288
0 120 1964 2289
0 120 1850 2978
0 120 436 514
65 67 716 797
0 120 277 2147
0 120 2455 2563
0 120 1309 2065
0 120 20 2262
0 120 894 3055
8 9 651 1607
0 120 1253 1941
0 120 2471 2507
0 120 742 971
0 120 1595 3102
0 120 2963 2969
0 120 573 1916
0 120 339 1749
0 120 3007 3012
0 120 765 2086
0 120 534 1436
37 39 718 2011
83 86 1203 1531
0 120 1024 1034
0 120 17 3132
0 120 258 2026
0 120 788 794
78 81 1175 1203
0 120 1597 1606
0 120 850 854
0 120 1373 2881
0 120 333 335
0 120 1859 3003
0 120 219 233
0 120 948 2594
0 120 862 1093
0 120 1180 1668
0 120 1186 1190
0 120 1169 1546
0 120 625 628
110 113 649 3200
0 120 3092 3096
0 120 1239 2019
0 120 1982 2292
0 120 60 2576
0 120 275 286
23 24 1448 1604
116 118 1448 1604
0 120 218 1701
72 75 714 2548
0 120 917 921
0 120 296 345
95 95 1395 1485
0 120 340 351
0 120 94 3099
0 120 625 749
0 120 917 2089
0 120 593 1211
0 120 870 1748
0 120 2069 2072
0 120 439 515
66 69 716 1281
0 120 1528 3182
0 120 1710 2893
0 120 1087 1453
0 120 1393 2957
0 120 457 1286
0 120 757 760
0 120 1703 2890
0 120 1646 2356
0 120 407 647
0 120 1995 2015
0 120 470 2164
0 120 632 765
0 120 1552 1674
83 84 1108 2451
0 120 836 1992
0 120 1467 3027
0 120 1049 1053
0 120 998 1273
0 120 678 1820
0 120 222 1540
0 120 1696 1840
0 120 660 3200
18 18 1448 1738
0 120 746 2220
0 120 599 709
0 120 525 531
0 120 2412 2424
95 96 648 2816
0 120 1955 1956
0 120 35 1835
0 120 1153 3254
0 120 0 1060
0 120 2474 2484
0 120 294 3227
0 120 2080 3119
0 120 222 1661
0 120 1932 2726
0 120 254 1879
0 120 1369 1566
0 120 2537 2540
0 120 207 1538
0 120 1664 2911
0 120 788 1291
0 120 2706 2763
52 54 755 1343
8 9 378 1127
14 17 648 2937
0 120 2530 2537
0 120 472 2223
0 120 515 2822
0 120 811 1423
0 120 87 1594
0 120 1656 2912
0 120 687 3050
0 120 169 1138
0 120 2182 2204
0 120 618 1001
0 120 654 658
50 51 1483 2203
0 120 1385 1631
0 120 444 848
0 120 1527 1980
0 120 1119 1926
3 3 718 1353
7 8 718 1353
15 17 718 1353
25 26 718 1353
33 33 718 1353
35 35 718 1353
40 40 718 1353
44 45 718 1353
61 63 718 1353
74 74 718 1353
76 77 718 1353
101 101 718 1353
33 33 1203 3088
0 120 3035 3059
0 120 2006 3146
0 120 1218 1410
0 120 127 2834
0 120 211 1256
0 120 1467 2114
1 2 1742 2319
95 96 1742 2319
0 120 1850 1852
0 120 709 715
0 120 131 738
0 120 411 3007
0 120 822 2578
0 120 1782 2620
0 120 569 2132
0 120 2379 2381
50 52 1909 2203
0 120 491 492
0 120 1594 3094
0 120 2662 2669
0 120 724 730
0 120 2771 2841
0 120 2449 2561
0 120 888 3053
0 120 2168 2319
0 120 733 964
0 120 1347 1352
66 68 1081 1647
0 120 1857 1868
0 120 2170 2328
111 116 716 2717
0 120 652 3227
72 75 793 951
0 120 1920 1924
0 120 361 2489
16 17 443 3053
110 111 443 3053
0 120 1639 1645
0 120 768 2355
0 120 1303 1467
4 7 1203 2283
10 10 1203 2283
14 15 1203 2283
23 23 1203 2283
75 75 1203 2283
0 120 931 1595
0 120 208 1200
75 76 1070 2656
0 38 1063 1485
53 53 1063 1485
64 70 1063 1485
72 83 1063 1485
85 85 1063 1485
89 120 1063 1485
0 120 586 1789
89 91 859 1426
0 120 1545 2397
88 90 1742 2682
0 120 1176 1776
0 120 2771 2854
0 120 128 1621
0 120 897 900
0 120 336 338
0 120 2388 2793
0 120 270 2199
0 120 497 1195
0 120 121 1847
14 16 651 2830
108 109 651 2830
0 120 57 2091
0 120 2717 2739
0 120 1488 1489
0 120 431 1514
0 120 331 344
0 120 47 2571
0 120 2089 2123
0 120 2001 2010
0 120 2236 3045
0 120 1176 3065
0 120 1389 2126
0 120 422 913
0 120 983 1209
0 120 683 688
0 120 643 1555
0 120 1560 1715
0 120 727 731
0 120 1465 1892
57 58 586 755
0 120 515 2272
0 120 1800 2636
26 26 793 2482
0 120 1629 2754
61 62 1374 1481
0 120 1195 1213
0 120 622 2371
0 120 2487 2519
0 120 85 2166
0 120 597 1789
0 120 1156 3244
89 91 443 1322
0 120 2181 2183
57 58 1517 2203
0 120 94 939
0 120 1957 2475
0 120 614 2372
54 56 1127 1725
0 120 564 565
85 85 1448 1551
90 90 1448 1551
94 94 1448 1551
99 100 1448 1551
105 106 1448 1551
109 119 1448 1551
0 120 2181 3122
0 120 173 185
0 120 1807 2652
0 120 1776 3073
71 72 1070 2093
0 120 125 2854
0 120 2983 2992
0 120 39 2585
0 120 1659 2902
0 120 1786 2714
0 120 2061 2653
0 120 712 1338
52 54 1070 3032
0 120 259 2036
0 120 808 817
0 120 61 65
0 120 706 3021
0 120 2473 2597
0 120 107 2167
0 120 1483 1895
0 120 2572 2576
0 120 2049 2306
0 120 631 632
0 120 421 1805
0 120 2035 2142
0 120 2802 2809
0 120 405 3029
0 120 1967 3176
0 120 2034 2937
86 86 1203 2780
0 120 1500 1983
101 101 2203 2894
0 120 441 1410
0 120 2473 2489
0 120 1767 1775
0 120 19 2175
58 59 1374 3012
0 120 2241 2368
51 52 651 2159
76 78 1339 1742
0 120 852 2149
0 120 163 2341
70 70 624 713
2 2 1647 3026
0 120 577 1126
0 120 463 1290
0 120 401 412
0 120 778 2348
0 120 124 1595
0 120 833 2809
0 120 41 1826
0 120 748 2213
0 120 1491 1503
0 120 1324 1326
0 120 708 3043
53 54 648 2763
0 120 2934 2941
0 120 1086 1454
0 120 1552 2910
76 77 793 2858
0 120 1395 2963
0 120 958 2171
0 120 1689 3144
0 120 2184 3123
0 120 828 2815
0 120 1172 2396
67 68 134 714
0 120 951 2168
0 120 20 2827
0 120 610 643
0 120 1081 1460
0 120 3156 3175
17 18 1203 3143
111 113 1203 3143
0 120 2059 2310
0 120 2339 2364
0 120 1391 1393
0 120 1671 1676
0 120 227 3241
0 120 533 544
0 120 2140 2154
0 120 1939 2918
0 120 2783 2785
0 120 35 38
0 120 3063 3068
27 29 344 793
0 120 2977 3001
0 120 549 1427
0 120 399 1897
0 120 371 374
0 120 1224 2276
0 120 2437 2498
0 120 1489 1756
0 120 152 744
0 0 1647 2113
93 94 1647 2113
0 120 1757 2510
0 120 1008 2880
0 120 2601 2606
0 120 1224 1229
0 120 2251 2264
82 85 1544 1584
0 120 3063 3081
60 62 793 1127
0 120 3236 3238
0 120 2467 2498
0 120 738 962
0 120 2095 2101
0 120 911 1119
0 120 696 3180
0 120 2308 3148
0 120 1298 1299
0 120 3125 3141
0 120 2063 3088
0 120 605 2244
0 120 1061 1063
0 120 2668 2673
0 120 988 1258
0 120 2431 2437
0 120 1029 1030
0 91 638 1374
97 99 638 1374
104 120 638 1374
0 120 935 1597
0 120 1520 2287
0 120 83 2320
0 120 1948 2468
0 120 265 2031
69 70 714 1140
0 120 1643 2357
20 22 1374 1415
114 116 1374 1415
0 120 482 982
0 120 1179 2896
0 120 537 1443
59 61 16 1448
0 120 1358 1555
41 44 859 2662
0 120 1846 2807
7 12 649 866
100 106 649 866
0 120 263 1325
0 120 1283 1906
49 51 443 2195
0 120 606 1664
0 120 48 2568
0 120 3143 3144
0 120 1116 1914
0 120 326 2549
0 120 1697 3128
0 120 418 566
0 120 1786 2648
0 120 64 68
0 120 779 2265
0 120 1553 1659
0 120 2874 2875
0 120 1155 2781
65 67 977 1203
0 120 1944 2941
29 31 755 861
0 120 636 644
0 120 1398 2953
0 120 185 2694
0 120 880 1041
85 90 651 1972
0 120 903 1927
0 120 1227 2253
82 82 649 2276
81 82 1374 2946
0 120 2312 3000
0 3 651 2093
93 96 651 2093
0 120 754 757
0 120 1893 3016
0 120 177 187
0 120 2553 3062
0 120 2482 2593
0 120 2426 2469
0 120 475 820
0 120 414 3025
26 30 443 1282
32 33 443 1282
39 40 443 1282
110 110 443 1282
113 113 443 1282
116 116 443 1282
118 120 443 1282
0 120 1381 2962
6 9 8 307
100 103 8 307
2 2 1742 1958
4 4 1742 1958
8 9 1742 1958
11 12 1742 1958
14 21 1742 1958
23 31 1742 1958
34 40 1742 1958
44 45 1742 1958
80 81 1742 1958
83 93 1742 1958
95 106 1742 1958
108 120 1742 1958
6 7 713 2274
99 101 713 2274
0 120 687 3039
40 41 169 1127
5 7 969 1742
99 101 969 1742
0 120 1609 2331
114 117 649 2289
0 120 189 2533
0 120 2334 3001
40 45 1448 2908
0 120 708 883
9 10 651 2335
0 120 902 1917
110 110 649 1471
0 120 143 2831
0 120 67 69
0 120 2388 3237
0 120 1404 2801
0 120 2818 2821
0 120 70 74
0 120 479 2228
0 120 1783 2605
0 120 969 1863
0 120 1160 1165
0 120 1664 2913
0 120 2025 2138
106 107 208 718
47 48 651 2456
31 33 694 2826
0 120 64 2659
0 120 774 2526
0 120 932 3112
0 120 2031 2037
0 120 527 848
45 47 714 3155
0 120 667 1353
0 120 2525 2545
57 59 443 1645
0 120 436 437
0 120 699 1305
0 120 3227 3231
7 9 648 2013
102 103 648 2013
0 120 429 2649
0 120 902 1112
0 120 885 1468
0 120 692 1302
0 120 540 1433
0 120 1801 2635
0 120 261 2018
0 120 75 1599
0 120 1059 1998
0 120 185 976
0 120 229 3234
0 120 81 2316
0 120 1282 1289
0 120 828 1836
0 120 2087 2211
0 120 127 742
39 40 1742 2442
0 120 1625 1628
0 120 2611 2625
0 120 580 3168
64 67 859 2354
0 120 814 3106
0 120 2132 2627
0 120 289 2201
